step,host_monotonic_ns,sim_time,step_wall_ms,render_interval_ms
1,1131864324105166,0.016666666666666666,6.360402,
2,1131864333833313,0.03333333333333333,5.576365,
3,1131864343622834,0.05,5.324137,
4,1131864353404035,0.06666666666666667,5.308705,
5,1131864362602621,0.08333333333333333,5.252638,
6,1131864371507299,0.1,4.971882,
7,1131864380754103,0.11666666666666667,5.379938,
8,1131864389912932,0.13333333333333333,5.188664,
9,1131864399210224,0.15,5.428146,
10,1131864409239372,0.16666666666666666,6.090162,
11,1131864418543767,0.18333333333333332,5.501815,
12,1131864427550395,0.2,5.241682,
13,1131864436604587,0.21666666666666667,5.336508,
14,1131864445994598,0.23333333333333334,5.50652,
15,1131864455424447,0.25,5.505384,
16,1131864464442188,0.26666666666666666,5.261574,
17,1131864474330355,0.2833333333333333,5.632041,
18,1131864483323680,0.3,5.185067,
19,1131864492409909,0.31666666666666665,5.148593,
20,1131864501406892,0.3333333333333333,5.116808,
21,1131864510638616,0.35,5.387002,
22,1131864519851160,0.36666666666666664,5.389562,
23,1131864529590645,0.3833333333333333,5.834572,
24,1131864538754413,0.4,5.262616,
25,1131864547891199,0.4166666666666667,5.184937,
26,1131864557113400,0.43333333333333335,5.287761,
27,1131864566147198,0.45,5.272455,
28,1131864575453900,0.4666666666666667,5.413048,
29,1131864584472961,0.48333333333333334,5.187395,
30,1131864593770136,0.5,5.42435,
31,1131864603269953,0.5166666666666666,5.546541,
32,1131864612516533,0.5333333333333333,5.347338,
33,1131864621793397,0.55,5.271862,
34,1131864631089000,0.5666666666666667,5.329647,
35,1131864639992661,0.5833333333333334,5.139044,
36,1131864649243584,0.6,5.409875,
37,1131864658628641,0.6166666666666667,5.536872,
38,1131864667782876,0.6333333333333333,5.324821,
39,1131864676668857,0.65,5.078122,
40,1131864685735000,0.6666666666666666,5.184542,
41,1131864694703201,0.6833333333333333,5.082397,
42,1131864703868294,0.7,5.164668,
43,1131864713382649,0.7166666666666667,5.614062,
44,1131864722935931,0.7333333333333333,5.59352,
45,1131864732062166,0.75,5.290395,
46,1131864741118275,0.7666666666666666,5.244826,
47,1131864750142542,0.7833333333333333,5.262391,
48,1131864759149044,0.8,5.224647,
49,1131864768789655,0.8166666666666667,5.656523,
50,1131864778306012,0.8333333333333334,5.628584,
51,1131864787525283,0.85,5.232555,
52,1131864796598507,0.8666666666666667,5.221303,
53,1131864805719733,0.8833333333333333,5.235872,
54,1131864814682005,0.9,5.086741,
55,1131864823763842,0.9166666666666666,5.111882,
56,1131864833425507,0.9333333333333333,5.596016,
57,1131864842573911,0.95,5.289066,
58,1131864851688913,0.9666666666666667,5.179924,
59,1131864861867822,0.9833333333333333,6.286114,
60,1131864870807156,1.0,4.955574,
61,1131864880635801,1.0166666666666666,5.058452,
62,1131864889527950,1.0333333333333332,4.997211,
63,1131864898819000,1.05,5.38229,
64,1131864907789505,1.0666666666666667,5.075567,
65,1131864916728309,1.0833333333333333,5.070335,
66,1131864925693076,1.1,5.009391,
67,1131864934675230,1.1166666666666667,5.094501,
68,1131864944128396,1.1333333333333333,5.568859,
69,1131864953761706,1.15,5.666758,
70,1131864963066989,1.1666666666666667,5.431263,
71,1131864971985787,1.1833333333333333,5.147655,
72,1131864980990493,1.2,5.155078,
73,1131864990070953,1.2166666666666666,5.259993,
74,1131864999093616,1.2333333333333334,5.300447,
75,1131865008776602,1.25,5.895739,
76,1131865017942396,1.2666666666666666,5.24775,
77,1131865027074116,1.2833333333333332,5.203604,
78,1131865036294466,1.3,5.063967,
79,1131865045291563,1.3166666666666667,5.082784,
80,1131865054374149,1.3333333333333333,5.191023,
81,1131865063425626,1.35,5.171929,
82,1131865073250188,1.3666666666666667,6.044623,
83,1131865082312917,1.3833333333333333,5.189098,
84,1131865091628365,1.4,5.41251,
85,1131865100896361,1.4166666666666667,5.339424,
86,1131865109865768,1.4333333333333333,5.105178,
87,1131865118738819,1.45,4.968356,
88,1131865128514947,1.4666666666666666,5.884658,
89,1131865137987057,1.4833333333333334,5.229361,
90,1131865147075531,1.5,5.065946,
91,1131865156177716,1.5166666666666666,5.219017,
92,1131865165148021,1.5333333333333332,5.198531,
93,1131865174400603,1.55,5.360182,
94,1131865183877351,1.5666666666666667,5.096859,
95,1131865193249151,1.5833333333333333,5.40932,
96,1131865202339547,1.6,5.207201,
97,1131865211375813,1.6166666666666667,5.154126,
98,1131865220281337,1.6333333333333333,5.102604,
99,1131865229260604,1.65,5.047974,
100,1131865238289042,1.6666666666666667,5.112672,
101,1131865247664483,1.6833333333333333,5.53934,
102,1131865256833152,1.7,5.395504,
103,1131865266108458,1.7166666666666666,5.401202,
104,1131865275496285,1.7333333333333334,5.377744,
105,1131865284403888,1.75,4.996051,
106,1131865293477213,1.7666666666666666,5.205263,
107,1131865302493004,1.7833333333333332,5.174826,
108,1131865311761319,1.8,5.359213,
109,1131865320647436,1.8166666666666667,4.98278,
110,1131865329759381,1.8333333333333333,5.139343,
111,1131865338804832,1.8499999999999999,5.175474,
112,1131865348854195,1.8666666666666667,5.061444,
113,1131865357955188,1.8833333333333333,5.111554,
114,1131865367590279,1.9,5.63018,
115,1131865378088890,1.9166666666666667,5.399096,
116,1131865387229586,1.9333333333333333,5.106274,
117,1131865396424312,1.95,5.100984,
118,1131865405444886,1.9666666666666666,5.076552,
119,1131865414406175,1.9833333333333334,5.026195,
120,1131865423665496,2.0,5.355405,
121,1131865432925256,2.0166666666666666,5.427189,
122,1131865441851601,2.033333333333333,5.045884,
123,1131865451142032,2.05,5.194377,
124,1131865460068870,2.0666666666666664,5.002372,
125,1131865469109988,2.0833333333333335,5.207476,
126,1131865478138685,2.1,5.176481,
127,1131865487480869,2.1166666666666667,5.482334,
128,1131865496867056,2.1333333333333333,5.40356,
129,1131865505825009,2.15,5.093788,
130,1131865514923648,2.1666666666666665,5.141383,
131,1131865524031477,2.183333333333333,5.183213,
132,1131865533024353,2.2,5.111295,
133,1131865541937288,2.216666666666667,5.044415,
134,1131865551212756,2.2333333333333334,5.327158,
135,1131865560227737,2.25,5.139153,
136,1131865569323840,2.2666666666666666,5.185812,
137,1131865578278204,2.283333333333333,5.059344,
138,1131865587424997,2.3,5.270423,
139,1131865596337127,2.3166666666666664,5.00909,
140,1131865605439954,2.3333333333333335,5.219841,
141,1131865615216480,2.35,5.431802,
142,1131865624222229,2.3666666666666667,5.158331,
143,1131865633134916,2.3833333333333333,5.028228,
144,1131865642089092,2.4,5.11129,
145,1131865650951882,2.4166666666666665,5.057848,
146,1131865659945339,2.433333333333333,5.083569,
147,1131865669761415,2.45,5.873752,
148,1131865678879692,2.466666666666667,5.203153,
149,1131865687950912,2.4833333333333334,5.266027,
150,1131865696929615,2.5,5.147315,
151,1131865705778419,2.5166666666666666,5.060278,
152,1131865714723835,2.533333333333333,5.048937,
153,1131865723767351,2.55,5.118093,
154,1131865733105433,2.5666666666666664,5.320272,
155,1131865742160655,2.5833333333333335,5.203297,
156,1131865751172303,2.6,5.163563,
157,1131865760199671,2.6166666666666667,5.152444,
158,1131865769377554,2.6333333333333333,5.316118,
159,1131865778364354,2.65,5.097616,
160,1131865787486659,2.6666666666666665,5.190795,
161,1131865796906046,2.683333333333333,5.389447,
162,1131865805907236,2.7,5.067424,
163,1131865814926089,2.716666666666667,5.080074,
164,1131865823855756,2.7333333333333334,5.139298,
165,1131865832982211,2.75,5.225914,
166,1131865841831717,2.7666666666666666,5.083486,
167,1131865851297160,2.783333333333333,5.659452,
168,1131865861617983,2.8,6.332682,
169,1131865870567716,2.8166666666666664,4.992842,
170,1131865879448961,2.8333333333333335,4.93525,
171,1131865888490368,2.85,5.130818,
172,1131865897746415,2.8666666666666667,5.135848,
173,1131865906676682,2.8833333333333333,5.050709,
174,1131865916543714,2.9,5.388108,
175,1131865925620475,2.9166666666666665,5.117635,
176,1131865934840860,2.933333333333333,5.271712,
177,1131865943869871,2.95,5.240064,
178,1131865953082084,2.966666666666667,5.30651,
179,1131865962142861,2.9833333333333334,5.275222,
180,1131865971945701,3.0,5.736727,
181,1131865981114219,3.0166666666666666,5.225216,
182,1131865990051531,3.033333333333333,4.99928,
183,1131865998900205,3.05,5.074232,
184,1131866007912819,3.0666666666666664,5.233028,
185,1131866016841149,3.0833333333333335,5.090232,
186,1131866025902094,3.1,5.16161,
187,1131866035423426,3.1166666666666667,5.305679,
188,1131866044346093,3.1333333333333333,5.179304,
189,1131866053404016,3.15,5.18208,
190,1131866062376195,3.1666666666666665,5.084064,
191,1131866071287545,3.183333333333333,5.101675,
192,1131866080338089,3.2,5.125053,
193,1131866089111258,3.216666666666667,4.968878,
194,1131866100905748,3.2333333333333334,5.412348,
195,1131866110092947,3.25,5.160376,
196,1131866119182163,3.2666666666666666,5.188682,
197,1131866128282828,3.283333333333333,5.20313,
198,1131866137364215,3.3,5.189558,
199,1131866147088025,3.3166666666666664,5.754652,
200,1131866156477759,3.3333333333333335,5.531079,
201,1131866165544336,3.35,5.168739,
202,1131866174624011,3.3666666666666667,5.227236,
203,1131866184581817,3.3833333333333333,4.964281,
204,1131866193763611,3.4,5.345332,
205,1131866202741682,3.4166666666666665,5.161953,
206,1131866211826531,3.433333333333333,5.312469,
207,1131866220991198,3.4499999999999997,5.332909,
208,1131866229849541,3.466666666666667,5.08426,
209,1131866238776691,3.4833333333333334,5.098258,
210,1131866247916847,3.5,5.300321,
211,1131866256867943,3.5166666666666666,5.142602,
212,1131866266371429,3.533333333333333,5.653932,
213,1131866275500661,3.55,5.324665,
214,1131866284614348,3.5666666666666664,5.259407,
215,1131866293663550,3.5833333333333335,5.20837,
216,1131866302512086,3.6,4.992826,
217,1131866311356552,3.6166666666666667,4.991485,
218,1131866320143114,3.6333333333333333,4.984821,
219,1131866329639081,3.65,5.662087,
220,1131866338833590,3.6666666666666665,5.348429,
221,1131866347681867,3.683333333333333,5.045137,
222,1131866356704521,3.6999999999999997,5.18153,
223,1131866365608630,3.716666666666667,5.053545,
224,1131866374575681,3.7333333333333334,5.130963,
225,1131866384164442,3.75,5.175468,
226,1131866393649422,3.7666666666666666,5.626374,
227,1131866402842550,3.783333333333333,5.192258,
228,1131866412219478,3.8,5.088419,
229,1131866421087426,3.8166666666666664,5.052288,
230,1131866430048171,3.8333333333333335,5.117469,
231,1131866439110486,3.85,5.203321,
232,1131866448639400,3.8666666666666667,5.692368,
233,1131866457729557,3.8833333333333333,5.218303,
234,1131866466598992,3.9,5.011105,
235,1131866475692086,3.9166666666666665,5.239685,
236,1131866484659829,3.933333333333333,5.131929,
237,1131866493689169,3.9499999999999997,5.187714,
238,1131866502676969,3.966666666666667,5.175517,
239,1131866511743348,3.9833333333333334,5.291668,
240,1131866520734930,4.0,5.143982,
241,1131866529788393,4.016666666666667,5.209415,
242,1131866538875734,4.033333333333333,5.30334,
243,1131866547837062,4.05,5.131094,
244,1131866556838280,4.066666666666666,5.238122,
245,1131866565920469,4.083333333333333,5.299906,
246,1131866575153854,4.1,5.287348,
247,1131866584089082,4.116666666666666,5.15465,
248,1131866592873632,4.133333333333333,5.129469,
249,1131866601903418,4.15,5.285033,
250,1131866611059628,4.166666666666667,5.295365,
251,1131866620045106,4.183333333333334,5.142933,
252,1131866629363484,4.2,5.485906,
253,1131866638550908,4.216666666666667,5.382703,
254,1131866647497400,4.233333333333333,5.1646,
255,1131866656539950,4.25,5.227838,
256,1131866665596657,4.266666666666667,5.230926,
257,1131866674624945,4.283333333333333,5.157039,
258,1131866683499016,4.3,5.098273,
259,1131866692897574,4.316666666666666,5.31527,
260,1131866701683310,4.333333333333333,4.973579,
261,1131866710442864,4.35,4.991303,
262,1131866719593962,4.366666666666666,5.209662,
263,1131866728479027,4.383333333333333,4.993612,
264,1131866737557293,4.4,5.285675,
265,1131866746335653,4.416666666666667,4.965843,
266,1131866755771533,4.433333333333334,5.378452,
267,1131866764589624,4.45,5.024656,
268,1131866773402833,4.466666666666667,5.030437,
269,1131866782267035,4.483333333333333,5.068332,
270,1131866791044834,4.5,4.9554,
271,1131866799776380,4.516666666666667,4.91026,
272,1131866809361595,4.533333333333333,5.704317,
273,1131866818796426,4.55,5.589998,
274,1131866827970662,4.566666666666666,5.315401,
275,1131866836865739,4.583333333333333,5.075345,
276,1131866845697871,4.6,5.0802,
277,1131866854699173,4.616666666666666,5.198896,
278,1131866865299182,4.633333333333333,6.815355,
279,1131866874549315,4.65,5.324542,
280,1131866883524753,4.666666666666667,5.115908,
281,1131866892456350,4.683333333333334,5.112551,
282,1131866901380758,4.7,5.097978,
283,1131866910372428,4.716666666666667,5.171852,
284,1131866919394731,4.733333333333333,5.161652,
285,1131866929305008,4.75,6.061412,
286,1131866938524853,4.766666666666667,5.366673,
287,1131866947310785,4.783333333333333,4.917955,
288,1131866956222302,4.8,5.078634,
289,1131866965116306,4.816666666666666,5.102509,
290,1131866976725796,4.833333333333333,5.645253,
291,1131866985755900,4.85,5.156441,
292,1131866995323345,4.866666666666666,5.534618,
293,1131867004388950,4.883333333333333,5.249219,
294,1131867013406212,4.9,5.237275,
295,1131867022307887,4.916666666666667,5.115342,
296,1131867031286062,4.933333333333334,5.173217,
297,1131867040312276,4.95,5.183707,
298,1131867049181535,4.966666666666667,5.045263,
299,1131867058841845,4.983333333333333,5.452974,
300,1131867067878029,5.0,5.147853,
301,1131867076864770,5.016666666666667,5.151521,
302,1131867085770554,5.033333333333333,5.091742,
303,1131867094905091,5.05,5.279633,
304,1131867103806463,5.066666666666666,5.047287,
305,1131867113115002,5.083333333333333,5.395059,
306,1131867122224590,5.1,5.269314,
307,1131867131096485,5.116666666666666,5.032495,
308,1131867140434174,5.133333333333333,5.205517,
309,1131867149388144,5.15,5.106193,
310,1131867158240511,5.166666666666667,5.067426,
311,1131867167091967,5.183333333333334,5.063942,
312,1131867176606318,5.2,5.645446,
313,1131867185890106,5.216666666666667,5.192259,
314,1131867194706139,5.233333333333333,4.995264,
315,1131867203690619,5.25,5.175473,
316,1131867212740281,5.266666666666667,5.183671,
317,1131867221750140,5.283333333333333,5.151279,
318,1131867231354605,5.3,5.375468,
319,1131867240169236,5.316666666666666,5.022167,
320,1131867249160171,5.333333333333333,5.138452,
321,1131867258148183,5.35,5.135506,
322,1131867266988181,5.366666666666666,5.029241,
323,1131867276081679,5.383333333333333,5.283692,
324,1131867285162447,5.4,5.288808,
325,1131867294699913,5.416666666666667,5.452902,
326,1131867303800083,5.433333333333334,5.260859,
327,1131867312639354,5.45,4.990124,
328,1131867321592193,5.466666666666667,5.179874,
329,1131867330434270,5.483333333333333,5.071225,
330,1131867339321984,5.5,5.10532,
331,1131867348871185,5.516666666666667,5.694634,
332,1131867357839339,5.533333333333333,5.163523,
333,1131867366770339,5.55,5.109904,
334,1131867375840443,5.566666666666666,5.271976,
335,1131867384956725,5.583333333333333,5.293375,
336,1131867393987196,5.6,5.216777,
337,1131867403047958,5.616666666666666,5.229197,
338,1131867413364329,5.633333333333333,5.465548,
339,1131867422400646,5.65,5.185822,
340,1131867431401722,5.666666666666667,5.064504,
341,1131867441227349,5.683333333333334,5.296233,
342,1131867450268717,5.7,5.133103,
343,1131867459224479,5.716666666666667,5.111916,
344,1131867468911797,5.733333333333333,5.837654,
345,1131867478105270,5.75,5.332902,
346,1131867487219334,5.766666666666667,5.343954,
347,1131867496250473,5.783333333333333,5.21967,
348,1131867505250579,5.8,5.144886,
349,1131867514223538,5.816666666666666,5.19569,
350,1131867523298903,5.833333333333333,5.303684,
351,1131867532505311,5.85,5.384293,
352,1131867541394585,5.866666666666666,5.0986,
353,1131867550307308,5.883333333333333,5.049503,
354,1131867559292772,5.9,5.165036,
355,1131867568349672,5.916666666666667,5.248693,
356,1131867577309246,5.933333333333334,5.095378,
357,1131867586576146,5.95,5.418292,
358,1131867595851336,5.966666666666667,5.491643,
359,1131867604937788,5.983333333333333,5.210135,
360,1131867613879050,6.0,5.065547,
361,1131867622724086,6.016666666666667,5.06622,
362,1131867631612719,6.033333333333333,5.053288,
363,1131867640421488,6.05,4.975061,
364,1131867650093715,6.066666666666666,5.826482,
365,1131867659295298,6.083333333333333,5.363108,
366,1131867668202390,6.1,5.069405,
367,1131867677226306,6.116666666666666,5.114853,
368,1131867686226349,6.133333333333333,5.165672,
369,1131867695392018,6.15,5.297409,
370,1131867704364642,6.166666666666667,5.110484,
371,1131867713472844,6.183333333333334,5.255395,
372,1131867722452768,6.2,5.130849,
373,1131867731344134,6.216666666666667,5.043704,
374,1131867740041020,6.233333333333333,4.914098,
375,1131867749141410,6.25,5.267004,
376,1131867758233926,6.266666666666667,5.258661,
377,1131867767220469,6.283333333333333,5.13266,
378,1131867776551185,6.3,5.45196,
379,1131867785480114,6.316666666666666,5.128493,
380,1131867794356823,6.333333333333333,5.03387,
381,1131867803297466,6.35,5.094345,
382,1131867812369049,6.366666666666666,5.314225,
383,1131867821323850,6.383333333333333,5.168586,
384,1131867830881660,6.4,5.700956,
385,1131867842796817,6.416666666666667,7.850169,
386,1131867851915915,6.433333333333334,5.141693,
387,1131867860729349,6.45,4.957926,
388,1131867869640066,6.466666666666667,5.013245,
389,1131867878604176,6.483333333333333,5.128846,
390,1131867887469221,6.5,5.019734,
391,1131867896581188,6.516666666666667,5.305366,
392,1131867905512968,6.533333333333333,5.060811,
393,1131867914303439,6.55,5.015904,
394,1131867923231424,6.566666666666666,5.05857,
395,1131867932223118,6.583333333333333,5.208133,
396,1131867941315538,6.6,5.26471,
397,1131867950985744,6.616666666666666,5.78621,
398,1131867960144114,6.633333333333333,5.363317,
399,1131867969267248,6.6499999999999995,5.315309,
400,1131867978258332,6.666666666666667,5.174829,
401,1131867987238202,6.683333333333334,5.141709,
402,1131867996139658,6.7,5.100983,
403,1131868005189857,6.716666666666667,5.212354,
404,1131868014319720,6.733333333333333,5.308793,
405,1131868023247387,6.75,5.162007,
406,1131868032228064,6.766666666666667,5.165783,
407,1131868041219919,6.783333333333333,5.133281,
408,1131868050119939,6.8,5.070458,
409,1131868059068840,6.816666666666666,5.151594,
410,1131868068527587,6.833333333333333,5.625586,
411,1131868077711777,6.85,5.343292,
412,1131868086654148,6.866666666666666,5.103377,
413,1131868095543632,6.883333333333333,5.120838,
414,1131868104430759,6.8999999999999995,5.086914,
415,1131868113446056,6.916666666666667,5.210503,
416,1131868122555748,6.933333333333334,5.27684,
417,1131868131761976,6.95,5.345624,
418,1131868140630340,6.966666666666667,5.079451,
419,1131868149662257,6.983333333333333,5.193292,
420,1131868158755435,7.0,5.196404,
421,1131868167652219,7.016666666666667,5.074731,
422,1131868176739367,7.033333333333333,5.166608,
423,1131868185604456,7.05,5.080208,
424,1131868195274994,7.066666666666666,5.82395,
425,1131868204440154,7.083333333333333,5.309472,
426,1131868213344868,7.1,5.041764,
427,1131868222429123,7.116666666666666,5.213116,
428,1131868231456324,7.133333333333333,5.266841,
429,1131868240559208,7.1499999999999995,5.309773,
430,1131868250470283,7.166666666666667,5.86635,
431,1131868259482531,7.183333333333334,5.163154,
432,1131868268393341,7.2,5.059603,
433,1131868277361619,7.216666666666667,5.103802,
434,1131868286467934,7.233333333333333,5.31751,
435,1131868295464069,7.25,5.192355,
436,1131868304481297,7.266666666666667,5.19462,
437,1131868314249856,7.283333333333333,5.429366,
438,1131868323409441,7.3,5.314613,
439,1131868332352611,7.316666666666666,5.12519,
440,1131868341280849,7.333333333333333,5.1305,
441,1131868350236670,7.35,5.083012,
442,1131868359194507,7.366666666666666,5.12035,
443,1131868368607891,7.383333333333333,5.613121,
444,1131868377835219,7.3999999999999995,5.328632,
445,1131868386700892,7.416666666666667,5.09589,
446,1131868395759320,7.433333333333334,5.188457,
447,1131868404757779,7.45,5.222861,
448,1131868413846103,7.466666666666667,5.279904,
449,1131868422846874,7.483333333333333,5.216734,
450,1131868432540550,7.5,5.438247,
451,1131868442182357,7.516666666666667,5.215851,
452,1131868451191995,7.533333333333333,5.155546,
453,1131868460312251,7.55,5.179598,
454,1131868469990648,7.566666666666666,5.103977,
455,1131868479039594,7.583333333333333,5.205017,
456,1131868488587064,7.6,5.694799,
457,1131868497736199,7.616666666666666,5.257125,
458,1131868506739879,7.633333333333333,5.147329,
459,1131868515674211,7.6499999999999995,5.070139,
460,1131868524639951,7.666666666666667,5.130959,
461,1131868533600321,7.683333333333334,5.110883,
462,1131868542508113,7.7,5.081772,
463,1131868551903064,7.716666666666667,5.295969,
464,1131868560791865,7.733333333333333,5.030075,
465,1131868569639772,7.75,5.07828,
466,1131868578581793,7.766666666666667,5.067418,
467,1131868587544419,7.783333333333333,5.148529,
468,1131868596717557,7.8,5.278259,
469,1131868606056047,7.816666666666666,5.480659,
470,1131868615469839,7.833333333333333,5.67044,
471,1131868624570348,7.85,5.253894,
472,1131868633326029,7.866666666666666,4.965829,
473,1131868642257764,7.883333333333333,5.102844,
474,1131868651194241,7.8999999999999995,5.161729,
475,1131868660143166,7.916666666666667,5.147652,
476,1131868669762851,7.933333333333334,5.783656,
477,1131868678894026,7.95,5.271222,
478,1131868687780874,7.966666666666667,5.04936,
479,1131868696600155,7.983333333333333,4.99891,
480,1131868705764576,8.0,5.32166,
481,1131868714907727,8.016666666666666,5.290614,
482,1131868723853077,8.033333333333333,5.131559,
483,1131868733281700,8.05,5.392514,
484,1131868742239711,8.066666666666666,5.119289,
485,1131868751092794,8.083333333333334,5.113289,
486,1131868760034773,8.1,5.180444,
487,1131868768959033,8.116666666666667,5.061536,
488,1131868778019796,8.133333333333333,5.304616,
489,1131868787335423,8.15,5.480149,
490,1131868796734128,8.166666666666666,5.545261,
491,1131868805772317,8.183333333333334,5.18315,
492,1131868814759893,8.2,5.169507,
493,1131868823671413,8.216666666666667,5.030634,
494,1131868832609766,8.233333333333333,5.096388,
495,1131868841669426,8.25,5.202493,
496,1131868851068639,8.266666666666666,5.522286,
497,1131868860249270,8.283333333333333,5.326141,
498,1131868869200425,8.3,5.088135,
499,1131868877966606,8.316666666666666,4.967742,
500,1131868886812146,8.333333333333334,5.067873,
501,1131868895733137,8.35,5.107654,
502,1131868904572104,8.366666666666667,5.053277,
503,1131868913751251,8.383333333333333,5.301901,
504,1131868922695444,8.4,5.096658,
505,1131868931603805,8.416666666666666,5.021711,
506,1131868940654683,8.433333333333334,5.230597,
507,1131868949554527,8.45,5.110896,
508,1131868958564195,8.466666666666667,5.249398,
509,1131868968123832,8.483333333333333,5.719662,
510,1131868977187355,8.5,5.260654,
511,1131868986283133,8.516666666666666,5.236824,
512,1131868995167891,8.533333333333333,5.037052,
513,1131869004141523,8.55,5.120198,
514,1131869012983292,8.566666666666666,5.034222,
515,1131869022041837,8.583333333333334,5.229135,
516,1131869031331378,8.6,5.450627,
517,1131869040286201,8.616666666666667,5.188221,
518,1131869049311888,8.633333333333333,5.183658,
519,1131869058349855,8.65,5.181061,
520,1131869067378868,8.666666666666666,5.188033,
521,1131869076413835,8.683333333333334,5.097776,
522,1131869085369707,8.7,5.068726,
523,1131869094799479,8.716666666666667,5.471164,
524,1131869103867710,8.733333333333333,5.311165,
525,1131869112962666,8.75,5.263812,
526,1131869121802288,8.766666666666666,5.030129,
527,1131869130673376,8.783333333333333,5.082246,
528,1131869140065616,8.8,5.318449,
529,1131869149587050,8.816666666666666,5.635529,
530,1131869158670302,8.833333333333334,5.221272,
531,1131869167610333,8.85,5.166834,
532,1131869176569238,8.866666666666667,5.025983,
533,1131869186047778,8.883333333333333,5.196967,
534,1131869194894450,8.9,5.091382,
535,1131869203781903,8.916666666666666,5.02862,
536,1131869213185958,8.933333333333334,5.554569,
537,1131869222638174,8.95,5.565483,
538,1131869231660158,8.966666666666667,5.260514,
539,1131869240461648,8.983333333333333,5.100875,
540,1131869249296395,9.0,5.033622,
541,1131869258160596,9.016666666666666,5.116071,
542,1131869267091149,9.033333333333333,5.107291,
543,1131869276759942,9.05,5.836581,
544,1131869285751400,9.066666666666666,5.179871,
545,1131869294796256,9.083333333333334,5.182564,
546,1131869304011348,9.1,5.359987,
547,1131869312927287,9.116666666666667,5.059496,
548,1131869321907052,9.133333333333333,5.130293,
549,1131869330842096,9.15,5.111162,
550,1131869340048340,9.166666666666666,5.409962,
551,1131869348922643,9.183333333333334,5.107036,
552,1131869357829276,9.2,5.039618,
553,1131869366752158,9.216666666666667,5.124931,
554,1131869375840478,9.233333333333333,5.247966,
555,1131869384866021,9.25,5.241214,
556,1131869394543299,9.266666666666666,5.47728,
557,1131869403590578,9.283333333333333,5.246367,
558,1131869412597927,9.3,5.178357,
559,1131869421721804,9.316666666666666,5.295574,
560,1131869430639249,9.333333333333334,5.145128,
561,1131869439490665,9.35,4.9677,
562,1131869448822263,9.366666666666667,5.477103,
563,1131869458157993,9.383333333333333,5.486352,
564,1131869467012159,9.4,5.028978,
565,1131869476558268,9.416666666666666,5.097718,
566,1131869485494117,9.433333333333334,5.068434,
567,1131869494576018,9.45,5.211426,
568,1131869503820113,9.466666666666667,5.215245,
569,1131869513597009,9.483333333333333,5.768936,
570,1131869522468711,9.5,5.022468,
571,1131869531368489,9.516666666666666,5.041823,
572,1131869540359310,9.533333333333333,5.137889,
573,1131869549429779,9.55,5.191962,
574,1131869558512682,9.566666666666666,5.262096,
575,1131869567962325,9.583333333333334,5.588784,
576,1131869577071294,9.6,5.265579,
577,1131869586114244,9.616666666666667,5.226396,
578,1131869595103184,9.633333333333333,5.16224,
579,1131869604155843,9.65,5.132502,
580,1131869613304306,9.666666666666666,5.310768,
581,1131869622290808,9.683333333333334,5.159194,
582,1131869631592387,9.7,5.439189,
583,1131869640489159,9.716666666666667,5.041223,
584,1131869649680814,9.733333333333333,5.339477,
585,1131869658698839,9.75,5.16039,
586,1131869667891686,9.766666666666666,5.237561,
587,1131869676949993,9.783333333333333,5.240541,
588,1131869685975800,9.8,5.241902,
589,1131869695528936,9.816666666666666,5.342012,
590,1131869704461298,9.833333333333334,5.167463,
591,1131869713519696,9.85,5.196016,
592,1131869722427886,9.866666666666667,5.060115,
593,1131869731255337,9.883333333333333,4.978287,
594,1131869740419148,9.9,5.34443,
595,1131869750143538,9.916666666666666,5.900958,
596,1131869759230833,9.933333333333334,5.211123,
597,1131869767950270,9.95,4.89351,
598,1131869777168696,9.966666666666667,5.368478,
599,1131869786057447,9.983333333333333,5.044431,
600,1131869794995090,10.0,5.11743,
601,1131869803900424,10.016666666666666,5.125115,
602,1131869813049794,10.033333333333333,5.274361,
603,1131869822029049,10.05,5.152453,
604,1131869830971123,10.066666666666666,5.101502,
605,1131869840027938,10.083333333333334,5.128122,
606,1131869848886389,10.1,5.069674,
607,1131869859202792,10.116666666666667,6.522143,
608,1131869868695728,10.133333333333333,5.642522,
609,1131869877508453,10.15,5.032452,
610,1131869886396395,10.166666666666666,5.125636,
611,1131869895303867,10.183333333333334,5.102178,
612,1131869904446705,10.2,5.283198,
613,1131869913392361,10.216666666666667,5.105667,
614,1131869922363978,10.233333333333333,5.100362,
615,1131869931639372,10.25,5.407024,
616,1131869940492482,10.266666666666666,4.997117,
617,1131869949569080,10.283333333333333,5.218506,
618,1131869958513247,10.3,5.098359,
619,1131869967418162,10.316666666666666,5.059893,
620,1131869976484298,10.333333333333334,5.310642,
621,1131869985559866,10.35,5.264268,
622,1131869995156505,10.366666666666667,5.496329,
623,1131870004216320,10.383333333333333,5.128485,
624,1131870013261854,10.4,5.296373,
625,1131870022303841,10.416666666666666,5.221682,
626,1131870031306324,10.433333333333334,5.187829,
627,1131870040232938,10.45,5.165354,
628,1131870049524322,10.466666666666667,5.491531,
629,1131870058739602,10.483333333333333,5.375389,
630,1131870067984967,10.5,5.398773,
631,1131870077160366,10.516666666666666,5.334344,
632,1131870086254137,10.533333333333333,5.240405,
633,1131870095312504,10.55,5.209086,
634,1131870104231171,10.566666666666666,5.067597,
635,1131870113464102,10.583333333333334,5.444697,
636,1131870122464407,10.6,5.135895,
637,1131870131366981,10.616666666666667,5.124883,
638,1131870140425216,10.633333333333333,5.239935,
639,1131870149357655,10.65,5.139467,
640,1131870158276994,10.666666666666666,5.139243,
641,1131870167724381,10.683333333333334,5.588492,
642,1131870176857357,10.7,5.365601,
643,1131870185905732,10.716666666666667,5.206658,
644,1131870194871837,10.733333333333333,5.083528,
645,1131870203841379,10.75,5.140398,
646,1131870212934870,10.766666666666666,5.259991,
647,1131870222097017,10.783333333333333,5.303696,
648,1131870231837782,10.8,6.008506,
649,1131870240963463,10.816666666666666,5.109445,
650,1131870250032746,10.833333333333334,5.226008,
651,1131870259054561,10.85,5.182688,
652,1131870268125314,10.866666666666667,5.228109,
653,1131870277053430,10.883333333333333,5.102616,
654,1131870285995753,10.9,5.096934,
655,1131870295476694,10.916666666666666,5.349288,
656,1131870304335395,10.933333333333334,5.036634,
657,1131870313327424,10.95,5.207449,
658,1131870329328745,10.966666666666667,5.319385,
659,1131870338553449,10.983333333333333,5.28152,
660,1131870347995464,11.0,5.571971,
661,1131870357184537,11.016666666666666,5.373909,
662,1131870366275595,11.033333333333333,5.180519,
663,1131870375266289,11.05,5.145949,
664,1131870384179235,11.066666666666666,5.119984,
665,1131870393319196,11.083333333333334,5.371428,
666,1131870402404466,11.1,5.265287,
667,1131870411943781,11.116666666666667,5.604361,
668,1131870420994482,11.133333333333333,5.196097,
669,1131870430153693,11.15,5.306371,
670,1131870439076418,11.166666666666666,5.084491,
671,1131870447923455,11.183333333333334,5.041228,
672,1131870456753268,11.2,5.004203,
673,1131870465707620,11.216666666666667,5.102871,
674,1131870475397346,11.233333333333333,5.789678,
675,1131870484406616,11.25,5.177971,
676,1131870493299934,11.266666666666666,5.095504,
677,1131870502335070,11.283333333333333,5.266151,
678,1131870512881965,11.3,5.137395,
679,1131870522028358,11.316666666666666,5.277499,
680,1131870531165824,11.333333333333334,5.284595,
681,1131870540723604,11.35,5.562321,
682,1131870550551205,11.366666666666667,5.059214,
683,1131870559537884,11.383333333333333,5.087466,
684,1131870568624403,11.4,5.1543,
685,1131870577742997,11.416666666666666,5.196306,
686,1131870586885752,11.433333333333334,5.238701,
687,1131870596652831,11.45,5.45694,
688,1131870605657418,11.466666666666667,5.147517,
689,1131870614605047,11.483333333333333,5.125147,
690,1131870623657261,11.5,5.238457,
691,1131870632747685,11.516666666666666,5.307399,
692,1131870641731368,11.533333333333333,5.141256,
693,1131870650755021,11.55,5.223152,
694,1131870659566332,11.566666666666666,5.062468,
695,1131870668453455,11.583333333333334,5.02841,
696,1131870677322732,11.6,5.095396,
697,1131870686223096,11.616666666666667,5.113016,
698,1131870694977804,11.633333333333333,5.084693,
699,1131870703852324,11.65,5.061422,
700,1131870713372274,11.666666666666666,5.560607,
701,1131870722331566,11.683333333333334,5.092957,
702,1131870731406987,11.7,5.241107,
703,1131870740320212,11.716666666666667,5.057742,
704,1131870749397805,11.733333333333333,5.223675,
705,1131870758303229,11.75,5.089323,
706,1131870767746735,11.766666666666666,5.578732,
707,1131870777434328,11.783333333333333,5.917238,
708,1131870787340389,11.8,5.35183,
709,1131870796373239,11.816666666666666,5.120274,
710,1131870805575674,11.833333333333334,5.392171,
711,1131870814403456,11.85,5.100307,
712,1131870823182469,11.866666666666667,5.031101,
713,1131870832635557,11.883333333333333,5.372047,
714,1131870841595554,11.9,5.117064,
715,1131870850495682,11.916666666666666,5.059993,
716,1131870860458531,11.933333333333334,6.135417,
717,1131870869493306,11.95,5.055606,
718,1131870878328879,11.966666666666667,4.995953,
719,1131870887679968,11.983333333333333,5.504469,
720,1131870896838144,12.0,5.328651,
721,1131870905602762,12.016666666666666,4.965181,
722,1131870914610464,12.033333333333333,5.149771,
723,1131870923616620,12.05,5.124057,
724,1131870932569939,12.066666666666666,5.144491,
725,1131870941920299,12.083333333333334,4.994634,
726,1131870951542258,12.1,5.712367,
727,1131870960810119,12.116666666666667,5.34377,
728,1131870969894916,12.133333333333333,5.053936,
729,1131870979114299,12.15,5.274008,
730,1131870988589829,12.166666666666666,5.490731,
731,1131870997697805,12.183333333333334,5.248268,
732,1131871006630550,12.2,5.086102,
733,1131871016245649,12.216666666666667,5.371252,
734,1131871025186023,12.233333333333333,5.160831,
735,1131871034667396,12.25,5.261922,
736,1131871043836304,12.266666666666666,5.209153,
737,1131871053047866,12.283333333333333,5.247033,
738,1131871062102900,12.3,5.119303,
739,1131871072085529,12.316666666666666,5.546054,
740,1131871081157071,12.333333333333334,5.161476,
741,1131871090278250,12.35,5.206115,
742,1131871099356657,12.366666666666667,5.179851,
743,1131871108455864,12.383333333333333,5.219642,
744,1131871117486557,12.4,5.272314,
745,1131871126929061,12.416666666666666,5.634437,
746,1131871136453448,12.433333333333334,5.603386,
747,1131871145417583,12.45,5.225177,
748,1131871154553957,12.466666666666667,5.280676,
749,1131871163491506,12.483333333333333,5.064707,
750,1131871172719675,12.5,5.21578,
751,1131871182034397,12.516666666666666,5.191299,
752,1131871191742049,12.533333333333333,5.442098,
753,1131871200886914,12.55,5.175969,
754,1131871209943655,12.566666666666666,5.113993,
755,1131871218870781,12.583333333333334,5.027461,
756,1131871227831812,12.6,5.166902,
757,1131871237070250,12.616666666666667,5.333169,
758,1131871246034914,12.633333333333333,5.136061,
759,1131871255837297,12.65,5.476897,
760,1131871265017737,12.666666666666666,5.20146,
761,1131871274104591,12.683333333333334,5.181445,
762,1131871283273981,12.7,5.308999,
763,1131871292457948,12.716666666666667,5.242319,
764,1131871301509726,12.733333333333333,5.186606,
765,1131871311174600,12.75,5.786894,
766,1131871320401767,12.766666666666666,5.407702,
767,1131871329441794,12.783333333333333,5.176943,
768,1131871338442157,12.8,5.112074,
769,1131871347460503,12.816666666666666,5.126765,
770,1131871356422251,12.833333333333334,5.008559,
771,1131871365499706,12.85,5.135486,
772,1131871374926956,12.866666666666667,5.429159,
773,1131871383897886,12.883333333333333,5.028346,
774,1131871393040503,12.9,5.191118,
775,1131871402090705,12.916666666666666,5.215506,
776,1131871411224093,12.933333333333334,5.264432,
777,1131871420133952,12.95,5.172444,
778,1131871429577544,12.966666666666667,5.642914,
779,1131871438624450,12.983333333333333,5.247437,
780,1131871447735282,13.0,5.207908,
781,1131871456764543,13.016666666666666,5.084285,
782,1131871465831926,13.033333333333333,5.146292,
783,1131871475050619,13.049999999999999,5.165518,
784,1131871484027203,13.066666666666666,5.255864,
785,1131871493314611,13.083333333333334,5.44755,
786,1131871502462029,13.1,5.266116,
787,1131871511379432,13.116666666666667,5.035369,
788,1131871520571310,13.133333333333333,5.23268,
789,1131871529789959,13.15,5.283815,
790,1131871538958061,13.166666666666666,5.235306,
791,1131871548673816,13.183333333333334,5.450085,
792,1131871558337312,13.2,5.539301,
793,1131871567465906,13.216666666666667,5.102235,
794,1131871577250109,13.233333333333333,5.062075,
795,1131871586441903,13.25,5.140724,
796,1131871595418250,13.266666666666666,5.03577,
797,1131871604610927,13.283333333333333,5.255707,
798,1131871614191158,13.299999999999999,5.626269,
799,1131871623425645,13.316666666666666,5.318656,
800,1131871632509228,13.333333333333334,5.219203,
801,1131871641619282,13.35,5.312967,
802,1131871651049474,13.366666666666667,5.138465,
803,1131871660101687,13.383333333333333,5.126613,
804,1131871669097956,13.4,5.142732,
805,1131871678740428,13.416666666666666,5.596092,
806,1131871687898818,13.433333333333334,5.27818,
807,1131871697020326,13.45,5.215503,
808,1131871705894529,13.466666666666667,5.094157,
809,1131871714890507,13.483333333333333,5.215752,
810,1131871723917128,13.5,5.242748,
811,1131871733288874,13.516666666666666,5.528192,
812,1131871742401177,13.533333333333333,5.262544,
813,1131871751521858,13.549999999999999,5.170317,
814,1131871760507604,13.566666666666666,5.125629,
815,1131871769455823,13.583333333333334,5.083913,
816,1131871778606918,13.6,5.200829,
817,1131871788410903,13.616666666666667,5.859307,
818,1131871797603681,13.633333333333333,5.264858,
819,1131871806759048,13.65,5.255324,
820,1131871816014182,13.666666666666666,5.389577,
821,1131871825021103,13.683333333333334,5.147332,
822,1131871834173546,13.7,5.270045,
823,1131871843231062,13.716666666666667,5.076371,
824,1131871853089101,13.733333333333333,5.446165,
825,1131871862181951,13.75,5.231102,
826,1131871871326033,13.766666666666666,5.11381,
827,1131871880353030,13.783333333333333,5.052114,
828,1131871889369886,13.799999999999999,5.06789,
829,1131871898465788,13.816666666666666,5.175313,
830,1131871907974596,13.833333333333334,5.534207,
831,1131871917188976,13.85,5.498162,
832,1131871926236128,13.866666666666667,5.205941,
833,1131871935350925,13.883333333333333,5.2215,
834,1131871944335647,13.9,5.072201,
835,1131871953588383,13.916666666666666,5.322336,
836,1131871962630910,13.933333333333334,5.201569,
837,1131871971805175,13.95,5.281629,
838,1131871980959270,13.966666666666667,5.254722,
839,1131871990386297,13.983333333333333,5.477713,
840,1131871999444905,14.0,5.130562,
841,1131872008496269,14.016666666666666,5.104439,
842,1131872017511014,14.033333333333333,5.106223,
843,1131872027078649,14.049999999999999,5.664223,
844,1131872036516289,14.066666666666666,5.570491,
845,1131872045579260,14.083333333333334,5.195336,
846,1131872054652260,14.1,5.216212,
847,1131872063748979,14.116666666666667,5.306393,
848,1131872072775579,14.133333333333333,5.119781,
849,1131872081843805,14.15,5.177648,
850,1131872091658707,14.166666666666666,5.486032,
851,1131872100706703,14.183333333333334,5.193264,
852,1131872109707487,14.2,5.192251,
853,1131872118849929,14.216666666666667,5.212458,
854,1131872127999677,14.233333333333333,5.282936,
855,1131872136960971,14.25,5.123119,
856,1131872145975563,14.266666666666666,5.247543,
857,1131872155727227,14.283333333333333,5.557733,
858,1131872164870279,14.299999999999999,5.170427,
859,1131872173811599,14.316666666666666,5.036021,
860,1131872182996128,14.333333333333334,5.111424,
861,1131872192134269,14.35,5.199623,
862,1131872201170145,14.366666666666667,5.244973,
863,1131872210753137,14.383333333333333,5.727832,
864,1131872219854125,14.4,5.233922,
865,1131872228989391,14.416666666666666,5.31411,
866,1131872238158012,14.433333333333334,5.267654,
867,1131872247386344,14.45,5.31155,
868,1131872256482748,14.466666666666667,5.240202,
869,1131872265546427,14.483333333333333,5.202265,
870,1131872275173508,14.5,5.365145,
871,1131872284077127,14.516666666666666,5.109742,
872,1131872293092579,14.533333333333333,5.131351,
873,1131872302108351,14.549999999999999,5.273834,
874,1131872311011784,14.566666666666666,5.126091,
875,1131872320019642,14.583333333333334,5.149676,
876,1131872329710239,14.6,5.755148,
877,1131872339013004,14.616666666666667,5.364475,
878,1131872348194497,14.633333333333333,5.323956,
879,1131872356996992,14.65,5.027789,
880,1131872365946501,14.666666666666666,5.097246,
881,1131872374908425,14.683333333333334,5.117692,
882,1131872383895122,14.7,5.05837,
883,1131872393743908,14.716666666666667,5.480077,
884,1131872402929812,14.733333333333333,5.33809,
885,1131872412073832,14.75,5.263861,
886,1131872421118606,14.766666666666666,5.32915,
887,1131872430057144,14.783333333333333,5.212776,
888,1131872439205025,14.799999999999999,5.195492,
889,1131872448587320,14.816666666666666,5.557394,
890,1131872457967198,14.833333333333334,5.414828,
891,1131872466810574,14.85,5.032528,
892,1131872475986360,14.866666666666667,5.145733,
893,1131872485102108,14.883333333333333,5.152541,
894,1131872494193090,14.9,5.159827,
895,1131872503349624,14.916666666666666,5.223077,
896,1131872513332113,14.933333333333334,6.079299,
897,1131872522343757,14.95,5.24853,
898,1131872531578792,14.966666666666667,5.34735,
899,1131872540632213,14.983333333333333,5.301746,
900,1131872549627031,15.0,5.265198,
901,1131872558539252,15.016666666666666,5.084633,
902,1131872568148786,15.033333333333333,5.768226,
903,1131872577879148,15.049999999999999,5.253447,
904,1131872587129615,15.066666666666666,5.159478,
905,1131872596247611,15.083333333333334,5.136731,
906,1131872606373821,15.1,5.341864,
907,1131872615452927,15.116666666666667,5.130187,
908,1131872624480906,15.133333333333333,5.072328,
909,1131872634273487,15.15,5.393687,
910,1131872643397324,15.166666666666666,5.160886,
911,1131872652492483,15.183333333333334,5.131735,
912,1131872661610577,15.2,5.208314,
913,1131872670755604,15.216666666666667,5.226601,
914,1131872679859685,15.233333333333333,5.117418,
915,1131872688846246,15.25,5.039168,
916,1131872698617791,15.266666666666666,5.470441,
917,1131872707685910,15.283333333333333,5.213,
918,1131872716848177,15.299999999999999,5.290774,
919,1131872726109669,15.316666666666666,5.273279,
920,1131872735331377,15.333333333333334,5.189096,
921,1131872744269698,15.35,5.080617,
922,1131872753977175,15.366666666666667,5.366449,
923,1131872762855931,15.383333333333333,5.223358,
924,1131872772078282,15.4,5.419181,
925,1131872781183087,15.416666666666666,5.151612,
926,1131872790152530,15.433333333333334,5.070486,
927,1131872799245610,15.45,5.100551,
928,1131872808310387,15.466666666666667,5.089624,
929,1131872817912492,15.483333333333333,5.423027,
930,1131872826955856,15.5,5.13034,
931,1131872835809234,15.516666666666666,5.083157,
932,1131872844665691,15.533333333333333,5.035249,
933,1131872853574003,15.549999999999999,4.978065,
934,1131872862450739,15.566666666666666,5.08766,
935,1131872872087349,15.583333333333334,5.304597,
936,1131872881099115,15.6,5.116971,
937,1131872890064344,15.616666666666667,5.03748,
938,1131872899099988,15.633333333333333,5.100891,
939,1131872908174335,15.65,5.231711,
940,1131872917214006,15.666666666666666,5.186564,
941,1131872926361696,15.683333333333334,5.215527,
942,1131872936252496,15.7,5.944813,
943,1131872945300152,15.716666666666667,5.185579,
944,1131872954430800,15.733333333333333,5.247983,
945,1131872963577057,15.75,5.222922,
946,1131872972743254,15.766666666666666,5.23519,
947,1131872981718601,15.783333333333333,5.065376,
948,1131872990987681,15.799999999999999,5.267035,
949,1131873000021109,15.816666666666666,5.145254,
950,1131873009185452,15.833333333333334,5.328046,
951,1131873018149944,15.85,5.176925,
952,1131873027017023,15.866666666666667,5.092719,
953,1131873036180230,15.883333333333333,5.083782,
954,1131873045145801,15.9,5.263928,
955,1131873054857414,15.916666666666666,5.58187,
956,1131873063800784,15.933333333333334,5.062485,
957,1131873072742511,15.95,4.988295,
958,1131873081738968,15.966666666666667,5.114394,
959,1131873090818478,15.983333333333333,5.2163,
960,1131873099855315,16.0,5.082785,
961,1131873109666161,16.016666666666666,5.911484,
962,1131873118862531,16.03333333333333,5.283134,
963,1131873127927240,16.05,5.180396,
964,1131873137477980,16.066666666666666,5.286558,
965,1131873146481584,16.083333333333332,5.056029,
966,1131873155573322,16.1,5.236466,
967,1131873164598528,16.116666666666667,5.160073,
968,1131873174081679,16.133333333333333,5.52706,
969,1131873183717192,16.15,5.160484,
970,1131873192692668,16.166666666666668,5.190148,
971,1131873201802335,16.183333333333334,5.225912,
972,1131873210799366,16.2,5.159207,
973,1131873219852854,16.216666666666665,5.097624,
974,1131873229327914,16.233333333333334,5.549984,
975,1131873238547860,16.25,5.373391,
976,1131873247554733,16.266666666666666,5.114286,
977,1131873256529080,16.28333333333333,5.094706,
978,1131873265597986,16.3,5.120213,
979,1131873274604745,16.316666666666666,5.098239,
980,1131873283667256,16.333333333333332,5.16217,
981,1131873293446066,16.35,5.284593,
982,1131873302585139,16.366666666666667,5.135792,
983,1131873311608576,16.383333333333333,5.050521,
984,1131873320938703,16.4,5.382906,
985,1131873329828334,16.416666666666668,5.098373,
986,1131873338792976,16.433333333333334,5.199992,
987,1131873348392366,16.45,5.76211,
988,1131873357791258,16.466666666666665,5.486677,
989,1131873366776799,16.483333333333334,5.196367,
990,1131873375729952,16.5,5.092603,
991,1131873384682960,16.516666666666666,5.046187,
992,1131873393694063,16.53333333333333,5.109053,
993,1131873402916928,16.55,5.296718,
994,1131873412241444,16.566666666666666,5.450093,
995,1131873421366738,16.583333333333332,5.150809,
996,1131873430463153,16.6,5.21231,
997,1131873439745696,16.616666666666667,5.465328,
998,1131873448767719,16.633333333333333,5.158632,
999,1131873457996511,16.65,5.267833,
1000,1131873467408049,16.666666666666668,5.504547,
1001,1131873476631520,16.683333333333334,5.260396,
1002,1131873485629326,16.7,5.078018,
1003,1131873494557936,16.716666666666665,5.033558,
1004,1131873503476815,16.733333333333334,4.977493,
1005,1131873512510127,16.75,5.153814,
1006,1131873521401327,16.766666666666666,5.065434,
1007,1131873530708188,16.78333333333333,5.42875,
1008,1131873540126767,16.8,5.542276,
1009,1131873549152144,16.816666666666666,5.167436,
1010,1131873558126635,16.833333333333332,5.07556,
1011,1131873567079020,16.85,5.129734,
1012,1131873575855596,16.866666666666667,4.965386,
1013,1131873584801083,16.883333333333333,5.051132,
1014,1131873594618688,16.9,5.411621,
1015,1131873603800950,16.916666666666668,5.194299,
1016,1131873613494554,16.933333333333334,5.238073,
1017,1131873622493675,16.95,5.028753,
1018,1131873631558124,16.966666666666665,5.08257,
1019,1131873640753147,16.983333333333334,5.133936,
1020,1131873650968227,17.0,5.427708,
1021,1131873660075435,17.016666666666666,5.213816,
1022,1131873669097887,17.03333333333333,5.11441,
1023,1131873678138297,17.05,5.143002,
1024,1131873687134218,17.066666666666666,5.069807,
1025,1131873696023885,17.083333333333332,5.034407,
1026,1131873705047141,17.1,5.119485,
1027,1131873714788919,17.116666666666667,5.451899,
1028,1131873723929018,17.133333333333333,5.156144,
1029,1131873732945131,17.15,5.142584,
1030,1131873741763344,17.166666666666668,5.017282,
1031,1131873750952488,17.183333333333334,5.317671,
1032,1131873759782418,17.2,5.105492,
1033,1131873769278981,17.216666666666665,5.542539,
1034,1131873778449456,17.233333333333334,5.264225,
1035,1131873787388358,17.25,4.971407,
1036,1131873796452858,17.266666666666666,5.076857,
1037,1131873805503572,17.28333333333333,5.130861,
1038,1131873814592114,17.3,5.186709,
1039,1131873823600269,17.316666666666666,5.097211,
1040,1131873833068675,17.333333333333332,5.445524,
1041,1131873842128437,17.35,5.198368,
1042,1131873851160995,17.366666666666667,5.172581,
1043,1131873859824560,17.383333333333333,4.948719,
1044,1131873870524035,17.4,4.997695,
1045,1131873879371680,17.416666666666668,4.985245,
1046,1131873888667636,17.433333333333334,5.402631,
1047,1131873897723774,17.45,5.170476,
1048,1131873906695224,17.466666666666665,5.111274,
1049,1131873915557072,17.483333333333334,5.011073,
1050,1131873924538913,17.5,5.029409,
1051,1131873933341473,17.516666666666666,5.022542,
1052,1131873942538481,17.53333333333333,5.239681,
1053,1131873952284792,17.55,5.365433,
1054,1131873961158768,17.566666666666666,4.970151,
1055,1131873970095023,17.583333333333332,5.061104,
1056,1131873978980327,17.6,4.988812,
1057,1131873987872356,17.616666666666667,5.065012,
1058,1131873996539446,17.633333333333333,4.909876,
1059,1131874005485549,17.65,5.047882,
1060,1131874014925219,17.666666666666668,5.577211,
1061,1131874023736679,17.683333333333334,5.006157,
1062,1131874032763873,17.7,5.149878,
1063,1131874041661903,17.716666666666665,5.077271,
1064,1131874050650885,17.733333333333334,4.997932,
1065,1131874059583188,17.75,5.032329,
1066,1131874068571055,17.766666666666666,5.022189,
1067,1131874078346844,17.78333333333333,5.44864,
1068,1131874087434332,17.8,5.205875,
1069,1131874096442119,17.816666666666666,5.10724,
1070,1131874105559292,17.833333333333332,5.12412,
1071,1131874114552050,17.85,5.064936,
1072,1131874123706748,17.866666666666667,5.261678,
1073,1131874133067074,17.883333333333333,5.409217,
1074,1131874142035425,17.9,5.039322,
1075,1131874150830883,17.916666666666668,4.937511,
1076,1131874159871295,17.933333333333334,5.065935,
1077,1131874168853652,17.95,5.068424,
1078,1131874177772092,17.966666666666665,5.058001,
1079,1131874187289942,17.983333333333334,5.660889,
1080,1131874196752511,18.0,5.559959,
1081,1131874205694455,18.016666666666666,5.111037,
1082,1131874214428319,18.03333333333333,5.071761,
1083,1131874223692309,18.05,5.053929,
1084,1131874232602381,18.066666666666666,4.995219,
1085,1131874241638438,18.083333333333332,5.083406,
1086,1131874251115190,18.1,5.647686,
1087,1131874259868872,18.116666666666667,4.962132,
1088,1131874268951819,18.133333333333333,5.180348,
1089,1131874277932975,18.15,5.035413,
1090,1131874287045581,18.166666666666668,5.185487,
1091,1131874295965054,18.183333333333334,4.986842,
1092,1131874305122264,18.2,5.158215,
1093,1131874314412060,18.216666666666665,5.356582,
1094,1131874323303343,18.233333333333334,4.998326,
1095,1131874332405805,18.25,5.135623,
1096,1131874341458647,18.266666666666666,5.139749,
1097,1131874350628396,18.28333333333333,5.262384,
1098,1131874359634665,18.3,5.228204,
1099,1131874369355748,18.316666666666666,5.795906,
1100,1131874378367630,18.333333333333332,5.22472,
1101,1131874387297673,18.35,5.004428,
1102,1131874396220358,18.366666666666667,5.07598,
1103,1131874405238640,18.383333333333333,5.048752,
1104,1131874414388340,18.4,5.202014,
1105,1131874423325401,18.416666666666668,4.947316,
1106,1131874432676889,18.433333333333334,5.301025,
1107,1131874441645447,18.45,5.048151,
1108,1131874450547906,18.466666666666665,5.068003,
1109,1131874459512496,18.483333333333334,5.078589,
1110,1131874468653470,18.5,5.069615,
1111,1131874477880461,18.516666666666666,5.266973,
1112,1131874487403899,18.53333333333333,5.528213,
1113,1131874496635365,18.55,5.297765,
1114,1131874505677628,18.566666666666666,5.14602,
1115,1131874514684289,18.583333333333332,5.032024,
1116,1131874523691693,18.6,5.110148,
1117,1131874532583895,18.616666666666667,5.028962,
1118,1131874541417099,18.633333333333333,5.052518,
1119,1131874550942786,18.65,5.595254,
1120,1131874559751879,18.666666666666668,4.95894,
1121,1131874568735172,18.683333333333334,5.10404,
1122,1131874577810032,18.7,5.271792,
1123,1131874586828511,18.716666666666665,5.082989,
1124,1131874595904583,18.733333333333334,5.120458,
1125,1131874604865972,18.75,4.991841,
1126,1131874614199560,18.766666666666666,5.465113,
1127,1131874623066171,18.78333333333333,4.970022,
1128,1131874631766286,18.8,4.964518,
1129,1131874640676453,18.816666666666666,5.058766,
1130,1131874650333639,18.833333333333332,4.966002,
1131,1131874659494482,18.85,5.204114,
1132,1131874669330208,18.866666666666667,5.863272,
1133,1131874679267056,18.883333333333333,5.198041,
1134,1131874688247601,18.9,5.022749,
1135,1131874697342812,18.916666666666668,5.151884,
1136,1131874706303833,18.933333333333334,5.004495,
1137,1131874715436245,18.95,5.165272,
1138,1131874724384352,18.966666666666665,4.992619,
1139,1131874733736053,18.983333333333334,5.258209,
1140,1131874742595099,19.0,4.966447,
1141,1131874751528720,19.016666666666666,5.079788,
1142,1131874760561747,19.03333333333333,5.096174,
1143,1131874769572186,19.05,5.086849,
1144,1131874778452342,19.066666666666666,4.986978,
1145,1131874787786440,19.083333333333332,5.414435,
1146,1131874796883705,19.1,5.268607,
1147,1131874805824690,19.116666666666667,5.024886,
1148,1131874814827831,19.133333333333333,5.166079,
1149,1131874823647810,19.15,4.987685,
1150,1131874832601572,19.166666666666668,5.141737,
1151,1131874841638757,19.183333333333334,5.192887,
1152,1131874851124357,19.2,5.47723,
1153,1131874860539939,19.216666666666665,5.690157,
1154,1131874869642045,19.233333333333334,5.046061,
1155,1131874878604858,19.25,4.927299,
1156,1131874887498691,19.266666666666666,4.966893,
1157,1131874896259644,19.28333333333333,5.008365,
1158,1131874905198572,19.3,4.980872,
1159,1131874914465625,19.316666666666666,5.366724,
1160,1131874923434034,19.333333333333332,5.058972,
1161,1131874932212534,19.35,4.988858,
1162,1131874941350261,19.366666666666667,5.213461,
1163,1131874950063053,19.383333333333333,4.894587,
1164,1131874959064926,19.4,5.112865,
1165,1131874968384302,19.416666666666668,5.451915,
1166,1131874977608275,19.433333333333334,5.326023,
1167,1131874986583070,19.45,5.13319,
1168,1131874995888440,19.466666666666665,5.360685,
1169,1131875004961353,19.483333333333334,5.297175,
1170,1131875013895708,19.5,5.092793,
1171,1131875022921684,19.516666666666666,5.180486,
1172,1131875032149370,19.53333333333333,5.379487,
1173,1131875041134716,19.55,4.994621,
1174,1131875050328948,19.566666666666666,5.203313,
1175,1131875059203834,19.583333333333332,5.049825,
1176,1131875068213387,19.6,5.129038,
1177,1131875077317743,19.616666666666667,5.209467,
1178,1131875086341437,19.633333333333333,5.11351,
1179,1131875096125788,19.65,5.544153,
1180,1131875105178855,19.666666666666668,5.201325,
1181,1131875114328778,19.683333333333334,5.318504,
1182,1131875123452070,19.7,5.304274,
1183,1131875132490173,19.716666666666665,5.132059,
1184,1131875141674442,19.733333333333334,5.046749,
1185,1131875150587176,19.75,4.979484,
1186,1131875159821294,19.766666666666666,5.334475,
1187,1131875168853253,19.78333333333333,5.141339,
1188,1131875177763372,19.8,5.019802,
1189,1131875187169058,19.816666666666666,5.113502,
1190,1131875196090990,19.833333333333332,5.171979,
1191,1131875205231199,19.85,5.206781,
1192,1131875214904099,19.866666666666667,5.749014,
1193,1131875224135605,19.883333333333333,5.403446,
1194,1131875233245685,19.9,5.135452,
1195,1131875242261517,19.916666666666668,5.032381,
1196,1131875251470844,19.933333333333334,5.28016,
1197,1131875260450447,19.95,5.099604,
1198,1131875269424963,19.966666666666665,5.183403,
1199,1131875279020284,19.983333333333334,5.458121,
1200,1131875287983938,20.0,5.172563,
1201,1131875296914916,20.016666666666666,5.163362,
1202,1131875305996165,20.03333333333333,5.314554,
1203,1131875314956607,20.05,5.140201,
1204,1131875324041314,20.066666666666666,5.32411,
1205,1131875333291371,20.083333333333332,5.248568,
1206,1131875342354936,20.1,5.1408,
1207,1131875351458573,20.116666666666667,5.243991,
1208,1131875360570923,20.133333333333333,5.220923,
1209,1131875369360111,20.15,5.09447,
1210,1131875378469603,20.166666666666668,5.24502,
1211,1131875387978794,20.183333333333334,5.58809,
1212,1131875397426473,20.2,5.467921,
1213,1131875406533173,20.216666666666665,5.159798,
1214,1131875415560623,20.233333333333334,5.186651,
1215,1131875424542954,20.25,5.042866,
1216,1131875433897763,20.266666666666666,5.430379,
1217,1131875442814809,20.28333333333333,5.145333,
1218,1131875452642116,20.3,5.450427,
1219,1131875461675714,20.316666666666666,5.179916,
1220,1131875470644530,20.333333333333332,5.145322,
1221,1131875479671253,20.35,5.254144,
1222,1131875488574263,20.366666666666667,4.996825,
1223,1131875497496683,20.383333333333333,5.151097,
1224,1131875507076337,20.4,5.605137,
1225,1131875516227762,20.416666666666668,5.294887,
1226,1131875525162437,20.433333333333334,5.018667,
1227,1131875534012356,20.45,5.014162,
1228,1131875542702594,20.466666666666665,5.0609,
1229,1131875551559073,20.483333333333334,4.9452,
1230,1131875560756368,20.5,5.249455,
1231,1131875570347040,20.516666666666666,5.652237,
1232,1131875579338955,20.53333333333333,5.050544,
1233,1131875588478817,20.55,5.23239,
1234,1131875597496062,20.566666666666666,5.179245,
1235,1131875606549074,20.583333333333332,5.123982,
1236,1131875615525008,20.6,5.068241,
1237,1131875624450680,20.616666666666667,5.113599,
1238,1131875633607799,20.633333333333333,5.424487,
1239,1131875642447477,20.65,5.101365,
1240,1131875651689227,20.666666666666668,5.350618,
1241,1131875660625566,20.683333333333334,5.103778,
1242,1131875669776396,20.7,5.222177,
1243,1131875679506366,20.716666666666665,5.04169,
1244,1131875689362627,20.733333333333334,5.875796,
1245,1131875698854159,20.75,5.476734,
1246,1131875708493448,20.766666666666666,5.090567,
1247,1131875717569422,20.78333333333333,5.088043,
1248,1131875726493168,20.8,5.032149,
1249,1131875735449045,20.816666666666666,5.028083,
1250,1131875744480094,20.833333333333332,5.125168,
1251,1131875753768031,20.85,5.34634,
1252,1131875762889963,20.866666666666667,5.180626,
1253,1131875771800080,20.883333333333333,5.051266,
1254,1131875780657452,20.9,5.037692,
1255,1131875789814862,20.916666666666668,5.16298,
1256,1131875798921370,20.933333333333334,5.171394,
1257,1131875807927098,20.95,5.22734,
1258,1131875817259226,20.966666666666665,5.327306,
1259,1131875826106113,20.983333333333334,5.023437,
1260,1131875834998442,21.0,5.082766,
1261,1131875843841447,21.016666666666666,5.073269,
1262,1131875852829020,21.03333333333333,5.111325,
1263,1131875861698153,21.05,5.157089,
1264,1131875871105029,21.066666666666666,5.469593,
1265,1131875880344014,21.083333333333332,5.306846,
1266,1131875889360527,21.1,5.128463,
1267,1131875898298058,21.116666666666667,5.042327,
1268,1131875907241382,21.133333333333333,5.030546,
1269,1131875916034700,21.15,5.043706,
1270,1131875925047798,21.166666666666668,5.06734,
1271,1131875934545773,21.183333333333334,5.320459,
1272,1131875943516253,21.2,5.153807,
1273,1131875952482643,21.216666666666665,5.078081,
1274,1131875961557815,21.233333333333334,5.147835,
1275,1131875970824664,21.25,5.283521,
1276,1131875979975227,21.266666666666666,5.217796,
1277,1131875989359444,21.28333333333333,5.528803,
1278,1131875998687924,21.3,5.390473,
1279,1131876007845955,21.316666666666666,5.160567,
1280,1131876016942566,21.333333333333332,5.142722,
1281,1131876026079259,21.35,5.172674,
1282,1131876035208259,21.366666666666667,5.155234,
1283,1131876044162604,21.383333333333333,5.072016,
1284,1131876053532256,21.4,5.421157,
1285,1131876062749156,21.416666666666668,5.251317,
1286,1131876071879178,21.433333333333334,5.163081,
1287,1131876080997206,21.45,5.204528,
1288,1131876090085404,21.466666666666665,5.137282,
1289,1131876098921110,21.483333333333334,5.030404,
1290,1131876108312824,21.5,5.527802,
1291,1131876117356346,21.516666666666666,5.189248,
1292,1131876126435205,21.53333333333333,5.155442,
1293,1131876135248562,21.55,5.034727,
1294,1131876144453021,21.566666666666666,5.271735,
1295,1131876153499080,21.583333333333332,5.091478,
1296,1131876162566841,21.6,5.119461,
1297,1131876172078376,21.616666666666667,5.542286,
1298,1131876181290062,21.633333333333333,5.216958,
1299,1131876190263946,21.65,5.016407,
1300,1131876199247204,21.666666666666668,5.039881,
1301,1131876208326451,21.683333333333334,5.155975,
1302,1131876217322506,21.7,5.06415,
1303,1131876226240106,21.716666666666665,4.991727,
1304,1131876236105216,21.733333333333334,5.925927,
1305,1131876245324293,21.75,5.312386,
1306,1131876254279174,21.766666666666666,5.093598,
1307,1131876263314675,21.78333333333333,5.155226,
1308,1131876272415933,21.8,5.233294,
1309,1131876281246876,21.816666666666666,5.06151,
1310,1131876290828203,21.833333333333332,5.694038,
1311,1131876299876440,21.85,5.178844,
1312,1131876308872263,21.866666666666667,5.118489,
1313,1131876317683028,21.883333333333333,5.015647,
1314,1131876326727687,21.9,5.149867,
1315,1131876335568424,21.916666666666668,4.970485,
1316,1131876344680498,21.933333333333334,5.172321,
1317,1131876354230364,21.95,5.56781,
1318,1131876363616317,21.966666666666665,5.421122,
1319,1131876372548884,21.983333333333334,4.990925,
1320,1131876381511838,22.0,5.019516,
1321,1131876390567038,22.016666666666666,5.092541,
1322,1131876399709281,22.03333333333333,5.303329,
1323,1131876409592141,22.05,5.941691,
1324,1131876418590799,22.066666666666666,5.128409,
1325,1131876427610161,22.083333333333332,5.105873,
1326,1131876436762480,22.1,5.352632,
1327,1131876445783931,22.116666666666667,5.162969,
1328,1131876454775909,22.133333333333333,5.119169,
1329,1131876463719036,22.15,5.022337,
1330,1131876473405166,22.166666666666668,5.44644,
1331,1131876482363703,22.183333333333334,5.217296,
1332,1131876491513561,22.2,5.194143,
1333,1131876500659176,22.216666666666665,5.182331,
1334,1131876509795389,22.233333333333334,5.213589,
1335,1131876518829146,22.25,5.082828,
1336,1131876528326420,22.266666666666666,5.536844,
1337,1131876537843103,22.28333333333333,5.527027,
1338,1131876546795877,22.3,5.244625,
1339,1131876555893286,22.316666666666666,5.248412,
1340,1131876564877468,22.333333333333332,5.263695,
1341,1131876573911715,22.35,5.195205,
1342,1131876582768521,22.366666666666667,4.99861,
1343,1131876592240623,22.383333333333333,5.517374,
1344,1131876601291107,22.4,5.13379,
1345,1131876610442641,22.416666666666668,5.243728,
1346,1131876619354876,22.433333333333334,5.116072,
1347,1131876628376427,22.45,5.124057,
1348,1131876637548838,22.466666666666665,5.282233,
1349,1131876647230278,22.483333333333334,5.739813,
1350,1131876656373252,22.5,5.326387,
1351,1131876665342528,22.516666666666666,5.213127,
1352,1131876674437575,22.53333333333333,5.055696,
1353,1131876683384981,22.55,5.010628,
1354,1131876692538014,22.566666666666666,5.218305,
1355,1131876701685277,22.583333333333332,5.224112,
1356,1131876711803798,22.6,5.416384,
1357,1131876720923512,22.616666666666667,5.171436,
1358,1131876730245760,22.633333333333333,5.28636,
1359,1131876740318156,22.65,5.185392,
1360,1131876749626835,22.666666666666668,5.272054,
1361,1131876758640059,22.683333333333334,5.05898,
1362,1131876768422391,22.7,5.826888,
1363,1131876777522311,22.716666666666665,5.204968,
1364,1131876786554187,22.733333333333334,5.187108,
1365,1131876795492957,22.75,5.074455,
1366,1131876804476268,22.766666666666666,5.249071,
1367,1131876813733156,22.78333333333333,5.29038,
1368,1131876822699058,22.8,5.107462,
1369,1131876832229428,22.816666666666666,5.559418,
1370,1131876841488739,22.833333333333332,5.224832,
1371,1131876850660760,22.85,5.260831,
1372,1131876859561579,22.866666666666667,5.142865,
1373,1131876868570414,22.883333333333333,5.084064,
1374,1131876877573409,22.9,5.042938,
1375,1131876886661118,22.916666666666668,5.079458,
1376,1131876895814370,22.933333333333334,5.288488,
1377,1131876904850159,22.95,5.128556,
1378,1131876913945193,22.966666666666665,5.115352,
1379,1131876923231892,22.983333333333334,5.347873,
1380,1131876932270806,23.0,5.179829,
1381,1131876941388107,23.016666666666666,5.187717,
1382,1131876950982119,23.03333333333333,5.741952,
1383,1131876960383857,23.05,5.612184,
1384,1131876969425496,23.066666666666666,5.073311,
1385,1131876978473123,23.083333333333332,5.197559,
1386,1131876987361697,23.1,5.051116,
1387,1131876996448783,23.116666666666667,5.11456,
1388,1131877005415405,23.133333333333333,5.008018,
1389,1131877015396419,23.15,5.54838,
1390,1131877024504779,23.166666666666668,5.144058,
1391,1131877033807075,23.183333333333334,5.284428,
1392,1131877042716773,23.2,5.181239,
1393,1131877051686756,23.216666666666665,5.212598,
1394,1131877060729584,23.233333333333334,5.249033,
1395,1131877070408983,23.25,5.842423,
1396,1131877079471294,23.266666666666666,5.197543,
1397,1131877088616809,23.28333333333333,5.182078,
1398,1131877097607091,23.3,5.265066,
1399,1131877106658507,23.316666666666666,5.186888,
1400,1131877115754938,23.333333333333332,5.2462,
1401,1131877125341137,23.35,5.432976,
1402,1131877135053775,23.366666666666667,5.848691,
1403,1131877144196039,23.383333333333333,5.223519,
1404,1131877153184624,23.4,5.097685,
1405,1131877162386937,23.416666666666668,5.248812,
1406,1131877171589178,23.433333333333334,5.250474,
1407,1131877180736283,23.45,5.183232,
1408,1131877190444374,23.466666666666665,5.818987,
1409,1131877199420375,23.483333333333334,5.040578,
1410,1131877208500125,23.5,5.104877,
1411,1131877217341090,23.516666666666666,5.03025,
1412,1131877226287259,23.53333333333333,5.060661,
1413,1131877235265726,23.55,5.096112,
1414,1131877244412121,23.566666666666666,5.212749,
1415,1131877253779284,23.583333333333332,5.472483,
1416,1131877263133342,23.6,5.450596,
1417,1131877272424747,23.616666666666667,5.433421,
1418,1131877281456716,23.633333333333333,5.1492,
1419,1131877290535189,23.65,5.144254,
1420,1131877299611956,23.666666666666668,5.23594,
1421,1131877309066875,23.683333333333334,5.547648,
1422,1131877318391204,23.7,5.427032,
1423,1131877327645805,23.716666666666665,5.256267,
1424,1131877336714628,23.733333333333334,5.177136,
1425,1131877345591303,23.75,5.083141,
1426,1131877354612666,23.766666666666666,5.199373,
1427,1131877363585890,23.78333333333333,5.186334,
1428,1131877373011788,23.8,5.369211,
1429,1131877381787744,23.816666666666666,4.968619,
1430,1131877390768626,23.833333333333332,5.065516,
1431,1131877399882633,23.85,5.149297,
1432,1131877408869134,23.866666666666667,5.085396,
1433,1131877417859516,23.883333333333333,5.022816,
1434,1131877427362870,23.9,5.573199,
1435,1131877436751262,23.916666666666668,5.548483,
1436,1131877445675019,23.933333333333334,5.086599,
1437,1131877454825803,23.95,5.145632,
1438,1131877464126590,23.966666666666665,5.326022,
1439,1131877473166774,23.983333333333334,5.124587,
1440,1131877482242488,24.0,5.126804,
1441,1131877491199448,24.016666666666666,4.970486,
1442,1131877500592595,24.03333333333333,5.439169,
1443,1131877509662392,24.05,5.271691,
1444,1131877518827152,24.066666666666666,5.289727,
1445,1131877527856765,24.083333333333332,5.132331,
1446,1131877536932050,24.1,5.25948,
1447,1131877546092764,24.116666666666667,5.368449,
1448,1131877555535145,24.133333333333333,5.578171,
1449,1131877564945441,24.15,5.518467,
1450,1131877573908278,24.166666666666668,5.166156,
1451,1131877583134222,24.183333333333334,5.36139,
1452,1131877592136763,24.2,5.190538,
1453,1131877601138134,24.216666666666665,5.155349,
1454,1131877610851950,24.233333333333334,5.840997,
1455,1131877619822249,24.25,5.121123,
1456,1131877629065822,24.266666666666666,5.285207,
1457,1131877638246861,24.28333333333333,5.297797,
1458,1131877647531266,24.3,5.29155,
1459,1131877656642841,24.316666666666666,5.199277,
1460,1131877666234170,24.333333333333332,5.660661,
1461,1131877675693792,24.35,5.53315,
1462,1131877684722305,24.366666666666667,5.183971,
1463,1131877693642085,24.383333333333333,5.123904,
1464,1131877703037333,24.4,5.51815,
1465,1131877712455474,24.416666666666668,5.16085,
1466,1131877721485241,24.433333333333334,5.217554,
1467,1131877731244392,24.45,5.866713,
1468,1131877740410935,24.466666666666665,5.120469,
1469,1131877750039192,24.483333333333334,5.272683,
1470,1131877759193383,24.5,5.154519,
1471,1131877768491038,24.516666666666666,5.273726,
1472,1131877777736471,24.53333333333333,5.162063,
1473,1131877788392415,24.55,5.891589,
1474,1131877797757024,24.566666666666666,5.327232,
1475,1131877806935847,24.583333333333332,5.180674,
1476,1131877816095043,24.6,5.198909,
1477,1131877825223075,24.616666666666667,5.10896,
1478,1131877834187807,24.633333333333333,5.101263,
1479,1131877843193077,24.65,5.158221,
1480,1131877852478467,24.666666666666668,5.444863,
1481,1131877862760805,24.683333333333334,6.599055,
1482,1131877871729422,24.7,5.0759,
1483,1131877880556833,24.716666666666665,5.022365,
1484,1131877889636926,24.733333333333334,5.133738,
1485,1131877898996980,24.75,5.406784,
1486,1131877908837799,24.766666666666666,5.827322,
1487,1131877918044733,24.78333333333333,5.276288,
1488,1131877927214842,24.8,5.164065,
1489,1131877936050367,24.816666666666666,5.003935,
1490,1131877944962595,24.833333333333332,5.078109,
1491,1131877953992113,24.85,5.092401,
1492,1131877963161282,24.866666666666667,5.229857,
1493,1131877972802550,24.883333333333333,5.69951,
1494,1131877981765689,24.9,5.017742,
1495,1131877990711610,24.916666666666668,5.016642,
1496,1131877999684277,24.933333333333334,5.0722,
1497,1131878008786528,24.95,5.148373,
1498,1131878017726405,24.966666666666665,5.061807,
1499,1131878027139927,24.983333333333334,5.563719,
1500,1131878036336802,25.0,5.355412,
1501,1131878045226334,25.016666666666666,5.017873,
1502,1131878054138430,25.03333333333333,5.095826,
1503,1131878063048289,25.05,5.057737,
1504,1131878071770726,25.066666666666666,4.987265,
1505,1131878080666912,25.083333333333332,5.050282,
1506,1131878090397431,25.1,5.867745,
1507,1131878099481826,25.116666666666667,5.210506,
1508,1131878108487464,25.133333333333333,5.119169,
1509,1131878117236550,25.15,5.031049,
1510,1131878126344241,25.166666666666668,5.146487,
1511,1131878135567177,25.183333333333334,5.235596,
1512,1131878144796697,25.2,5.286337,
1513,1131878154093489,25.216666666666665,5.458568,
1514,1131878163087512,25.233333333333334,5.066262,
1515,1131878172255784,25.25,5.256722,
1516,1131878181595657,25.266666666666666,5.258074,
1517,1131878190693589,25.28333333333333,5.129583,
1518,1131878199823856,25.3,5.263929,
1519,1131878209347847,25.316666666666666,5.69373,
1520,1131878218288394,25.333333333333332,5.136463,
1521,1131878227300515,25.35,5.13873,
1522,1131878236296102,25.366666666666667,5.067184,
1523,1131878245364934,25.383333333333333,5.2027,
1524,1131878254339732,25.4,5.144689,
1525,1131878263395499,25.416666666666668,5.173143,
1526,1131878273212883,25.433333333333334,5.816245,
1527,1131878282495675,25.45,5.320125,
1528,1131878291422127,25.466666666666665,4.999173,
1529,1131878300410261,25.483333333333334,5.104133,
1530,1131878309352944,25.5,5.040975,
1531,1131878318442547,25.516666666666666,5.22693,
1532,1131878327900240,25.53333333333333,5.497142,
1533,1131878337384468,25.55,5.594257,
1534,1131878346408081,25.566666666666666,5.104117,
1535,1131878355563845,25.583333333333332,5.27385,
1536,1131878364506763,25.6,5.146695,
1537,1131878373692103,25.616666666666667,5.223571,
1538,1131878383031328,25.633333333333333,5.443804,
1539,1131878392546563,25.65,5.460856,
1540,1131878401669404,25.666666666666668,5.300047,
1541,1131878410884784,25.683333333333334,5.196403,
1542,1131878419825436,25.7,5.051441,
1543,1131878428813905,25.716666666666665,5.172884,
1544,1131878437809365,25.733333333333334,5.139655,
1545,1131878446814907,25.75,5.041381,
1546,1131878456522600,25.766666666666666,5.749663,
1547,1131878465558287,25.78333333333333,5.085005,
1548,1131878474772546,25.8,5.111519,
1549,1131878483957391,25.816666666666666,5.218538,
1550,1131878493224420,25.833333333333332,5.272973,
1551,1131878502214752,25.849999999999998,5.127434,
1552,1131878511628909,25.866666666666667,5.534571,
1553,1131878520613085,25.883333333333333,5.101588,
1554,1131878529596628,25.9,5.087102,
1555,1131878538817917,25.916666666666668,5.295653,
1556,1131878547703846,25.933333333333334,5.087761,
1557,1131878556717801,25.95,5.138767,
1558,1131878565911044,25.966666666666665,5.359978,
1559,1131878575408332,25.983333333333334,5.556206,
1560,1131878584827065,26.0,5.545115,
1561,1131878593892566,26.016666666666666,5.167765,
1562,1131878602896986,26.03333333333333,5.079931,
1563,1131878611836928,26.05,5.012694,
1564,1131878620839676,26.066666666666666,5.076069,
1565,1131878629991830,26.083333333333332,5.207215,
1566,1131878639126235,26.099999999999998,5.331435,
1567,1131878647986037,26.116666666666667,5.062201,
1568,1131878657080285,26.133333333333333,5.218431,
1569,1131878666087494,26.15,5.195987,
1570,1131878675199647,26.166666666666668,5.176837,
1571,1131878684253656,26.183333333333334,5.21837,
1572,1131878693528679,26.2,5.412397,
1573,1131878702502930,26.216666666666665,5.100004,
1574,1131878711420889,26.233333333333334,5.024579,
1575,1131878720565530,26.25,5.171099,
1576,1131878729450772,26.266666666666666,4.955282,
1577,1131878738497957,26.28333333333333,5.079511,
1578,1131878748261005,26.3,5.915236,
1579,1131878757505854,26.316666666666666,5.304437,
1580,1131878766737928,26.333333333333332,5.291218,
1581,1131878775892723,26.349999999999998,5.217246,
1582,1131878785526123,26.366666666666667,5.178971,
1583,1131878795047921,26.383333333333333,5.329455,
1584,1131878804155241,26.4,5.209362,
1585,1131878813720835,26.416666666666668,5.351683,
1586,1131878823553418,26.433333333333334,5.093927,
1587,1131878832583787,26.45,5.103733,
1588,1131878841772138,26.466666666666665,5.179784,
1589,1131878850832313,26.483333333333334,5.163318,
1590,1131878860123705,26.5,5.367438,
1591,1131878869768303,26.516666666666666,5.651438,
1592,1131878878859490,26.53333333333333,5.156401,
1593,1131878887872774,26.55,5.133341,
1594,1131878897319347,26.566666666666666,5.21025,
1595,1131878906293944,26.583333333333332,5.101277,
1596,1131878915257238,26.599999999999998,5.121583,
1597,1131878924199644,26.616666666666667,5.10662,
1598,1131878933588379,26.633333333333333,5.450038,
1599,1131878942669881,26.65,5.135155,
1600,1131878951749474,26.666666666666668,5.133306,
1601,1131878960639596,26.683333333333334,5.012619,
1602,1131878969942285,26.7,5.329783,
1603,1131878978963354,26.716666666666665,5.138119,
1604,1131878988452754,26.733333333333334,5.547858,
1605,1131878997660770,26.75,5.421506,
1606,1131879006618346,26.766666666666666,5.102791,
1607,1131879015598668,26.78333333333333,5.129216,
1608,1131879025064429,26.8,5.623392,
1609,1131879034203198,26.816666666666666,5.084149,
1610,1131879043125129,26.833333333333332,5.059633,
1611,1131879052707047,26.849999999999998,5.752716,
1612,1131879061857614,26.866666666666667,5.192303,
1613,1131879070981802,26.883333333333333,5.160841,
1614,1131879080054890,26.9,5.257385,
1615,1131879089153067,26.916666666666668,5.251458,
1616,1131879098159814,26.933333333333334,5.033421,
1617,1131879107819510,26.95,5.629025,
1618,1131879117182881,26.966666666666665,5.368255,
1619,1131879126198035,26.983333333333334,5.068399,
1620,1131879135267416,27.0,5.171289,
1621,1131879144350658,27.016666666666666,5.187894,
1622,1131879153293617,27.03333333333333,5.124764,
1623,1131879162292430,27.05,5.068404,
1624,1131879171774448,27.066666666666666,5.50535,
1625,1131879181126167,27.083333333333332,5.207316,
1626,1131879190178358,27.099999999999998,5.058583,
1627,1131879199085623,27.116666666666667,5.058917,
1628,1131879208128009,27.133333333333333,5.056648,
1629,1131879217048288,27.15,5.060296,
1630,1131879226352276,27.166666666666668,5.463252,
1631,1131879235602920,27.183333333333334,5.483673,
1632,1131879244465194,27.2,5.04467,
1633,1131879253456703,27.216666666666665,5.068397,
1634,1131879262479175,27.233333333333334,5.068067,
1635,1131879271423788,27.25,4.980526,
1636,1131879280481617,27.266666666666666,5.295059,
1637,1131879290294186,27.28333333333333,5.883644,
1638,1131879299254111,27.3,5.122069,
1639,1131879308194138,27.316666666666666,5.065917,
1640,1131879317116441,27.333333333333332,5.120916,
1641,1131879325990145,27.349999999999998,5.005054,
1642,1131879334836251,27.366666666666667,5.040616,
1643,1131879343871343,27.383333333333333,5.156617,
1644,1131879353137362,27.4,5.52294,
1645,1131879362100620,27.416666666666668,5.126922,
1646,1131879370971817,27.433333333333334,5.155587,
1647,1131879379809010,27.45,5.078418,
1648,1131879388729627,27.466666666666665,5.025386,
1649,1131879397806312,27.483333333333334,5.1797,
1650,1131879406769540,27.5,5.2007,
1651,1131879416239989,27.516666666666666,5.548863,
1652,1131879425465879,27.53333333333333,5.236908,
1653,1131879434656659,27.55,5.309177,
1654,1131879443713351,27.566666666666666,5.169653,
1655,1131879452932302,27.583333333333332,5.182745,
1656,1131879461766175,27.599999999999998,5.102344,
1657,1131879471436491,27.616666666666667,5.934636,
1658,1131879480286311,27.633333333333333,5.091703,
1659,1131879489302571,27.65,5.055023,
1660,1131879498376639,27.666666666666668,5.18595,
1661,1131879507363763,27.683333333333334,5.090141,
1662,1131879516266383,27.7,4.969676,
1663,1131879525181555,27.716666666666665,5.133384,
1664,1131879534822811,27.733333333333334,5.828714,
1665,1131879543863589,27.75,5.231174,
1666,1131879552826822,27.766666666666666,5.156933,
1667,1131879561808470,27.78333333333333,5.109797,
1668,1131879570823592,27.8,5.086474,
1669,1131879579840112,27.816666666666666,5.032324,
1670,1131879589192062,27.833333333333332,5.408397,
1671,1131879598579240,27.849999999999998,5.514365,
1672,1131879607634284,27.866666666666667,5.08442,
1673,1131879616698584,27.883333333333333,5.099292,
1674,1131879625692823,27.9,5.053211,
1675,1131879634712764,27.916666666666668,5.060681,
1676,1131879643779194,27.933333333333334,5.110611,
1677,1131879653089439,27.95,5.32056,
1678,1131879662312627,27.966666666666665,5.110897,
1679,1131879671414302,27.983333333333334,5.160141,
1680,1131879680310511,28.0,5.058127,
1681,1131879689325931,28.016666666666666,5.134882,
1682,1131879698413364,28.03333333333333,5.153898,
1683,1131879707344268,28.05,5.006827,
1684,1131879716503857,28.066666666666666,5.30183,
1685,1131879725485993,28.083333333333332,5.175043,
1686,1131879734374515,28.099999999999998,4.977406,
1687,1131879743598163,28.116666666666667,5.247989,
1688,1131879752456418,28.133333333333333,4.956952,
1689,1131879761377317,28.15,5.079991,
1690,1131879770949708,28.166666666666668,5.736908,
1691,1131879779863002,28.183333333333334,5.13414,
1692,1131879788928720,28.2,5.097164,
1693,1131879797813190,28.216666666666665,5.080811,
1694,1131879806756999,28.233333333333334,5.079596,
1695,1131879815602674,28.25,5.168593,
1696,1131879825457290,28.266666666666666,5.067445,
1697,1131879835420356,28.28333333333333,5.519561,
1698,1131879844539554,28.3,5.16434,
1699,1131879854572281,28.316666666666666,5.194827,
1700,1131879863674119,28.333333333333332,5.144019,
1701,1131879872654712,28.349999999999998,5.056385,
1702,1131879881667524,28.366666666666667,5.026862,
1703,1131879891154247,28.383333333333333,5.285975,
1704,1131879900256754,28.4,5.162079,
1705,1131879909199620,28.416666666666668,5.016358,
1706,1131879918308725,28.433333333333334,5.193323,
1707,1131879927395648,28.45,5.161825,
1708,1131879936536940,28.466666666666665,5.182217,
1709,1131879946069741,28.483333333333334,5.670954,
1710,1131879955208759,28.5,5.307781,
1711,1131879964092513,28.516666666666666,5.040095,
1712,1131879972944516,28.53333333333333,4.965697,
1713,1131879981800632,28.55,5.069383,
1714,1131879990688016,28.566666666666666,5.010324,
1715,1131879999629680,28.583333333333332,5.040315,
1716,1131880009127660,28.599999999999998,5.60778,
1717,1131880018173591,28.616666666666667,5.277948,
1718,1131880027171108,28.633333333333333,5.107772,
1719,1131880036497277,28.65,5.482752,
1720,1131880045391294,28.666666666666668,5.06737,
1721,1131880054359309,28.683333333333334,5.019529,
1722,1131880063320884,28.7,5.040235,
1723,1131880072437082,28.716666666666665,5.215923,
1724,1131880081371934,28.733333333333334,5.070482,
1725,1131880090401505,28.75,5.092204,
1726,1131880099486362,28.766666666666666,5.164041,
1727,1131880108452179,28.78333333333333,5.17902,
1728,1131880117295323,28.8,5.029739,
1729,1131880126754009,28.816666666666666,5.549548,
1730,1131880136197088,28.833333333333332,5.558339,
1731,1131880145185979,28.849999999999998,5.118584,
1732,1131880154149504,28.866666666666667,5.033578,
1733,1131880163223589,28.883333333333333,5.106731,
1734,1131880172342202,28.9,5.222029,
1735,1131880181494882,28.916666666666668,5.069254,
1736,1131880191200971,28.933333333333334,5.785877,
1737,1131880200449842,28.95,5.386125,
1738,1131880209475069,28.966666666666665,5.113138,
1739,1131880218618747,28.983333333333334,5.207816,
1740,1131880227713118,29.0,5.15214,
1741,1131880236937794,29.016666666666666,5.419385,
1742,1131880246268204,29.03333333333333,5.487025,
1743,1131880255491516,29.05,5.332776,
1744,1131880264582058,29.066666666666666,5.148285,
1745,1131880273576409,29.083333333333332,5.112731,
1746,1131880282638702,29.099999999999998,5.083927,
1747,1131880291707480,29.116666666666667,5.042333,
1748,1131880300810978,29.133333333333333,5.206438,
1749,1131880310289002,29.15,5.671824,
1750,1131880319279351,29.166666666666668,5.245747,
1751,1131880328403961,29.183333333333334,5.261144,
1752,1131880337502001,29.2,5.20153,
1753,1131880346505498,29.216666666666665,5.171628,
1754,1131880355316188,29.233333333333334,5.035484,
1755,1131880364333041,29.25,5.086132,
1756,1131880373884676,29.266666666666666,5.506611,
1757,1131880383025074,29.28333333333333,5.184118,
1758,1131880392208254,29.3,5.237623,
1759,1131880401050552,29.316666666666666,5.098886,
1760,1131880410033785,29.333333333333332,5.141275,
1761,1131880419146037,29.349999999999998,5.207554,
1762,1131880428523403,29.366666666666667,5.504519,
1763,1131880437704736,29.383333333333333,5.292919,
1764,1131880446647915,29.4,5.056119,
1765,1131880455771331,29.416666666666668,5.199968,
1766,1131880464665289,29.433333333333334,4.987603,
1767,1131880474233408,29.45,5.273766,
1768,1131880483332095,29.466666666666665,5.172924,
1769,1131880492761347,29.483333333333334,5.505578,
1770,1131880501861255,29.5,5.203993,
1771,1131880511066096,29.516666666666666,5.417693,
1772,1131880520020597,29.53333333333333,5.308275,
1773,1131880529041617,29.55,5.074486,
1774,1131880538119460,29.566666666666666,5.119821,
1775,1131880547570279,29.583333333333332,5.511519,
1776,1131880556972013,29.599999999999998,5.497474,
1777,1131880566115036,29.616666666666667,5.325074,
1778,1131880575172147,29.633333333333333,5.225294,
1779,1131880584434544,29.65,5.347133,
1780,1131880593482783,29.666666666666668,5.19875,
1781,1131880602554453,29.683333333333334,5.315884,
1782,1131880611941921,29.7,5.644606,
1783,1131880621243571,29.716666666666665,5.52489,
1784,1131880630275960,29.733333333333334,5.227241,
1785,1131880639149450,29.75,5.050734,
1786,1131880648147122,29.766666666666666,5.162086,
1787,1131880657120867,29.78333333333333,5.142365,
1788,1131880666017935,29.8,5.089111,
1789,1131880675692933,29.816666666666666,5.511864,
1790,1131880685044596,29.833333333333332,5.417181,
1791,1131880694231153,29.849999999999998,5.261941,
1792,1131880703344674,29.866666666666667,5.149427,
1793,1131880712526497,29.883333333333333,5.207535,
1794,1131880721438674,29.9,5.135773,
1795,1131880730485979,29.916666666666668,5.15093,
1796,1131880739779938,29.933333333333334,5.440705,
1797,1131880748792282,29.95,5.142127,
1798,1131880757769236,29.966666666666665,5.163546,
1799,1131880767108318,29.983333333333334,5.316377,
1800,1131880776016922,30.0,5.060174,
1801,1131880785046022,30.016666666666666,5.108096,
1802,1131880794729505,30.03333333333333,5.852905,
1803,1131880803704233,30.05,5.173959,
1804,1131880812724891,30.066666666666666,5.237393,
1805,1131880821544245,30.083333333333332,5.067015,
1806,1131880830733416,30.099999999999998,5.171585,
1807,1131880839753415,30.116666666666667,5.060584,
1808,1131880849511887,30.133333333333333,5.797312,
1809,1131880859570161,30.15,5.270171,
1810,1131880870706295,30.166666666666668,5.278162,
1811,1131880879811339,30.183333333333334,5.086872,
1812,1131880889371847,30.2,5.078866,
1813,1131880898431735,30.216666666666665,5.080476,
1814,1131880907859818,30.233333333333334,5.457475,
1815,1131880917338854,30.25,5.499653,
1816,1131880926835139,30.266666666666666,5.513684,
1817,1131880935721358,30.28333333333333,5.016335,
1818,1131880944705376,30.3,5.069345,
1819,1131880953673581,30.316666666666666,5.103747,
1820,1131880962651298,30.333333333333332,5.089616,
1821,1131880971947612,30.349999999999998,5.422584,
1822,1131880981034602,30.366666666666667,5.122197,
1823,1131880990346157,30.383333333333333,5.411263,
1824,1131880999538891,30.4,5.320123,
1825,1131881008614717,30.416666666666668,5.101943,
1826,1131881017579081,30.433333333333334,5.042239,
1827,1131881027085980,30.45,5.551512,
1828,1131881036722125,30.466666666666665,5.372351,
1829,1131881045808780,30.483333333333334,5.189937,
1830,1131881054798203,30.5,5.100091,
1831,1131881063748950,30.516666666666666,5.100632,
1832,1131881072748155,30.53333333333333,5.122819,
1833,1131881081824179,30.55,5.201041,
1834,1131881091184488,30.566666666666666,5.507554,
1835,1131881100349957,30.583333333333332,5.230823,
1836,1131881109393804,30.599999999999998,5.186116,
1837,1131881118465712,30.616666666666667,5.106684,
1838,1131881127478991,30.633333333333333,5.20843,
1839,1131881136895796,30.65,5.454938,
1840,1131881146245692,30.666666666666668,5.549609,
1841,1131881155526975,30.683333333333334,5.379552,
1842,1131881164515492,30.7,5.013899,
1843,1131881173574758,30.716666666666665,5.075917,
1844,1131881183471784,30.733333333333334,5.529895,
1845,1131881192571932,30.75,5.090069,
1846,1131881201597153,30.766666666666666,5.071067,
1847,1131881211389733,30.78333333333333,5.835453,
1848,1131881220428173,30.8,5.098539,
1849,1131881229382822,30.816666666666666,5.10631,
1850,1131881238419811,30.833333333333332,5.317213,
1851,1131881247537262,30.849999999999998,5.203656,
1852,1131881256395872,30.866666666666667,5.126186,
1853,1131881265280431,30.883333333333333,5.077982,
1854,1131881274743405,30.9,5.392539,
1855,1131881283673016,30.916666666666668,5.132452,
1856,1131881292629385,30.933333333333334,5.122898,
1857,1131881301731988,30.95,5.153626,
1858,1131881310639781,30.966666666666665,5.133458,
1859,1131881319822488,30.983333333333334,5.250584,
1860,1131881329548769,31.0,5.847706,
1861,1131881338460683,31.016666666666666,5.091993,
1862,1131881347538515,31.03333333333333,5.151849,
1863,1131881356220500,31.05,4.988274,
1864,1131881365152840,31.066666666666666,5.065046,
1865,1131881374186503,31.083333333333332,5.196423,
1866,1131881383181672,31.099999999999998,5.107734,
1867,1131881392948812,31.116666666666667,5.449114,
1868,1131881402043322,31.133333333333333,5.268312,
1869,1131881411138977,31.15,5.372033,
1870,1131881420088080,31.166666666666668,5.296817,
1871,1131881429128871,31.183333333333334,5.234914,
1872,1131881438319263,31.2,5.367161,
1873,1131881448251964,31.216666666666665,6.016269,
1874,1131881457273702,31.233333333333334,5.240141,
1875,1131881466392174,31.25,5.247165,
1876,1131881475715036,31.266666666666666,5.155016,
1877,1131881484667290,31.28333333333333,5.00569,
1878,1131881493664512,31.3,5.000767,
1879,1131881502537541,31.316666666666666,4.90073,
1880,1131881512184052,31.333333333333332,5.696876,
1881,1131881521353242,31.349999999999998,5.302487,
1882,1131881530487072,31.366666666666667,5.308392,
1883,1131881539934643,31.383333333333333,5.453702,
1884,1131881549129082,31.4,5.268866,
1885,1131881558202811,31.416666666666668,5.109262,
1886,1131881568345357,31.433333333333334,5.46672,
1887,1131881577482922,31.45,5.196287,
1888,1131881586512946,31.466666666666665,5.053097,
1889,1131881595546869,31.483333333333334,5.087855,
1890,1131881604686435,31.5,5.184187,
1891,1131881613969801,31.516666666666666,5.330319,
1892,1131881623007763,31.53333333333333,5.188598,
1893,1131881632543788,31.55,5.606115,
1894,1131881641990250,31.566666666666666,5.545166,
1895,1131881651294890,31.583333333333332,5.363612,
1896,1131881660239521,31.599999999999998,5.105031,
1897,1131881669222107,31.616666666666667,5.137072,
1898,1131881678222270,31.633333333333333,5.07966,
1899,1131881687310349,31.65,5.16113,
1900,1131881696547152,31.666666666666668,5.358867,
1901,1131881705573835,31.683333333333334,5.140815,
1902,1131881714549747,31.7,5.086741,
1903,1131881723771108,31.716666666666665,5.291446,
1904,1131881732879580,31.733333333333334,5.164301,
1905,1131881741842817,31.75,5.206436,
1906,1131881751589650,31.766666666666666,5.40548,
1907,1131881760760414,31.78333333333333,5.220344,
1908,1131881769702139,31.8,5.010298,
1909,1131881778604776,31.816666666666666,4.97309,
1910,1131881787805829,31.833333333333332,5.194634,
1911,1131881797027326,31.849999999999998,5.204873,
1912,1131881806085423,31.866666666666667,5.199388,
1913,1131881815844600,31.883333333333333,5.336176,
1914,1131881824907111,31.9,5.152015,
1915,1131881834077211,31.916666666666668,5.269803,
1916,1131881842980299,31.933333333333334,5.164186,
1917,1131881851933743,31.95,5.089024,
1918,1131881861866109,31.966666666666665,6.111299,
1919,1131881871350771,31.983333333333334,5.569538,
1920,1131881880194075,32.0,4.952905,
1921,1131881889506733,32.016666666666666,5.032322,
1922,1131881898565164,32.03333333333333,5.095641,
1923,1131881907577129,32.05,5.051654,
1924,1131881916686971,32.06666666666666,5.016422,
1925,1131881926145163,32.083333333333336,5.361532,
1926,1131881935524814,32.1,5.308517,
1927,1131881944653625,32.11666666666667,5.178007,
1928,1131881953716274,32.13333333333333,5.083138,
1929,1131881962831752,32.15,5.189365,
1930,1131881971826917,32.166666666666664,5.068019,
1931,1131881980656243,32.18333333333333,4.953487,
1932,1131881990339236,32.2,5.754114,
1933,1131881999370885,32.21666666666667,5.152451,
1934,1131882008480420,32.233333333333334,5.209176,
1935,1131882017584454,32.25,5.150146,
1936,1131882026717462,32.266666666666666,5.042753,
1937,1131882035782182,32.28333333333333,5.02873,
1938,1131882044921431,32.3,5.172499,
1939,1131882054189558,32.31666666666666,5.375182,
1940,1131882063093524,32.333333333333336,5.003656,
1941,1131882072067893,32.35,5.052564,
1942,1131882080890763,32.36666666666667,5.003789,
1943,1131882089804483,32.38333333333333,5.067033,
1944,1131882098910206,32.4,5.287109,
1945,1131882108402474,32.416666666666664,5.547611,
1946,1131882117750362,32.43333333333333,5.390313,
1947,1131882126681078,32.45,5.040333,
1948,1131882135909526,32.46666666666667,5.233818,
1949,1131882145089847,32.483333333333334,5.229544,
1950,1131882154244767,32.5,5.283355,
1951,1131882163439467,32.516666666666666,5.117586,
1952,1131882173339919,32.53333333333333,5.60913,
1953,1131882182482655,32.55,5.047432,
1954,1131882191469000,32.56666666666666,5.054319,
1955,1131882200397468,32.583333333333336,5.04812,
1956,1131882209346904,32.6,5.069547,
1957,1131882218415425,32.61666666666667,5.188293,
1958,1131882227917985,32.63333333333333,5.657948,
1959,1131882237216031,32.65,5.386901,
1960,1131882246119467,32.666666666666664,5.027911,
1961,1131882255363901,32.68333333333333,5.281661,
1962,1131882264495880,32.7,5.074816,
1963,1131882273524061,32.71666666666667,5.033415,
1964,1131882282633004,32.733333333333334,5.152398,
1965,1131882292237456,32.75,5.478002,
1966,1131882301432847,32.766666666666666,5.189859,
1967,1131882310540657,32.78333333333333,5.121458,
1968,1131882319721083,32.8,5.173042,
1969,1131882328892011,32.81666666666666,5.244562,
1970,1131882338056351,32.833333333333336,5.133859,
1971,1131882347753325,32.85,5.671193,
1972,1131882357178840,32.86666666666667,5.542336,
1973,1131882366595530,32.88333333333333,5.506435,
1974,1131882375620215,32.9,5.115252,
1975,1131882384789516,32.916666666666664,5.206275,
1976,1131882393770365,32.93333333333333,5.010819,
1977,1131882402835965,32.95,5.105425,
1978,1131882412842668,32.96666666666667,6.020557,
1979,1131882422123421,32.983333333333334,5.310372,
1980,1131882431337403,33.0,5.19347,
1981,1131882440464111,33.016666666666666,5.199747,
1982,1131882449583514,33.03333333333333,5.144176,
1983,1131882458449359,33.05,5.040595,
1984,1131882468276785,33.06666666666666,5.873958,
1985,1131882477649593,33.083333333333336,5.441355,
1986,1131882486762707,33.1,5.095625,
1987,1131882495771972,33.11666666666667,5.110641,
1988,1131882504773713,33.13333333333333,5.122633,
1989,1131882513767730,33.15,5.002965,
1990,1131882522495144,33.166666666666664,5.009433,
1991,1131882531620220,33.18333333333333,5.320301,
1992,1131882540696476,33.2,5.085402,
1993,1131882549819019,33.21666666666667,5.231672,
1994,1131882558935135,33.233333333333334,5.383041,
1995,1131882567686038,33.25,5.002991,
1996,1131882576649318,33.266666666666666,4.974763,
1997,1131882585600683,33.28333333333333,4.999277,
1998,1131882595183648,33.3,5.607164,
1999,1131882604203529,33.31666666666666,5.17125,
2000,1131882613079112,33.333333333333336,5.016557,
2001,1131882622153076,33.35,5.168923,
2002,1131882631451159,33.36666666666667,5.294365,
2003,1131882640339883,33.38333333333333,5.04589,
2004,1131882649762646,33.4,5.655267,
2005,1131882659112504,33.416666666666664,5.576649,
2006,1131882668226665,33.43333333333333,5.036429,
2007,1131882677108899,33.45,5.088876,
2008,1131882686126518,33.46666666666667,5.135344,
2009,1131882695071194,33.483333333333334,5.133095,
2010,1131882704141328,33.5,5.298911,
2011,1131882714237565,33.516666666666666,5.838937,
2012,1131882723446629,33.53333333333333,5.247771,
2013,1131882732590538,33.55,5.179885,
2014,1131882741996273,33.56666666666666,5.242298,
2015,1131882751297718,33.583333333333336,5.273518,
2016,1131882760237659,33.6,5.126943,
2017,1131882769719027,33.61666666666667,5.701765,
2018,1131882778909631,33.63333333333333,5.281437,
2019,1131882788044069,33.65,5.070939,
2020,1131882796822168,33.666666666666664,4.93224,
2021,1131882805735103,33.68333333333333,5.120236,
2022,1131882814971151,33.7,5.313893,
2023,1131882824194217,33.71666666666667,5.327432,
2024,1131882833332087,33.733333333333334,5.365771,
2025,1131882842630475,33.75,5.414793,
2026,1131882851686170,33.766666666666666,5.113978,
2027,1131882861157948,33.78333333333333,5.71109,
2028,1131882870204083,33.8,5.048099,
2029,1131882879121892,33.81666666666666,4.975017,
2030,1131882888104504,33.833333333333336,5.076299,
2031,1131882897326950,33.85,5.332204,
2032,1131882906327878,33.86666666666667,5.021365,
2033,1131882915450706,33.88333333333333,5.143013,
2034,1131882925128060,33.9,5.183773,
2035,1131882934450305,33.916666666666664,5.135759,
2036,1131882943504587,33.93333333333333,5.110872,
2037,1131882953426999,33.95,5.394339,
2038,1131882962710262,33.96666666666667,5.011673,
2039,1131882971800017,33.983333333333334,5.141068,
2040,1131882980747265,34.0,4.995046,
2041,1131882989572918,34.016666666666666,4.886591,
2042,1131882998531542,34.03333333333333,5.039532,
2043,1131883008135070,34.05,5.666625,
2044,1131883017308590,34.06666666666666,5.34319,
2045,1131883026200408,34.083333333333336,5.001181,
2046,1131883035702469,34.1,5.206781,
2047,1131883044645389,34.11666666666667,5.197976,
2048,1131883053717618,34.13333333333333,5.212003,
2049,1131883062697454,34.15,5.110641,
2050,1131883072233647,34.166666666666664,5.603718,
2051,1131883081215752,34.18333333333333,4.981919,
2052,1131883090227764,34.2,5.109957,
2053,1131883099368377,34.21666666666667,5.13616,
2054,1131883108430625,34.233333333333334,5.238924,
2055,1131883117463156,34.25,5.133025,
2056,1131883126282722,34.266666666666666,5.130854,
2057,1131883135862745,34.28333333333333,5.621089,
2058,1131883144824656,34.3,5.263274,
2059,1131883153836461,34.31666666666666,5.179081,
2060,1131883162753036,34.333333333333336,5.02745,
2061,1131883171620505,34.35,4.986356,
2062,1131883180646488,34.36666666666667,5.085008,
2063,1131883190448981,34.38333333333333,5.743547,
2064,1131883199544694,34.4,5.089369,
2065,1131883208649326,34.416666666666664,5.198261,
2066,1131883217771719,34.43333333333333,5.124465,
2067,1131883226863565,34.45,5.118624,
2068,1131883235867589,34.46666666666667,4.968907,
2069,1131883244971857,34.483333333333334,5.203875,
2070,1131883254466457,34.5,5.201564,
2071,1131883263369766,34.516666666666666,4.94469,
2072,1131883272218616,34.53333333333333,4.988257,
2073,1131883281222327,34.55,5.090807,
2074,1131883290444327,34.56666666666666,5.227587,
2075,1131883299403108,34.583333333333336,5.054824,
2076,1131883308924184,34.6,5.649238,
2077,1131883318056763,34.61666666666667,5.358856,
2078,1131883326911324,34.63333333333333,5.088741,
2079,1131883335707749,34.65,4.939004,
2080,1131883344670401,34.666666666666664,5.053351,
2081,1131883353582132,34.68333333333333,4.9805,
2082,1131883362601528,34.7,5.072115,
2083,1131883372145766,34.71666666666667,5.47579,
2084,1131883381118041,34.733333333333334,5.091428,
2085,1131883390196097,34.75,5.196672,
2086,1131883399058102,34.766666666666666,4.909423,
2087,1131883407996037,34.78333333333333,5.049005,
2088,1131883416967074,34.8,5.034082,
2089,1131883425704752,34.81666666666666,5.002188,
2090,1131883435432948,34.833333333333336,5.258527,
2091,1131883444490605,34.85,5.133827,
2092,1131883453742238,34.86666666666667,5.181153,
2093,1131883462803146,34.88333333333333,5.139185,
2094,1131883471855656,34.9,5.233553,
2095,1131883480819578,34.916666666666664,5.069108,
2096,1131883490553054,34.93333333333333,5.84611,
2097,1131883499657910,34.95,5.163307,
2098,1131883508699248,34.96666666666667,5.174972,
2099,1131883517433764,34.983333333333334,4.981097,
2100,1131883526520659,35.0,5.20735,
2101,1131883535532332,35.016666666666666,5.11746,
2102,1131883544574794,35.03333333333333,5.086977,
2103,1131883554056428,35.05,5.462019,
2104,1131883563092528,35.06666666666666,5.100809,
2105,1131883572099836,35.083333333333336,5.130547,
2106,1131883581081548,35.1,5.130572,
2107,1131883590208836,35.11666666666667,5.318594,
2108,1131883599315828,35.13333333333333,5.235818,
2109,1131883609214514,35.15,5.920859,
2110,1131883618268222,35.166666666666664,5.162473,
2111,1131883627298489,35.18333333333333,5.071703,
2112,1131883636674640,35.2,5.495618,
2113,1131883645561487,35.21666666666667,4.969316,
2114,1131883654559136,35.233333333333334,5.029175,
2115,1131883663429466,35.25,5.008492,
2116,1131883673298860,35.266666666666666,5.526145,
2117,1131883682243830,35.28333333333333,4.983795,
2118,1131883691229805,35.3,5.034533,
2119,1131883700273058,35.31666666666666,5.135762,
2120,1131883709457817,35.333333333333336,5.251828,
2121,1131883718758992,35.35,5.358726,
2122,1131883728210131,35.36666666666667,5.626486,
2123,1131883737441550,35.38333333333333,5.261092,
2124,1131883746474305,35.4,5.105976,
2125,1131883755464728,35.416666666666664,5.06913,
2126,1131883764583102,35.43333333333333,5.171673,
2127,1131883773555532,35.45,5.177758,
2128,1131883782516914,35.46666666666667,5.083233,
2129,1131883791965309,35.483333333333334,5.513641,
2130,1131883801261149,35.5,5.38263,
2131,1131883810419485,35.516666666666666,5.26291,
2132,1131883819521442,35.53333333333333,5.163646,
2133,1131883828352718,35.55,4.936978,
2134,1131883837264741,35.56666666666666,5.043186,
2135,1131883846965135,35.583333333333336,5.793461,
2136,1131883856255866,35.6,5.462014,
2137,1131883867012147,35.61666666666667,5.172026,
2138,1131883875803421,35.63333333333333,4.914062,
2139,1131883884717877,35.65,5.016532,
2140,1131883893665711,35.666666666666664,5.002406,
2141,1131883902587206,35.68333333333333,5.16438,
2142,1131883912044457,35.7,5.397556,
2143,1131883921033716,35.71666666666667,5.1366,
2144,1131883929943004,35.733333333333334,4.997098,
2145,1131883938769606,35.75,4.999932,
2146,1131883947690952,35.766666666666666,5.025892,
2147,1131883956680207,35.78333333333333,5.124266,
2148,1131883966502120,35.8,5.042642,
2149,1131883975915112,35.81666666666666,5.439601,
2150,1131883985071495,35.833333333333336,5.143341,
2151,1131883994973043,35.85,5.196112,
2152,1131884003862661,35.86666666666667,4.981701,
2153,1131884012922801,35.88333333333333,5.06651,
2154,1131884021725650,35.9,4.874654,
2155,1131884030605831,35.916666666666664,4.942859,
2156,1131884040049277,35.93333333333333,5.310046,
2157,1131884049292351,35.95,5.304764,
2158,1131884058489196,35.96666666666667,5.2353,
2159,1131884067407766,35.983333333333334,4.967499,
2160,1131884076425397,36.0,5.152175,
2161,1131884085389649,36.016666666666666,5.164346,
2162,1131884095069965,36.03333333333333,5.800032,
2163,1131884104125443,36.05,5.135793,
2164,1131884113182387,36.06666666666666,5.159235,
2165,1131884122121168,36.083333333333336,5.13103,
2166,1131884131063129,36.1,5.070103,
2167,1131884139961135,36.11666666666667,5.100737,
2168,1131884149827947,36.13333333333333,5.915493,
2169,1131884158916054,36.15,5.147567,
2170,1131884167930228,36.166666666666664,5.174674,
2171,1131884176922959,36.18333333333333,5.137946,
2172,1131884185879562,36.2,5.090664,
2173,1131884194927318,36.21666666666667,5.075191,
2174,1131884203956999,36.233333333333334,5.15688,
2175,1131884213350885,36.25,5.475691,
2176,1131884222084864,36.266666666666666,5.003736,
2177,1131884230860687,36.28333333333333,5.016601,
2178,1131884239946795,36.3,5.157443,
2179,1131884249060978,36.31666666666666,5.207063,
2180,1131884258028781,36.333333333333336,5.085693,
2181,1131884267595833,36.35,5.745356,
2182,1131884276884189,36.36666666666667,5.363639,
2183,1131884285766382,36.38333333333333,5.180633,
2184,1131884294693693,36.4,5.143621,
2185,1131884303626703,36.416666666666664,5.143701,
2186,1131884312567418,36.43333333333333,5.091518,
2187,1131884321666625,36.45,5.108342,
2188,1131884331199673,36.46666666666667,5.656133,
2189,1131884340230808,36.483333333333334,5.159304,
2190,1131884349188740,36.5,5.095913,
2191,1131884358224929,36.516666666666666,5.190821,
2192,1131884367477784,36.53333333333333,5.298116,
2193,1131884376598278,36.55,5.305784,
2194,1131884385652798,36.56666666666666,5.184662,
2195,1131884395338889,36.583333333333336,5.864921,
2196,1131884404328500,36.6,5.108138,
2197,1131884413262770,36.61666666666667,5.090807,
2198,1131884422202117,36.63333333333333,5.099503,
2199,1131884431250586,36.65,5.311755,
2200,1131884440260069,36.666666666666664,5.170792,
2201,1131884450098022,36.68333333333333,5.907563,
2202,1131884458864684,36.7,5.107303,
2203,1131884468019479,36.71666666666667,5.214305,
2204,1131884477107993,36.733333333333334,5.14242,
2205,1131884486063466,36.75,5.048866,
2206,1131884495092178,36.766666666666666,5.19645,
2207,1131884503966378,36.78333333333333,4.999144,
2208,1131884513522520,36.8,5.280285,
2209,1131884522491544,36.81666666666666,5.110794,
2210,1131884531453912,36.833333333333336,5.040875,
2211,1131884540381869,36.85,5.037147,
2212,1131884549497186,36.86666666666667,5.238848,
2213,1131884558479586,36.88333333333333,5.149076,
2214,1131884567945653,36.9,5.601963,
2215,1131884577313362,36.916666666666664,5.470615,
2216,1131884586290399,36.93333333333333,5.083561,
2217,1131884595347836,36.95,5.228558,
2218,1131884604255872,36.96666666666667,5.0123,
2219,1131884613433809,36.983333333333334,5.274697,
2220,1131884622485180,37.0,5.137955,
2221,1131884632295939,37.016666666666666,5.434771,
2222,1131884641232858,37.03333333333333,5.023317,
2223,1131884650227749,37.05,5.088492,
2224,1131884659116994,37.06666666666666,4.939627,
2225,1131884668178552,37.083333333333336,5.034238,
2226,1131884677690543,37.1,5.312956,
2227,1131884686683039,37.11666666666667,5.115456,
2228,1131884696346355,37.13333333333333,5.354254,
2229,1131884705260274,37.15,5.035414,
2230,1131884714422833,37.166666666666664,5.215736,
2231,1131884723458942,37.18333333333333,5.112818,
2232,1131884732334244,37.2,4.979409,
2233,1131884741152072,37.21666666666667,5.003466,
2234,1131884750860288,37.233333333333334,5.782412,
2235,1131884759949936,37.25,5.314543,
2236,1131884768806965,37.266666666666666,5.077683,
2237,1131884777707608,37.28333333333333,5.058592,
2238,1131884786733376,37.3,5.100137,
2239,1131884795808815,37.31666666666666,5.124317,
2240,1131884804607325,37.333333333333336,4.987102,
2241,1131884814235713,37.35,5.298337,
2242,1131884823273635,37.36666666666667,5.128687,
2243,1131884832256806,37.38333333333333,5.07086,
2244,1131884841335617,37.4,5.157781,
2245,1131884850381119,37.416666666666664,5.115556,
2246,1131884860070586,37.43333333333333,5.86616,
2247,1131884869726120,37.45,5.742611,
2248,1131884878675761,37.46666666666667,5.014912,
2249,1131884887427458,37.483333333333334,4.951588,
2250,1131884896363797,37.5,5.028532,
2251,1131884905233705,37.516666666666666,5.051426,
2252,1131884914090863,37.53333333333333,5.117698,
2253,1131884922965691,37.55,5.050192,
2254,1131884932710742,37.56666666666666,5.283838,
2255,1131884941719485,37.583333333333336,5.13114,
2256,1131884950970183,37.6,5.360588,
2257,1131884960095750,37.61666666666667,5.280589,
2258,1131884968967986,37.63333333333333,5.103551,
2259,1131884977836237,37.65,5.04069,
2260,1131884986772510,37.666666666666664,5.025536,
2261,1131884996930575,37.68333333333333,5.422342,
2262,1131885006175581,37.7,5.133004,
2263,1131885015271172,37.71666666666667,5.057221,
2264,1131885024565109,37.733333333333334,5.219433,
2265,1131885034390773,37.75,5.10435,
2266,1131885043509180,37.766666666666666,5.180253,
2267,1131885053279828,37.78333333333333,5.400403,
2268,1131885062392957,37.8,5.14065,
2269,1131885071467934,37.81666666666666,5.107779,
2270,1131885080526934,37.833333333333336,5.106562,
2271,1131885089244505,37.85,4.867367,
2272,1131885098087671,37.86666666666667,5.036548,
2273,1131885107516255,37.88333333333333,5.584442,
2274,1131885116792374,37.9,5.416083,
2275,1131885125772222,37.916666666666664,5.175488,
2276,1131885134764078,37.93333333333333,5.169571,
2277,1131885143915606,37.95,5.216543,
2278,1131885153133646,37.96666666666667,5.219918,
2279,1131885162395317,37.983333333333334,5.341696,
2280,1131885171748927,38.0,5.392253,
2281,1131885180892157,38.016666666666666,5.159576,
2282,1131885190175979,38.03333333333333,5.132321,
2283,1131885199093821,38.05,5.14081,
2284,1131885208147598,38.06666666666666,5.158047,
2285,1131885217057333,38.083333333333336,5.10887,
2286,1131885226067524,38.1,5.156618,
2287,1131885235408152,38.11666666666667,5.380863,
2288,1131885244574358,38.13333333333333,5.273451,
2289,1131885253465955,38.15,5.02436,
2290,1131885262341491,38.166666666666664,4.967263,
2291,1131885271330458,38.18333333333333,5.168016,
2292,1131885280189822,38.2,4.978805,
2293,1131885289901319,38.21666666666667,5.88536,
2294,1131885299079127,38.233333333333334,5.265386,
2295,1131885308057933,38.25,5.193834,
2296,1131885317163509,38.266666666666666,5.094681,
2297,1131885326099025,38.28333333333333,5.063463,
2298,1131885335082504,38.3,5.047228,
2299,1131885344071623,38.31666666666666,5.210156,
2300,1131885353617161,38.333333333333336,5.694955,
2301,1131885363039856,38.35,5.531881,
2302,1131885371853042,38.36666666666667,4.987167,
2303,1131885380901194,38.38333333333333,5.234616,
2304,1131885389764253,38.4,5.099937,
2305,1131885399022175,38.416666666666664,5.299155,
2306,1131885408753963,38.43333333333333,5.883327,
2307,1131885417916030,38.45,5.308783,
2308,1131885426939801,38.46666666666667,5.157521,
2309,1131885436128338,38.483333333333334,5.283644,
2310,1131885445213939,38.5,5.231038,
2311,1131885454418950,38.516666666666666,5.272478,
2312,1131885463318676,38.53333333333333,5.095458,
2313,1131885472741460,38.55,5.475056,
2314,1131885482086149,38.56666666666666,5.419211,
2315,1131885491271995,38.583333333333336,5.255718,
2316,1131885500142830,38.6,5.035449,
2317,1131885509142402,38.61666666666667,5.152144,
2318,1131885518197385,38.63333333333333,5.201889,
2319,1131885527675659,38.65,5.659676,
2320,1131885536865374,38.666666666666664,5.36771,
2321,1131885545716814,38.68333333333333,5.057383,
2322,1131885555061002,38.7,5.171658,
2323,1131885563902641,38.71666666666667,5.013936,
2324,1131885572857141,38.733333333333334,4.979903,
2325,1131885581855990,38.75,5.037043,
2326,1131885591553598,38.766666666666666,5.287142,
2327,1131885600513544,38.78333333333333,5.031535,
2328,1131885609668994,38.8,5.1919,
2329,1131885618792913,38.81666666666666,5.162821,
2330,1131885627810597,38.833333333333336,5.034079,
2331,1131885636579226,38.85,5.054167,
2332,1131885645780568,38.86666666666667,5.224915,
2333,1131885655820220,38.88333333333333,5.445753,
2334,1131885664803726,38.9,5.166156,
2335,1131885673709623,38.916666666666664,5.065861,
2336,1131885682864033,38.93333333333333,5.217033,
2337,1131885691699477,38.95,5.025026,
2338,1131885700634504,38.96666666666667,5.161026,
2339,1131885710300424,38.983333333333334,5.898192,
2340,1131885719481131,39.0,5.34033,
2341,1131885728361063,39.016666666666666,5.189232,
2342,1131885737127774,39.03333333333333,5.049958,
2343,1131885745853010,39.05,5.042888,
2344,1131885754856598,39.06666666666666,5.116896,
2345,1131885763848399,39.083333333333336,5.084162,
2346,1131885773060931,39.1,5.328932,
2347,1131885782232710,39.11666666666667,5.276511,
2348,1131885791038961,39.13333333333333,4.945594,
2349,1131885799950069,39.15,5.123372,
2350,1131885808830498,39.166666666666664,5.036925,
2351,1131885817964130,39.18333333333333,5.187358,
2352,1131885827263759,39.2,5.628507,
2353,1131885836386688,39.21666666666667,5.275828,
2354,1131885845234407,39.233333333333334,5.019259,
2355,1131885854450529,39.25,5.28481,
2356,1131885865346428,39.266666666666666,5.145694,
2357,1131885874424489,39.28333333333333,5.129113,
2358,1131885883408581,39.3,5.093571,
2359,1131885893128008,39.31666666666666,5.288551,
2360,1131885902173935,39.333333333333336,5.165513,
2361,1131885911191782,39.35,5.243765,
2362,1131885920315131,39.36666666666667,5.209136,
2363,1131885929513698,39.38333333333333,5.270093,
2364,1131885938544542,39.4,5.200535,
2365,1131885948123650,39.416666666666664,5.719375,
2366,1131885957852719,39.43333333333333,5.839911,
2367,1131885966852782,39.45,5.018455,
2368,1131885975968224,39.46666666666667,5.224923,
2369,1131885985046706,39.483333333333334,5.151241,
2370,1131885994041509,39.5,5.24241,
2371,1131886003160945,39.516666666666666,5.252286,
2372,1131886012839239,39.53333333333333,5.619795,
2373,1131886021981682,39.55,5.310131,
2374,1131886030972969,39.56666666666666,5.235144,
2375,1131886040627971,39.583333333333336,5.226518,
2376,1131886049619162,39.6,5.070993,
2377,1131886058835115,39.61666666666667,5.171645,
2378,1131886069320979,39.63333333333333,5.91425,
2379,1131886078548964,39.65,5.252419,
2380,1131886087626070,39.666666666666664,5.130795,
2381,1131886096794763,39.68333333333333,5.219331,
2382,1131886105973725,39.7,5.21562,
2383,1131886115110059,39.71666666666667,5.169006,
2384,1131886124406290,39.733333333333334,5.275472,
2385,1131886134219294,39.75,5.831267,
2386,1131886143480833,39.766666666666666,5.33139,
2387,1131886152607855,39.78333333333333,5.178518,
2388,1131886161609242,39.8,5.100381,
2389,1131886170646413,39.81666666666666,5.147831,
2390,1131886179560668,39.833333333333336,5.086665,
2391,1131886189080572,39.85,5.6436,
2392,1131886198434545,39.86666666666667,5.540796,
2393,1131886207567492,39.88333333333333,5.248311,
2394,1131886216667123,39.9,5.288939,
2395,1131886225746650,39.916666666666664,5.305472,
2396,1131886234675308,39.93333333333333,5.14549,
2397,1131886243749114,39.95,5.235148,
2398,1131886253550647,39.96666666666667,5.966751,
2399,1131886262500037,39.983333333333334,5.162639,
2400,1131886271644721,40.0,5.24302,
2401,1131886280703565,40.016666666666666,5.177544,
2402,1131886289588363,40.03333333333333,5.030128,
2403,1131886298586730,40.05,5.128222,
2404,1131886308044033,40.06666666666666,5.624409,
2405,1131886317359791,40.083333333333336,5.527564,
2406,1131886326375964,40.1,5.229777,
2407,1131886335372831,40.11666666666667,5.177215,
2408,1131886344607609,40.13333333333333,5.348685,
2409,1131886353718663,40.15,5.274519,
2410,1131886362653951,40.166666666666664,5.25123,
2411,1131886372472324,40.18333333333333,5.49934,
2412,1131886381426788,40.2,5.107403,
2413,1131886390538918,40.21666666666667,5.266532,
2414,1131886399613763,40.233333333333334,5.255108,
2415,1131886408859868,40.25,5.414429,
2416,1131886417932765,40.266666666666666,5.221505,
2417,1131886427077390,40.28333333333333,5.168057,
2418,1131886436402027,40.3,5.560702,
2419,1131886445353314,40.31666666666666,5.260401,
2420,1131886454419594,40.333333333333336,5.199691,
2421,1131886463412101,40.35,5.164651,
2422,1131886472752982,40.36666666666667,5.090619,
2423,1131886481697843,40.38333333333333,5.090148,
2424,1131886491456263,40.4,5.898903,
2425,1131886500519105,40.416666666666664,5.220604,
2426,1131886509448029,40.43333333333333,5.071192,
2427,1131886518564724,40.45,5.318568,
2428,1131886527557938,40.46666666666667,5.148495,
2429,1131886536660845,40.483333333333334,5.236963,
2430,1131886545766301,40.5,5.314087,
2431,1131886555256357,40.516666666666666,5.617045,
2432,1131886564413800,40.53333333333333,5.347437,
2433,1131886573575244,40.55,5.268733,
2434,1131886582507535,40.56666666666666,5.063795,
2435,1131886591543914,40.583333333333336,5.162008,
2436,1131886600488307,40.6,5.087987,
2437,1131886610459485,40.61666666666667,6.112133,
2438,1131886619526392,40.63333333333333,5.205879,
2439,1131886628721492,40.65,5.267564,
2440,1131886637801917,40.666666666666664,5.148457,
2441,1131886646818270,40.68333333333333,5.123241,
2442,1131886655740549,40.7,5.05671,
2443,1131886664890595,40.71666666666667,5.289446,
2444,1131886674521689,40.733333333333334,5.366441,
2445,1131886683370757,40.75,4.974469,
2446,1131886692386486,40.766666666666666,5.136713,
2447,1131886701374719,40.78333333333333,5.16302,
2448,1131886710330655,40.8,5.136864,
2449,1131886719333724,40.81666666666666,5.178788,
2450,1131886729179788,40.833333333333336,6.039259,
2451,1131886738115676,40.85,5.152674,
2452,1131886747040264,40.86666666666667,5.14987,
2453,1131886756275406,40.88333333333333,5.295561,
2454,1131886765270421,40.9,5.15244,
2455,1131886774183038,40.916666666666664,5.056114,
2456,1131886783279970,40.93333333333333,5.232128,
2457,1131886792580202,40.95,5.415299,
2458,1131886801527735,40.96666666666667,5.092584,
2459,1131886810699569,40.983333333333334,5.327568,
2460,1131886819769788,41.0,5.229304,
2461,1131886828731613,41.016666666666666,5.140051,
2462,1131886837684198,41.03333333333333,5.115738,
2463,1131886847302217,41.05,5.757015,
2464,1131886858179126,41.06666666666666,7.035855,
2465,1131886867240804,41.083333333333336,5.130404,
2466,1131886876194373,41.1,5.094395,
2467,1131886885076501,41.11666666666667,5.035647,
2468,1131886894066671,41.13333333333333,5.112102,
2469,1131886902999215,41.15,5.092034,
2470,1131886912255836,41.166666666666664,5.409498,
2471,1131886921256206,41.18333333333333,5.185323,
2472,1131886930264293,41.2,5.155182,
2473,1131886939378521,41.21666666666667,5.256366,
2474,1131886948486594,41.233333333333334,5.240388,
2475,1131886957488561,41.25,5.162296,
2476,1131886966843477,41.266666666666666,5.53823,
2477,1131886976203796,41.28333333333333,5.485094,
2478,1131886985194503,41.3,5.160512,
2479,1131886994176652,41.31666666666666,5.18668,
2480,1131887003077944,41.333333333333336,5.098619,
2481,1131887012099867,41.35,5.176574,
2482,1131887021162226,41.36666666666667,5.297053,
2483,1131887030991749,41.38333333333333,6.011686,
2484,1131887039920907,41.4,5.119795,
2485,1131887049114897,41.416666666666664,5.310707,
2486,1131887058117486,41.43333333333333,5.210748,
2487,1131887067760414,41.45,5.220933,
2488,1131887076946385,41.46666666666667,5.157794,
2489,1131887086153408,41.483333333333334,5.330958,
2490,1131887096661895,41.5,5.477117,
2491,1131887105808692,41.516666666666666,5.202795,
2492,1131887114897386,41.53333333333333,5.231709,
2493,1131887123879513,41.55,5.133531,
2494,1131887132933803,41.56666666666666,5.20363,
2495,1131887142042017,41.583333333333336,5.121692,
2496,1131887152114010,41.6,6.318879,
2497,1131887161043858,41.61666666666667,5.193471,
2498,1131887170083952,41.63333333333333,5.189529,
2499,1131887178851262,41.65,4.957703,
2500,1131887188132596,41.666666666666664,5.044741,
2501,1131887197085660,41.68333333333333,5.109813,
2502,1131887206571550,41.7,5.642586,
2503,1131887215822213,41.71666666666667,5.437727,
2504,1131887224872418,41.733333333333334,5.184992,
2505,1131887233743663,41.75,5.086269,
2506,1131887242688117,41.766666666666666,5.174486,
2507,1131887251671359,41.78333333333333,5.136689,
2508,1131887260776735,41.8,5.24556,
2509,1131887270568227,41.81666666666666,5.953885,
2510,1131887279665131,41.833333333333336,5.236035,
2511,1131887288625547,41.85,5.104867,
2512,1131887297583444,41.86666666666667,5.119274,
2513,1131887306809157,41.88333333333333,5.176635,
2514,1131887315919320,41.9,5.243461,
2515,1131887324946738,41.916666666666664,5.192199,
2516,1131887334686731,41.93333333333333,5.86067,
2517,1131887343790236,41.95,5.22723,
2518,1131887352863913,41.96666666666667,5.231193,
2519,1131887361931217,41.983333333333334,5.235238,
2520,1131887371016630,42.0,5.286389,
2521,1131887380015544,42.016666666666666,5.151059,
2522,1131887389559125,42.03333333333333,5.731008,
2523,1131887398591937,42.05,5.22678,
2524,1131887407565487,42.06666666666666,5.129304,
2525,1131887416463660,42.083333333333336,5.0974,
2526,1131887425473971,42.1,5.163301,
2527,1131887434553543,42.11666666666667,5.251232,
2528,1131887443644583,42.13333333333333,5.253611,
2529,1131887453547025,42.15,5.431743,
2530,1131887462618721,42.166666666666664,5.286487,
2531,1131887471512205,42.18333333333333,5.071915,
2532,1131887480460068,42.2,5.118641,
2533,1131887489434801,42.21666666666667,5.092147,
2534,1131887498387407,42.233333333333334,5.132912,
2535,1131887507811177,42.25,5.645241,
2536,1131887516984189,42.266666666666666,5.375916,
2537,1131887526045507,42.28333333333333,5.253,
2538,1131887534984341,42.3,5.170194,
2539,1131887543899887,42.31666666666666,5.081614,
2540,1131887552962595,42.333333333333336,5.246588,
2541,1131887562014084,42.35,5.242096,
2542,1131887571593457,42.36666666666667,5.414056,
2543,1131887580585695,42.38333333333333,5.138953,
2544,1131887589608325,42.4,5.176864,
2545,1131887598549944,42.416666666666664,5.107532,
2546,1131887607709531,42.43333333333333,5.275392,
2547,1131887616845172,42.45,5.274,
2548,1131887626266291,42.46666666666667,5.623707,
2549,1131887635667682,42.483333333333334,5.576045,
2550,1131887644814499,42.5,5.349471,
2551,1131887653863175,42.516666666666666,5.28889,
2552,1131887662708628,42.53333333333333,5.036011,
2553,1131887671763075,42.55,5.156381,
2554,1131887680822288,42.56666666666666,5.227635,
2555,1131887690610715,42.583333333333336,5.997771,
2556,1131887699654359,42.6,5.263074,
2557,1131887708773575,42.61666666666667,5.319543,
2558,1131887717934433,42.63333333333333,5.311383,
2559,1131887726997744,42.65,5.176802,
2560,1131887736160506,42.666666666666664,5.300029,
2561,1131887745331869,42.68333333333333,5.299836,
2562,1131887754710911,42.7,5.505274,
2563,1131887763790368,42.71666666666667,5.223798,
2564,1131887772814228,42.733333333333334,5.177986,
2565,1131887781679207,42.75,5.059914,
2566,1131887790744521,42.766666666666666,5.185698,
2567,1131887799817070,42.78333333333333,5.215351,
2568,1131887810192038,42.8,6.169714,
2569,1131887819350800,42.81666666666666,5.337873,
2570,1131887828352260,42.833333333333336,5.227914,
2571,1131887837410385,42.85,5.300048,
2572,1131887846431850,42.86666666666667,5.186412,
2573,1131887855537936,42.88333333333333,5.228747,
2574,1131887866269505,42.9,6.850574,
2575,1131887875832173,42.916666666666664,5.392612,
2576,1131887884841046,42.93333333333333,5.133529,
2577,1131887894035763,42.95,5.341295,
2578,1131887902930350,42.96666666666667,5.031161,
2579,1131887911972722,42.983333333333334,5.199084,
2580,1131887921042941,43.0,5.206424,
2581,1131887930548167,43.016666666666666,5.597322,
2582,1131887939567766,43.03333333333333,5.154107,
2583,1131887948673850,43.05,5.326825,
2584,1131887957656362,43.06666666666666,5.145069,
2585,1131887966669412,43.083333333333336,5.220777,
2586,1131887975662025,43.1,5.18394,
2587,1131887984747979,43.11666666666667,5.231682,
2588,1131887993975051,43.13333333333333,5.41874,
2589,1131888002886024,43.15,5.093894,
2590,1131888012065661,43.166666666666664,5.337475,
2591,1131888021032126,43.18333333333333,5.177026,
2592,1131888030091617,43.2,5.257632,
2593,1131888039019601,43.21666666666667,5.148488,
2594,1131888048350202,43.233333333333334,5.52871,
2595,1131888057682265,43.25,5.451118,
2596,1131888066754788,43.266666666666666,5.243734,
2597,1131888075836049,43.28333333333333,5.230421,
2598,1131888084787330,43.3,5.097098,
2599,1131888093791795,43.31666666666666,5.161699,
2600,1131888103234316,43.333333333333336,5.12555,
2601,1131888112611013,43.35,5.509404,
2602,1131888121673831,43.36666666666667,5.174055,
2603,1131888131605651,43.38333333333333,5.297943,
2604,1131888140581592,43.4,5.114705,
2605,1131888149696574,43.416666666666664,5.244621,
2606,1131888158774802,43.43333333333333,5.21538,
2607,1131888168193915,43.45,5.603855,
2608,1131888177427181,43.46666666666667,5.379272,
2609,1131888186567064,43.483333333333334,5.284388,
2610,1131888195609596,43.5,5.200936,
2611,1131888204765846,43.516666666666666,5.237127,
2612,1131888213683167,43.53333333333333,5.077873,
2613,1131888222838887,43.55,5.323094,
2614,1131888232416089,43.56666666666666,5.731346,
2615,1131888241619688,43.583333333333336,5.347004,
2616,1131888250474534,43.6,5.00842,
2617,1131888259296545,43.61666666666667,5.031126,
2618,1131888268538424,43.63333333333333,5.360433,
2619,1131888277613757,43.65,5.236709,
2620,1131888286941843,43.666666666666664,5.525223,
2621,1131888296293023,43.68333333333333,5.505913,
2622,1131888305213683,43.7,5.155903,
2623,1131888314249006,43.71666666666667,5.15419,
2624,1131888323239739,43.733333333333334,5.186967,
2625,1131888332252852,43.75,5.271972,
2626,1131888341288085,43.766666666666666,5.224759,
2627,1131888351102223,43.78333333333333,5.956397,
2628,1131888360242629,43.8,5.247327,
2629,1131888369469784,43.81666666666666,5.311196,
2630,1131888378364918,43.833333333333336,5.03649,
2631,1131888387310695,43.85,5.109016,
2632,1131888396412941,43.86666666666667,5.242781,
2633,1131888405542443,43.88333333333333,5.284893,
2634,1131888414721510,43.9,5.389828,
2635,1131888423848336,43.916666666666664,5.331707,
2636,1131888433171411,43.93333333333333,5.47423,
2637,1131888442100224,43.95,5.118229,
2638,1131888451152271,43.96666666666667,5.183901,
2639,1131888460170926,43.983333333333334,5.184651,
2640,1131888470042222,44.0,5.96318,
2641,1131888479139938,44.016666666666666,5.278712,
2642,1131888488310523,44.03333333333333,5.313979,
2643,1131888497377495,44.05,5.224046,
2644,1131888506637940,44.06666666666666,5.383411,
2645,1131888515824187,44.083333333333336,5.298794,
2646,1131888524835606,44.1,5.200694,
2647,1131888534635578,44.11666666666667,5.577781,
2648,1131888543822069,44.13333333333333,5.317706,
2649,1131888553029877,44.15,5.321623,
2650,1131888562442623,44.166666666666664,5.234702,
2651,1131888571666746,44.18333333333333,5.305115,
2652,1131888580689025,44.2,5.173866,
2653,1131888590357556,44.21666666666667,5.786787,
2654,1131888599500522,44.233333333333334,5.240005,
2655,1131888608599997,44.25,5.234204,
2656,1131888617619607,44.266666666666666,5.147063,
2657,1131888626636744,44.28333333333333,5.184296,
2658,1131888635575637,44.3,5.128932,
2659,1131888644687007,44.31666666666666,5.281602,
2660,1131888654364937,44.333333333333336,5.625011,
2661,1131888663586668,44.35,5.382408,
2662,1131888672646671,44.36666666666667,5.255466,
2663,1131888681762092,44.38333333333333,5.246542,
2664,1131888690827225,44.4,5.212756,
2665,1131888699891141,44.416666666666664,5.201874,
2666,1131888709653010,44.43333333333333,5.794375,
2667,1131888718836583,44.45,5.314663,
2668,1131888727736468,44.46666666666667,5.02885,
2669,1131888736808314,44.483333333333334,5.236052,
2670,1131888745971809,44.5,5.284728,
2671,1131888755079990,44.516666666666666,5.322571,
2672,1131888764083582,44.53333333333333,5.250181,
2673,1131888773572670,44.55,5.622454,
2674,1131888782686795,44.56666666666666,5.331064,
2675,1131888791681502,44.583333333333336,5.134689,
2676,1131888800592958,44.6,5.086851,
2677,1131888809675791,44.61666666666667,5.201461,
2678,1131888818617126,44.63333333333333,5.051148,
2679,1131888827900298,44.65,5.483018,
2680,1131888837355241,44.666666666666664,5.599335,
2681,1131888846473802,44.68333333333333,5.278766,
2682,1131888855431519,44.7,5.118893,
2683,1131888866480196,44.71666666666667,7.179834,
2684,1131888875450917,44.733333333333334,5.057169,
2685,1131888884473830,44.75,5.107609,
2686,1131888894227835,44.766666666666666,5.392506,
2687,1131888903222819,44.78333333333333,5.158235,
2688,1131888912215781,44.8,5.145726,
2689,1131888921438458,44.81666666666666,5.399596,
2690,1131888930545488,44.833333333333336,5.221642,
2691,1131888939687635,44.85,5.232395,
2692,1131888948838187,44.86666666666667,5.234639,
2693,1131888958455749,44.88333333333333,5.681085,
2694,1131888967674958,44.9,5.265427,
2695,1131888976958981,44.916666666666664,5.386282,
2696,1131888986228162,44.93333333333333,5.334977,
2697,1131888995281646,44.95,5.11146,
2698,1131889004461327,44.96666666666667,5.247246,
2699,1131889013839500,44.983333333333334,5.504789,
2700,1131889023106804,45.0,5.36582,
2701,1131889032430552,45.016666666666666,5.38186,
2702,1131889042055358,45.03333333333333,5.233353,
2703,1131889051221258,45.05,5.255347,
2704,1131889060326382,45.06666666666666,5.192971,
2705,1131889070349750,45.083333333333336,5.990348,
2706,1131889079575564,45.1,5.405077,
2707,1131889088714503,45.11666666666667,5.261493,
2708,1131889097748833,45.13333333333333,5.263624,
2709,1131889106867171,45.15,5.256223,
2710,1131889115792542,45.166666666666664,5.071197,
2711,1131889124611919,45.18333333333333,4.993275,
2712,1131889134725401,45.2,5.538694,
2713,1131889143664020,45.21666666666667,5.076752,
2714,1131889152564329,45.233333333333334,5.053417,
2715,1131889161727234,45.25,5.128919,
2716,1131889170845187,45.266666666666666,5.107533,
2717,1131889179668500,45.28333333333333,5.002472,
2718,1131889189467012,45.3,5.727716,
2719,1131889198491812,45.31666666666666,5.194197,
2720,1131889207546451,45.333333333333336,5.096447,
2721,1131889216414523,45.35,4.981951,
2722,1131889225356414,45.36666666666667,5.10339,
2723,1131889234249746,45.38333333333333,5.100735,
2724,1131889243257153,45.4,5.183628,
2725,1131889252323049,45.416666666666664,5.307882,
2726,1131889261469698,45.43333333333333,5.363752,
2727,1131889270446073,45.45,5.108934,
2728,1131889279447200,45.46666666666667,5.180165,
2729,1131889288581777,45.483333333333334,5.286436,
2730,1131889297512217,45.5,5.127399,
2731,1131889306835657,45.516666666666666,5.500133,
2732,1131889316055668,45.53333333333333,5.368467,
2733,1131889324883843,45.55,5.093997,
2734,1131889333831765,45.56666666666666,5.116593,
2735,1131889342748228,45.583333333333336,4.999712,
2736,1131889351527120,45.6,4.902569,
2737,1131889360606253,45.61666666666667,5.237966,
2738,1131889370320194,45.63333333333333,5.843829,
2739,1131889379311067,45.65,5.216322,
2740,1131889388216482,45.666666666666664,5.105303,
2741,1131889397177299,45.68333333333333,5.116078,
2742,1131889406112400,45.7,5.155596,
2743,1131889415035996,45.71666666666667,5.150907,
2744,1131889423919769,45.733333333333334,5.150091,
2745,1131889433650916,45.75,5.468139,
2746,1131889442909168,45.766666666666666,5.411271,
2747,1131889452056015,45.78333333333333,5.130527,
2748,1131889461170421,45.8,5.242802,
2749,1131889470303745,45.81666666666666,5.241309,
2750,1131889479256958,45.833333333333336,5.147601,
2751,1131889488745558,45.85,5.67756,
2752,1131889497850985,45.86666666666667,5.305496,
2753,1131889506819722,45.88333333333333,5.141355,
2754,1131889515708447,45.9,5.03759,
2755,1131889524675387,45.916666666666664,5.117698,
2756,1131889533604086,45.93333333333333,5.096241,
2757,1131889542709613,45.95,5.222311,
2758,1131889552517261,45.96666666666667,5.897389,
2759,1131889561627492,45.983333333333334,5.275581,
2760,1131889570636033,46.0,5.189111,
2761,1131889579515995,46.016666666666666,5.025049,
2762,1131889588356267,46.03333333333333,5.069939,
2763,1131889597171697,46.05,5.122921,
2764,1131889606135433,46.06666666666666,5.17184,
2765,1131889615905555,46.083333333333336,5.516325,
2766,1131889624905404,46.1,5.085191,
2767,1131889633905605,46.11666666666667,5.143552,
2768,1131889643045693,46.13333333333333,5.309602,
2769,1131889652064740,46.15,5.162187,
2770,1131889660945769,46.166666666666664,4.992857,
2771,1131889670493583,46.18333333333333,5.641462,
2772,1131889679582752,46.2,5.150052,
2773,1131889688416493,46.21666666666667,4.9948,
2774,1131889697407047,46.233333333333334,5.144926,
2775,1131889706129944,46.25,4.951177,
2776,1131889714903056,46.266666666666666,4.985668,
2777,1131889723880725,46.28333333333333,5.176068,
2778,1131889733250786,46.3,5.556228,
2779,1131889742065621,46.31666666666666,5.016687,
2780,1131889750733656,46.333333333333336,4.900612,
2781,1131889759561834,46.35,5.025243,
2782,1131889768449306,46.36666666666667,5.104498,
2783,1131889777221471,46.38333333333333,4.982459,
2784,1131889786086215,46.4,5.017081,
2785,1131889795590785,46.416666666666664,5.653095,
2786,1131889804677923,46.43333333333333,5.23628,
2787,1131889813559711,46.45,5.040409,
2788,1131889822414449,46.46666666666667,5.000797,
2789,1131889831189521,46.483333333333334,4.949311,
2790,1131889839977943,46.5,4.993163,
2791,1131889849420858,46.516666666666666,5.565901,
2792,1131889858532631,46.53333333333333,5.260392,
2793,1131889869463379,46.55,5.219506,
2794,1131889878355124,46.56666666666666,5.001435,
2795,1131889888054434,46.583333333333336,5.868763,
2796,1131889896951254,46.6,5.014185,
2797,1131889906998893,46.61666666666667,5.408572,
2798,1131889916259101,46.63333333333333,5.388,
2799,1131889925180058,46.65,5.110887,
2800,1131889934110228,46.666666666666664,5.115602,
2801,1131889943093677,46.68333333333333,5.031966,
2802,1131889951868471,46.7,5.007409,
2803,1131889960733683,46.71666666666667,4.969662,
2804,1131889969722702,46.733333333333334,5.127735,
2805,1131889978822738,46.75,5.314741,
2806,1131889987628965,46.766666666666666,4.978778,
2807,1131889996394098,46.78333333333333,4.941855,
2808,1131890005418884,46.8,5.158162,
2809,1131890014387731,46.81666666666666,5.098222,
2810,1131890023238089,46.833333333333336,4.969702,
2811,1131890032201832,46.85,5.20409,
2812,1131890041026347,46.86666666666667,5.007109,
2813,1131890049978939,46.88333333333333,5.132377,
2814,1131890058979554,46.9,5.106157,
2815,1131890067882977,46.916666666666664,5.141208,
2816,1131890076801953,46.93333333333333,5.140701,
2817,1131890085845294,46.95,5.19418,
2818,1131890095082978,46.96666666666667,5.366498,
2819,1131890104087277,46.983333333333334,5.156356,
2820,1131890112915493,47.0,5.012179,
2821,1131890121704468,47.016666666666666,4.962619,
2822,1131890130629670,47.03333333333333,5.134846,
2823,1131890139506861,47.05,5.065867,
2824,1131890149119577,47.06666666666666,5.802621,
2825,1131890158098747,47.083333333333336,5.143311,
2826,1131890166995709,47.1,5.065403,
2827,1131890176200705,47.11666666666667,5.038126,
2828,1131890185221045,47.13333333333333,5.100242,
2829,1131890193953872,47.15,4.879481,
2830,1131890203451965,47.166666666666664,5.106263,
2831,1131890213024657,47.18333333333333,5.426329,
2832,1131890221891592,47.2,5.018272,
2833,1131890230863834,47.21666666666667,5.12659,
2834,1131890239739024,47.233333333333334,4.991023,
2835,1131890248694310,47.25,5.15245,
2836,1131890257673066,47.266666666666666,5.170433,
2837,1131890267010396,47.28333333333333,5.502718,
2838,1131890276178311,47.3,5.324364,
2839,1131890285171433,47.31666666666666,5.25074,
2840,1131890294402673,47.333333333333336,5.376166,
2841,1131890304088369,47.35,5.247069,
2842,1131890313131301,47.36666666666667,5.25425,
2843,1131890321990551,47.38333333333333,5.036498,
2844,1131890331364420,47.4,5.329899,
2845,1131890340414455,47.416666666666664,5.208536,
2846,1131890349709604,47.43333333333333,5.403047,
2847,1131890358714361,47.45,5.154428,
2848,1131890367579582,47.46666666666667,5.053857,
2849,1131890376426273,47.483333333333334,5.104995,
2850,1131890385479684,47.5,5.180921,
2851,1131890395114317,47.516666666666666,5.456837,
2852,1131890404170253,47.53333333333333,5.233955,
2853,1131890413100529,47.55,5.159494,
2854,1131890422114210,47.56666666666666,5.222152,
2855,1131890431183054,47.583333333333336,5.28755,
2856,1131890440281749,47.6,5.232249,
2857,1131890449926146,47.61666666666667,5.827743,
2858,1131890458981223,47.63333333333333,5.200436,
2859,1131890467958353,47.65,5.122221,
2860,1131890477108036,47.666666666666664,5.257633,
2861,1131890486057443,47.68333333333333,5.108014,
2862,1131890494994577,47.7,5.106645,
2863,1131890503916114,47.71666666666667,5.167823,
2864,1131890513243896,47.733333333333334,5.473561,
2865,1131890522234738,47.75,5.17942,
2866,1131890531310940,47.766666666666666,5.266072,
2867,1131890540416421,47.78333333333333,5.282195,
2868,1131890549425315,47.8,5.140305,
2869,1131890558318628,47.81666666666666,5.104516,
2870,1131890567897148,47.833333333333336,5.817401,
2871,1131890576873553,47.85,5.211243,
2872,1131890585844851,47.86666666666667,5.285809,
2873,1131890594754097,47.88333333333333,5.150496,
2874,1131890603841446,47.9,5.303801,
2875,1131890612909549,47.916666666666664,5.217889,
2876,1131890622145602,47.93333333333333,5.359173,
2877,1131890631592847,47.95,5.638847,
2878,1131890640515835,47.96666666666667,5.058507,
2879,1131890649299365,47.983333333333334,4.940189,
2880,1131890658135628,48.0,5.01769,
2881,1131890667105873,48.016666666666666,5.207718,
2882,1131890676216208,48.03333333333333,5.330512,
2883,1131890685230100,48.05,5.267043,
2884,1131890694571192,48.06666666666666,5.276982,
2885,1131890703683001,48.083333333333336,5.291802,
2886,1131890712725261,48.1,5.219368,
2887,1131890721785262,48.11666666666667,5.215844,
2888,1131890730696897,48.13333333333333,5.218575,
2889,1131890739515726,48.15,5.134223,
2890,1131890749066289,48.166666666666664,5.745158,
2891,1131890758218664,48.18333333333333,5.314429,
2892,1131890767194198,48.2,5.181124,
2893,1131890776128218,48.21666666666667,5.17215,
2894,1131890785193991,48.233333333333334,5.201707,
2895,1131890794261149,48.25,5.214557,
2896,1131890803433593,48.266666666666666,5.30205,
2897,1131890813243837,48.28333333333333,5.418431,
2898,1131890822498904,48.3,5.178599,
2899,1131890831371057,48.31666666666666,5.107866,
2900,1131890840257726,48.333333333333336,5.092182,
2901,1131890849207379,48.35,5.156172,
2902,1131890858008237,48.36666666666667,5.073592,
2903,1131890869755647,48.38333333333333,5.974405,
2904,1131890878782205,48.4,5.169417,
2905,1131890887724064,48.416666666666664,5.015507,
2906,1131890896575239,48.43333333333333,4.995685,
2907,1131890905797304,48.45,5.327755,
2908,1131890915179022,48.46666666666667,5.453563,
2909,1131890925047483,48.483333333333334,5.497683,
2910,1131890934887681,48.5,5.548773,
2911,1131890944011653,48.516666666666666,5.196307,
2912,1131890953009957,48.53333333333333,5.178904,
2913,1131890961930230,48.55,5.056925,
2914,1131890971086477,48.56666666666666,5.289364,
2915,1131890980100478,48.583333333333336,5.172469,
2916,1131890989105255,48.6,5.205277,
2917,1131890998429702,48.61666666666667,5.39587,
2918,1131891007477147,48.63333333333333,5.172702,
2919,1131891016593620,48.65,5.273694,
2920,1131891025489763,48.666666666666664,5.088542,
2921,1131891034603802,48.68333333333333,5.17737,
2922,1131891043500180,48.7,5.060181,
2923,1131891052668497,48.71666666666667,5.389164,
2924,1131891061678286,48.733333333333334,5.22957,
2925,1131891070738853,48.75,5.134059,
2926,1131891079854501,48.766666666666666,5.318528,
2927,1131891088851409,48.78333333333333,5.144614,
2928,1131891097775493,48.8,5.066954,
2929,1131891106824195,48.81666666666666,5.256146,
2930,1131891116585896,48.833333333333336,5.902742,
2931,1131891125686831,48.85,5.211434,
2932,1131891134715481,48.86666666666667,5.127222,
2933,1131891143670288,48.88333333333333,5.059659,
2934,1131891152550797,48.9,4.965319,
2935,1131891161510074,48.916666666666664,5.094796,
2936,1131891171163891,48.93333333333333,5.724751,
2937,1131891180140828,48.95,5.128285,
2938,1131891189459514,48.96666666666667,5.245168,
2939,1131891198395107,48.983333333333334,5.126364,
2940,1131891207873165,49.0,5.10525,
2941,1131891216921315,49.016666666666666,5.201185,
2942,1131891226487239,49.03333333333333,5.613352,
2943,1131891236318236,49.05,5.461998,
2944,1131891245254946,49.06666666666666,5.084523,
2945,1131891254142204,49.083333333333336,5.036023,
2946,1131891263028900,49.1,5.05306,
2947,1131891272005787,49.11666666666667,5.115473,
2948,1131891280942567,49.13333333333333,5.131017,
2949,1131891290619426,49.15,5.777346,
2950,1131891299846779,49.166666666666664,5.374216,
2951,1131891308774083,49.18333333333333,5.095354,
2952,1131891317523207,49.2,4.964723,
2953,1131891326612330,49.21666666666667,5.224622,
2954,1131891335427272,49.233333333333334,4.954838,
2955,1131891344225811,49.25,4.9775,
2956,1131891353319755,49.266666666666666,5.299038,
2957,1131891362102985,49.28333333333333,4.98842,
2958,1131891370969405,49.3,5.107403,
2959,1131891379969553,49.31666666666666,5.23154,
2960,1131891388787054,49.333333333333336,4.956498,
2961,1131891397581719,49.35,4.952062,
2962,1131891406979202,49.36666666666667,5.556902,
2963,1131891415989406,49.38333333333333,5.20293,
2964,1131891424999571,49.4,5.150316,
2965,1131891433742965,49.416666666666664,4.900516,
2966,1131891442675908,49.43333333333333,5.092971,
2967,1131891451887036,49.45,5.216452,
2968,1131891461086596,49.46666666666667,5.290755,
2969,1131891470800943,49.483333333333334,5.430345,
2970,1131891479829039,49.5,5.112159,
2971,1131891488905841,49.516666666666666,5.199768,
2972,1131891497881225,49.53333333333333,5.16267,
2973,1131891506786159,49.55,5.058305,
2974,1131891515838938,49.56666666666666,5.198548,
2975,1131891524803351,49.583333333333336,5.171756,
2976,1131891534007787,49.6,5.349372,
2977,1131891543018595,49.61666666666667,5.234447,
2978,1131891552025842,49.63333333333333,5.152485,
2979,1131891560885247,49.65,5.035272,
2980,1131891569942555,49.666666666666664,5.253148,
2981,1131891579058806,49.68333333333333,5.284971,
2982,1131891588676940,49.7,5.842916,
2983,1131891597531475,49.71666666666667,5.051112,
2984,1131891606431248,49.733333333333334,5.035971,
2985,1131891615442666,49.75,5.140195,
2986,1131891624448787,49.766666666666666,5.088571,
2987,1131891633305174,49.78333333333333,5.046009,
2988,1131891642359493,49.8,5.248209,
2989,1131891652151538,49.81666666666666,5.898461,
2990,1131891661400411,49.833333333333336,5.375521,
2991,1131891670447238,49.85,5.185111,
2992,1131891679433530,49.86666666666667,5.184889,
2993,1131891688493344,49.88333333333333,5.210706,
2994,1131891697667001,49.9,5.20416,
2995,1131891707242066,49.916666666666664,5.740068,
2996,1131891716564013,49.93333333333333,5.504611,
2997,1131891725710854,49.95,5.23468,
2998,1131891734856543,49.96666666666667,5.245597,
2999,1131891743945559,49.983333333333334,5.192711,
3000,1131891753081026,50.0,5.281615,
3001,1131891762197925,50.016666666666666,5.252747,
3002,1131891771776418,50.03333333333333,5.562222,
3003,1131891781136451,50.05,5.375094,
3004,1131891790683340,50.06666666666666,5.382,
3005,1131891799673262,50.083333333333336,5.145756,
3006,1131891808719384,50.1,5.16579,
3007,1131891817842248,50.11666666666667,5.224578,
3008,1131891826724012,50.13333333333333,5.092856,
3009,1131891836067113,50.15,5.524267,
3010,1131891845340659,50.166666666666664,5.381855,
3011,1131891854463227,50.18333333333333,5.231956,
3012,1131891865381729,50.2,7.032359,
3013,1131891874381353,50.21666666666667,5.178196,
3014,1131891883450701,50.233333333333334,5.206137,
3015,1131891892711607,50.25,5.360814,
3016,1131891901657628,50.266666666666666,5.170554,
3017,1131891910499971,50.28333333333333,5.051893,
3018,1131891919355254,50.3,5.034951,
3019,1131891928362443,50.31666666666666,5.070715,
3020,1131891937373413,50.333333333333336,5.212717,
3021,1131891946183108,50.35,5.002759,
3022,1131891956026170,50.36666666666667,5.993114,
3023,1131891965106712,50.38333333333333,5.279223,
3024,1131891974167817,50.4,5.221913,
3025,1131891983159377,50.416666666666664,5.268012,
3026,1131891992138607,50.43333333333333,5.253084,
3027,1131892001012187,50.45,5.193148,
3028,1131892010088657,50.46666666666667,5.243651,
3029,1131892019483384,50.483333333333334,5.523135,
3030,1131892028627471,50.5,5.295585,
3031,1131892037723969,50.516666666666666,5.324009,
3032,1131892046779639,50.53333333333333,5.254658,
3033,1131892055878309,50.55,5.322702,
3034,1131892064891145,50.56666666666666,5.158798,
3035,1131892074688473,50.583333333333336,5.881041,
3036,1131892083894582,50.6,5.33408,
3037,1131892093041603,50.61666666666667,5.262894,
3038,1131892102100182,50.63333333333333,5.206,
3039,1131892111360399,50.65,5.31898,
3040,1131892120579226,50.666666666666664,5.252177,
3041,1131892130279213,50.68333333333333,5.88171,
3042,1131892139521085,50.7,5.370488,
3043,1131892148729939,50.71666666666667,5.289417,
3044,1131892157686767,50.733333333333334,5.203561,
3045,1131892166723738,50.75,5.247638,
3046,1131892175747289,50.766666666666666,5.185881,
3047,1131892184874138,50.78333333333333,5.242532,
3048,1131892194126481,50.8,5.299318,
3049,1131892203143860,50.81666666666666,5.222519,
3050,1131892212159697,50.833333333333336,5.215729,
3051,1131892221282205,50.85,5.317678,
3052,1131892230239402,50.86666666666667,5.120047,
3053,1131892239863400,50.88333333333333,5.191188,
3054,1131892249348055,50.9,5.596062,
3055,1131892258825827,50.916666666666664,5.510637,
3056,1131892268423324,50.93333333333333,5.308194,
3057,1131892277863004,50.95,5.23797,
3058,1131892286998689,50.96666666666667,5.258984,
3059,1131892296037134,50.983333333333334,5.150502,
3060,1131892304809219,51.0,4.940572,
3061,1131892314189869,51.016666666666666,5.382992,
3062,1131892323233556,51.03333333333333,5.17801,
3063,1131892332210659,51.05,5.183972,
3064,1131892341271687,51.06666666666666,5.248916,
3065,1131892350209046,51.083333333333336,5.141928,
3066,1131892359292585,51.1,5.272315,
3067,1131892368389635,51.11666666666667,5.251309,
3068,1131892377980803,51.13333333333333,5.727684,
3069,1131892387028113,51.15,5.175319,
3070,1131892396056208,51.166666666666664,5.259927,
3071,1131892405348263,51.18333333333333,5.147753,
3072,1131892414352383,51.2,5.149185,
3073,1131892423238446,51.21666666666667,5.001045,
3074,1131892432910756,51.233333333333334,5.420252,
3075,1131892442031574,51.25,5.260515,
3076,1131892450987574,51.266666666666666,5.153446,
3077,1131892460122068,51.28333333333333,5.315304,
3078,1131892469401291,51.3,5.428247,
3079,1131892478454513,51.31666666666666,5.183991,
3080,1131892487797026,51.333333333333336,5.504642,
3081,1131892496981321,51.35,5.362895,
3082,1131892506056612,51.36666666666667,5.237652,
3083,1131892515048092,51.38333333333333,5.146518,
3084,1131892524059884,51.4,5.198293,
3085,1131892532979538,51.416666666666664,5.12549,
3086,1131892542033905,51.43333333333333,5.253906,
3087,1131892551744445,51.449999999999996,5.370552,
3088,1131892560929510,51.46666666666667,5.301654,
3089,1131892570248079,51.483333333333334,5.282709,
3090,1131892579464807,51.5,5.339798,
3091,1131892588599956,51.516666666666666,5.260311,
3092,1131892597497742,51.53333333333333,5.096677,
3093,1131892607014753,51.55,5.658782,
3094,1131892616262275,51.56666666666666,5.385319,
3095,1131892625170821,51.583333333333336,5.099761,
3096,1131892634247470,51.6,5.306662,
3097,1131892643258750,51.61666666666667,5.1693,
3098,1131892652488451,51.63333333333333,5.332045,
3099,1131892661617328,51.65,5.259067,
3100,1131892671450759,51.666666666666664,5.549034,
3101,1131892680759858,51.68333333333333,5.372401,
3102,1131892689869520,51.699999999999996,5.166267,
3103,1131892699066018,51.71666666666667,5.259869,
3104,1131892708135337,51.733333333333334,5.1219,
3105,1131892717335840,51.75,5.357794,
3106,1131892726689915,51.766666666666666,5.584952,
3107,1131892735984197,51.78333333333333,5.391967,
3108,1131892745009387,51.8,5.170366,
3109,1131892754233183,51.81666666666666,5.362912,
3110,1131892763473228,51.833333333333336,5.342875,
3111,1131892772347137,51.85,5.046945,
3112,1131892781455808,51.86666666666667,5.283252,
3113,1131892791128901,51.88333333333333,5.836035,
3114,1131892800172927,51.9,5.194051,
3115,1131892809262273,51.916666666666664,5.234227,
3116,1131892818391726,51.93333333333333,5.273355,
3117,1131892827452093,51.949999999999996,5.238789,
3118,1131892836381004,51.96666666666667,5.139734,
3119,1131892845408111,51.983333333333334,5.230884,
3120,1131892854925021,52.0,5.440382,
3121,1131892865932004,52.016666666666666,5.211664,
3122,1131892874797818,52.03333333333333,5.031523,
3123,1131892883673355,52.05,5.032215,
3124,1131892892764166,52.06666666666666,5.212302,
3125,1131892901836294,52.083333333333336,5.210606,
3126,1131892911412922,52.1,5.403816,
3127,1131892920386922,52.11666666666667,5.174164,
3128,1131892929547066,52.13333333333333,5.060325,
3129,1131892938327268,52.15,4.977016,
3130,1131892947344024,52.166666666666664,5.215512,
3131,1131892956416474,52.18333333333333,5.263284,
3132,1131892965384099,52.199999999999996,5.088283,
3133,1131892975219250,52.21666666666667,5.501026,
3134,1131892984417490,52.233333333333334,5.282025,
3135,1131892993581856,52.25,5.313668,
3136,1131893002577744,52.266666666666666,5.216027,
3137,1131893011486232,52.28333333333333,5.055928,
3138,1131893020445132,52.3,5.171484,
3139,1131893029957277,52.31666666666666,5.653536,
3140,1131893039187606,52.333333333333336,5.363205,
3141,1131893048150382,52.35,5.123238,
3142,1131893057228040,52.36666666666667,5.234661,
3143,1131893066180985,52.38333333333333,5.086389,
3144,1131893075169911,52.4,5.156242,
3145,1131893084127562,52.416666666666664,5.195857,
3146,1131893093473066,52.43333333333333,5.542727,
3147,1131893102318190,52.449999999999996,5.062926,
3148,1131893111191978,52.46666666666667,5.048212,
3149,1131893120237112,52.483333333333334,5.200294,
3150,1131893129393400,52.5,5.300836,
3151,1131893138967174,52.516666666666666,5.253768,
3152,1131893148427796,52.53333333333333,5.618467,
3153,1131893157570958,52.55,5.318518,
3154,1131893166619485,52.56666666666666,5.178597,
3155,1131893175866949,52.583333333333336,5.334831,
3156,1131893185372779,52.6,5.030424,
3157,1131893194407436,52.61666666666667,5.286049,
3158,1131893203517299,52.63333333333333,5.257895,
3159,1131893212839495,52.65,5.544253,
3160,1131893222226680,52.666666666666664,5.5053,
3161,1131893231411261,52.68333333333333,5.348824,
3162,1131893240593808,52.699999999999996,5.328588,
3163,1131893249760059,52.71666666666667,5.255677,
3164,1131893258835734,52.733333333333334,5.167898,
3165,1131893267884963,52.75,5.199434,
3166,1131893278285977,52.766666666666666,5.63566,
3167,1131893287387119,52.78333333333333,5.234362,
3168,1131893296659290,52.8,5.375364,
3169,1131893305888381,52.81666666666666,5.244797,
3170,1131893315737289,52.833333333333336,5.195055,
3171,1131893324862153,52.85,5.209719,
3172,1131893334227530,52.86666666666667,5.471246,
3173,1131893343318280,52.88333333333333,5.183183,
3174,1131893352610210,52.9,5.441031,
3175,1131893361626332,52.916666666666664,5.174184,
3176,1131893370781599,52.93333333333333,5.297943,
3177,1131893379911284,52.949999999999996,5.255787,
3178,1131893389571689,52.96666666666667,5.803283,
3179,1131893399193821,52.983333333333334,5.755193,
3180,1131893408252295,53.0,5.213027,
3181,1131893417263766,53.016666666666666,5.163558,
3182,1131893426287947,53.03333333333333,5.186201,
3183,1131893435335473,53.05,5.224028,
3184,1131893444476699,53.06666666666666,5.183677,
3185,1131893454361045,53.083333333333336,5.758549,
3186,1131893463676600,53.1,5.452131,
3187,1131893472576335,53.11666666666667,5.061228,
3188,1131893481540627,53.13333333333333,5.09578,
3189,1131893490755321,53.15,5.356732,
3190,1131893499791644,53.166666666666664,5.238045,
3191,1131893509555265,53.18333333333333,5.989235,
3192,1131893518822131,53.199999999999996,5.425539,
3193,1131893528025921,53.21666666666667,5.390052,
3194,1131893537229721,53.233333333333334,5.372735,
3195,1131893546394556,53.25,5.310654,
3196,1131893555394522,53.266666666666666,5.123417,
3197,1131893564473317,53.28333333333333,5.279517,
3198,1131893573683298,53.3,5.399067,
3199,1131893582991669,53.31666666666666,5.458223,
3200,1131893592264198,53.333333333333336,5.172143,
3201,1131893601236265,53.35,5.108491,
3202,1131893610281455,53.36666666666667,5.222447,
3203,1131893619301472,53.38333333333333,5.321369,
3204,1131893629251576,53.4,6.095475,
3205,1131893638383159,53.416666666666664,5.347231,
3206,1131893647398039,53.43333333333333,5.233887,
3207,1131893656250863,53.449999999999996,5.06837,
3208,1131893665260844,53.46666666666667,5.213931,
3209,1131893674303482,53.483333333333334,5.205262,
3210,1131893683461020,53.5,5.327343,
3211,1131893693306415,53.516666666666666,5.568472,
3212,1131893702516620,53.53333333333333,5.393966,
3213,1131893711389664,53.55,5.045447,
3214,1131893720533214,53.56666666666666,5.290397,
3215,1131893729521978,53.583333333333336,5.276875,
3216,1131893738620991,53.6,5.32307,
3217,1131893748108375,53.61666666666667,5.715742,
3218,1131893757346442,53.63333333333333,5.457697,
3219,1131893766567905,53.65,5.410304,
3220,1131893775700252,53.666666666666664,5.323414,
3221,1131893784838007,53.68333333333333,5.272575,
3222,1131893793995850,53.699999999999996,5.34262,
3223,1131893802964308,53.71666666666667,5.284536,
3224,1131893812562638,53.733333333333334,5.678526,
3225,1131893821747179,53.75,5.393274,
3226,1131893830709615,53.766666666666666,5.164011,
3227,1131893839709883,53.78333333333333,5.282017,
3228,1131893848724263,53.8,5.267732,
3229,1131893858594645,53.81666666666666,5.996086,
3230,1131893868115408,53.833333333333336,5.634617,
3231,1131893877358052,53.85,5.364718,
3232,1131893886373066,53.86666666666667,5.132178,
3233,1131893895509073,53.88333333333333,5.244483,
3234,1131893904526851,53.9,5.192389,
3235,1131893913393767,53.916666666666664,5.147241,
3236,1131893922407086,53.93333333333333,5.237436,
3237,1131893931915431,53.949999999999996,5.554703,
3238,1131893941030824,53.96666666666667,5.284155,
3239,1131893950209685,53.983333333333334,5.414291,
3240,1131893959157241,54.0,5.168357,
3241,1131893968066879,54.016666666666666,5.106538,
3242,1131893977053223,54.03333333333333,5.15133,
3243,1131893986104547,54.05,5.2515,
3244,1131893995386607,54.06666666666666,5.654463,
3245,1131894004249421,54.083333333333336,5.189822,
3246,1131894013516538,54.1,5.423361,
3247,1131894022653641,54.11666666666667,5.284849,
3248,1131894031724365,54.13333333333333,5.273538,
3249,1131894040790947,54.15,5.237803,
3250,1131894050209570,54.166666666666664,5.624667,
3251,1131894059469228,54.18333333333333,5.4512,
3252,1131894068845815,54.199999999999996,5.450699,
3253,1131894078063008,54.21666666666667,5.341619,
3254,1131894086973309,54.233333333333334,5.10255,
3255,1131894095847833,54.25,5.096615,
3256,1131894104986813,54.266666666666666,5.322745,
3257,1131894114574952,54.28333333333333,5.8105,
3258,1131894123595517,54.3,5.256682,
3259,1131894133637461,54.31666666666666,5.638258,
3260,1131894142945705,54.333333333333336,5.540113,
3261,1131894151957634,54.35,5.334933,
3262,1131894160817178,54.36666666666667,5.138646,
3263,1131894170464320,54.38333333333333,5.817518,
3264,1131894179658202,54.4,5.33234,
3265,1131894188639040,54.416666666666664,5.161705,
3266,1131894197640955,54.43333333333333,5.257664,
3267,1131894206690607,54.449999999999996,5.192136,
3268,1131894215735491,54.46666666666667,5.293978,
3269,1131894224728366,54.483333333333334,5.241922,
3270,1131894234740602,54.5,5.682426,
3271,1131894243700813,54.516666666666666,5.298821,
3272,1131894252799552,54.53333333333333,5.297421,
3273,1131894261790632,54.55,5.216529,
3274,1131894270837235,54.56666666666666,5.080935,
3275,1131894279980654,54.583333333333336,5.329368,
3276,1131894289100031,54.6,5.326284,
3277,1131894298718728,54.61666666666667,5.46532,
3278,1131894307687153,54.63333333333333,5.261956,
3279,1131894317364706,54.65,5.175411,
3280,1131894326488983,54.666666666666664,5.260987,
3281,1131894336326189,54.68333333333333,5.633612,
3282,1131894345709800,54.699999999999996,5.326241,
3283,1131894355668420,54.71666666666667,5.607863,
3284,1131894364835339,54.733333333333334,5.302329,
3285,1131894373792058,54.75,5.112807,
3286,1131894382772645,54.766666666666666,5.138023,
3287,1131894391755682,54.78333333333333,5.108716,
3288,1131894400967202,54.8,5.400355,
3289,1131894410022436,54.81666666666666,5.254451,
3290,1131894419399661,54.833333333333336,5.572151,
3291,1131894428310375,54.85,5.135943,
3292,1131894437324044,54.86666666666667,5.154395,
3293,1131894446401489,54.88333333333333,5.388652,
3294,1131894455601648,54.9,5.399339,
3295,1131894464521769,54.916666666666664,5.146447,
3296,1131894474813569,54.93333333333333,5.991223,
3297,1131894483771575,54.949999999999996,5.168978,
3298,1131894492924183,54.96666666666667,5.226621,
3299,1131894501945090,54.983333333333334,5.211878,
3300,1131894510899227,55.0,5.148838,
3301,1131894520025560,55.016666666666666,5.282786,
3302,1131894529095326,55.03333333333333,5.276503,
3303,1131894538301858,55.05,5.444744,
3304,1131894547240549,55.06666666666666,5.191328,
3305,1131894556603865,55.083333333333336,5.517922,
3306,1131894565821384,55.1,5.445615,
3307,1131894574700807,55.11666666666667,5.134759,
3308,1131894583631208,55.13333333333333,5.135822,
3309,1131894592596467,55.15,5.132688,
3310,1131894602371273,55.166666666666664,5.629015,
3311,1131894611384701,55.18333333333333,5.159633,
3312,1131894620597567,55.199999999999996,5.352874,
3313,1131894629590700,55.21666666666667,5.183197,
3314,1131894638546417,55.233333333333334,5.231327,
3315,1131894647911248,55.25,5.665964,
3316,1131894657398852,55.266666666666666,5.611383,
3317,1131894666609403,55.28333333333333,5.396687,
3318,1131894676546841,55.3,5.215434,
3319,1131894685401449,55.31666666666666,5.078538,
3320,1131894694274031,55.333333333333336,5.094515,
3321,1131894703263358,55.35,5.131734,
3322,1131894712869520,55.36666666666667,5.835499,
3323,1131894722078880,55.38333333333333,5.290043,
3324,1131894731302585,55.4,5.489564,
3325,1131894740691579,55.416666666666664,5.322948,
3326,1131894749662522,55.43333333333333,5.287701,
3327,1131894758765470,55.449999999999996,5.362519,
3328,1131894768443289,55.46666666666667,5.929261,
3329,1131894777664050,55.483333333333334,5.44516,
3330,1131894786694426,55.5,5.226954,
3331,1131894795813031,55.516666666666666,5.193518,
3332,1131894804909566,55.53333333333333,5.280783,
3333,1131894814027846,55.55,5.268069,
3334,1131894822947237,55.56666666666666,5.10749,
3335,1131894832644421,55.583333333333336,5.408954,
3336,1131894841538709,55.6,5.105248,
3337,1131894850641131,55.61666666666667,5.313783,
3338,1131894859675562,55.63333333333333,5.271807,
3339,1131894870438183,55.65,5.125026,
3340,1131894879357867,55.666666666666664,5.134116,
3341,1131894888876476,55.68333333333333,5.793566,
3342,1131894897896498,55.699999999999996,5.224866,
3343,1131894906782145,55.71666666666667,5.138707,
3344,1131894915769722,55.733333333333334,5.210802,
3345,1131894924757724,55.75,5.207818,
3346,1131894933770891,55.766666666666666,5.225937,
3347,1131894942866368,55.78333333333333,5.28592,
3348,1131894952457907,55.8,5.592148,
3349,1131894961530210,55.81666666666666,5.271478,
3350,1131894970760003,55.833333333333336,5.400139,
3351,1131894980040922,55.85,5.408711,
3352,1131894989102661,55.86666666666667,5.223728,
3353,1131894998190558,55.88333333333333,5.234274,
3354,1131895007584898,55.9,5.633937,
3355,1131895017053284,55.916666666666664,5.615608,
3356,1131895026215602,55.93333333333333,5.345481,
3357,1131895035570207,55.949999999999996,5.18138,
3358,1131895044494416,55.96666666666667,5.147422,
3359,1131895053552427,55.983333333333334,5.33414,
3360,1131895062605901,56.0,5.229248,
3361,1131895072035212,56.016666666666666,5.565016,
3362,1131895080973409,56.03333333333333,5.135653,
3363,1131895090031304,56.05,5.231613,
3364,1131895098992701,56.06666666666666,5.193563,
3365,1131895107906124,56.083333333333336,5.108198,
3366,1131895116947874,56.1,5.25314,
3367,1131895125803548,56.11666666666667,5.019917,
3368,1131895135333332,56.13333333333333,5.368805,
3369,1131895144438119,56.15,5.189029,
3370,1131895153436914,56.166666666666664,5.129388,
3371,1131895162680217,56.18333333333333,5.3968,
3372,1131895171787387,56.199999999999996,5.26971,
3373,1131895180798592,56.21666666666667,5.127961,
3374,1131895190518720,56.233333333333334,5.454278,
3375,1131895199679071,56.25,5.231869,
3376,1131895208563140,56.266666666666666,5.036487,
3377,1131895217469452,56.28333333333333,4.993553,
3378,1131895226532760,56.3,5.116567,
3379,1131895235346901,56.31666666666666,5.024948,
3380,1131895244285110,56.333333333333336,5.029413,
3381,1131895253446639,56.35,5.280321,
3382,1131895262332753,56.36666666666667,5.052296,
3383,1131895271558596,56.38333333333333,5.320609,
3384,1131895280418917,56.4,4.962443,
3385,1131895289419661,56.416666666666664,5.087231,
3386,1131895298544320,56.43333333333333,5.093857,
3387,1131895307820418,56.449999999999996,5.465563,
3388,1131895317345160,56.46666666666667,5.511769,
3389,1131895326264858,56.483333333333334,5.006369,
3390,1131895335188559,56.5,4.986033,
3391,1131895344293313,56.516666666666666,5.223953,
3392,1131895354047379,56.53333333333333,5.185434,
3393,1131895363272744,56.55,5.295418,
3394,1131895372819746,56.56666666666666,5.370723,
3395,1131895382259274,56.583333333333336,5.382202,
3396,1131895392063804,56.6,5.113375,
3397,1131895401120098,56.61666666666667,5.123405,
3398,1131895410091241,56.63333333333333,5.073781,
3399,1131895419158213,56.65,5.164232,
3400,1131895428751758,56.666666666666664,5.637844,
3401,1131895437929734,56.68333333333333,5.284524,
3402,1131895447043400,56.699999999999996,5.188518,
3403,1131895455995999,56.71666666666667,5.015192,
3404,1131895465158592,56.733333333333334,5.209396,
3405,1131895474419364,56.75,5.196892,
3406,1131895483557841,56.766666666666666,5.19249,
3407,1131895493263559,56.78333333333333,5.353747,
3408,1131895502201318,56.8,5.033766,
3409,1131895511133389,56.81666666666666,5.1039,
3410,1131895520281100,56.833333333333336,5.243249,
3411,1131895529277003,56.85,5.162853,
3412,1131895538346970,56.86666666666667,5.166885,
3413,1131895547830957,56.88333333333333,5.562636,
3414,1131895556967124,56.9,5.330986,
3415,1131895565898917,56.916666666666664,5.115488,
3416,1131895574721939,56.93333333333333,4.989405,
3417,1131895583782869,56.949999999999996,5.185154,
3418,1131895592676394,56.96666666666667,5.054724,
3419,1131895601614381,56.983333333333334,5.06392,
3420,1131895610679856,57.0,5.17511,
3421,1131895620482891,57.016666666666666,5.41213,
3422,1131895629467648,57.03333333333333,4.99706,
3423,1131895638416951,57.05,5.029364,
3424,1131895647359355,57.06666666666666,5.13828,
3425,1131895656338704,57.083333333333336,5.166593,
3426,1131895665365486,57.1,5.122519,
3427,1131895675156010,57.11666666666667,5.900499,
3428,1131895684255858,57.13333333333333,5.128855,
3429,1131895693156810,57.15,5.02936,
3430,1131895702422746,57.166666666666664,5.358258,
3431,1131895711377711,57.18333333333333,5.048881,
3432,1131895720340274,57.199999999999996,5.074963,
3433,1131895729391087,57.21666666666667,5.15921,
3434,1131895738500688,57.233333333333334,5.282411,
3435,1131895747436966,57.25,5.015733,
3436,1131895756629522,57.266666666666666,5.312753,
3437,1131895765716646,57.28333333333333,5.14247,
3438,1131895774563387,57.3,5.068791,
3439,1131895783496567,57.31666666666666,4.939269,
3440,1131895793139347,57.333333333333336,5.695694,
3441,1131895802403204,57.35,5.270319,
3442,1131895811416951,57.36666666666667,5.150885,
3443,1131895820539806,57.38333333333333,5.162321,
3444,1131895829622371,57.4,5.105356,
3445,1131895838701436,57.416666666666664,5.151824,
3446,1131895848764797,57.43333333333333,5.133858,
3447,1131895857982773,57.449999999999996,5.363107,
3448,1131895868767100,57.46666666666667,5.068212,
3449,1131895877782300,57.483333333333334,5.089611,
3450,1131895886896917,57.5,5.14689,
3451,1131895895931183,57.516666666666666,5.08873,
3452,1131895904907745,57.53333333333333,5.015988,
3453,1131895914620418,57.55,5.331313,
3454,1131895923561447,57.56666666666666,5.085663,
3455,1131895932694288,57.583333333333336,5.112963,
3456,1131895941607590,57.6,5.020174,
3457,1131895950936267,57.61666666666667,5.38393,
3458,1131895960217573,57.63333333333333,5.270208,
3459,1131895969849841,57.65,5.732843,
3460,1131895978936425,57.666666666666664,5.301161,
3461,1131895988044504,57.68333333333333,5.236697,
3462,1131895997084694,57.699999999999996,5.176665,
3463,1131896005994989,57.71666666666667,5.095399,
3464,1131896014934483,57.733333333333334,5.004277,
3465,1131896023944905,57.75,5.122923,
3466,1131896033237010,57.766666666666666,5.411168,
3467,1131896042294329,57.78333333333333,5.083299,
3468,1131896051284485,57.8,5.128403,
3469,1131896060451739,57.81666666666666,5.245297,
3470,1131896069716077,57.833333333333336,5.327584,
3471,1131896078849615,57.85,5.24707,
3472,1131896088434604,57.86666666666667,5.524313,
3473,1131896097805759,57.88333333333333,5.462884,
3474,1131896106881420,57.9,5.101041,
3475,1131896115954998,57.916666666666664,5.097864,
3476,1131896125269670,57.93333333333333,5.284722,
3477,1131896134445522,57.949999999999996,5.22405,
3478,1131896143402832,57.96666666666667,5.11735,
3479,1131896152851007,57.983333333333334,5.51883,
3480,1131896161737029,58.0,5.047731,
3481,1131896171086823,58.016666666666666,5.243063,
3482,1131896180257537,58.03333333333333,5.269716,
3483,1131896189253723,58.05,5.096187,
3484,1131896198448396,58.06666666666666,5.138964,
3485,1131896208132577,58.083333333333336,5.721658,
3486,1131896217371555,58.1,5.285452,
3487,1131896226507531,58.11666666666667,5.128438,
3488,1131896235656627,58.13333333333333,5.121565,
3489,1131896244831291,58.15,5.216483,
3490,1131896253867469,58.166666666666664,5.226366,
3491,1131896262981182,58.18333333333333,5.217836,
3492,1131896272578037,58.199999999999996,5.614338,
3493,1131896281755561,58.21666666666667,5.268096,
3494,1131896290969850,58.233333333333334,5.247825,
3495,1131896299954014,58.25,5.147914,
3496,1131896308887790,58.266666666666666,5.068425,
3497,1131896318174891,58.28333333333333,5.20164,
3498,1131896327566128,58.3,5.536832,
3499,1131896336913093,58.31666666666666,5.461727,
3500,1131896345878590,58.333333333333336,5.15641,
3501,1131896354950800,58.35,5.162417,
3502,1131896363820924,58.36666666666667,5.067857,
3503,1131896372884936,58.38333333333333,5.320026,
3504,1131896381949395,58.4,5.167354,
3505,1131896392187030,58.416666666666664,5.395033,
3506,1131896401295283,58.43333333333333,5.085038,
3507,1131896410490248,58.449999999999996,5.139017,
3508,1131896420541186,58.46666666666667,5.249264,
3509,1131896429822586,58.483333333333334,5.206973,
3510,1131896439091253,58.5,5.231358,
3511,1131896448405573,58.516666666666666,5.292032,
3512,1131896458384843,58.53333333333333,5.535077,
3513,1131896467511775,58.55,5.19811,
3514,1131896476542821,58.56666666666666,5.031837,
3515,1131896485502093,58.583333333333336,5.116777,
3516,1131896494577216,58.6,5.231367,
3517,1131896503649338,58.61666666666667,5.301654,
3518,1131896513492523,58.63333333333333,5.908861,
3519,1131896522553627,58.65,5.177838,
3520,1131896531536551,58.666666666666664,5.122112,
3521,1131896540624527,58.68333333333333,5.212856,
3522,1131896549412837,58.699999999999996,4.887661,
3523,1131896558484153,58.71666666666667,5.156577,
3524,1131896567814781,58.733333333333334,5.479041,
3525,1131896577049180,58.75,5.429861,
3526,1131896586060867,58.766666666666666,5.197933,
3527,1131896595101367,58.78333333333333,5.105822,
3528,1131896604222038,58.8,5.240548,
3529,1131896613488690,58.81666666666666,5.226678,
3530,1131896622476407,58.833333333333336,5.021104,
3531,1131896631887354,58.85,5.427924,
3532,1131896640956837,58.86666666666667,5.169166,
3533,1131896649900613,58.88333333333333,5.028458,
3534,1131896658796981,58.9,4.998102,
3535,1131896667636523,58.916666666666664,5.165872,
3536,1131896676722668,58.93333333333333,5.221712,
3537,1131896685644887,58.949999999999996,5.135594,
3538,1131896695184538,58.96666666666667,5.694556,
3539,1131896704311983,58.983333333333334,5.202405,
3540,1131896713109042,59.0,5.034568,
3541,1131896722075514,59.016666666666666,5.112968,
3542,1131896730902706,59.03333333333333,4.970478,
3543,1131896740148243,59.05,5.387699,
3544,1131896749502044,59.06666666666666,5.461987,
3545,1131896758541027,59.083333333333336,5.20728,
3546,1131896767677707,59.1,5.237071,
3547,1131896776839449,59.11666666666667,5.340817,
3548,1131896785857106,59.13333333333333,5.152322,
3549,1131896794805314,59.15,5.120887,
3550,1131896803688599,59.166666666666664,5.025193,
3551,1131896813032839,59.18333333333333,5.444892,
3552,1131896821872691,59.199999999999996,5.022719,
3553,1131896830813150,59.21666666666667,5.126059,
3554,1131896839746054,59.233333333333334,5.219488,
3555,1131896848681223,59.25,5.091359,
3556,1131896857676469,59.266666666666666,5.220381,
3557,1131896868764064,59.28333333333333,5.382086,
3558,1131896877912267,59.3,5.337453,
3559,1131896886750541,59.31666666666666,5.07662,
3560,1131896895677083,59.333333333333336,5.053095,
3561,1131896904571204,59.35,4.994009,
3562,1131896913579908,59.36666666666667,5.122537,
3563,1131896922482927,59.38333333333333,5.08715,
3564,1131896932143344,59.4,5.771693,
3565,1131896941228629,59.416666666666664,5.268111,
3566,1131896950059427,59.43333333333333,5.100144,
3567,1131896959217037,59.449999999999996,5.10904,
3568,1131896968021913,59.46666666666667,5.023022,
3569,1131896977100233,59.483333333333334,5.235686,
3570,1131896986014513,59.5,5.080597,
3571,1131896995597924,59.516666666666666,5.301951,
3572,1131897004505698,59.53333333333333,5.055901,
3573,1131897013423063,59.55,5.096048,
3574,1131897022368405,59.56666666666666,5.082757,
3575,1131897031275266,59.583333333333336,5.087665,
3576,1131897040111040,59.6,5.049394,
3577,1131897049592401,59.61666666666667,5.745484,
3578,1131897058812575,59.63333333333333,5.397408,
3579,1131897067846213,59.65,5.224885,
3580,1131897076863088,59.666666666666664,5.108229,
3581,1131897085729361,59.68333333333333,5.018888,
3582,1131897094711766,59.699999999999996,5.15166,
3583,1131897103564221,59.71666666666667,5.040309,
3584,1131897113359774,59.733333333333334,5.651741,
3585,1131897122162279,59.75,5.03125,
3586,1131897131152853,59.766666666666666,5.244962,
3587,1131897140666183,59.78333333333333,5.114347,
3588,1131897149553662,59.8,5.020519,
3589,1131897158379018,59.81666666666666,5.007902,
3590,1131897167637651,59.833333333333336,5.353291,
3591,1131897176793023,59.85,5.256442,
3592,1131897190313692,59.86666666666667,5.090782,
3593,1131897199398054,59.88333333333333,5.264485,
3594,1131897208367602,59.9,5.126908,
3595,1131897217428059,59.916666666666664,5.185589,
3596,1131897226830143,59.93333333333333,5.554541,
3597,1131897236154749,59.949999999999996,5.465735,
3598,1131897245205045,59.96666666666667,5.207056,
3599,1131897254257820,59.983333333333334,5.209484,
3600,1131897263242025,60.0,5.179383,
3601,1131897272326043,60.016666666666666,5.327369,
3602,1131897281336605,60.03333333333333,5.167404,
3603,1131897291255724,60.05,6.066987,
3604,1131897300314803,60.06666666666666,5.198157,
3605,1131897309243307,60.083333333333336,5.132556,
3606,1131897318182064,60.1,5.075936,
3607,1131897327068859,60.11666666666667,4.998341,
3608,1131897336008462,60.13333333333333,5.168439,
3609,1131897345087756,60.15,5.248248,
3610,1131897354255579,60.166666666666664,5.377686,
3611,1131897363338969,60.18333333333333,5.294168,
3612,1131897372440085,60.199999999999996,5.238477,
3613,1131897381412700,60.21666666666667,5.132608,
3614,1131897390342079,60.233333333333334,5.087126,
3615,1131897399470616,60.25,5.273297,
3616,1131897408918293,60.266666666666666,5.588153,
3617,1131897418103639,60.28333333333333,5.324296,
3618,1131897427781246,60.3,5.083977,
3619,1131897436812685,60.31666666666666,5.192709,
3620,1131897445912519,60.333333333333336,5.146789,
3621,1131897455527562,60.35,5.082351,
3622,1131897464582801,60.36666666666667,5.117848,
3623,1131897473929876,60.38333333333333,5.371663,
3624,1131897482992584,60.4,5.193469,
3625,1131897491896268,60.416666666666664,5.068755,
3626,1131897500629080,60.43333333333333,4.946666,
3627,1131897509572684,60.449999999999996,5.07783,
3628,1131897518482330,60.46666666666667,5.099694,
3629,1131897527132898,60.483333333333334,4.963956,
3630,1131897536514949,60.5,5.292001,
3631,1131897545270031,60.516666666666666,5.020758,
3632,1131897554084655,60.53333333333333,5.047192,
3633,1131897563222971,60.55,5.270921,
3634,1131897572232727,60.56666666666666,5.148417,
3635,1131897581070743,60.583333333333336,4.98066,
3636,1131897590770524,60.6,5.860242,
3637,1131897599667907,60.61666666666667,5.094309,
3638,1131897608352590,60.63333333333333,4.888124,
3639,1131897617180034,60.65,4.987701,
3640,1131897626124499,60.666666666666664,5.13625,
3641,1131897634917412,60.68333333333333,5.066564,
3642,1131897643953597,60.699999999999996,5.223685,
3643,1131897653465362,60.71666666666667,5.729881,
3644,1131897662429266,60.733333333333334,5.218646,
3645,1131897671372020,60.75,5.080839,
3646,1131897680493130,60.766666666666666,5.249341,
3647,1131897689545778,60.78333333333333,5.224787,
3648,1131897698649232,60.8,5.295309,
3649,1131897708080603,60.81666666666666,5.57141,
3650,1131897717408842,60.833333333333336,5.475903,
3651,1131897726316754,60.85,5.031817,
3652,1131897735200659,60.86666666666667,5.018799,
3653,1131897744067208,60.88333333333333,5.111632,
3654,1131897752881856,60.9,4.977195,
3655,1131897761715047,60.916666666666664,5.02856,
3656,1131897770994323,60.93333333333333,5.217185,
3657,1131897779836972,60.949999999999996,5.059326,
3658,1131897788800038,60.96666666666667,5.138012,
3659,1131897797808480,60.983333333333334,5.155556,
3660,1131897806667106,61.0,5.093492,
3661,1131897815478755,61.016666666666666,4.96642,
3662,1131897824149452,61.03333333333333,4.931963,
3663,1131897833369885,61.05,5.258205,
3664,1131897842219258,61.06666666666666,5.052595,
3665,1131897850936266,61.083333333333336,4.923987,
3666,1131897859741413,61.1,5.032005,
3667,1131897870386367,61.11666666666667,4.983092,
3668,1131897879317115,61.13333333333333,5.089426,
3669,1131897888732434,61.15,5.554546,
3670,1131897898189875,61.166666666666664,5.601596,
3671,1131897906954188,61.18333333333333,4.908078,
3672,1131897915788934,61.199999999999996,5.024847,
3673,1131897924650245,61.21666666666667,5.006389,
3674,1131897933415528,61.233333333333334,4.920158,
3675,1131897942229326,61.25,4.952476,
3676,1131897951293246,61.266666666666666,5.29695,
3677,1131897960143666,61.28333333333333,5.012733,
3678,1131897968984840,61.3,5.017287,
3679,1131897977764024,61.31666666666666,5.005462,
3680,1131897986575390,61.333333333333336,5.036958,
3681,1131897995557163,61.35,5.156004,
3682,1131898004360545,61.36666666666667,4.943011,
3683,1131898013600252,61.38333333333333,5.415045,
3684,1131898022521955,61.4,5.065858,
3685,1131898031509383,61.416666666666664,5.112834,
3686,1131898040250953,61.43333333333333,4.904803,
3687,1131898049013820,61.449999999999996,4.985003,
3688,1131898057900065,61.46666666666667,5.088719,
3689,1131898068201555,61.483333333333334,5.122168,
3690,1131898077931406,61.5,5.953244,
3691,1131898086917560,61.516666666666666,5.156566,
3692,1131898095817457,61.53333333333333,4.997008,
3693,1131898104748298,61.55,5.180566,
3694,1131898113633084,61.56666666666666,5.050148,
3695,1131898122566810,61.583333333333336,5.09138,
3696,1131898131886469,61.6,5.479001,
3697,1131898140941293,61.61666666666667,5.202778,
3698,1131898149824384,61.63333333333333,5.018961,
3699,1131898158881639,61.65,5.245964,
3700,1131898167799747,61.666666666666664,5.106208,
3701,1131898176707939,61.68333333333333,5.06677,
3702,1131898185697175,61.699999999999996,5.119283,
3703,1131898194998260,61.71666666666667,5.293985,
3704,1131898204026880,61.733333333333334,5.172625,
3705,1131898212789972,61.75,4.979865,
3706,1131898221670655,61.766666666666666,5.106039,
3707,1131898230543794,61.78333333333333,5.035116,
3708,1131898239313705,61.8,5.020703,
3709,1131898248719731,61.81666666666666,5.592334,
3710,1131898257697770,61.833333333333336,5.148918,
3711,1131898266505794,61.85,5.008038,
3712,1131898275494995,61.86666666666667,5.22125,
3713,1131898284606869,61.88333333333333,5.295746,
3714,1131898293601825,61.9,5.190473,
3715,1131898302557092,61.916666666666664,5.031211,
3716,1131898311922207,61.93333333333333,5.445481,
3717,1131898321160970,61.949999999999996,5.308315,
3718,1131898330204949,61.96666666666667,5.219957,
3719,1131898339276400,61.983333333333334,5.145107,
3720,1131898348404705,62.0,5.195846,
3721,1131898357498383,62.016666666666666,5.141675,
3722,1131898366957597,62.03333333333333,5.507855,
3723,1131898376337556,62.05,5.410439,
3724,1131898385502656,62.06666666666666,5.245824,
3725,1131898394504695,62.083333333333336,5.091396,
3726,1131898403574293,62.1,5.201326,
3727,1131898412566620,62.11666666666667,5.060377,
3728,1131898421877438,62.13333333333333,5.419493,
3729,1131898431868225,62.15,5.605941,
3730,1131898440973906,62.166666666666664,5.219303,
3731,1131898449933032,62.18333333333333,5.076613,
3732,1131898459763235,62.199999999999996,5.096535,
3733,1131898468889158,62.21666666666667,5.161682,
3734,1131898477925059,62.233333333333334,5.068951,
3735,1131898488359875,62.25,5.758463,
3736,1131898497550361,62.266666666666666,5.212265,
3737,1131898506590216,62.28333333333333,5.109451,
3738,1131898515765384,62.3,5.223975,
3739,1131898524951023,62.31666666666666,5.216963,
3740,1131898534086166,62.333333333333336,5.226097,
3741,1131898543063232,62.35,5.138867,
3742,1131898552341114,62.36666666666667,5.425809,
3743,1131898561506092,62.38333333333333,5.223096,
3744,1131898570627772,62.4,5.188411,
3745,1131898579693151,62.416666666666664,5.196247,
3746,1131898588593511,62.43333333333333,5.074613,
3747,1131898597711241,62.449999999999996,5.25052,
3748,1131898606902321,62.46666666666667,5.399925,
3749,1131898616286781,62.483333333333334,5.385141,
3750,1131898625183898,62.5,4.933414,
3751,1131898634188597,62.516666666666666,5.172197,
3752,1131898643474598,62.53333333333333,5.325848,
3753,1131898652462061,62.55,5.190259,
3754,1131898661432692,62.56666666666666,5.186955,
3755,1131898670891654,62.583333333333336,5.577736,
3756,1131898679847717,62.6,5.034814,
3757,1131898688959852,62.61666666666667,5.096145,
3758,1131898697885527,62.63333333333333,5.145913,
3759,1131898706788135,62.65,5.147955,
3760,1131898715775342,62.666666666666664,5.136541,
3761,1131898724963816,62.68333333333333,5.291524,
3762,1131898734130171,62.699999999999996,5.392075,
3763,1131898742964919,62.71666666666667,5.034061,
3764,1131898751851808,62.733333333333334,5.064709,
3765,1131898760738859,62.75,5.095042,
3766,1131898769664435,62.766666666666666,5.073025,
3767,1131898778726692,62.78333333333333,5.239534,
3768,1131898788327231,62.8,5.723056,
3769,1131898797643358,62.81666666666666,5.475743,
3770,1131898806696103,62.833333333333336,5.224723,
3771,1131898815791837,62.85,5.180483,
3772,1131898824841318,62.86666666666667,5.26838,
3773,1131898833787902,62.88333333333333,5.14239,
3774,1131898842722859,62.9,5.131411,
3775,1131898852212884,62.916666666666664,5.285583,
3776,1131898861093323,62.93333333333333,5.05662,
3777,1131898869877019,62.949999999999996,4.989163,
3778,1131898878831194,62.96666666666667,5.038191,
3779,1131898887707585,62.983333333333334,4.970608,
3780,1131898896678468,63.0,5.029644,
3781,1131898905594561,63.016666666666666,5.060608,
3782,1131898915391480,63.03333333333333,5.428192,
3783,1131898924400522,63.05,5.157505,
3784,1131898933337581,63.06666666666666,5.043342,
3785,1131898942157219,63.083333333333336,4.978426,
3786,1131898951107989,63.1,5.047444,
3787,1131898960204280,63.11666666666667,5.188603,
3788,1131898969125990,63.13333333333333,5.064438,
3789,1131898978474358,63.15,5.488303,
3790,1131898987466830,63.166666666666664,5.105303,
3791,1131898996483710,63.18333333333333,5.083737,
3792,1131899005418160,63.199999999999996,5.029558,
3793,1131899014407388,63.21666666666667,5.05023,
3794,1131899023208067,63.233333333333334,4.932182,
3795,1131899032796551,63.25,5.658211,
3796,1131899041988030,63.266666666666666,5.299541,
3797,1131899050972975,63.28333333333333,5.040951,
3798,1131899060164974,63.3,5.250412,
3799,1131899069323844,63.31666666666666,5.237579,
3800,1131899078270384,63.333333333333336,5.013599,
3801,1131899087202137,63.35,5.089659,
3802,1131899096955589,63.36666666666667,5.775007,
3803,1131899106084087,63.38333333333333,5.207489,
3804,1131899114942220,63.4,5.004545,
3805,1131899123801570,63.416666666666664,5.005513,
3806,1131899132781282,63.43333333333333,4.98893,
3807,1131899142444625,63.449999999999996,5.123695,
3808,1131899151943593,63.46666666666667,5.52796,
3809,1131899161358760,63.483333333333334,5.38962,
3810,1131899170636816,63.5,5.248845,
3811,1131899179704232,63.516666666666666,5.139233,
3812,1131899189127138,63.53333333333333,5.161237,
3813,1131899198176712,63.55,5.082042,
3814,1131899207278123,63.56666666666666,5.18485,
3815,1131899217031323,63.583333333333336,5.730497,
3816,1131899226195758,63.6,5.213328,
3817,1131899235207829,63.61666666666667,5.137604,
3818,1131899244340904,63.63333333333333,5.247592,
3819,1131899253491980,63.65,5.299524,
3820,1131899262641463,63.666666666666664,5.183914,
3821,1131899271908747,63.68333333333333,5.382013,
3822,1131899280813970,63.699999999999996,5.038591,
3823,1131899289970032,63.71666666666667,5.298784,
3824,1131899299158850,63.733333333333334,5.330772,
3825,1131899308325225,63.75,5.280808,
3826,1131899317318867,63.766666666666666,5.049382,
3827,1131899326412082,63.78333333333333,5.159971,
3828,1131899336105254,63.8,5.784354,
3829,1131899345286478,63.81666666666666,5.333236,
3830,1131899354330923,63.833333333333336,5.123168,
3831,1131899363557758,63.85,5.263438,
3832,1131899372619178,63.86666666666667,5.178079,
3833,1131899381649394,63.88333333333333,5.254482,
3834,1131899391365159,63.9,5.44255,
3835,1131899400341603,63.916666666666664,5.132342,
3836,1131899409322336,63.93333333333333,5.113949,
3837,1131899418322140,63.949999999999996,5.114892,
3838,1131899427333000,63.96666666666667,5.095366,
3839,1131899436178065,63.983333333333334,5.043252,
3840,1131899445301393,64.0,5.192863,
3841,1131899455346214,64.01666666666667,5.567402,
3842,1131899464558716,64.03333333333333,5.230177,
3843,1131899473774533,64.05,5.246366,
3844,1131899482867467,64.06666666666666,5.18999,
3845,1131899492350458,64.08333333333333,5.127539,
3846,1131899501423276,64.1,5.105136,
3847,1131899511254819,64.11666666666666,5.845078,
3848,1131899520836487,64.13333333333333,5.131867,
3849,1131899529877010,64.15,5.138439,
3850,1131899538814186,64.16666666666667,5.025429,
3851,1131899547933643,64.18333333333334,5.166106,
3852,1131899557135597,64.2,5.270794,
3853,1131899567050835,64.21666666666667,5.822576,
3854,1131899576498441,64.23333333333333,5.518033,
3855,1131899585634241,64.25,5.219137,
3856,1131899594860858,64.26666666666667,5.32014,
3857,1131899603847840,64.28333333333333,5.234676,
3858,1131899613057987,64.3,5.395932,
3859,1131899622163215,64.31666666666666,5.307817,
3860,1131899631703575,64.33333333333333,5.483775,
3861,1131899640704430,64.35,5.074514,
3862,1131899649806269,64.36666666666666,5.098817,
3863,1131899658865106,64.38333333333333,5.141488,
3864,1131899667870787,64.4,5.090797,
3865,1131899676932039,64.41666666666667,5.130756,
3866,1131899685999401,64.43333333333334,5.22732,
3867,1131899695276378,64.45,5.393077,
3868,1131899704547770,64.46666666666667,5.348693,
3869,1131899713650322,64.48333333333333,5.205979,
3870,1131899722580956,64.5,5.183587,
3871,1131899731679876,64.51666666666667,5.150432,
3872,1131899740680546,64.53333333333333,5.128954,
3873,1131899750328263,64.55,5.69397,
3874,1131899759483618,64.56666666666666,5.218188,
3875,1131899768574928,64.58333333333333,5.171788,
3876,1131899777772822,64.6,5.249361,
3877,1131899787028439,64.61666666666666,5.306329,
3878,1131899796160869,64.63333333333333,5.221721,
3879,1131899805174144,64.65,5.155648,
3880,1131899814910608,64.66666666666667,5.387914,
3881,1131899823992549,64.68333333333334,5.348924,
3882,1131899833258289,64.7,5.43154,
3883,1131899842121362,64.71666666666667,5.053654,
3884,1131899851114907,64.73333333333333,5.051288,
3885,1131899860128218,64.75,5.110824,
3886,1131899869718590,64.76666666666667,5.663293,
3887,1131899878740608,64.78333333333333,5.139991,
3888,1131899887637253,64.8,5.030044,
3889,1131899896481293,64.81666666666666,4.988747,
3890,1131899905523461,64.83333333333333,5.151554,
3891,1131899914466232,64.85,5.079622,
3892,1131899923479233,64.86666666666666,5.121087,
3893,1131899933179010,64.88333333333333,5.374315,
3894,1131899942239356,64.9,5.114325,
3895,1131899951360976,64.91666666666667,5.16909,
3896,1131899960306850,64.93333333333334,5.101534,
3897,1131899969411869,64.95,5.171694,
3898,1131899978392419,64.96666666666667,5.130489,
3899,1131899987778158,64.98333333333333,5.523378,
3900,1131899997166231,65.0,5.522698,
3901,1131900006158187,65.01666666666667,5.245344,
3902,1131900015325027,65.03333333333333,5.293081,
3903,1131900024295034,65.05,5.070511,
3904,1131900033520057,65.06666666666666,5.321154,
3905,1131900042453326,65.08333333333333,5.019827,
3906,1131900051711686,65.1,5.377579,
3907,1131900060822744,65.11666666666666,5.246391,
3908,1131900069946658,65.13333333333333,5.166109,
3909,1131900079124492,65.15,5.310462,
3910,1131900087939432,65.16666666666667,5.107085,
3911,1131900097178216,65.18333333333334,5.356453,
3912,1131900106640307,65.2,5.677847,
3913,1131900115890563,65.21666666666667,5.376353,
3914,1131900125065211,65.23333333333333,5.252672,
3915,1131900134069176,65.25,5.091486,
3916,1131900143054557,65.26666666666667,5.269214,
3917,1131900152022966,65.28333333333333,5.084875,
3918,1131900160955819,65.3,5.065872,
3919,1131900170516422,65.31666666666666,5.628829,
3920,1131900179802786,65.33333333333333,5.35363,
3921,1131900188880973,65.35,5.201936,
3922,1131900197956811,65.36666666666666,5.161953,
3923,1131900207104464,65.38333333333333,5.277178,
3924,1131900216221634,65.4,5.244458,
3925,1131900225427413,65.41666666666667,5.252957,
3926,1131900234841783,65.43333333333334,5.374565,
3927,1131900243993361,65.45,5.243177,
3928,1131900253091233,65.46666666666667,5.140714,
3929,1131900262080963,65.48333333333333,5.111572,
3930,1131900271204997,65.5,5.240848,
3931,1131900280297658,65.51666666666667,5.220467,
3932,1131900290112587,65.53333333333333,5.935706,
3933,1131900299286086,65.55,5.305012,
3934,1131900308431612,65.56666666666666,5.260782,
3935,1131900317522533,65.58333333333333,5.155382,
3936,1131900326613536,65.6,5.120513,
3937,1131900335639098,65.61666666666666,5.122717,
3938,1131900344697778,65.63333333333333,5.109495,
3939,1131900354227694,65.65,5.602633,
3940,1131900363506164,65.66666666666667,5.434511,
3941,1131900372762578,65.68333333333334,5.320371,
3942,1131900382220691,65.7,5.582891,
3943,1131900391253574,65.71666666666667,5.160053,
3944,1131900400426116,65.73333333333333,5.280216,
3945,1131900409323507,65.75,4.999608,
3946,1131900418728329,65.76666666666667,5.455712,
3947,1131900427897045,65.78333333333333,5.226755,
3948,1131900436969202,65.8,5.218965,
3949,1131900445848355,65.81666666666666,5.11213,
3950,1131900455186806,65.83333333333333,5.204556,
3951,1131900464134559,65.85,5.097778,
3952,1131900474253641,65.86666666666666,5.593313,
3953,1131900483238035,65.88333333333333,5.080189,
3954,1131900492326763,65.9,5.145909,
3955,1131900501304331,65.91666666666667,5.137401,
3956,1131900510426696,65.93333333333334,5.19116,
3957,1131900520431321,65.95,5.129643,
3958,1131900529791203,65.96666666666667,5.306973,
3959,1131900539456394,65.98333333333333,5.607214,
3960,1131900549478339,66.0,5.093711,
3961,1131900558621942,66.01666666666667,5.102077,
3962,1131900567792824,66.03333333333333,5.146972,
3963,1131900576972372,66.05,5.15583,
3964,1131900586157464,66.06666666666666,5.167731,
3965,1131900595554576,66.08333333333333,5.369819,
3966,1131900604796838,66.1,5.225303,
3967,1131900613981566,66.11666666666666,5.225957,
3968,1131900623226006,66.13333333333333,5.201611,
3969,1131900632341243,66.15,5.187216,
3970,1131900641622517,66.16666666666667,5.347705,
3971,1131900651381544,66.18333333333334,5.903716,
3972,1131900660374574,66.2,5.1198,
3973,1131900669410173,66.21666666666667,5.171795,
3974,1131900678366591,66.23333333333333,5.092538,
3975,1131900687403724,66.25,5.166374,
3976,1131900696588103,66.26666666666667,5.237799,
3977,1131900706110870,66.28333333333333,5.711014,
3978,1131900715448370,66.3,5.472164,
3979,1131900726623074,66.31666666666666,5.271401,
3980,1131900736606159,66.33333333333333,5.163303,
3981,1131900745835920,66.35,5.197255,
3982,1131900754934395,66.36666666666666,5.136181,
3983,1131900764096386,66.38333333333333,5.219329,
3984,1131900773717700,66.4,5.362344,
3985,1131900782983855,66.41666666666667,5.395933,
3986,1131900792087508,66.43333333333334,5.236489,
3987,1131900801190050,66.45,5.248829,
3988,1131900809917635,66.46666666666667,4.896005,
3989,1131900818957520,66.48333333333333,5.066194,
3990,1131900828373440,66.5,5.521422,
3991,1131900837715624,66.51666666666667,5.404633,
3992,1131900846876659,66.53333333333333,5.276982,
3993,1131900855988504,66.55,5.186735,
3994,1131900866846987,66.56666666666666,5.04487,
3995,1131900875767946,66.58333333333333,4.941452,
3996,1131900884758667,66.6,5.064309,
3997,1131900894221213,66.61666666666666,5.54587,
3998,1131900905361016,66.63333333333333,5.240563,
3999,1131900916498111,66.65,5.245754,
4000,1131900927563334,66.66666666666667,5.273662,
4001,1131900938462952,66.68333333333334,5.169318,
4002,1131900949925108,66.7,5.541113,
4003,1131900961273712,66.71666666666667,5.548378,
4004,1131900972435174,66.73333333333333,5.223236,
4005,1131900983638298,66.75,5.288614,
4006,1131900995067960,66.76666666666667,5.44991,
4007,1131901006913695,66.78333333333333,5.716255,
4008,1131901018736524,66.8,5.663577,
4009,1131901030264242,66.81666666666666,5.381828,
4010,1131901041724329,66.83333333333333,5.191281,
4011,1131901053054027,66.85,5.378876,
4012,1131901062189766,66.86666666666666,5.245133,
4013,1131901071885345,66.88333333333333,5.417775,
4014,1131901080994423,66.9,5.210392,
4015,1131901090131674,66.91666666666667,5.221368,
4016,1131901099457662,66.93333333333334,5.157233,
4017,1131901108778396,66.95,5.425654,
4018,1131901117980184,66.96666666666667,5.330256,
4019,1131901127673926,66.98333333333333,5.725222,
4020,1131901137120996,67.0,5.534942,
4021,1131901146112210,67.01666666666667,5.180764,
4022,1131901156878283,67.03333333333333,5.201753,
4023,1131901166199486,67.05,5.3533,
4024,1131901175608602,67.06666666666666,5.350322,
4025,1131901185079248,67.08333333333333,5.107903,
4026,1131901194669807,67.1,5.748059,
4027,1131901203956305,67.11666666666666,5.239616,
4028,1131901213349317,67.13333333333333,5.079442,
4029,1131901222448229,67.15,5.042028,
4030,1131901231863066,67.16666666666667,5.054398,
4031,1131901241101688,67.18333333333334,5.247674,
4032,1131901252150468,67.2,5.613672,
4033,1131901261482126,67.21666666666667,5.263816,
4034,1131901270676014,67.23333333333333,5.162178,
4035,1131901280150311,67.25,5.266558,
4036,1131901289197119,67.26666666666667,5.11132,
4037,1131901298526907,67.28333333333333,5.418129,
4038,1131901308664340,67.3,5.599601,
4039,1131901318085308,67.31666666666666,5.467783,
4040,1131901327144568,67.33333333333333,5.243174,
4041,1131901336181930,67.35,5.206187,
4042,1131901345097186,67.36666666666666,5.066728,
4043,1131901354123677,67.38333333333333,5.190039,
4044,1131901363119420,67.4,5.091738,
4045,1131901372747216,67.41666666666667,5.69121,
4046,1131901381875781,67.43333333333334,5.165508,
4047,1131901391168517,67.45,5.392911,
4048,1131901400272106,67.46666666666667,5.206021,
4049,1131901409451805,67.48333333333333,5.277831,
4050,1131901418615749,67.5,5.185309,
4051,1131901428197145,67.51666666666667,5.710685,
4052,1131901437538387,67.53333333333333,5.456845,
4053,1131901446401918,67.55,4.976675,
4054,1131901455497759,67.56666666666666,5.08351,
4055,1131901464425319,67.58333333333333,5.111082,
4056,1131901473612155,67.6,5.188589,
4057,1131901482695773,67.61666666666666,5.161424,
4058,1131901492449142,67.63333333333333,5.794372,
4059,1131901501442045,67.65,5.131362,
4060,1131901510576473,67.66666666666667,5.300111,
4061,1131901520019170,67.68333333333334,5.373642,
4062,1131901529302317,67.7,5.340389,
4063,1131901538328420,67.71666666666667,5.16958,
4064,1131901547200724,67.73333333333333,5.095719,
4065,1131901557161217,67.75,5.688536,
4066,1131901566286683,67.76666666666667,5.261843,
4067,1131901575457463,67.78333333333333,5.166857,
4068,1131901585221981,67.8,5.232881,
4069,1131901596131550,67.81666666666666,5.141483,
4070,1131901605094833,67.83333333333333,5.129202,
4071,1131901614981632,67.85,5.580938,
4072,1131901624176841,67.86666666666666,5.129039,
4073,1131901633414847,67.88333333333333,5.30041,
4074,1131901642547049,67.9,5.246491,
4075,1131901651740372,67.91666666666667,5.294375,
4076,1131901660884784,67.93333333333334,5.202487,
4077,1131901670402275,67.95,5.641503,
4078,1131901679483721,67.96666666666667,5.241149,
4079,1131901688505833,67.98333333333333,5.129851,
4080,1131901697606496,68.0,5.156359,
4081,1131901706545866,68.01666666666667,5.040686,
4082,1131901715654700,68.03333333333333,5.226145,
4083,1131901724758554,68.05,5.214605,
4084,1131901734105994,68.06666666666666,5.393765,
4085,1131901743091227,68.08333333333333,5.206553,
4086,1131901752185894,68.1,5.21891,
4087,1131901761315448,68.11666666666666,5.222438,
4088,1131901770272657,68.13333333333333,5.161805,
4089,1131901779244656,68.15,5.110089,
4090,1131901788786835,68.16666666666667,5.672492,
4091,1131901798083519,68.18333333333334,5.345558,
4092,1131901806893379,68.2,5.068212,
4093,1131901815996709,68.21666666666667,5.245828,
4094,1131901825178569,68.23333333333333,5.167257,
4095,1131901834373285,68.25,5.344863,
4096,1131901843388889,68.26666666666667,5.121143,
4097,1131901852796319,68.28333333333333,5.359658,
4098,1131901862299323,68.3,5.549396,
4099,1131901871379608,68.31666666666666,5.229183,
4100,1131901880532101,68.33333333333333,5.042709,
4101,1131901889468820,68.35,5.051039,
4102,1131901898354389,68.36666666666666,4.999663,
4103,1131901907846688,68.38333333333333,5.59844,
4104,1131901917257057,68.4,5.468466,
4105,1131901926513620,68.41666666666667,5.321697,
4106,1131901935653364,68.43333333333334,5.179426,
4107,1131901944685842,68.45,5.180172,
4108,1131901953749155,68.46666666666667,5.187234,
4109,1131901962864457,68.48333333333333,5.260676,
4110,1131901972080361,68.5,5.303757,
4111,1131901981167376,68.51666666666667,5.220237,
4112,1131901990154436,68.53333333333333,5.131559,
4113,1131901999548964,68.55,5.373943,
4114,1131902008686489,68.56666666666666,5.168316,
4115,1131902018122237,68.58333333333333,5.18718,
4116,1131902027607934,68.6,5.529839,
4117,1131902036916895,68.61666666666666,5.352938,
4118,1131902045804716,68.63333333333333,5.074356,
4119,1131902055053229,68.65,5.358014,
4120,1131902064031785,68.66666666666667,5.175046,
4121,1131902072956118,68.68333333333334,5.152323,
4122,1131902081931526,68.7,5.050707,
4123,1131902091605224,68.71666666666667,5.547304,
4124,1131902100615155,68.73333333333333,5.089053,
4125,1131902109747848,68.75,5.186699,
4126,1131902118792147,68.76666666666667,5.075782,
4127,1131902127860286,68.78333333333333,5.230278,
4128,1131902137083484,68.8,5.35283,
4129,1131902146520140,68.81666666666666,5.609408,
4130,1131902155838201,68.83333333333333,5.378287,
4131,1131902164800254,68.85,5.064651,
4132,1131902173998535,68.86666666666666,5.248105,
4133,1131902183366321,68.88333333333333,5.264352,
4134,1131902192463638,68.9,5.147836,
4135,1131902201486284,68.91666666666667,5.211985,
4136,1131902211026361,68.93333333333334,5.468335,
4137,1131902220217269,68.95,5.29702,
4138,1131902229367953,68.96666666666667,5.279194,
4139,1131902238515213,68.98333333333333,5.321865,
4140,1131902247601836,69.0,5.225219,
4141,1131902256584354,69.01666666666667,5.15811,
4142,1131902265522159,69.03333333333333,5.198779,
4143,1131902275032437,69.05,5.677688,
4144,1131902284107139,69.06666666666666,5.16774,
4145,1131902293301742,69.08333333333333,5.381325,
4146,1131902302389856,69.1,5.126361,
4147,1131902311455428,69.11666666666666,5.097277,
4148,1131902320672629,69.13333333333333,5.236811,
4149,1131902330373207,69.15,5.863244,
4150,1131902339552482,69.16666666666667,5.229288,
4151,1131902348835863,69.18333333333334,5.281024,
4152,1131902357928951,69.2,5.251245,
4153,1131902366887099,69.21666666666667,5.230464,
4154,1131902375850990,69.23333333333333,5.17541,
4155,1131902384745014,69.25,5.061531,
4156,1131902393973464,69.26666666666667,5.324675,
4157,1131902403106933,69.28333333333333,5.19526,
4158,1131902412350435,69.3,5.398259,
4159,1131902421616714,69.31666666666666,5.294461,
4160,1131902430682690,69.33333333333333,5.155824,
4161,1131902439907034,69.35,5.324966,
4162,1131902449731672,69.36666666666666,5.926752,
4163,1131902458989547,69.38333333333333,5.310436,
4164,1131902467979571,69.4,5.058946,
4165,1131902476915357,69.41666666666667,5.038713,
4166,1131902485817266,69.43333333333334,5.111423,
4167,1131902494818364,69.45,5.031939,
4168,1131902503742005,69.46666666666667,5.048079,
4169,1131902513213018,69.48333333333333,5.527692,
4170,1131902522318972,69.5,5.169746,
4171,1131902531476238,69.51666666666667,5.310049,
4172,1131902540518988,69.53333333333333,5.144754,
4173,1131902549577769,69.55,5.22403,
4174,1131902558430215,69.56666666666666,5.008837,
4175,1131902567732746,69.58333333333333,5.458676,
4176,1131902577036046,69.6,5.446865,
4177,1131902586905517,69.61666666666666,5.215121,
4178,1131902596006313,69.63333333333333,5.115581,
4179,1131902605244647,69.65,5.316632,
4180,1131902615318855,69.66666666666667,5.373662,
4181,1131902624495878,69.68333333333334,5.271093,
4182,1131902633987527,69.7,5.366956,
4183,1131902642954573,69.71666666666667,5.058812,
4184,1131902652159257,69.73333333333333,5.255612,
4185,1131902661256713,69.75,5.130363,
4186,1131902670292654,69.76666666666667,5.132481,
4187,1131902679357752,69.78333333333333,5.18824,
4188,1131902688077635,69.8,5.06651,
4189,1131902697704454,69.81666666666666,5.350492,
4190,1131902706822487,69.83333333333333,5.089741,
4191,1131902715894374,69.85,5.199797,
4192,1131902725155050,69.86666666666666,5.295485,
4193,1131902734255991,69.88333333333333,5.230148,
4194,1131902743700413,69.9,5.114589,
4195,1131902753305416,69.91666666666667,5.426188,
4196,1131902762492434,69.93333333333334,5.318919,
4197,1131902771556787,69.95,5.165919,
4198,1131902780423499,69.96666666666667,5.108121,
4199,1131902789432249,69.98333333333333,5.169867,
4200,1131902798358679,70.0,5.035138,
4201,1131902807400576,70.01666666666667,5.198573,
4202,1131902817110246,70.03333333333333,5.794587,
4203,1131902826251223,70.05,5.267262,
4204,1131902835276988,70.06666666666666,5.109941,
4205,1131902844116188,70.08333333333333,5.103765,
4206,1131902853082325,70.1,5.152245,
4207,1131902861908736,70.11666666666666,5.201646,
4208,1131902871479051,70.13333333333333,5.611308,
4209,1131902880365675,70.15,5.113474,
4210,1131902889320443,70.16666666666667,5.022489,
4211,1131902898249873,70.18333333333334,5.073856,
4212,1131902907241331,70.2,5.056693,
4213,1131902916321796,70.21666666666667,5.259358,
4214,1131902925809235,70.23333333333333,5.647191,
4215,1131902935197662,70.25,5.45066,
4216,1131902944534407,70.26666666666667,5.575354,
4217,1131902953546767,70.28333333333333,5.166187,
4218,1131902962523429,70.3,5.161508,
4219,1131902971565785,70.31666666666666,5.073377,
4220,1131902980568720,70.33333333333333,5.029889,
4221,1131902990398170,70.35,5.89727,
4222,1131902999521085,70.36666666666666,5.173979,
4223,1131903008481990,70.38333333333333,5.088329,
4224,1131903017482604,70.4,5.128951,
4225,1131903026408785,70.41666666666667,5.036342,
4226,1131903035567144,70.43333333333334,5.005184,
4227,1131903044564547,70.45,5.088168,
4228,1131903054023735,70.46666666666667,5.483966,
4229,1131903062865114,70.48333333333333,5.018621,
4230,1131903071833176,70.5,5.035382,
4231,1131903080832246,70.51666666666667,5.106202,
4232,1131903089877423,70.53333333333333,5.153728,
4233,1131903098797879,70.55,5.047829,
4234,1131903108215489,70.56666666666666,5.568129,
4235,1131903117560522,70.58333333333333,5.561751,
4236,1131903126592183,70.6,5.125357,
4237,1131903135534722,70.61666666666666,4.993519,
4238,1131903144677274,70.63333333333333,5.079256,
4239,1131903153642379,70.65,5.016149,
4240,1131903162607074,70.66666666666667,4.973326,
4241,1131903172015823,70.68333333333334,5.578081,
4242,1131903181255874,70.7,5.358515,
4243,1131903190447466,70.71666666666667,5.101183,
4244,1131903199354169,70.73333333333333,5.031571,
4245,1131903208574697,70.75,5.242783,
4246,1131903217709233,70.76666666666667,5.142423,
4247,1131903227051224,70.78333333333333,5.437528,
4248,1131903236346150,70.8,5.410377,
4249,1131903245322504,70.81666666666666,5.082066,
4250,1131903254236710,70.83333333333333,5.042721,
4251,1131903263116983,70.85,5.044566,
4252,1131903272024518,70.86666666666666,4.950494,
4253,1131903281048822,70.88333333333333,5.143327,
4254,1131903290960412,70.9,5.848129,
4255,1131903300095765,70.91666666666667,5.213097,
4256,1131903309113762,70.93333333333334,5.126477,
4257,1131903318286230,70.95,5.322128,
4258,1131903327136432,70.96666666666667,5.039191,
4259,1131903336141165,70.98333333333333,5.062161,
4260,1131903345237227,71.0,5.104241,
4261,1131903354482067,71.01666666666667,5.25225,
4262,1131903363500732,71.03333333333333,5.125832,
4263,1131903372505516,71.05,5.05169,
4264,1131903381577184,71.06666666666666,5.1913,
4265,1131903390576881,71.08333333333333,5.071701,
4266,1131903399678831,71.1,5.210023,
4267,1131903408670295,71.11666666666666,5.179571,
4268,1131903417810176,71.13333333333333,5.248019,
4269,1131903426726365,71.15,5.070679,
4270,1131903435910928,71.16666666666667,5.2748,
4271,1131903444695249,71.18333333333334,5.039466,
4272,1131903453842643,71.2,5.027741,
4273,1131903462900045,71.21666666666667,5.121408,
4274,1131903472103382,71.23333333333333,5.239447,
4275,1131903481103774,71.25,5.057953,
4276,1131903490104660,71.26666666666667,5.077174,
4277,1131903498987996,71.28333333333333,5.106506,
4278,1131903507865996,71.3,5.034252,
4279,1131903516793678,71.31666666666666,5.130364,
4280,1131903525628950,71.33333333333333,5.036079,
4281,1131903535167258,71.35,5.641271,
4282,1131903544303487,71.36666666666666,5.305537,
4283,1131903553495074,71.38333333333333,5.294416,
4284,1131903562416890,71.4,4.967967,
4285,1131903571468290,71.41666666666667,5.09153,
4286,1131903580414658,71.43333333333334,5.026759,
4287,1131903589290206,71.45,4.932986,
4288,1131903598953690,71.46666666666667,5.316889,
4289,1131903607975240,71.48333333333333,5.106556,
4290,1131903617311578,71.5,5.075989,
4291,1131903626460793,71.51666666666667,5.12916,
4292,1131903635603486,71.53333333333333,5.169323,
4293,1131903644903706,71.55,5.032984,
4294,1131903654378317,71.56666666666666,5.344278,
4295,1131903663487658,71.58333333333333,5.147304,
4296,1131903672530223,71.6,5.100511,
4297,1131903681576596,71.61666666666666,5.139004,
4298,1131903690715317,71.63333333333333,5.222477,
4299,1131903699601879,71.65,4.991046,
4300,1131903708347318,71.66666666666667,5.031877,
4301,1131903717561858,71.68333333333334,5.26184,
4302,1131903726420477,71.7,4.979715,
4303,1131903735418814,71.71666666666667,5.132225,
4304,1131903744510820,71.73333333333333,5.166159,
4305,1131903753640372,71.75,5.244498,
4306,1131903762371962,71.76666666666667,4.930934,
4307,1131903771801201,71.78333333333333,5.479889,
4308,1131903780644359,71.8,4.916887,
4309,1131903789594851,71.81666666666666,5.084817,
4310,1131903798513388,71.83333333333333,4.98058,
4311,1131903807772568,71.85,5.311632,
4312,1131903816786177,71.86666666666666,5.070506,
4313,1131903825656737,71.88333333333333,4.950757,
4314,1131903835334747,71.9,5.810659,
4315,1131903844353611,71.91666666666667,5.213725,
4316,1131903853390188,71.93333333333334,5.092195,
4317,1131903862452147,71.95,5.204307,
4318,1131903871349023,71.96666666666667,4.956629,
4319,1131903880240123,71.98333333333333,5.021743,
4320,1131903889508455,72.0,4.917006,
4321,1131903898690393,72.01666666666667,5.258876,
4322,1131903907642773,72.03333333333333,5.074314,
4323,1131903916624417,72.05,5.150768,
4324,1131903925524414,72.06666666666666,5.046916,
4325,1131903934650932,72.08333333333333,5.152406,
4326,1131903943868465,72.1,5.258567,
4327,1131903953493527,72.11666666666666,5.649517,
4328,1131903962544666,72.13333333333333,5.097203,
4329,1131903971546944,72.15,5.083294,
4330,1131903980539451,72.16666666666667,5.129994,
4331,1131903989424678,72.18333333333334,4.958608,
4332,1131903998443903,72.2,5.058254,
4333,1131904007771513,72.21666666666667,5.49588,
4334,1131904016934746,72.23333333333333,5.324167,
4335,1131904025816306,72.25,5.046052,
4336,1131904034767205,72.26666666666667,5.080812,
4337,1131904043690989,72.28333333333333,5.190769,
4338,1131904052728860,72.3,5.144287,
4339,1131904061759814,72.31666666666666,5.157714,
4340,1131904071436666,72.33333333333333,5.302275,
4341,1131904080456850,72.35,5.108235,
4342,1131904089462708,72.36666666666666,5.132672,
4343,1131904098349686,72.38333333333333,4.893467,
4344,1131904107430906,72.4,5.144836,
4345,1131904116593351,72.41666666666667,5.087225,
4346,1131904126150461,72.43333333333334,5.580229,
4347,1131904135431618,72.45,5.446897,
4348,1131904144474531,72.46666666666667,5.196698,
4349,1131904153416512,72.48333333333333,5.032689,
4350,1131904162524060,72.5,5.168282,
4351,1131904171314676,72.51666666666667,4.93646,
4352,1131904180304502,72.53333333333333,5.118291,
4353,1131904189870616,72.55,5.684188,
4354,1131904199009554,72.56666666666666,5.25115,
4355,1131904208183105,72.58333333333333,5.192747,
4356,1131904217242795,72.6,5.187889,
4357,1131904226347241,72.61666666666666,5.173859,
4358,1131904235315121,72.63333333333333,5.068926,
4359,1131904244186904,72.65,4.998277,
4360,1131904253770388,72.66666666666667,5.61357,
4361,1131904262735601,72.68333333333334,4.997485,
4362,1131904271706068,72.7,5.083264,
4363,1131904280637060,72.71666666666667,5.001827,
4364,1131904289746791,72.73333333333333,5.17196,
4365,1131904298785168,72.75,5.122661,
4366,1131904308200116,72.76666666666667,5.517464,
4367,1131904317390334,72.78333333333333,5.376197,
4368,1131904326510136,72.8,5.178862,
4369,1131904335435121,72.81666666666666,4.996852,
4370,1131904344501681,72.83333333333333,5.133414,
4371,1131904353541505,72.85,4.966769,
4372,1131904362447445,72.86666666666666,5.009041,
4373,1131904371871592,72.88333333333333,5.45845,
4374,1131904380891902,72.9,5.062157,
4375,1131904389713260,72.91666666666667,4.951569,
4376,1131904398637207,72.93333333333334,5.042281,
4377,1131904407611829,72.95,5.112301,
4378,1131904416555132,72.96666666666667,5.132831,
4379,1131904425616341,72.98333333333333,5.101359,
4380,1131904435462236,73.0,5.466079,
4381,1131904444420252,73.01666666666667,5.070252,
4382,1131904453525593,73.03333333333333,5.196374,
4383,1131904462603726,73.05,5.143683,
4384,1131904472112694,73.06666666666666,5.170769,
4385,1131904481288211,73.08333333333333,5.246279,
4386,1131904490856022,73.1,5.264724,
4387,1131904499958253,73.11666666666666,5.205753,
4388,1131904508969301,73.13333333333333,5.092286,
4389,1131904518086698,73.15,5.170195,
4390,1131904526987755,73.16666666666667,5.035851,
4391,1131904535954602,73.18333333333334,5.065512,
4392,1131904545173700,73.2,5.418234,
4393,1131904554354341,73.21666666666667,5.27433,
4394,1131904563365206,73.23333333333333,5.161376,
4395,1131904572504270,73.25,5.136715,
4396,1131904581652327,73.26666666666667,5.184032,
4397,1131904590741891,73.28333333333333,5.139592,
4398,1131904599642096,73.3,5.01441,
4399,1131904608766759,73.31666666666666,5.195977,
4400,1131904618163185,73.33333333333333,5.513113,
4401,1131904627056060,73.35,4.982513,
4402,1131904636069368,73.36666666666666,5.161574,
4403,1131904645524628,73.38333333333333,5.162966,
4404,1131904654626701,73.4,5.137761,
4405,1131904663592836,73.41666666666667,4.991733,
4406,1131904673903962,73.43333333333334,5.877912,
4407,1131904683145094,73.45,5.256116,
4408,1131904692248946,73.46666666666667,5.102796,
4409,1131904701403608,73.48333333333333,5.213108,
4410,1131904710625240,73.5,5.273379,
4411,1131904719701790,73.51666666666667,5.20943,
4412,1131904729303015,73.53333333333333,5.730858,
4413,1131904738357171,73.55,5.143785,
4414,1131904747328705,73.56666666666666,5.033364,
4415,1131904756523034,73.58333333333333,5.084176,
4416,1131904765592417,73.6,5.163034,
4417,1131904774579696,73.61666666666666,5.077274,
4418,1131904783530734,73.63333333333333,5.070448,
4419,1131904792970723,73.65,5.331298,
4420,1131904802186266,73.66666666666667,5.340323,
4421,1131904811281014,73.68333333333334,5.167408,
4422,1131904820201448,73.7,5.038312,
4423,1131904829122409,73.71666666666667,5.07462,
4424,1131904838055793,73.73333333333333,5.024448,
4425,1131904847544557,73.75,5.619964,
4426,1131904856991433,73.76666666666667,5.48656,
4427,1131904867819064,73.78333333333333,5.066521,
4428,1131904876699429,73.8,4.964221,
4429,1131904885710997,73.81666666666666,5.074969,
4430,1131904894696950,73.83333333333333,4.983803,
4431,1131904903651420,73.85,5.053671,
4432,1131904913225511,73.86666666666666,5.637303,
4433,1131904922449944,73.88333333333333,5.381255,
4434,1131904931481711,73.9,5.109547,
4435,1131904940417536,73.91666666666667,5.05699,
4436,1131904949298613,73.93333333333334,4.943037,
4437,1131904958406243,73.95,5.215034,
4438,1131904968222853,73.96666666666667,5.891312,
4439,1131904977523273,73.98333333333333,5.3364,
4440,1131904986531216,74.0,5.129074,
4441,1131904995454577,74.01666666666667,5.051714,
4442,1131905004619509,74.03333333333333,5.174367,
4443,1131905013712575,74.05,5.130502,
4444,1131905022577153,74.06666666666666,4.991561,
4445,1131905031717982,74.08333333333333,5.215118,
4446,1131905040684095,74.1,5.070155,
4447,1131905049894576,74.11666666666666,5.318075,
4448,1131905058808083,74.13333333333333,4.962718,
4449,1131905067824946,74.15,5.072455,
4450,1131905076844448,74.16666666666667,5.082865,
4451,1131905086489566,74.18333333333334,5.709963,
4452,1131905095823429,74.2,5.44727,
4453,1131905104938270,74.21666666666667,5.267028,
4454,1131905113933480,74.23333333333333,5.119127,
4455,1131905122870784,74.25,5.097549,
4456,1131905131812567,74.26666666666667,5.079184,
4457,1131905141364983,74.28333333333333,5.099908,
4458,1131905151176159,74.3,5.814952,
4459,1131905160458222,74.31666666666666,5.094486,
4460,1131905169339055,74.33333333333333,5.025561,
4461,1131905178411684,74.35,5.111971,
4462,1131905187858940,74.36666666666666,5.033817,
4463,1131905196866540,74.38333333333333,5.039689,
4464,1131905205984072,74.4,5.178976,
4465,1131905215370177,74.41666666666667,5.434058,
4466,1131905224555552,74.43333333333334,5.23435,
4467,1131905233513568,74.45,5.020095,
4468,1131905242823769,74.46666666666667,5.645576,
4469,1131905251664755,74.48333333333333,4.957663,
4470,1131905260478185,74.5,4.948835,
4471,1131905270117517,74.51666666666667,5.662583,
4472,1131905279359627,74.53333333333333,5.407175,
4473,1131905288316454,74.55,5.162108,
4474,1131905297175766,74.56666666666666,5.082858,
4475,1131905306156778,74.58333333333333,5.133099,
4476,1131905315056809,74.6,5.15588,
4477,1131905323944211,74.61666666666666,5.120585,
4478,1131905333299915,74.63333333333333,5.328806,
4479,1131905342472092,74.65,5.30498,
4480,1131905351486131,74.66666666666667,5.102555,
4481,1131905360423681,74.68333333333334,5.023054,
4482,1131905369420006,74.7,5.048883,
4483,1131905378553921,74.71666666666667,5.190643,
4484,1131905388358019,74.73333333333333,5.842343,
4485,1131905397939672,74.75,5.29163,
4486,1131905406933566,74.76666666666667,5.177341,
4487,1131905415966272,74.78333333333333,5.198267,
4488,1131905425006637,74.8,5.152385,
4489,1131905433741275,74.81666666666666,4.964857,
4490,1131905442692762,74.83333333333333,5.079375,
4491,1131905451899728,74.85,5.212785,
4492,1131905460926867,74.86666666666666,5.051759,
4493,1131905469978534,74.88333333333333,5.099951,
4494,1131905479008989,74.9,5.068143,
4495,1131905487968153,74.91666666666667,5.174333,
4496,1131905497096578,74.93333333333334,5.246628,
4497,1131905506691507,74.95,5.742967,
4498,1131905515795313,74.96666666666667,5.267083,
4499,1131905524789978,74.98333333333333,5.056556,
4500,1131905533708405,75.0,4.996212,
4501,1131905542702917,75.01666666666667,5.112374,
4502,1131905551562334,75.03333333333333,4.957599,
4503,1131905560611256,75.05,5.123122,
4504,1131905570676254,75.06666666666666,6.134888,
4505,1131905579716980,75.08333333333333,5.126922,
4506,1131905588631521,75.1,4.973931,
4507,1131905597569172,75.11666666666666,5.059161,
4508,1131905606283867,75.13333333333333,4.955054,
4509,1131905615152325,75.15,5.015774,
4510,1131905624219737,75.16666666666667,5.15011,
4511,1131905633849759,75.18333333333334,5.308275,
4512,1131905643056554,75.2,5.288179,
4513,1131905652043872,75.21666666666667,5.180465,
4514,1131905660874589,75.23333333333333,4.991122,
4515,1131905669955514,75.25,5.095951,
4516,1131905679167000,75.26666666666667,5.34158,
4517,1131905688638595,75.28333333333333,5.250587,
4518,1131905698061094,75.3,5.439308,
4519,1131905707224588,75.31666666666666,5.15396,
4520,1131905716409178,75.33333333333333,4.987541,
4521,1131905725494544,75.35,5.106198,
4522,1131905734449094,75.36666666666666,5.001914,
4523,1131905743695930,75.38333333333333,5.264407,
4524,1131905753550810,75.4,5.445471,
4525,1131905762646868,75.41666666666667,5.11078,
4526,1131905771637547,75.43333333333334,5.060808,
4527,1131905780827078,75.45,5.187563,
4528,1131905789972487,75.46666666666667,5.181801,
4529,1131905799076087,75.48333333333333,5.162836,
4530,1131905808620563,75.5,5.660134,
4531,1131905817644898,75.51666666666667,5.269468,
4532,1131905826674248,75.53333333333333,5.060279,
4533,1131905835743692,75.55,5.146439,
4534,1131905844761377,75.56666666666666,5.006447,
4535,1131905853879148,75.58333333333333,5.102634,
4536,1131905863123742,75.6,5.244569,
4537,1131905872332298,75.61666666666666,5.263244,
4538,1131905881159444,75.63333333333333,4.937017,
4539,1131905890086765,75.65,5.087547,
4540,1131905899261988,75.66666666666667,5.302558,
4541,1131905908174628,75.68333333333334,5.035627,
4542,1131905917174802,75.7,5.073368,
4543,1131905926102953,75.71666666666667,5.072229,
4544,1131905935593234,75.73333333333333,5.666099,
4545,1131905944761680,75.75,5.293087,
4546,1131905953715552,75.76666666666667,5.088338,
4547,1131905962959238,75.78333333333333,5.313116,
4548,1131905971861647,75.8,5.164726,
4549,1131905980914118,75.81666666666666,5.152292,
4550,1131905990579441,75.83333333333333,5.857745,
4551,1131905999795902,75.85,5.25469,
4552,1131906008857134,75.86666666666666,5.115497,
4553,1131906018245978,75.88333333333333,5.193072,
4554,1131906027332508,75.9,5.165218,
4555,1131906036224768,75.91666666666667,5.017512,
4556,1131906045944881,75.93333333333334,5.801393,
4557,1131906055289001,75.95,5.434284,
4558,1131906064492907,75.96666666666667,5.244007,
4559,1131906073549177,75.98333333333333,5.132361,
4560,1131906082591787,76.0,5.08337,
4561,1131906091545656,76.01666666666667,5.024509,
4562,1131906100315685,76.03333333333333,4.95214,
4563,1131906109267847,76.05,5.065575,
4564,1131906118960636,76.06666666666666,5.361832,
4565,1131906128093854,76.08333333333333,5.264382,
4566,1131906137093054,76.1,5.0853,
4567,1131906146099848,76.11666666666666,5.130194,
4568,1131906155097647,76.13333333333333,5.135057,
4569,1131906164283457,76.15,5.211067,
4570,1131906173973306,76.16666666666667,5.813794,
4571,1131906183182373,76.18333333333334,5.116715,
4572,1131906192063052,76.2,5.02851,
4573,1131906200932836,76.21666666666667,4.994752,
4574,1131906209811583,76.23333333333333,4.93736,
4575,1131906219205963,76.25,5.525482,
4576,1131906228834876,76.26666666666667,5.710155,
4577,1131906238071675,76.28333333333333,5.252491,
4578,1131906247024387,76.3,5.093694,
4579,1131906255905944,76.31666666666666,5.043392,
4580,1131906265005624,76.33333333333333,5.142171,
4581,1131906274107021,76.35,5.165995,
4582,1131906283046310,76.36666666666666,5.010279,
4583,1131906292849148,76.38333333333333,5.356131,
4584,1131906301935035,76.4,5.159441,
4585,1131906311099258,76.41666666666667,5.107423,
4586,1131906320221868,76.43333333333334,5.101337,
4587,1131906329220261,76.45,4.976677,
4588,1131906338135008,76.46666666666667,4.971111,
4589,1131906347789842,76.48333333333333,5.710933,
4590,1131906357083883,76.5,5.369455,
4591,1131906366327116,76.51666666666667,5.294633,
4592,1131906375428635,76.53333333333333,5.185547,
4593,1131906384317670,76.55,4.993684,
4594,1131906393267919,76.56666666666666,5.059808,
4595,1131906402369929,76.58333333333333,5.223897,
4596,1131906412008626,76.6,5.431597,
4597,1131906420892817,76.61666666666666,5.037056,
4598,1131906429850420,76.63333333333333,5.127537,
4599,1131906438978021,76.65,5.263394,
4600,1131906447999902,76.66666666666667,5.165406,
4601,1131906456929483,76.68333333333334,5.117469,
4602,1131906465931453,76.7,5.122971,
4603,1131906475867319,76.71666666666667,5.401275,
4604,1131906484924582,76.73333333333333,5.071956,
4605,1131906493991320,76.75,5.09533,
4606,1131906503167646,76.76666666666667,5.223729,
4607,1131906512358745,76.78333333333333,5.239277,
4608,1131906521613717,76.8,5.128693,
4609,1131906531288366,76.81666666666666,5.875184,
4610,1131906540370316,76.83333333333333,5.108985,
4611,1131906549242514,76.85,5.040436,
4612,1131906558144102,76.86666666666666,5.009793,
4613,1131906567118497,76.88333333333333,5.124345,
4614,1131906576120338,76.9,5.094884,
4615,1131906585473653,76.91666666666667,5.464927,
4616,1131906594576005,76.93333333333334,5.218195,
4617,1131906603523738,76.95,4.999303,
4618,1131906612424330,76.96666666666667,5.043226,
4619,1131906621447907,76.98333333333333,5.063076,
4620,1131906630384379,77.0,5.001512,
4621,1131906639318072,77.01666666666667,5.074686,
4622,1131906649044379,77.03333333333333,5.772477,
4623,1131906657935424,77.05,5.009556,
4624,1131906666900023,77.06666666666666,5.105146,
4625,1131906675869652,77.08333333333333,5.09223,
4626,1131906684660000,77.1,4.958377,
4627,1131906693523869,77.11666666666666,5.090492,
4628,1131906702487818,77.13333333333333,5.102491,
4629,1131906711876425,77.15,5.497924,
4630,1131906721753188,77.16666666666667,5.511329,
4631,1131906730939872,77.18333333333334,5.225776,
4632,1131906740064840,77.2,5.102062,
4633,1131906749410130,77.21666666666667,5.381123,
4634,1131906759087379,77.23333333333333,5.191197,
4635,1131906769075724,77.25,6.058476,
4636,1131906778218324,77.26666666666667,5.231399,
4637,1131906787323658,77.28333333333333,5.116731,
4638,1131906796336561,77.3,5.048279,
4639,1131906805344002,77.31666666666666,5.067646,
4640,1131906814341475,77.33333333333333,5.060423,
4641,1131906823333037,77.35,5.102526,
4642,1131906833207347,77.36666666666666,5.437688,
4643,1131906842149512,77.38333333333333,5.172256,
4644,1131906851233111,77.4,5.219187,
4645,1131906861933725,77.41666666666667,6.849787,
4646,1131906870609571,77.43333333333334,4.891478,
4647,1131906879568329,77.45,5.098387,
4648,1131906888406828,77.46666666666667,4.928103,
4649,1131906897662216,77.48333333333333,5.387524,
4650,1131906906582467,77.5,5.036446,
4651,1131906915438842,77.51666666666667,4.972648,
4652,1131906924429557,77.53333333333333,5.122471,
4653,1131906933325563,77.55,5.092112,
4654,1131906942124066,77.56666666666666,5.057488,
4655,1131906951597742,77.58333333333333,5.625108,
4656,1131906960445958,77.6,5.03418,
4657,1131906969564944,77.61666666666666,5.11263,
4658,1131906978530428,77.63333333333333,5.026086,
4659,1131906987581916,77.65,5.053727,
4660,1131906996533696,77.66666666666667,5.111133,
4661,1131907005389815,77.68333333333334,5.029493,
4662,1131907014607873,77.7,5.334479,
4663,1131907023584152,77.71666666666667,5.163085,
4664,1131907032695312,77.73333333333333,5.172535,
4665,1131907041441950,77.75,5.095521,
4666,1131907050475678,77.76666666666667,5.100422,
4667,1131907059234948,77.78333333333333,4.973457,
4668,1131907068250488,77.8,5.145461,
4669,1131907078094115,77.81666666666666,5.374394,
4670,1131907087068335,77.83333333333333,5.100681,
4671,1131907096044687,77.85,5.080222,
4672,1131907105102603,77.86666666666666,5.21426,
4673,1131907114078268,77.88333333333333,5.108851,
4674,1131907122939914,77.9,4.98813,
4675,1131907132285694,77.91666666666667,5.419268,
4676,1131907141944602,77.93333333333334,5.116884,
4677,1131907151095248,77.95,5.165265,
4678,1131907159970122,77.96666666666667,5.062717,
4679,1131907168752608,77.98333333333333,4.918241,
4680,1131907178160908,78.0,5.437219,
4681,1131907188068775,78.01666666666667,5.538237,
4682,1131907197084405,78.03333333333333,5.311861,
4683,1131907205977368,78.05,5.019081,
4684,1131907215087623,78.06666666666666,5.204693,
4685,1131907223988535,78.08333333333333,5.234902,
4686,1131907232973030,78.1,5.140088,
4687,1131907242109429,78.11666666666666,5.24365,
4688,1131907250948755,78.13333333333333,5.006694,
4689,1131907260846088,78.15,5.419023,
4690,1131907269707066,78.16666666666667,5.096331,
4691,1131907278525146,78.18333333333334,4.99011,
4692,1131907287563417,78.2,5.082505,
4693,1131907296546660,78.21666666666667,5.100162,
4694,1131907305604843,78.23333333333333,5.149889,
4695,1131907315240333,78.25,5.766378,
4696,1131907324423543,78.26666666666667,5.261488,
4697,1131907333362171,78.28333333333333,5.097197,
4698,1131907342131070,78.3,4.957026,
4699,1131907351173986,78.31666666666666,5.135251,
4700,1131907359986567,78.33333333333333,5.167839,
4701,1131907369577261,78.35,5.741832,
4702,1131907378864834,78.36666666666666,5.397961,
4703,1131907388078714,78.38333333333333,5.222424,
4704,1131907396943577,78.4,5.235884,
4705,1131907405800303,78.41666666666667,5.13033,
4706,1131907414876759,78.43333333333334,5.215549,
4707,1131907423809694,78.45,5.150463,
4708,1131907433468318,78.46666666666667,5.38794,
4709,1131907442630504,78.48333333333333,5.181044,
4710,1131907451716567,78.5,5.065151,
4711,1131907460916654,78.51666666666667,5.260082,
4712,1131907469939380,78.53333333333333,5.222305,
4713,1131907478823327,78.55,5.079063,
4714,1131907488781939,78.56666666666666,6.036375,
4715,1131907497695311,78.58333333333333,5.19968,
4716,1131907506551660,78.6,5.092327,
4717,1131907515651121,78.61666666666666,5.256997,
4718,1131907524630967,78.63333333333333,4.998153,
4719,1131907533524145,78.65,4.997278,
4720,1131907542287088,78.66666666666667,4.945756,
4721,1131907552075632,78.68333333333334,5.461723,
4722,1131907561147111,78.7,5.157702,
4723,1131907569930581,78.71666666666667,4.947414,
4724,1131907578673489,78.73333333333333,4.956399,
4725,1131907587753590,78.75,5.207285,
4726,1131907596535779,78.76666666666667,4.970984,
4727,1131907605501946,78.78333333333333,5.012623,
4728,1131907615139958,78.8,5.33434,
4729,1131907624092452,78.81666666666666,5.026457,
4730,1131907633023570,78.83333333333333,5.07177,
4731,1131907641912468,78.85,5.150989,
4732,1131907650845972,78.86666666666666,5.099577,
4733,1131907659892589,78.88333333333333,5.103306,
4734,1131907669654860,78.9,5.80844,
4735,1131907678803434,78.91666666666667,5.210349,
4736,1131907687917773,78.93333333333334,5.237874,
4737,1131907697015445,78.95,5.210272,
4738,1131907706125355,78.96666666666667,5.155807,
4739,1131907715100898,78.98333333333333,5.067416,
4740,1131907724129345,79.0,5.23041,
4741,1131907733867868,79.01666666666667,5.563238,
4742,1131907742602167,79.03333333333333,4.928008,
4743,1131907751741497,79.05,5.178877,
4744,1131907761555398,79.06666666666666,5.19997,
4745,1131907770720835,79.08333333333333,5.154843,
4746,1131907779955086,79.1,5.231483,
4747,1131907790202523,79.11666666666666,5.858227,
4748,1131907799446547,79.13333333333333,5.272798,
4749,1131907808552354,79.15,5.150751,
4750,1131907817536578,79.16666666666667,5.028979,
4751,1131907826500523,79.18333333333334,4.99979,
4752,1131907835626401,79.2,5.197712,
4753,1131907844645756,79.21666666666667,5.219014,
4754,1131907854398664,79.23333333333333,5.308127,
4755,1131907865781439,79.25,5.24777,
4756,1131907874586562,79.26666666666667,4.940221,
4757,1131907883545752,79.28333333333333,5.075161,
4758,1131907892544013,79.3,5.067408,
4759,1131907901593489,79.31666666666666,5.121825,
4760,1131907911419001,79.33333333333333,5.282216,
4761,1131907920479625,79.35,5.171581,
4762,1131907929437377,79.36666666666666,5.022581,
4763,1131907938312078,79.38333333333333,4.945015,
4764,1131907947090859,79.4,4.961704,
4765,1131907955923741,79.41666666666667,5.002228,
4766,1131907964772048,79.43333333333334,5.086241,
4767,1131907974500503,79.45,5.851837,
4768,1131907983402932,79.46666666666667,5.026307,
4769,1131907992513142,79.48333333333333,5.135496,
4770,1131908001550640,79.5,5.157359,
4771,1131908010553624,79.51666666666667,5.060471,
4772,1131908019714879,79.53333333333333,5.23391,
4773,1131908029063986,79.55,5.484555,
4774,1131908038238906,79.56666666666666,5.343017,
4775,1131908047108859,79.58333333333333,5.076012,
4776,1131908056191703,79.6,5.255342,
4777,1131908065087413,79.61666666666666,5.048449,
4778,1131908074065661,79.63333333333333,5.048435,
4779,1131908082982558,79.65,5.122049,
4780,1131908092536139,79.66666666666667,5.603795,
4781,1131908101544886,79.68333333333334,5.080406,
4782,1131908110613673,79.7,5.155364,
4783,1131908119413915,79.71666666666667,4.988115,
4784,1131908128318889,79.73333333333333,5.055606,
4785,1131908137275514,79.75,5.080585,
4786,1131908146420701,79.76666666666667,5.219348,
4787,1131908156116182,79.78333333333333,5.77576,
4788,1131908164853250,79.8,4.959312,
4789,1131908173887308,79.81666666666666,5.102041,
4790,1131908183099458,79.83333333333333,5.131302,
4791,1131908192163389,79.85,5.146444,
4792,1131908201074700,79.86666666666666,4.997002,
4793,1131908210589529,79.88333333333333,5.758322,
4794,1131908219586624,79.9,5.139236,
4795,1131908228518957,79.91666666666667,4.939532,
4796,1131908237386836,79.93333333333334,5.076103,
4797,1131908246449786,79.95,5.106816,
4798,1131908255422001,79.96666666666667,5.031922,
4799,1131908264457241,79.98333333333333,5.106219,
4800,1131908273900434,80.0,5.487081,
4801,1131908283080215,80.01666666666667,5.251109,
4802,1131908291981386,80.03333333333333,5.082661,
4803,1131908300914542,80.05,5.06742,
4804,1131908309695901,80.06666666666666,5.062791,
4805,1131908318764749,80.08333333333333,5.194011,
4806,1131908327692551,80.1,5.130919,
4807,1131908336881937,80.11666666666666,5.310677,
4808,1131908345828621,80.13333333333333,4.983327,
4809,1131908354844759,80.15,5.084102,
4810,1131908364505471,80.16666666666667,5.723318,
4811,1131908373249267,80.18333333333334,4.936114,
4812,1131908382104847,80.2,5.05715,
4813,1131908391641714,80.21666666666667,5.362749,
4814,1131908400740834,80.23333333333333,5.210347,
4815,1131908409847531,80.25,5.168901,
4816,1131908418851888,80.26666666666667,5.109348,
4817,1131908427985295,80.28333333333333,5.167806,
4818,1131908437202024,80.3,5.254079,
4819,1131908447026717,80.31666666666666,5.892258,
4820,1131908456524884,80.33333333333333,5.587088,
4821,1131908465605036,80.35,5.187822,
4822,1131908477201924,80.36666666666666,5.227627,
4823,1131908486242803,80.38333333333333,5.166653,
4824,1131908495320133,80.4,5.228756,
4825,1131908504323874,80.41666666666667,5.202177,
4826,1131908513720839,80.43333333333334,5.575818,
4827,1131908522657364,80.45,5.085855,
4828,1131908531602593,80.46666666666667,5.116533,
4829,1131908540601015,80.48333333333333,5.139579,
4830,1131908549784029,80.5,5.330589,
4831,1131908559074632,80.51666666666667,5.392407,
4832,1131908568914651,80.53333333333333,5.969065,
4833,1131908577960154,80.55,5.183254,
4834,1131908587211621,80.56666666666666,5.399919,
4835,1131908596325803,80.58333333333333,5.238602,
4836,1131908605261944,80.6,5.161307,
4837,1131908614251187,80.61666666666666,5.139638,
4838,1131908623417881,80.63333333333333,5.298497,
4839,1131908632732304,80.65,5.448475,
4840,1131908641854051,80.66666666666667,5.280565,
4841,1131908650924296,80.68333333333334,5.206947,
4842,1131908660057900,80.7,5.250767,
4843,1131908669031146,80.71666666666667,5.197643,
4844,1131908678142796,80.73333333333333,5.229584,
4845,1131908687698388,80.75,5.74446,
4846,1131908697027819,80.76666666666667,5.489409,
4847,1131908705896813,80.78333333333333,5.093979,
4848,1131908714803357,80.8,5.064873,
4849,1131908723798225,80.81666666666666,5.17371,
4850,1131908732876134,80.83333333333333,5.212086,
4851,1131908742065853,80.85,5.299254,
4852,1131908751781680,80.86666666666666,5.555529,
4853,1131908760752818,80.88333333333333,5.111826,
4854,1131908769938110,80.9,5.268496,
4855,1131908779078389,80.91666666666667,5.349884,
4856,1131908788636328,80.93333333333334,5.32034,
4857,1131908798271532,80.95,5.227281,
4858,1131908807868882,80.96666666666667,5.733384,
4859,1131908817269947,80.98333333333333,5.43872,
4860,1131908826589323,81.0,5.049977,
4861,1131908835791781,81.01666666666667,5.274333,
4862,1131908844844958,81.03333333333333,5.170669,
4863,1131908853901800,81.05,5.163552,
4864,1131908864542876,81.06666666666666,6.786205,
4865,1131908873835183,81.08333333333333,5.414262,
4866,1131908882795722,81.1,5.102052,
4867,1131908891851109,81.11666666666666,5.176457,
4868,1131908901069283,81.13333333333333,5.335881,
4869,1131908910231058,81.15,5.291356,
4870,1131908919221630,81.16666666666667,5.153804,
4871,1131908928979062,81.18333333333334,5.914158,
4872,1131908938017121,81.2,5.251705,
4873,1131908946934279,81.21666666666667,5.145481,
4874,1131908955938878,81.23333333333333,5.154019,
4875,1131908965034378,81.25,5.236747,
4876,1131908974440760,81.26666666666667,5.624448,
4877,1131908983407777,81.28333333333333,5.22239,
4878,1131908993075702,81.3,5.359763,
4879,1131909002219380,81.31666666666666,5.317197,
4880,1131909011268949,81.33333333333333,5.203353,
4881,1131909020273127,81.35,5.212951,
4882,1131909029123201,81.36666666666666,5.071588,
4883,1131909038068549,81.38333333333333,4.984076,
4884,1131909047303544,81.4,5.503091,
4885,1131909056746673,81.41666666666667,5.587978,
4886,1131909065692459,81.43333333333334,5.108726,
4887,1131909074791805,81.45,5.237221,
4888,1131909083566777,81.46666666666667,4.955271,
4889,1131909092589286,81.48333333333333,5.175059,
4890,1131909101518329,81.5,5.154658,
4891,1131909110729720,81.51666666666667,5.252082,
4892,1131909120488309,81.53333333333333,5.380173,
4893,1131909129262431,81.55,5.000501,
4894,1131909138677237,81.56666666666666,5.367486,
4895,1131909147566141,81.58333333333333,5.00957,
4896,1131909156708404,81.6,5.150212,
4897,1131909165699126,81.61666666666666,5.103411,
4898,1131909175664896,81.63333333333333,6.007705,
4899,1131909185186310,81.65,5.064183,
4900,1131909194404106,81.66666666666667,5.183245,
4901,1131909203544629,81.68333333333334,5.123122,
4902,1131909212692489,81.7,5.148591,
4903,1131909221788360,81.71666666666667,5.116122,
4904,1131909231646702,81.73333333333333,5.95116,
4905,1131909240584779,81.75,5.028897,
4906,1131909249473229,81.76666666666667,4.975234,
4907,1131909258601264,81.78333333333333,5.161882,
4908,1131909267542647,81.8,5.03677,
4909,1131909276520475,81.81666666666666,5.122329,
4910,1131909285733308,81.83333333333333,5.260554,
4911,1131909295296535,81.85,5.639184,
4912,1131909304775762,81.86666666666666,5.566827,
4913,1131909313944739,81.88333333333333,5.260742,
4914,1131909323069340,81.9,5.256126,
4915,1131909332032705,81.91666666666667,5.132402,
4916,1131909340957271,81.93333333333334,5.066834,
4917,1131909350630786,81.95,5.769643,
4918,1131909359872784,81.96666666666667,5.324273,
4919,1131909368858241,81.98333333333333,5.210885,
4920,1131909378040799,82.0,5.181285,
4921,1131909387149471,82.01666666666667,5.230126,
4922,1131909396249500,82.03333333333333,5.219994,
4923,1131909405361152,82.05,5.154023,
4924,1131909414666815,82.06666666666666,5.390663,
4925,1131909423747187,82.08333333333333,5.245341,
4926,1131909432675252,82.1,5.113757,
4927,1131909441661935,82.11666666666666,5.108213,
4928,1131909450564817,82.13333333333333,5.034981,
4929,1131909459490033,82.15,4.951711,
4930,1131909468605017,82.16666666666667,5.298734,
4931,1131909477978180,82.18333333333334,5.345397,
4932,1131909487125438,82.2,5.217405,
4933,1131909496111913,82.21666666666667,5.134233,
4934,1131909505249361,82.23333333333333,5.360684,
4935,1131909514270687,82.25,5.212637,
4936,1131909523311044,82.26666666666667,5.048115,
4937,1131909532634325,82.28333333333333,5.330983,
4938,1131909541620694,82.3,5.067263,
4939,1131909550696835,82.31666666666666,5.15646,
4940,1131909559768139,82.33333333333333,5.109562,
4941,1131909568877832,82.35,5.120538,
4942,1131909578086170,82.36666666666666,5.26293,
4943,1131909587666270,82.38333333333333,5.673536,
4944,1131909596847114,82.4,5.291958,
4945,1131909605737046,82.41666666666667,5.156786,
4946,1131909614546087,82.43333333333334,4.936362,
4947,1131909623574333,82.45,5.149117,
4948,1131909632602020,82.46666666666667,5.048257,
4949,1131909641726020,82.48333333333333,5.082986,
4950,1131909651502796,82.5,5.747801,
4951,1131909660893245,82.51666666666667,5.38686,
4952,1131909669952431,82.53333333333333,5.134113,
4953,1131909679109541,82.55,5.227325,
4954,1131909688191199,82.56666666666666,5.208441,
4955,1131909697318408,82.58333333333333,5.217064,
4956,1131909706862238,82.6,5.605289,
4957,1131909716151803,82.61666666666666,5.322102,
4958,1131909725430288,82.63333333333333,5.101382,
4959,1131909734481660,82.65,5.171041,
4960,1131909743572710,82.66666666666667,5.144996,
4961,1131909752718163,82.68333333333334,5.189327,
4962,1131909761628572,82.7,4.984904,
4963,1131909771425739,82.71666666666667,5.825008,
4964,1131909780623429,82.73333333333333,5.238784,
4965,1131909789808188,82.75,5.169009,
4966,1131909798928689,82.76666666666667,5.238589,
4967,1131909807849848,82.78333333333333,5.177566,
4968,1131909816930980,82.8,5.185125,
4969,1131909827395311,82.81666666666666,5.608546,
4970,1131909836807495,82.83333333333333,5.402357,
4971,1131909845884033,82.85,5.084153,
4972,1131909855942961,82.86666666666666,5.211472,
4973,1131909866906601,82.88333333333333,5.154444,
4974,1131909875906037,82.9,5.052956,
4975,1131909884893323,82.91666666666667,5.066481,
4976,1131909894271122,82.93333333333334,5.365051,
4977,1131909903388242,82.95,5.092379,
4978,1131909912349918,82.96666666666667,5.062443,
4979,1131909921513383,82.98333333333333,5.139851,
4980,1131909930789487,83.0,5.170285,
4981,1131909939736995,83.01666666666667,5.087255,
4982,1131909949320946,83.03333333333333,5.78318,
4983,1131909958366544,83.05,5.17751,
4984,1131909967435159,83.06666666666666,5.164927,
4985,1131909976436555,83.08333333333333,5.079557,
4986,1131909985670032,83.1,5.364601,
4987,1131909994729119,83.11666666666666,5.129603,
4988,1131910004205249,83.13333333333333,5.58463,
4989,1131910013450198,83.15,5.376271,
4990,1131910022521666,83.16666666666667,5.118863,
4991,1131910031580345,83.18333333333334,5.125059,
4992,1131910040816987,83.2,5.27757,
4993,1131910049910883,83.21666666666667,5.153879,
4994,1131910058945099,83.23333333333333,5.082391,
4995,1131910068479222,83.25,5.655167,
4996,1131910077730181,83.26666666666667,5.366005,
4997,1131910086677517,83.28333333333333,5.136921,
4998,1131910095477799,83.3,4.977656,
4999,1131910104452796,83.31666666666666,5.082304,
5000,1131910113606371,83.33333333333333,5.250119,
5001,1131910122717161,83.35,5.138209,
5002,1131910132042533,83.36666666666666,5.428866,
5003,1131910141195359,83.38333333333333,5.2432,
5004,1131910150149893,83.4,5.041058,
5005,1131910159078974,83.41666666666667,5.105635,
5006,1131910167865018,83.43333333333334,5.038738,
5007,1131910176793490,83.45,5.053511,
5008,1131910186494359,83.46666666666667,5.6552,
5009,1131910195911705,83.48333333333333,5.421988,
5010,1131910204903571,83.5,5.050068,
5011,1131910214037023,83.51666666666667,5.251812,
5012,1131910223109887,83.53333333333333,5.206451,
5013,1131910232327776,83.55,5.270899,
5014,1131910241374430,83.56666666666666,5.106648,
5015,1131910251152790,83.58333333333333,5.892087,
5016,1131910260131230,83.6,5.151754,
5017,1131910269165201,83.61666666666666,5.16751,
5018,1131910278215357,83.63333333333333,5.219222,
5019,1131910287207078,83.65,5.190687,
5020,1131910296280152,83.66666666666667,5.187773,
5021,1131910305294354,83.68333333333334,5.175256,
5022,1131910315028300,83.7,5.462293,
5023,1131910324158652,83.71666666666667,5.264743,
5024,1131910333037676,83.73333333333333,5.050748,
5025,1131910342018386,83.75,5.107368,
5026,1131910350965395,83.76666666666667,5.089151,
5027,1131910359931072,83.78333333333333,5.123132,
5028,1131910368911857,83.8,5.043298,
5029,1131910378746700,83.81666666666666,5.39758,
5030,1131910387875455,83.83333333333333,5.215113,
5031,1131910396816140,83.85,5.051672,
5032,1131910405632906,83.86666666666666,4.979453,
5033,1131910414769669,83.88333333333333,5.183525,
5034,1131910423923092,83.9,5.226,
5035,1131910433186616,83.91666666666667,5.37936,
5036,1131910442213912,83.93333333333334,4.993815,
5037,1131910451366557,83.95,5.20758,
5038,1131910460345217,83.96666666666667,4.997537,
5039,1131910469542861,83.98333333333333,5.228733,
5040,1131910478471595,84.0,5.035269,
5041,1131910488045271,84.01666666666667,5.691618,
5042,1131910497327350,84.03333333333333,5.39741,
5043,1131910506531869,84.05,5.224756,
5044,1131910515588701,84.06666666666666,5.085722,
5045,1131910524846040,84.08333333333333,5.211633,
5046,1131910533848766,84.1,5.089722,
5047,1131910542848297,84.11666666666666,5.125457,
5048,1131910551930271,84.13333333333333,5.277303,
5049,1131910560946354,84.15,5.142942,
5050,1131910570038448,84.16666666666667,5.224597,
5051,1131910579043844,84.18333333333334,5.088789,
5052,1131910588235148,84.2,5.324071,
5053,1131910597481263,84.21666666666667,5.388979,
5054,1131910606973813,84.23333333333333,5.595774,
5055,1131910616322676,84.25,5.473961,
5056,1131910625223523,84.26666666666667,5.054068,
5057,1131910634191986,84.28333333333333,5.110626,
5058,1131910643151406,84.3,5.032349,
5059,1131910652234406,84.31666666666666,5.159325,
5060,1131910661341143,84.33333333333333,5.11949,
5061,1131910670888227,84.35,5.449803,
5062,1131910679916111,84.36666666666666,5.149504,
5063,1131910688910878,84.38333333333333,5.085522,
5064,1131910698073119,84.4,5.313878,
5065,1131910707208417,84.41666666666667,5.265205,
5066,1131910716125977,84.43333333333334,5.09522,
5067,1131910725094810,84.45,5.17146,
5068,1131910734681231,84.46666666666667,5.289575,
5069,1131910743592135,84.48333333333333,5.030551,
5070,1131910752541518,84.5,5.07294,
5071,1131910761616473,84.51666666666667,5.153189,
5072,1131910770582322,84.53333333333333,5.059298,
5073,1131910779672864,84.55,5.062632,
5074,1131910789505778,84.56666666666666,5.873344,
5075,1131910798758225,84.58333333333333,5.36602,
5076,1131910807743161,84.6,5.186848,
5077,1131910816690135,84.61666666666666,5.272533,
5078,1131910826108936,84.63333333333333,5.287323,
5079,1131910835121818,84.65,5.065657,
5080,1131910844383156,84.66666666666667,5.294132,
5081,1131910853846025,84.68333333333334,5.345853,
5082,1131910865839428,84.7,5.194075,
5083,1131910874809470,84.71666666666667,5.027594,
5084,1131910883834077,84.73333333333333,5.104426,
5085,1131910893471330,84.75,5.098202,
5086,1131910902589284,84.76666666666667,5.159396,
5087,1131910911910034,84.78333333333333,5.37988,
5088,1131910921023818,84.8,5.206911,
5089,1131910930114223,84.81666666666666,5.16538,
5090,1131910939384188,84.83333333333333,5.312319,
5091,1131910948494263,84.85,5.130879,
5092,1131910957444902,84.86666666666666,5.123808,
5093,1131910966850802,84.88333333333333,5.532645,
5094,1131910976133444,84.9,5.375396,
5095,1131910985083378,84.91666666666667,5.109175,
5096,1131910994149893,84.93333333333334,5.204262,
5097,1131911003264844,84.95,5.247334,
5098,1131911012277536,84.96666666666667,5.057855,
5099,1131911021400022,84.98333333333333,5.158835,
5100,1131911031157372,85.0,5.385874,
5101,1131911040198985,85.01666666666667,5.131969,
5102,1131911049305794,85.03333333333333,5.253689,
5103,1131911058308985,85.05,5.07686,
5104,1131911067682219,85.06666666666666,5.365472,
5105,1131911076609566,85.08333333333333,5.063312,
5106,1131911085904977,85.1,5.4624,
5107,1131911095314855,85.11666666666666,5.528535,
5108,1131911104316624,85.13333333333333,5.151622,
5109,1131911118808108,85.15,5.209147,
5110,1131911127952013,85.16666666666667,5.225142,
5111,1131911137120425,85.18333333333334,5.310703,
5112,1131911146333841,85.2,5.417818,
5113,1131911155607274,85.21666666666667,5.31511,
5114,1131911164745557,85.23333333333333,5.17453,
5115,1131911173844013,85.25,5.13387,
5116,1131911183104998,85.26666666666667,5.044828,
5117,1131911192102848,85.28333333333333,5.040941,
5118,1131911201104839,85.3,5.170837,
5119,1131911210777002,85.31666666666666,5.747746,
5120,1131911219827458,85.33333333333333,5.076269,
5121,1131911228950179,85.35,5.141891,
5122,1131911237940072,85.36666666666666,5.095143,
5123,1131911246879761,85.38333333333333,5.127867,
5124,1131911255594245,85.4,4.894358,
5125,1131911264679446,85.41666666666667,5.143049,
5126,1131911273759677,85.43333333333334,5.271623,
5127,1131911282627342,85.45,5.110239,
5128,1131911291549432,85.46666666666667,4.959731,
5129,1131911300552093,85.48333333333333,4.997608,
5130,1131911309527996,85.5,5.035343,
5131,1131911318470513,85.51666666666667,4.97421,
5132,1131911328179705,85.53333333333333,5.778196,
5133,1131911337237409,85.55,5.130285,
5134,1131911346133909,85.56666666666666,4.950029,
5135,1131911355191646,85.58333333333333,5.098312,
5136,1131911364183856,85.6,5.08631,
5137,1131911373106607,85.61666666666666,4.959547,
5138,1131911382241107,85.63333333333333,5.206567,
5139,1131911391432560,85.65,5.218207,
5140,1131911400192518,85.66666666666667,4.914684,
5141,1131911409233443,85.68333333333334,5.183653,
5142,1131911418136205,85.7,5.029957,
5143,1131911427132659,85.71666666666667,5.06467,
5144,1131911436144681,85.73333333333333,5.189503,
5145,1131911445204268,85.75,5.07086,
5146,1131911454992124,85.76666666666667,5.705171,
5147,1131911464114239,85.78333333333333,5.16495,
5148,1131911473428723,85.8,5.350346,
5149,1131911482437673,85.81666666666666,5.091122,
5150,1131911491423082,85.83333333333333,5.014979,
5151,1131911500413143,85.85,5.092974,
5152,1131911509974836,85.86666666666666,5.760579,
5153,1131911519041833,85.88333333333333,5.167916,
5154,1131911527987540,85.9,5.06952,
5155,1131911537104167,85.91666666666667,5.236417,
5156,1131911546159563,85.93333333333334,5.262187,
5157,1131911555280508,85.95,5.283489,
5158,1131911564312677,85.96666666666667,5.102066,
5159,1131911573840549,85.98333333333333,5.65882,
5160,1131911582912645,86.0,5.156207,
5161,1131911591961651,86.01666666666667,5.092838,
5162,1131911601021655,86.03333333333333,5.194017,
5163,1131911609833897,86.05,5.017724,
5164,1131911618942849,86.06666666666666,5.221573,
5165,1131911628025869,86.08333333333333,5.121555,
5166,1131911637763986,86.1,5.382122,
5167,1131911646992433,86.11666666666666,5.299684,
5168,1131911656179099,86.13333333333333,5.241998,
5169,1131911665173667,86.15,5.120493,
5170,1131911674218265,86.16666666666667,5.138152,
5171,1131911683213872,86.18333333333334,5.138119,
5172,1131911692899661,86.2,5.327556,
5173,1131911702090255,86.21666666666667,5.297219,
5174,1131911710848051,86.23333333333333,4.976499,
5175,1131911719878066,86.25,5.147788,
5176,1131911728862417,86.26666666666667,5.198372,
5177,1131911737863002,86.28333333333333,5.154267,
5178,1131911747364932,86.3,5.633964,
5179,1131911756773272,86.31666666666666,5.44522,
5180,1131911765881890,86.33333333333333,5.142825,
5181,1131911774818914,86.35,4.977325,
5182,1131911783817383,86.36666666666666,5.130534,
5183,1131911792803815,86.38333333333333,5.05374,
5184,1131911801899618,86.4,5.172219,
5185,1131911811314914,86.41666666666667,5.422222,
5186,1131911820320201,86.43333333333334,5.117156,
5187,1131911829382677,86.45,5.175746,
5188,1131911838483059,86.46666666666667,5.162967,
5189,1131911847526840,86.48333333333333,5.180923,
5190,1131911856594472,86.5,5.209483,
5191,1131911867773536,86.51666666666667,5.412833,
5192,1131911876950452,86.53333333333333,5.261573,
5193,1131911886049964,86.55,5.072449,
5194,1131911895762377,86.56666666666666,4.956514,
5195,1131911904860096,86.58333333333333,5.157572,
5196,1131911913822590,86.6,5.024446,
5197,1131911923696637,86.61666666666666,5.147803,
5198,1131911933719466,86.63333333333333,5.459686,
5199,1131911942736948,86.65,5.079923,
5200,1131911951830920,86.66666666666667,5.11844,
5201,1131911960902344,86.68333333333334,5.125665,
5202,1131911969880017,86.7,5.030738,
5203,1131911978985418,86.71666666666667,5.169983,
5204,1131911988785113,86.73333333333333,5.879185,
5205,1131911997971242,86.75,5.268439,
5206,1131912006924225,86.76666666666667,5.192285,
5207,1131912016074876,86.78333333333333,5.15701,
5208,1131912025156582,86.8,5.191102,
5209,1131912034183570,86.81666666666666,5.187842,
5210,1131912043172517,86.83333333333333,5.10427,
5211,1131912052747705,86.85,5.514075,
5212,1131912061786488,86.86666666666666,5.145716,
5213,1131912070834517,86.88333333333333,5.064885,
5214,1131912079881197,86.9,5.117326,
5215,1131912089091563,86.91666666666667,5.302672,
5216,1131912098097419,86.93333333333334,5.138821,
5217,1131912107450597,86.95,5.499665,
5218,1131912116715218,86.96666666666667,5.269504,
5219,1131912125761614,86.98333333333333,5.101606,
5220,1131912134920565,87.0,5.039862,
5221,1131912144138179,87.01666666666667,5.266409,
5222,1131912153265713,87.03333333333333,5.124811,
5223,1131912162449011,87.05,5.254806,
5224,1131912171728335,87.06666666666666,5.297173,
5225,1131912180878673,87.08333333333333,5.189919,
5226,1131912189886692,87.1,5.069324,
5227,1131912198868976,87.11666666666666,5.164273,
5228,1131912208389332,87.13333333333333,5.61447,
5229,1131912217206164,87.15,4.970567,
5230,1131912226099021,87.16666666666667,5.07094,
5231,1131912235404100,87.18333333333334,5.409476,
5232,1131912244357390,87.2,4.99061,
5233,1131912253511315,87.21666666666667,5.273573,
5234,1131912262493528,87.23333333333333,5.223809,
5235,1131912271454173,87.25,5.213096,
5236,1131912280682677,87.26666666666667,5.261642,
5237,1131912290435238,87.28333333333333,5.853406,
5238,1131912299405879,87.3,5.044218,
5239,1131912308376942,87.31666666666666,5.103399,
5240,1131912317377361,87.33333333333333,5.107665,
5241,1131912326307588,87.35,5.043699,
5242,1131912335343165,87.36666666666666,5.152967,
5243,1131912344628018,87.38333333333333,5.333117,
5244,1131912353909236,87.4,5.301809,
5245,1131912363024753,87.41666666666667,5.196121,
5246,1131912371966201,87.43333333333334,5.113615,
5247,1131912381094422,87.45,5.231511,
5248,1131912390061336,87.46666666666667,5.139262,
5249,1131912399054541,87.48333333333333,5.119101,
5250,1131912408170025,87.5,5.381253,
5251,1131912417456839,87.51666666666667,5.370746,
5252,1131912426431117,87.53333333333333,5.112273,
5253,1131912435514869,87.55,5.146791,
5254,1131912444545006,87.56666666666666,5.123434,
5255,1131912453680885,87.58333333333333,5.199291,
5256,1131912462717735,87.6,5.167143,
5257,1131912472472679,87.61666666666666,5.507238,
5258,1131912481370644,87.63333333333333,4.947508,
5259,1131912490329672,87.65,4.993659,
5260,1131912499405130,87.66666666666667,5.097993,
5261,1131912508448986,87.68333333333334,5.074433,
5262,1131912517499626,87.7,5.053343,
5263,1131912526697339,87.71666666666667,5.221906,
5264,1131912536511535,87.73333333333333,5.478873,
5265,1131912545541951,87.75,5.141196,
5266,1131912554868605,87.76666666666667,5.332347,
5267,1131912563973238,87.78333333333333,5.188807,
5268,1131912573099163,87.8,5.179679,
5269,1131912582187240,87.81666666666666,5.235947,
5270,1131912591496842,87.83333333333333,5.481295,
5271,1131912600730585,87.85,5.326672,
5272,1131912609836577,87.86666666666666,5.170452,
5273,1131912618895445,87.88333333333333,5.110886,
5274,1131912627909940,87.9,5.046148,
5275,1131912636941039,87.91666666666667,5.173477,
5276,1131912646030548,87.93333333333334,5.286649,
5277,1131912655772024,87.95,5.880288,
5278,1131912664932766,87.96666666666667,5.324981,
5279,1131912674072413,87.98333333333333,5.281604,
5280,1131912682972052,88.0,5.060234,
5281,1131912692063214,88.01666666666667,5.150941,
5282,1131912700803094,88.03333333333333,5.048955,
5283,1131912710407192,88.05,5.739048,
5284,1131912719615360,88.06666666666666,5.230117,
5285,1131912728566248,88.08333333333333,5.057253,
5286,1131912737597656,88.1,5.133406,
5287,1131912746477269,88.11666666666666,5.075135,
5288,1131912755584673,88.13333333333333,5.211834,
5289,1131912765046682,88.15,5.159932,
5290,1131912774645656,88.16666666666667,5.335097,
5291,1131912783621603,88.18333333333334,5.04521,
5292,1131912792637787,88.2,5.053621,
5293,1131912801580692,88.21666666666667,5.038786,
5294,1131912810588583,88.23333333333333,5.005731,
5295,1131912819472121,88.25,5.029277,
5296,1131912828499270,88.26666666666667,5.140042,
5297,1131912838097864,88.28333333333333,5.370371,
5298,1131912847008652,88.3,5.023758,
5299,1131912856114989,88.31666666666666,5.215247,
5300,1131912866595865,88.33333333333333,4.885611,
5301,1131912875644083,88.35,5.105308,
5302,1131912884474315,88.36666666666666,4.907803,
5303,1131912893797976,88.38333333333333,5.330578,
5304,1131912902661451,88.4,5.023779,
5305,1131912911626391,88.41666666666667,5.016215,
5306,1131912920498463,88.43333333333334,4.939122,
5307,1131912930453792,88.45,5.209735,
5308,1131912939482179,88.46666666666667,5.069785,
5309,1131912949184451,88.48333333333333,5.660052,
5310,1131912958647314,88.5,5.274617,
5311,1131912968205194,88.51666666666667,5.041482,
5312,1131912977257731,88.53333333333333,5.094401,
5313,1131912986361762,88.55,5.134112,
5314,1131912995410834,88.56666666666666,5.06731,
5315,1131913004403764,88.58333333333333,5.060829,
5316,1131913013711409,88.6,5.357491,
5317,1131913022791634,88.61666666666666,5.152436,
5318,1131913031867083,88.63333333333333,5.135762,
5319,1131913040851352,88.65,5.09821,
5320,1131913049782042,88.66666666666667,5.043861,
5321,1131913058912237,88.68333333333334,5.250669,
5322,1131913068458164,88.7,5.665095,
5323,1131913077799761,88.71666666666667,5.34516,
5324,1131913086787684,88.73333333333333,5.039671,
5325,1131913095832915,88.75,5.104809,
5326,1131913105089200,88.76666666666667,5.206729,
5327,1131913114192114,88.78333333333333,5.158764,
5328,1131913123341275,88.8,5.184503,
5329,1131913132917912,88.81666666666666,5.53351,
5330,1131913142825732,88.83333333333333,5.226052,
5331,1131913151818661,88.85,5.137504,
5332,1131913160733064,88.86666666666666,5.112026,
5333,1131913169620473,88.88333333333333,5.065684,
5334,1131913178560816,88.9,5.088222,
5335,1131913188524761,88.91666666666667,5.589778,
5336,1131913197526763,88.93333333333334,5.126403,
5337,1131913206381661,88.95,4.993147,
5338,1131913215289377,88.96666666666667,5.036573,
5339,1131913224292070,88.98333333333333,5.165127,
5340,1131913233201284,89.0,5.106457,
5341,1131913242257732,89.01666666666667,5.181631,
5342,1131913251857698,89.03333333333333,5.742585,
5343,1131913260833275,89.05,5.15416,
5344,1131913269914545,89.06666666666666,5.238289,
5345,1131913279075036,89.08333333333333,5.298784,
5346,1131913288105192,89.1,5.201869,
5347,1131913296922573,89.11666666666666,5.073644,
5348,1131913305896029,89.13333333333333,5.145569,
5349,1131913315618712,89.15,5.570078,
5350,1131913324613177,89.16666666666667,5.180487,
5351,1131913333360881,89.18333333333334,5.017415,
5352,1131913342356214,89.2,5.124161,
5353,1131913351349927,89.21666666666667,5.194162,
5354,1131913360582182,89.23333333333333,5.36676,
5355,1131913369879561,89.25,5.482922,
5356,1131913379055211,89.26666666666667,5.351041,
5357,1131913388042795,89.28333333333333,5.125906,
5358,1131913396998704,89.3,5.17861,
5359,1131913406118654,89.31666666666666,5.258698,
5360,1131913415304221,89.33333333333333,5.343373,
5361,1131913424342217,89.35,5.183465,
5362,1131913433998351,89.36666666666666,5.816631,
5363,1131913443050756,89.38333333333333,5.185893,
5364,1131913452109063,89.4,5.121615,
5365,1131913461095945,89.41666666666667,5.207533,
5366,1131913470037251,89.43333333333334,5.143106,
5367,1131913478871951,89.45,5.014348,
5368,1131913488485990,89.46666666666667,5.748416,
5369,1131913497565901,89.48333333333333,5.253682,
5370,1131913506390976,89.5,5.012022,
5371,1131913515420676,89.51666666666667,5.158202,
5372,1131913524189559,89.53333333333333,4.962163,
5373,1131913533116452,89.55,5.099012,
5374,1131913542050624,89.56666666666666,5.093659,
5375,1131913551649258,89.58333333333333,5.739743,
5376,1131913560713953,89.6,5.199174,
5377,1131913569760289,89.61666666666666,5.201617,
5378,1131913578761106,89.63333333333333,5.11523,
5379,1131913587665903,89.65,5.070205,
5380,1131913596702777,89.66666666666667,5.182618,
5381,1131913605706795,89.68333333333334,5.191481,
5382,1131913615417032,89.7,5.808362,
5383,1131913624434575,89.71666666666667,5.272887,
5384,1131913633442270,89.73333333333333,5.154101,
5385,1131913642421438,89.75,5.131534,
5386,1131913651391784,89.76666666666667,5.12854,
5387,1131913660385368,89.78333333333333,5.150623,
5388,1131913670076281,89.8,5.719643,
5389,1131913679438811,89.81666666666666,5.508163,
5390,1131913688569716,89.83333333333333,5.29472,
5391,1131913697842475,89.85,5.487632,
5392,1131913706874163,89.86666666666666,5.252645,
5393,1131913715968413,89.88333333333333,5.309571,
5394,1131913725080363,89.9,5.308034,
5395,1131913734911298,89.91666666666667,5.68124,
5396,1131913743995623,89.93333333333334,5.245221,
5397,1131913752991971,89.95,5.202586,
5398,1131913761988155,89.96666666666667,5.168554,
5399,1131913771028923,89.98333333333333,5.178183,
5400,1131913780189980,90.0,5.360849,
5401,1131913789367206,90.01666666666667,5.261008,
5402,1131913798636069,90.03333333333333,5.497638,
5403,1131913807614138,90.05,5.204995,
5404,1131913816573871,90.06666666666666,5.237185,
5405,1131913825676596,90.08333333333333,5.290436,
5406,1131913834884457,90.1,5.378777,
5407,1131913843970163,90.11666666666666,5.234496,
5408,1131913853434451,90.13333333333333,5.396627,
5409,1131913862458642,90.15,5.142992,
5410,1131913871492151,90.16666666666667,5.150883,
5411,1131913880432579,90.18333333333334,5.094945,
5412,1131913889373132,90.2,5.088533,
5413,1131913898399510,90.21666666666667,5.174727,
5414,1131913907449761,90.23333333333333,5.206142,
5415,1131913916799311,90.25,5.540298,
5416,1131913926145373,90.26666666666667,5.490219,
5417,1131913935279704,90.28333333333333,5.149364,
5418,1131913944242838,90.3,5.108964,
5419,1131913953265146,90.31666666666666,5.16501,
5420,1131913962292261,90.33333333333333,5.167814,
5421,1131913972580107,90.35,5.535524,
5422,1131913981844150,90.36666666666666,5.254525,
5423,1131913991046559,90.38333333333333,5.237744,
5424,1131914000579850,90.4,5.24243,
5425,1131914009620096,90.41666666666667,5.091685,
5426,1131914018641172,90.43333333333334,5.133393,
5427,1131914028498032,90.45,5.936132,
5428,1131914037910501,90.46666666666667,5.476224,
5429,1131914046985298,90.48333333333333,5.141694,
5430,1131914056077233,90.5,5.200934,
5431,1131914065116640,90.51666666666667,5.202279,
5432,1131914074193859,90.53333333333333,5.17241,
5433,1131914083457738,90.55,5.396224,
5434,1131914093185852,90.56666666666666,5.551753,
5435,1131914102190295,90.58333333333333,5.145899,
5436,1131914111421682,90.6,5.243834,
5437,1131914120440123,90.61666666666666,5.149146,
5438,1131914129512504,90.63333333333333,5.221339,
5439,1131914138678817,90.65,5.316453,
5440,1131914148127795,90.66666666666667,5.591434,
5441,1131914157457086,90.68333333333334,5.480795,
5442,1131914166452038,90.7,5.16749,
5443,1131914175492686,90.71666666666667,5.230145,
5444,1131914184756843,90.73333333333333,5.318388,
5445,1131914193840708,90.75,5.186889,
5446,1131914202989842,90.76666666666667,5.280845,
5447,1131914212466539,90.78333333333333,5.610483,
5448,1131914221711220,90.8,5.391044,
5449,1131914230838962,90.81666666666666,5.269232,
5450,1131914239942112,90.83333333333333,5.304375,
5451,1131914248936786,90.85,5.131822,
5452,1131914257931659,90.86666666666666,5.138288,
5453,1131914267355350,90.88333333333333,5.526735,
5454,1131914276671641,90.9,5.450072,
5455,1131914285657357,90.91666666666667,5.175428,
5456,1131914294809684,90.93333333333334,5.260057,
5457,1131914303941342,90.95,5.284983,
5458,1131914313138162,90.96666666666667,5.39888,
5459,1131914322196240,90.98333333333333,5.265077,
5460,1131914331979818,91.0,5.924221,
5461,1131914341330030,91.01666666666667,5.477707,
5462,1131914350461532,91.03333333333333,5.220393,
5463,1131914359412856,91.05,5.10376,
5464,1131914368522096,91.06666666666666,5.196362,
5465,1131914377608784,91.08333333333333,5.188114,
5466,1131914387105993,91.1,5.680628,
5467,1131914396497781,91.11666666666666,5.524254,
5468,1131914405613417,91.13333333333333,5.259569,
5469,1131914414621520,91.15,5.218969,
5470,1131914423603408,91.16666666666667,5.188608,
5471,1131914432684475,91.18333333333334,5.162784,
5472,1131914442181316,91.2,5.464048,
5473,1131914452810029,91.21666666666667,5.385034,
5474,1131914462122964,91.23333333333333,5.402639,
5475,1131914471458003,91.25,5.185495,
5476,1131914480499539,91.26666666666667,5.116359,
5477,1131914489589674,91.28333333333333,5.104662,
5478,1131914498583395,91.3,5.176621,
5479,1131914508125551,91.31666666666666,5.598831,
5480,1131914517273417,91.33333333333333,5.15208,
5481,1131914526589319,91.35,5.32788,
5482,1131914535629875,91.36666666666666,5.170324,
5483,1131914544753041,91.38333333333333,5.287675,
5484,1131914553861590,91.4,5.183546,
5485,1131914563125143,91.41666666666667,5.295988,
5486,1131914572736997,91.43333333333334,5.288871,
5487,1131914581975882,91.45,5.273432,
5488,1131914590901384,91.46666666666667,5.013838,
5489,1131914599931149,91.48333333333333,5.195632,
5490,1131914609087201,91.5,5.243332,
5491,1131914618014279,91.51666666666667,5.142981,
5492,1131914627409623,91.53333333333333,5.602219,
5493,1131914636954901,91.55,5.443513,
5494,1131914645875108,91.56666666666666,5.132479,
5495,1131914655010434,91.58333333333333,5.25228,
5496,1131914664158236,91.6,5.246756,
5497,1131914673279634,91.61666666666666,5.214823,
5498,1131914682241103,91.63333333333333,5.029169,
5499,1131914691786394,91.65,5.365225,
5500,1131914700972722,91.66666666666667,5.06008,
5501,1131914709979102,91.68333333333334,5.108031,
5502,1131914718965071,91.7,5.126935,
5503,1131914727772258,91.71666666666667,5.086634,
5504,1131914736819128,91.73333333333333,5.156499,
5505,1131914745936865,91.75,5.240813,
5506,1131914755683831,91.76666666666667,5.438939,
5507,1131914764844064,91.78333333333333,5.214774,
5508,1131914773991156,91.8,5.256728,
5509,1131914782782695,91.81666666666666,4.981842,
5510,1131914791905117,91.83333333333333,5.141322,
5511,1131914800987808,91.85,5.191351,
5512,1131914810047262,91.86666666666666,5.206847,
5513,1131914819372522,91.88333333333333,5.375543,
5514,1131914828517890,91.9,5.251635,
5515,1131914837536115,91.91666666666667,5.12975,
5516,1131914846659960,91.93333333333334,5.16864,
5517,1131914855554897,91.95,4.972672,
5518,1131914866792912,91.96666666666667,7.260891,
5519,1131914875849302,91.98333333333333,5.207938,
5520,1131914884789841,92.0,5.079777,
5521,1131914893692230,92.01666666666667,5.037591,
5522,1131914902884931,92.03333333333333,5.237568,
5523,1131914911753029,92.05,5.026766,
5524,1131914920601607,92.06666666666666,4.961575,
5525,1131914930316659,92.08333333333333,5.798219,
5526,1131914939235444,92.1,5.039656,
5527,1131914948433229,92.11666666666666,5.285017,
5528,1131914957432563,92.13333333333333,5.045238,
5529,1131914966406511,92.15,5.105331,
5530,1131914975403610,92.16666666666667,5.076751,
5531,1131914984245876,92.18333333333334,5.00821,
5532,1131914993683563,92.2,5.479674,
5533,1131915003032790,92.21666666666667,5.054938,
5534,1131915012169032,92.23333333333333,5.206295,
5535,1131915021301380,92.25,5.152621,
5536,1131915030919490,92.26666666666667,5.193011,
5537,1131915040156607,92.28333333333333,5.199455,
5538,1131915049762601,92.3,5.647705,
5539,1131915058853164,92.31666666666666,5.136421,
5540,1131915068044725,92.33333333333333,5.262277,
5541,1131915077143333,92.35,5.183196,
5542,1131915086045036,92.36666666666666,5.073012,
5543,1131915094990506,92.38333333333333,5.085751,
5544,1131915103976379,92.4,5.10685,
5545,1131915113329243,92.41666666666667,5.599079,
5546,1131915122255740,92.43333333333334,5.017109,
5547,1131915131285529,92.45,5.15351,
5548,1131915140675600,92.46666666666667,5.016548,
5549,1131915149633040,92.48333333333333,5.097009,
5550,1131915158579848,92.5,5.014283,
5551,1131915167713475,92.51666666666667,5.156723,
5552,1131915177276037,92.53333333333333,5.582388,
5553,1131915186904218,92.55,5.195636,
5554,1131915195852615,92.56666666666666,5.046521,
5555,1131915204792345,92.58333333333333,5.04748,
5556,1131915213931091,92.6,5.197092,
5557,1131915223035721,92.61666666666666,5.18884,
5558,1131915232916962,92.63333333333333,5.534348,
5559,1131915241900094,92.65,5.095059,
5560,1131915250964915,92.66666666666667,5.177857,
5561,1131915260228277,92.68333333333334,5.394086,
5562,1131915269392448,92.7,5.208857,
5563,1131915278582924,92.71666666666667,5.297795,
5564,1131915287846945,92.73333333333333,5.413179,
5565,1131915297163487,92.75,5.417668,
5566,1131915306103762,92.76666666666667,5.114071,
5567,1131915315233837,92.78333333333333,5.303992,
5568,1131915324321363,92.8,5.155179,
5569,1131915333522855,92.81666666666666,5.287642,
5570,1131915342822679,92.83333333333333,5.390421,
5571,1131915352365458,92.85,5.412676,
5572,1131915361453178,92.86666666666666,5.16976,
5573,1131915370512594,92.88333333333333,5.079401,
5574,1131915379537550,92.9,5.09964,
5575,1131915388445020,92.91666666666667,5.039555,
5576,1131915397447314,92.93333333333334,5.176902,
5577,1131915406979836,92.95,5.673777,
5578,1131915416370224,92.96666666666667,5.461472,
5579,1131915425501421,92.98333333333333,5.217094,
5580,1131915434671255,93.0,5.223271,
5581,1131915443973919,93.01666666666667,5.388838,
5582,1131915453301069,93.03333333333333,5.25776,
5583,1131915462473822,93.05,5.236343,
5584,1131915472030439,93.06666666666666,5.612539,
5585,1131915481050822,93.08333333333333,5.173836,
5586,1131915490179592,93.1,5.085243,
5587,1131915499335455,93.11666666666666,5.226549,
5588,1131915508507264,93.13333333333333,5.218958,
5589,1131915517542947,93.15,5.180799,
5590,1131915526862665,93.16666666666667,5.289182,
5591,1131915536158361,93.18333333333334,5.465142,
5592,1131915545335598,93.2,5.271132,
5593,1131915554427340,93.21666666666667,5.217554,
5594,1131915563582972,93.23333333333333,5.155721,
5595,1131915572903429,93.25,5.407074,
5596,1131915581976307,93.26666666666667,5.19636,
5597,1131915591736837,93.28333333333333,5.806146,
5598,1131915600754329,93.3,5.091011,
5599,1131915609723488,93.31666666666666,5.127057,
5600,1131915618710208,93.33333333333333,5.149043,
5601,1131915628415609,93.35,5.213109,
5602,1131915638551085,93.36666666666666,5.145711,
5603,1131915649267780,93.38333333333333,5.841092,
5604,1131915658887869,93.4,5.581575,
5605,1131915668714668,93.41666666666667,5.241081,
5606,1131915677976448,93.43333333333334,5.351033,
5607,1131915687166673,93.45,5.264997,
5608,1131915696312345,93.46666666666667,5.221932,
5609,1131915705855984,93.48333333333333,5.647831,
5610,1131915715481622,93.5,5.650578,
5611,1131915724584378,93.51666666666667,5.21337,
5612,1131915733575124,93.53333333333333,5.112938,
5613,1131915742530516,93.55,5.038695,
5614,1131915751686402,93.56666666666666,5.168069,
5615,1131915760752345,93.58333333333333,5.203151,
5616,1131915770401283,93.6,5.715462,
5617,1131915779622608,93.61666666666666,5.277518,
5618,1131915788785884,93.63333333333333,5.237616,
5619,1131915797813292,93.65,5.106755,
5620,1131915806834892,93.66666666666667,5.138882,
5621,1131915816106567,93.68333333333334,5.302624,
5622,1131915825181973,93.7,5.183442,
5623,1131915834521551,93.71666666666667,5.473454,
5624,1131915843407735,93.73333333333333,5.016578,
5625,1131915852440312,93.75,5.191225,
5626,1131915861460738,93.76666666666667,5.130356,
5627,1131915870423952,93.78333333333333,5.091556,
5628,1131915879400644,93.8,4.95775,
5629,1131915889099498,93.81666666666666,5.740265,
5630,1131915898221068,93.83333333333333,5.240104,
5631,1131915907332433,93.85,5.251041,
5632,1131915916419463,93.86666666666666,5.217303,
5633,1131915925278434,93.88333333333333,5.114365,
5634,1131915934312800,93.9,5.090437,
5635,1131915943349399,93.91666666666667,5.194059,
5636,1131915952939511,93.93333333333334,5.493784,
5637,1131915962368943,93.95,5.590624,
5638,1131915971440283,93.96666666666667,5.169496,
5639,1131915980632933,93.98333333333333,5.183547,
5640,1131915989696979,94.0,5.10471,
5641,1131915999187844,94.01666666666667,5.309208,
5642,1131916008277240,94.03333333333333,5.135615,
5643,1131916017605335,94.05,5.436677,
5644,1131916026721248,94.06666666666666,5.150361,
5645,1131916036357188,94.08333333333333,5.125905,
5646,1131916045397593,94.1,5.057206,
5647,1131916054588149,94.11666666666666,5.237624,
5648,1131916064439809,94.13333333333333,5.155882,
5649,1131916074291159,94.15,5.883368,
5650,1131916083384700,94.16666666666667,5.14012,
5651,1131916092544053,94.18333333333334,5.231714,
5652,1131916101664610,94.2,5.242242,
5653,1131916110747266,94.21666666666667,5.267232,
5654,1131916119950498,94.23333333333333,5.302039,
5655,1131916129713724,94.25,5.894709,
5656,1131916138849313,94.26666666666667,5.116351,
5657,1131916147824567,94.28333333333333,5.100956,
5658,1131916156738869,94.3,5.01767,
5659,1131916165666718,94.31666666666666,5.093402,
5660,1131916174921841,94.33333333333333,5.325145,
5661,1131916184328198,94.35,5.280107,
5662,1131916194172441,94.36666666666666,5.42931,
5663,1131916203335585,94.38333333333333,5.188614,
5664,1131916212400234,94.4,5.207357,
5665,1131916221421242,94.41666666666667,5.171622,
5666,1131916230501670,94.43333333333334,5.180096,
5667,1131916239390416,94.45,5.030806,
5668,1131916248295861,94.46666666666667,5.046526,
5669,1131916258073163,94.48333333333333,5.914554,
5670,1131916267185074,94.5,5.205008,
5671,1131916276340283,94.51666666666667,5.29515,
5672,1131916285423853,94.53333333333333,5.263773,
5673,1131916294494581,94.55,5.204197,
5674,1131916303748006,94.56666666666666,5.246056,
5675,1131916313525927,94.58333333333333,5.400604,
5676,1131916322646412,94.6,5.159198,
5677,1131916331697931,94.61666666666666,5.169137,
5678,1131916340935938,94.63333333333333,5.282682,
5679,1131916349965491,94.65,5.120328,
5680,1131916359036969,94.66666666666667,5.115297,
5681,1131916368481883,94.68333333333334,5.537532,
5682,1131916377730865,94.7,5.274014,
5683,1131916386905023,94.71666666666667,5.163215,
5684,1131916396139892,94.73333333333333,5.284278,
5685,1131916405330825,94.75,5.233308,
5686,1131916414391855,94.76666666666667,5.072015,
5687,1131916423575229,94.78333333333333,5.229946,
5688,1131916433378589,94.8,5.453677,
5689,1131916442477717,94.81666666666666,5.123343,
5690,1131916451494462,94.83333333333333,5.126175,
5691,1131916460558515,94.85,5.033619,
5692,1131916469628879,94.86666666666666,5.118317,
5693,1131916478769746,94.88333333333333,5.227132,
5694,1131916488507602,94.9,5.77844,
5695,1131916497770878,94.91666666666667,5.340708,
5696,1131916506819876,94.93333333333334,5.135847,
5697,1131916515785791,94.95,5.118787,
5698,1131916524791211,94.96666666666667,5.151673,
5699,1131916533937496,94.98333333333333,5.319412,
5700,1131916543086214,95.0,5.252501,
5701,1131916552593435,95.01666666666667,5.388555,
5702,1131916561525956,95.03333333333333,5.051426,
5703,1131916570448564,95.05,5.081787,
5704,1131916579460555,95.06666666666666,5.07569,
5705,1131916588631753,95.08333333333333,5.272667,
5706,1131916597625924,95.1,5.125627,
5707,1131916607136284,95.11666666666666,5.595867,
5708,1131916616553650,95.13333333333333,5.489014,
5709,1131916625807562,95.15,5.244037,
5710,1131916634986682,95.16666666666667,5.251487,
5711,1131916643951346,95.18333333333334,5.158344,
5712,1131916652947244,95.2,5.137042,
5713,1131916661947978,95.21666666666667,5.139443,
5714,1131916671249202,95.23333333333333,5.424234,
5715,1131916680470536,95.25,5.328581,
5716,1131916689356505,95.26666666666667,5.059708,
5717,1131916698393136,95.28333333333333,5.268179,
5718,1131916707427253,95.3,5.173653,
5719,1131916716523620,95.31666666666666,5.22644,
5720,1131916725593903,95.33333333333333,5.224427,
5721,1131916734868627,95.35,5.414856,
5722,1131916743980771,95.36666666666666,5.180459,
5723,1131916753204163,95.38333333333333,5.292733,
5724,1131916762237949,95.4,5.106894,
5725,1131916771256399,95.41666666666667,5.161496,
5726,1131916780495550,95.43333333333334,5.313237,
5727,1131916790271656,95.45,5.783358,
5728,1131916799677142,95.46666666666667,5.431031,
5729,1131916808680368,95.48333333333333,5.095549,
5730,1131916817815147,95.5,5.20197,
5731,1131916826988283,95.51666666666667,5.269513,
5732,1131916835982624,95.53333333333333,5.134637,
5733,1131916845090818,95.55,5.241135,
5734,1131916854460278,95.56666666666666,5.49754,
5735,1131916865291314,95.58333333333333,5.074007,
5736,1131916874305770,95.6,5.082018,
5737,1131916883272200,95.61666666666666,5.058183,
5738,1131916892337596,95.63333333333333,5.204158,
5739,1131916901494595,95.65,5.2749,
5740,1131916911279318,95.66666666666667,5.374038,
5741,1131916920375707,95.68333333333334,5.215618,
5742,1131916929300495,95.7,5.042661,
5743,1131916938537950,95.71666666666667,5.34696,
5744,1131916947614423,95.73333333333333,5.09465,
5745,1131916956819284,95.75,5.272917,
5746,1131916966314481,95.76666666666667,5.53369,
5747,1131916975445813,95.78333333333333,5.302408,
5748,1131916984527090,95.8,5.208075,
5749,1131916993638547,95.81666666666666,5.277459,
5750,1131917002603201,95.83333333333333,5.087644,
5751,1131917011611611,95.85,5.137761,
5752,1131917020868830,95.86666666666666,5.261784,
5753,1131917030616268,95.88333333333333,5.797176,
5754,1131917040156593,95.9,5.531269,
5755,1131917050029701,95.91666666666667,5.384797,
5756,1131917059111642,95.93333333333334,5.269355,
5757,1131917069100603,95.95,5.219492,
5758,1131917078258281,95.96666666666667,5.177091,
5759,1131917088016313,95.98333333333333,5.636925,
5760,1131917098099947,96.0,5.469946,
5761,1131917107288555,96.01666666666667,5.15347,
5762,1131917116328034,96.03333333333333,5.081165,
5763,1131917125359580,96.05,5.089947,
5764,1131917134440962,96.06666666666666,5.07684,
5765,1131917143823662,96.08333333333333,5.091634,
5766,1131917153152770,96.1,5.421651,
5767,1131917162282279,96.11666666666666,5.190054,
5768,1131917171450825,96.13333333333333,5.276269,
5769,1131917180382083,96.15,5.102862,
5770,1131917189779878,96.16666666666667,5.164984,
5771,1131917198809761,96.18333333333334,5.051976,
5772,1131917207959519,96.2,5.101817,
5773,1131917217420714,96.21666666666667,5.32532,
5774,1131917226544811,96.23333333333333,5.078873,
5775,1131917235654791,96.25,5.220792,
5776,1131917244670829,96.26666666666667,5.228687,
5777,1131917253718946,96.28333333333333,5.181382,
5778,1131917262920166,96.3,5.187748,
5779,1131917272874661,96.31666666666666,5.998808,
5780,1131917282024610,96.33333333333333,5.170607,
5781,1131917291078577,96.35,5.173634,
5782,1131917300314207,96.36666666666666,5.382686,
5783,1131917309351522,96.38333333333333,5.246688,
5784,1131917318255077,96.4,5.155735,
5785,1131917327158925,96.41666666666667,5.223413,
5786,1131917336528391,96.43333333333334,5.426858,
5787,1131917345617681,96.45,5.194917,
5788,1131917354688503,96.46666666666667,5.132845,
5789,1131917363754297,96.48333333333333,5.210579,
5790,1131917372989254,96.5,5.302985,
5791,1131917381814258,96.51666666666667,5.200868,
5792,1131917390997740,96.53333333333333,5.225477,
5793,1131917400486496,96.55,5.39349,
5794,1131917409586106,96.56666666666666,5.110184,
5795,1131917418412469,96.58333333333333,5.04463,
5796,1131917427553389,96.6,5.191048,
5797,1131917436780196,96.61666666666666,5.245212,
5798,1131917446078162,96.63333333333333,5.302173,
5799,1131917455632813,96.65,5.330126,
5800,1131917464539930,96.66666666666667,5.130414,
5801,1131917473637798,96.68333333333334,5.291352,
5802,1131917482602651,96.7,5.156934,
5803,1131917491513047,96.71666666666667,4.989918,
5804,1131917500528568,96.73333333333333,5.048449,
5805,1131917510083753,96.75,5.657247,
5806,1131917518996356,96.76666666666667,5.050477,
5807,1131917527917577,96.78333333333333,5.001539,
5808,1131917536977298,96.8,5.196881,
5809,1131917545928830,96.81666666666666,5.042894,
5810,1131917555050960,96.83333333333333,5.172169,
5811,1131917564020413,96.85,5.099813,
5812,1131917573314689,96.86666666666666,5.356689,
5813,1131917582383016,96.88333333333333,5.200673,
5814,1131917591301040,96.9,4.975033,
5815,1131917600464848,96.91666666666667,5.211892,
5816,1131917609432212,96.93333333333334,5.00823,
5817,1131917618699062,96.95,5.308041,
5818,1131917628121572,96.96666666666667,5.53559,
5819,1131917637331321,96.98333333333333,5.275414,
5820,1131917646259826,97.0,4.993965,
5821,1131917655225848,97.01666666666667,5.116694,
5822,1131917664446212,97.03333333333333,5.354574,
5823,1131917673412850,97.05,5.115071,
5824,1131917682321713,97.06666666666666,4.978375,
5825,1131917691809613,97.08333333333333,5.700513,
5826,1131917700821785,97.1,5.121166,
5827,1131917709767565,97.11666666666666,5.060477,
5828,1131917718826180,97.13333333333333,5.097229,
5829,1131917727732253,97.15,5.035936,
5830,1131917736606769,97.16666666666667,5.016355,
5831,1131917745461799,97.18333333333334,5.031523,
5832,1131917755074215,97.2,5.245528,
5833,1131917764255529,97.21666666666667,5.276506,
5834,1131917773150095,97.23333333333333,4.978786,
5835,1131917782224045,97.25,5.151661,
5836,1131917791208418,97.26666666666667,5.095255,
5837,1131917800268108,97.28333333333333,5.172505,
5838,1131917810161473,97.3,5.849587,
5839,1131917819193415,97.31666666666666,5.195232,
5840,1131917828430223,97.33333333333333,5.23073,
5841,1131917837343479,97.35,5.006299,
5842,1131917846234346,97.36666666666666,4.934186,
5843,1131917855239328,97.38333333333333,5.098109,
5844,1131917865961834,97.4,4.949908,
5845,1131917875313759,97.41666666666667,5.223887,
5846,1131917884253402,97.43333333333334,5.025988,
5847,1131917893016985,97.45,5.019481,
5848,1131917901957485,97.46666666666667,5.088776,
5849,1131917910748973,97.48333333333333,4.887669,
5850,1131917919781518,97.5,5.11465,
5851,1131917929455990,97.51666666666667,5.823103,
5852,1131917938627000,97.53333333333333,5.26957,
5853,1131917947702742,97.55,5.176014,
5854,1131917956540568,97.56666666666666,4.955614,
5855,1131917965480982,97.58333333333333,5.061832,
5856,1131917974235689,97.6,4.932059,
5857,1131917983244314,97.61666666666666,5.149902,
5858,1131917993025002,97.63333333333333,5.408239,
5859,1131918001887766,97.65,5.013768,
5860,1131918010940181,97.66666666666667,5.188787,
5861,1131918019938553,97.68333333333334,5.122981,
5862,1131918029047554,97.7,5.159261,
5863,1131918038100372,97.71666666666667,5.156046,
5864,1131918047406357,97.73333333333333,5.521416,
5865,1131918056765154,97.75,5.582451,
5866,1131918065574417,97.76666666666667,4.902486,
5867,1131918074621689,97.78333333333333,5.118868,
5868,1131918083495253,97.8,5.0108,
5869,1131918092367304,97.81666666666666,5.034002,
5870,1131918102391190,97.83333333333333,5.198035,
5871,1131918112030232,97.85,5.696344,
5872,1131918121263459,97.86666666666666,5.361105,
5873,1131918131328916,97.88333333333333,5.347531,
5874,1131918140343112,97.9,5.147761,
5875,1131918149596234,97.91666666666667,5.411636,
5876,1131918158665556,97.93333333333334,5.206762,
5877,1131918167754897,97.95,5.186279,
5878,1131918177260669,97.96666666666667,5.26302,
5879,1131918186355318,97.98333333333333,5.154211,
5880,1131918195290604,98.0,5.139362,
5881,1131918204281246,98.01666666666667,5.21116,
5882,1131918213099924,98.03333333333333,5.040698,
5883,1131918222107095,98.05,5.229905,
5884,1131918231637763,98.06666666666666,5.558812,
5885,1131918240727044,98.08333333333333,5.182311,
5886,1131918249974803,98.1,5.322102,
5887,1131918258933762,98.11666666666666,5.171219,
5888,1131918267917050,98.13333333333333,5.192148,
5889,1131918276895903,98.15,5.088258,
5890,1131918285989400,98.16666666666667,5.22594,
5891,1131918295262438,98.18333333333334,5.49404,
5892,1131918304566379,98.2,5.445552,
5893,1131918314386786,98.21666666666667,5.342518,
5894,1131918323386209,98.23333333333333,5.196706,
5895,1131918332406237,98.25,5.227492,
5896,1131918341354248,98.26666666666667,5.18749,
5897,1131918350466013,98.28333333333333,5.227245,
5898,1131918359692185,98.3,5.401244,
5899,1131918368726032,98.31666666666666,5.173563,
5900,1131918377673590,98.33333333333333,5.082897,
5901,1131918387063417,98.35,5.609107,
5902,1131918396178251,98.36666666666666,5.227801,
5903,1131918405242803,98.38333333333333,5.215387,
5904,1131918420875753,98.4,5.540311,
5905,1131918429927377,98.41666666666667,5.213579,
5906,1131918438840909,98.43333333333334,5.071005,
5907,1131918447865450,98.45,5.141211,
5908,1131918456883980,98.46666666666667,5.177152,
5909,1131918465770113,98.48333333333333,5.107498,
5910,1131918475832871,98.5,5.658534,
5911,1131918484891788,98.51666666666667,5.217119,
5912,1131918494008896,98.53333333333333,5.256212,
5913,1131918503044126,98.55,5.285894,
5914,1131918512025229,98.56666666666666,5.15097,
5915,1131918520939925,98.58333333333333,5.123939,
5916,1131918529889924,98.6,5.100577,
5917,1131918539524862,98.61666666666666,5.325778,
5918,1131918548392185,98.63333333333333,5.014481,
5919,1131918557512444,98.65,5.276526,
5920,1131918566516992,98.66666666666667,5.158831,
5921,1131918575583685,98.68333333333334,5.246761,
5922,1131918584555558,98.7,5.152032,
5923,1131918594061857,98.71666666666667,5.64073,
5924,1131918603306096,98.73333333333333,5.480829,
5925,1131918612323081,98.75,5.195862,
5926,1131918621096224,98.76666666666667,4.981634,
5927,1131918630019578,98.78333333333333,5.09071,
5928,1131918638927553,98.8,5.121721,
5929,1131918648622749,98.81666666666666,5.833754,
5930,1131918658202229,98.83333333333333,5.387326,
5931,1131918667088448,98.85,5.121329,
5932,1131918676008742,98.86666666666666,5.156631,
5933,1131918684929395,98.88333333333333,5.184259,
5934,1131918693912250,98.9,5.156904,
5935,1131918702845591,98.91666666666667,5.087653,
5936,1131918712035005,98.93333333333334,5.319652,
5937,1131918721165988,98.95,5.28574,
5938,1131918730184466,98.96666666666667,5.190966,
5939,1131918739110789,98.98333333333333,5.141663,
5940,1131918748007663,99.0,5.138341,
5941,1131918757034243,99.01666666666667,5.228706,
5942,1131918766042196,99.03333333333333,5.241338,
5943,1131918775613078,99.05,5.423217,
5944,1131918784668016,99.06666666666666,5.197281,
5945,1131918793847208,99.08333333333333,5.301866,
5946,1131918802827460,99.1,5.184083,
5947,1131918811806196,99.11666666666666,5.119572,
5948,1131918820745508,99.13333333333333,5.076964,
5949,1131918830290146,99.15,5.759113,
5950,1131918839307430,99.16666666666667,5.118913,
5951,1131918848385743,99.18333333333334,5.215248,
5952,1131918857522887,99.2,5.299613,
5953,1131918868277017,99.21666666666667,5.122837,
5954,1131918877237746,99.23333333333333,5.098175,
5955,1131918886175375,99.25,5.123012,
5956,1131918895732588,99.26666666666667,5.385072,
5957,1131918904922821,99.28333333333333,5.280791,
5958,1131918913941346,99.3,5.085206,
5959,1131918922946387,99.31666666666666,5.137686,
5960,1131918932233017,99.33333333333333,5.44609,
5961,1131918941112607,99.35,5.075938,
5962,1131918950604865,99.36666666666666,5.718081,
5963,1131918959596948,99.38333333333333,5.203266,
5964,1131918968609047,99.4,5.164251,
5965,1131918977640904,99.41666666666667,5.219323,
5966,1131918987081165,99.43333333333334,5.256212,
5967,1131918996157783,99.45,5.254899,
5968,1131919005054753,99.46666666666667,5.07989,
5969,1131919014570971,99.48333333333333,5.333989,
5970,1131919023651253,99.5,5.234176,
5971,1131919032446622,99.51666666666667,5.006295,
5972,1131919041600638,99.53333333333333,5.26971,
5973,1131919050741397,99.55,5.302846,
5974,1131919059681490,99.56666666666666,5.104135,
5975,1131919069056882,99.58333333333333,5.558265,
5976,1131919078378153,99.6,5.463807,
5977,1131919087371228,99.61666666666666,5.164171,
5978,1131919096465055,99.63333333333333,5.260576,
5979,1131919105461832,99.65,5.171395,
5980,1131919114444948,99.66666666666667,5.150675,
5981,1131919123237693,99.68333333333334,4.990914,
5982,1131919133494629,99.7,5.637203,
5983,1131919149854067,99.71666666666667,5.349831,
5984,1131919158868027,99.73333333333333,5.128448,
5985,1131919167980654,99.75,4.988627,
5986,1131919176874249,99.76666666666667,5.013241,
5987,1131919186678649,99.78333333333333,5.462495,
5988,1131919195835242,99.8,5.292276,
5989,1131919204866090,99.81666666666666,5.146997,
5990,1131919213980397,99.83333333333333,5.252111,
5991,1131919222917837,99.85,5.065367,
5992,1131919232076601,99.86666666666666,5.303337,
5993,1131919241075651,99.88333333333333,5.22702,
5994,1131919250786687,99.9,5.904553,
5995,1131919259677730,99.91666666666667,5.111908,
5996,1131919268712038,99.93333333333334,5.173294,
5997,1131919277565459,99.95,5.01536,
5998,1131919286473777,99.96666666666667,5.086175,
5999,1131919295319697,99.98333333333333,5.055249,
6000,1131919304356032,100.0,5.160723,
6001,1131919313503844,100.01666666666667,5.348171,
6002,1131919322316643,100.03333333333333,5.038695,
6003,1131919331395297,100.05,5.272611,
6004,1131919340786781,100.06666666666666,5.237801,
6005,1131919349711108,100.08333333333333,5.097605,
6006,1131919358810406,100.1,5.220001,
6007,1131919368166623,100.11666666666666,5.478579,
6008,1131919377490827,100.13333333333333,5.442681,
6009,1131919386625550,100.15,5.26123,
6010,1131919395639613,100.16666666666667,5.19295,
6011,1131919404649229,100.18333333333334,5.230137,
6012,1131919413661836,100.2,5.231191,
6013,1131919422627526,100.21666666666667,5.150766,
6014,1131919431760370,100.23333333333333,5.282796,
6015,1131919441028751,100.25,5.42124,
6016,1131919450051507,100.26666666666667,5.260524,
6017,1131919458997768,100.28333333333333,5.093176,
6018,1131919467990151,100.3,5.135565,
6019,1131919476976999,100.31666666666666,5.092129,
6020,1131919486031130,100.33333333333333,5.278617,
6021,1131919495303581,100.35,5.44924,
6022,1131919504368339,100.36666666666666,5.249885,
6023,1131919513163565,100.38333333333333,4.904385,
6024,1131919522299750,100.4,5.191784,
6025,1131919531208858,100.41666666666667,5.055943,
6026,1131919540287672,100.43333333333334,5.217045,
6027,1131919549389561,100.45,5.142618,
6028,1131919558688422,100.46666666666667,5.33976,
6029,1131919567512612,100.48333333333333,5.017666,
6030,1131919576524219,100.5,5.088216,
6031,1131919585691630,100.51666666666667,5.309425,
6032,1131919594597320,100.53333333333333,5.039551,
6033,1131919603494080,100.55,5.110546,
6034,1131919613141354,100.56666666666666,5.353366,
6035,1131919622039788,100.58333333333333,5.094664,
6036,1131919631109693,100.6,5.236269,
6037,1131919640111507,100.61666666666666,5.117297,
6038,1131919649344602,100.63333333333333,5.248902,
6039,1131919658491878,100.65,5.202178,
6040,1131919667544903,100.66666666666667,5.177961,
6041,1131919677297357,100.68333333333334,5.853415,
6042,1131919686396609,100.7,5.242072,
6043,1131919695457051,100.71666666666667,5.199848,
6044,1131919704575975,100.73333333333333,5.223627,
6045,1131919713587167,100.75,5.160888,
6046,1131919722338814,100.76666666666667,4.966158,
6047,1131919731648310,100.78333333333333,5.394857,
6048,1131919740586042,100.8,5.079705,
6049,1131919749480294,100.81666666666666,5.06126,
6050,1131919758605720,100.83333333333333,5.280866,
6051,1131919767568567,100.85,5.168794,
6052,1131919776640327,100.86666666666666,5.241543,
6053,1131919786222966,100.88333333333333,5.717729,
6054,1131919795498426,100.9,5.429726,
6055,1131919804478513,100.91666666666667,5.151604,
6056,1131919813387228,100.93333333333334,5.040851,
6057,1131919822409085,100.95,5.190502,
6058,1131919831463708,100.96666666666667,5.117574,
6059,1131919840554426,100.98333333333333,5.199317,
6060,1131919850201701,101.0,5.724093,
6061,1131919859490088,101.01666666666667,5.343616,
6062,1131919870763558,101.03333333333333,5.223817,
6063,1131919879667730,101.05,5.127905,
6064,1131919888676295,101.06666666666666,5.118739,
6065,1131919897713508,101.08333333333333,5.154883,
6066,1131919907248917,101.1,5.677986,
6067,1131919916531741,101.11666666666666,5.410494,
6068,1131919925402530,101.13333333333333,5.027335,
6069,1131919934541508,101.15,5.249733,
6070,1131919943557088,101.16666666666667,5.152655,
6071,1131919952525855,101.18333333333334,5.100436,
6072,1131919961492236,101.2,4.970749,
6073,1131919971315312,101.21666666666667,5.90164,
6074,1131919980448754,101.23333333333333,5.206739,
6075,1131919989400114,101.25,5.116399,
6076,1131919998536298,101.26666666666667,5.24103,
6077,1131920007974914,101.28333333333333,5.58656,
6078,1131920016938779,101.3,5.124794,
6079,1131920025866619,101.31666666666666,5.079593,
6080,1131920035399714,101.33333333333333,5.313764,
6081,1131920044438396,101.35,5.19254,
6082,1131920053482666,101.36666666666666,5.141039,
6083,1131920062494631,101.38333333333333,5.093183,
6084,1131920071541196,101.4,5.095932,
6085,1131920080618950,101.41666666666667,5.21588,
6086,1131920090435728,101.43333333333334,5.957513,
6087,1131920099444996,101.45,5.155509,
6088,1131920108524047,101.46666666666667,5.197273,
6089,1131920117571940,101.48333333333333,5.184293,
6090,1131920126504466,101.5,5.10711,
6091,1131920135423571,101.51666666666667,5.13559,
6092,1131920144347300,101.53333333333333,5.127009,
6093,1131920154161687,101.55,5.878752,
6094,1131920163143733,101.56666666666666,5.057428,
6095,1131920172985491,101.58333333333333,5.193558,
6096,1131920182137844,101.6,5.162237,
6097,1131920191336523,101.61666666666666,5.185672,
6098,1131920201209501,101.63333333333333,5.307228,
6099,1131920211082487,101.65,6.014249,
6100,1131920220191177,101.66666666666667,5.261463,
6101,1131920229219464,101.68333333333334,5.147661,
6102,1131920238119279,101.7,5.045291,
6103,1131920247071892,101.71666666666667,5.105281,
6104,1131920256075175,101.73333333333333,5.168507,
6105,1131920265049138,101.75,5.095234,
6106,1131920274676247,101.76666666666667,5.390349,
6107,1131920283816931,101.78333333333333,5.279951,
6108,1131920292737965,101.8,5.044481,
6109,1131920301816038,101.81666666666666,5.228876,
6110,1131920310790879,101.83333333333333,5.109642,
6111,1131920319951529,101.85,5.274779,
6112,1131920329614231,101.86666666666666,5.720287,
6113,1131920338630947,101.88333333333333,5.169075,
6114,1131920347555836,101.9,5.131276,
6115,1131920356644311,101.91666666666667,5.245145,
6116,1131920365586039,101.93333333333334,5.061246,
6117,1131920374521517,101.95,5.067736,
6118,1131920383652014,101.96666666666667,5.18654,
6119,1131920393298586,101.98333333333333,5.760531,
6120,1131920402465562,102.0,5.278146,
6121,1131920411498947,102.01666666666667,5.257084,
6122,1131920420702604,102.03333333333333,5.341332,
6123,1131920429629153,102.05,5.092228,
6124,1131920438544593,102.06666666666666,5.099198,
6125,1131920447951910,102.08333333333333,5.545032,
6126,1131920457151512,102.1,5.336029,
6127,1131920466140733,102.11666666666666,5.116444,
6128,1131920475711454,102.13333333333333,5.157983,
6129,1131920484739119,102.15,5.131671,
6130,1131920493733386,102.16666666666667,5.082045,
6131,1131920502734346,102.18333333333334,5.164096,
6132,1131920511965335,102.2,5.415483,
6133,1131920520851846,102.21666666666667,5.250915,
6134,1131920529979271,102.23333333333333,5.241679,
6135,1131920538785151,102.25,5.035136,
6136,1131920548088777,102.26666666666667,5.388355,
6137,1131920557160863,102.28333333333333,5.196068,
6138,1131920566329176,102.3,5.23333,
6139,1131920575907920,102.31666666666666,5.44777,
6140,1131920585105083,102.33333333333333,5.271401,
6141,1131920594172349,102.35,5.283242,
6142,1131920603169497,102.36666666666666,5.239125,
6143,1131920612153398,102.38333333333333,5.258432,
6144,1131920621156319,102.4,5.259153,
6145,1131920630745389,102.41666666666667,5.337194,
6146,1131920639723891,102.43333333333334,5.257694,
6147,1131920648936550,102.45,5.174202,
6148,1131920658060663,102.46666666666667,5.19804,
6149,1131920667269728,102.48333333333333,5.172806,
6150,1131920676575524,102.5,5.410936,
6151,1131920686147868,102.51666666666667,5.718742,
6152,1131920695338614,102.53333333333333,5.428392,
6153,1131920704576310,102.55,5.404586,
6154,1131920713677915,102.56666666666666,5.268594,
6155,1131920722708728,102.58333333333333,5.251322,
6156,1131920731586676,102.6,5.092,
6157,1131920740560991,102.61666666666666,5.144741,
6158,1131920750263432,102.63333333333333,5.750926,
6159,1131920759317220,102.64999999999999,5.159475,
6160,1131920768475175,102.66666666666667,5.207429,
6161,1131920777591831,102.68333333333334,5.183726,
6162,1131920786801639,102.7,5.270087,
6163,1131920795980517,102.71666666666667,5.330245,
6164,1131920805200023,102.73333333333333,5.344345,
6165,1131920814657735,102.75,5.614092,
6166,1131920823926544,102.76666666666667,5.474885,
6167,1131920832910432,102.78333333333333,5.150678,
6168,1131920841916977,102.8,5.153906,
6169,1131920850930170,102.81666666666666,5.14419,
6170,1131920860034436,102.83333333333333,5.190125,
6171,1131920871401179,102.85,5.73103,
6172,1131920880392748,102.86666666666666,5.07174,
6173,1131920889373348,102.88333333333333,5.058561,
6174,1131920898254291,102.89999999999999,5.057392,
6175,1131920907121963,102.91666666666667,5.109594,
6176,1131920916011476,102.93333333333334,5.106109,
6177,1131920925133296,102.95,5.354263,
6178,1131920935053570,102.96666666666667,5.881938,
6179,1131920944095574,102.98333333333333,5.226288,
6180,1131920952894254,103.0,4.945077,
6181,1131920962161219,103.01666666666667,5.300041,
6182,1131920971738968,103.03333333333333,5.406351,
6183,1131920981481698,103.05,5.531859,
6184,1131920991826419,103.06666666666666,5.65847,
6185,1131921001064048,103.08333333333333,5.24597,
6186,1131921010372633,103.1,5.398835,
6187,1131921019461928,103.11666666666666,5.198048,
6188,1131921028521504,103.13333333333333,5.227969,
6189,1131921037788485,103.14999999999999,4.964486,
6190,1131921047137670,103.16666666666667,5.456208,
6191,1131921056373159,103.18333333333334,5.438242,
6192,1131921065473310,103.2,5.336556,
6193,1131921074322793,103.21666666666667,4.967802,
6194,1131921083363968,103.23333333333333,5.149273,
6195,1131921092424727,103.25,5.112457,
6196,1131921101568056,103.26666666666667,5.315422,
6197,1131921111528261,103.28333333333333,5.434604,
6198,1131921120659425,103.3,5.205559,
6199,1131921129570203,103.31666666666666,5.001092,
6200,1131921138827250,103.33333333333333,5.328014,
6201,1131921147917677,103.35,5.330939,
6202,1131921156764204,103.36666666666666,5.030213,
6203,1131921165515550,103.38333333333333,4.996997,
6204,1131921175045790,103.39999999999999,5.309706,
6205,1131921184443886,103.41666666666667,5.221628,
6206,1131921193408640,103.43333333333334,5.101178,
6207,1131921203070830,103.45,5.122931,
6208,1131921212251174,103.46666666666667,5.215933,
6209,1131921221491674,103.48333333333333,5.303047,
6210,1131921231975430,103.5,5.700345,
6211,1131921241064516,103.51666666666667,5.143254,
6212,1131921250337845,103.53333333333333,5.425565,
6213,1131921259336409,103.55,5.135389,
6214,1131921268422197,103.56666666666666,5.221597,
6215,1131921277491829,103.58333333333333,5.217367,
6216,1131921286733072,103.6,5.307054,
6217,1131921296108640,103.61666666666666,5.440253,
6218,1131921305383864,103.63333333333333,5.399712,
6219,1131921314458586,103.64999999999999,5.206288,
6220,1131921323358467,103.66666666666667,5.138461,
6221,1131921332356859,103.68333333333334,5.143495,
6222,1131921341439930,103.7,5.33902,
6223,1131921351238629,103.71666666666667,5.982855,
6224,1131921360287642,103.73333333333333,5.241579,
6225,1131921369231890,103.75,5.266051,
6226,1131921378322510,103.76666666666667,5.309826,
6227,1131921387446964,103.78333333333333,5.319254,
6228,1131921396465116,103.8,5.115932,
6229,1131921405543420,103.81666666666666,5.234311,
6230,1131921415310883,103.83333333333333,5.474332,
6231,1131921424460243,103.85,5.290148,
6232,1131921433393386,103.86666666666666,5.058295,
6233,1131921442720798,103.88333333333333,5.380174,
6234,1131921451814534,103.89999999999999,5.228677,
6235,1131921461182259,103.91666666666667,5.194802,
6236,1131921470864573,103.93333333333334,5.81297,
6237,1131921480033762,103.95,5.302567,
6238,1131921489067868,103.96666666666667,5.185657,
6239,1131921497945470,103.98333333333333,5.026404,
6240,1131921506854380,104.0,5.079975,
6241,1131921515900748,104.01666666666667,5.202821,
6242,1131921524928045,104.03333333333333,5.199877,
6243,1131921534438973,104.05,5.392454,
6244,1131921543574136,104.06666666666666,5.353985,
6245,1131921552585717,104.08333333333333,5.201325,
6246,1131921561537267,104.1,5.135918,
6247,1131921570447893,104.11666666666666,5.087704,
6248,1131921579383748,104.13333333333333,5.104197,
6249,1131921588878853,104.14999999999999,5.637907,
6250,1131921598079338,104.16666666666667,5.245844,
6251,1131921607262770,104.18333333333334,5.282297,
6252,1131921616313415,104.2,5.086413,
6253,1131921625624425,104.21666666666667,5.416487,
6254,1131921634713014,104.23333333333333,5.240983,
6255,1131921643901367,104.25,5.313472,
6256,1131921653825978,104.26666666666667,5.61099,
6257,1131921662936455,104.28333333333333,5.248179,
6258,1131921671992881,104.3,5.253504,
6259,1131921680832601,104.31666666666666,5.011598,
6260,1131921689644566,104.33333333333333,4.94487,
6261,1131921698609495,104.35,5.16,
6262,1131921707714768,104.36666666666666,5.229738,
6263,1131921717387963,104.38333333333333,5.853475,
6264,1131921726386584,104.39999999999999,5.150971,
6265,1131921735330721,104.41666666666667,5.115933,
6266,1131921744429628,104.43333333333334,5.241109,
6267,1131921753545317,104.45,5.201074,
6268,1131921762720147,104.46666666666667,5.283845,
6269,1131921771671118,104.48333333333333,5.084649,
6270,1131921781441879,104.5,5.483435,
6271,1131921790435615,104.51666666666667,5.143172,
6272,1131921799399105,104.53333333333333,5.095895,
6273,1131921808622498,104.55,5.363543,
6274,1131921817575119,104.56666666666666,5.078245,
6275,1131921826651998,104.58333333333333,5.254877,
6276,1131921835998317,104.6,5.510316,
6277,1131921845117218,104.61666666666666,5.273117,
6278,1131921854246308,104.63333333333333,5.309627,
6279,1131921863130214,104.64999999999999,5.037841,
6280,1131921872075677,104.66666666666667,5.065827,
6281,1131921881008426,104.68333333333334,5.077341,
6282,1131921890076120,104.7,5.140724,
6283,1131921899343223,104.71666666666667,5.376898,
6284,1131921908286429,104.73333333333333,5.139209,
6285,1131921917445858,104.75,5.251959,
6286,1131921926636573,104.76666666666667,5.325785,
6287,1131921935750973,104.78333333333333,5.201736,
6288,1131921944800067,104.8,5.228686,
6289,1131921954138670,104.81666666666666,5.4661,
6290,1131921962993361,104.83333333333333,4.971943,
6291,1131921971732308,104.85,4.965531,
6292,1131921980851087,104.86666666666666,5.218636,
6293,1131921989980208,104.88333333333333,5.152567,
6294,1131921999066151,104.89999999999999,5.198252,
6295,1131922008892297,104.91666666666667,5.938271,
6296,1131922018036073,104.93333333333334,5.230171,
6297,1131922027181849,104.95,5.298146,
6298,1131922036148587,104.96666666666667,5.181482,
6299,1131922045229755,104.98333333333333,5.232486,
6300,1131922054244777,105.0,5.130483,
6301,1131922063209580,105.01666666666667,5.100657,
6302,1131922072616475,105.03333333333333,5.491453,
6303,1131922081688895,105.05,5.167874,
6304,1131922090781455,105.06666666666666,5.120611,
6305,1131922099954907,105.08333333333333,5.22605,
6306,1131922108984432,105.1,5.24007,
6307,1131922118023265,105.11666666666666,5.202272,
6308,1131922127440847,105.13333333333333,5.621978,
6309,1131922136817704,105.14999999999999,5.538112,
6310,1131922145775810,105.16666666666667,5.095754,
6311,1131922154802516,105.18333333333334,5.141491,
6312,1131922163884224,105.2,5.233185,
6313,1131922172798975,105.21666666666667,5.068821,
6314,1131922181954443,105.23333333333333,5.154173,
6315,1131922191862850,105.25,6.015449,
6316,1131922200727308,105.26666666666667,4.988434,
6317,1131922209951536,105.28333333333333,5.309536,
6318,1131922218985337,105.3,5.261,
6319,1131922227967709,105.31666666666666,5.156772,
6320,1131922237899822,105.33333333333333,5.230172,
6321,1131922247611502,105.35,5.757838,
6322,1131922256968892,105.36666666666666,5.336147,
6323,1131922266678346,105.38333333333333,5.061218,
6324,1131922275913068,105.39999999999999,5.277413,
6325,1131922284863353,105.41666666666667,5.037547,
6326,1131922294067164,105.43333333333334,5.232353,
6327,1131922303305824,105.45,5.343191,
6328,1131922312570785,105.46666666666667,5.452758,
6329,1131922321477225,105.48333333333333,5.110335,
6330,1131922330427207,105.5,5.171772,
6331,1131922339464407,105.51666666666667,5.245474,
6332,1131922348379127,105.53333333333333,5.112618,
6333,1131922357522350,105.55,5.251586,
6334,1131922366927441,105.56666666666666,5.523913,
6335,1131922376216965,105.58333333333333,5.416339,
6336,1131922385294545,105.6,5.223026,
6337,1131922394335235,105.61666666666666,5.085372,
6338,1131922403639106,105.63333333333333,5.436711,
6339,1131922412658490,105.64999999999999,5.156037,
6340,1131922421768852,105.66666666666667,5.26072,
6341,1131922431033749,105.68333333333334,5.440645,
6342,1131922440020606,105.7,5.187738,
6343,1131922449147895,105.71666666666667,5.273459,
6344,1131922458141424,105.73333333333333,5.150301,
6345,1131922466912097,105.75,4.899042,
6346,1131922476308255,105.76666666666667,5.255552,
6347,1131922485163568,105.78333333333333,5.079848,
6348,1131922494783665,105.8,5.412361,
6349,1131922503635492,105.81666666666666,5.063678,
6350,1131922512761300,105.83333333333333,5.210328,
6351,1131922521865105,105.85,5.232623,
6352,1131922530941847,105.86666666666666,5.183487,
6353,1131922539872953,105.88333333333333,5.101197,
6354,1131922549620699,105.89999999999999,5.888027,
6355,1131922558681639,105.91666666666667,5.187404,
6356,1131922567583136,105.93333333333334,5.019785,
6357,1131922576632594,105.95,5.218121,
6358,1131922585635313,105.96666666666667,5.238093,
6359,1131922594626361,105.98333333333333,5.190655,
6360,1131922603556849,106.0,5.141844,
6361,1131922613197528,106.01666666666667,5.826401,
6362,1131922622543664,106.03333333333333,5.533223,
6363,1131922631545718,106.05,5.139637,
6364,1131922640561784,106.06666666666666,5.143963,
6365,1131922649488485,106.08333333333333,5.009174,
6366,1131922658393907,106.1,5.066087,
6367,1131922667770059,106.11666666666666,5.454523,
6368,1131922677047931,106.13333333333333,5.344873,
6369,1131922686175324,106.14999999999999,5.219582,
6370,1131922695270521,106.16666666666667,5.228829,
6371,1131922704227290,106.18333333333334,5.215618,
6372,1131922713435951,106.2,5.215693,
6373,1131922722519726,106.21666666666667,5.18582,
6374,1131922731850290,106.23333333333333,5.466701,
6375,1131922740844881,106.25,5.130299,
6376,1131922749853780,106.26666666666667,5.214192,
6377,1131922759052962,106.28333333333333,5.345442,
6378,1131922768015423,106.3,5.169443,
6379,1131922777053365,106.31666666666666,5.165142,
6380,1131922786544399,106.33333333333333,5.655328,
6381,1131922795792649,106.35,5.395552,
6382,1131922804715565,106.36666666666666,5.133908,
6383,1131922813770743,106.38333333333333,5.207425,
6384,1131922822824813,106.39999999999999,5.182751,
6385,1131922833025552,106.41666666666667,5.178582,
6386,1131922841960347,106.43333333333334,5.11175,
6387,1131922851651922,106.45,5.884326,
6388,1131922861550616,106.46666666666667,6.102798,
6389,1131922870769902,106.48333333333333,5.267237,
6390,1131922879739799,106.5,5.034701,
6391,1131922888691548,106.51666666666667,5.076838,
6392,1131922897661921,106.53333333333333,5.100216,
6393,1131922906746586,106.55,5.23675,
6394,1131922916592656,106.56666666666666,5.521396,
6395,1131922925672282,106.58333333333333,5.278157,
6396,1131922934716529,106.6,5.194185,
6397,1131922944082034,106.61666666666666,5.321824,
6398,1131922953041313,106.63333333333333,5.132307,
6399,1131922961962952,106.64999999999999,5.098113,
6400,1131922971270666,106.66666666666667,5.420084,
6401,1131922980217192,106.68333333333334,5.090215,
6402,1131922989191362,106.7,5.176916,
6403,1131922998166493,106.71666666666667,5.124171,
6404,1131923007321703,106.73333333333333,5.270175,
6405,1131923016423606,106.75,5.300102,
6406,1131923025526307,106.76666666666667,5.242309,
6407,1131923035319265,106.78333333333333,5.693142,
6408,1131923044355794,106.8,5.164896,
6409,1131923053584481,106.81666666666666,5.286655,
6410,1131923062655726,106.83333333333333,5.180167,
6411,1131923071656834,106.85,5.103356,
6412,1131923080576594,106.86666666666666,5.084178,
6413,1131923089430822,106.88333333333333,5.086686,
6414,1131923098822798,106.89999999999999,5.514676,
6415,1131923107678698,106.91666666666667,5.037932,
6416,1131923116555969,106.93333333333334,5.040505,
6417,1131923125376942,106.95,5.003622,
6418,1131923134348182,106.96666666666667,5.18316,
6419,1131923143614183,106.98333333333333,5.141882,
6420,1131923152905790,107.0,5.35553,
6421,1131923161702207,107.01666666666667,5.009536,
6422,1131923170513095,107.03333333333333,5.040169,
6423,1131923179458670,107.05,5.186866,
6424,1131923189017358,107.06666666666666,5.284731,
6425,1131923198638270,107.08333333333333,5.030284,
6426,1131923207999900,107.1,5.56985,
6427,1131923217198443,107.11666666666666,5.400343,
6428,1131923225986635,107.13333333333333,4.94899,
6429,1131923235811238,107.14999999999999,5.023805,
6430,1131923244664972,107.16666666666667,5.042255,
6431,1131923254420760,107.18333333333334,5.035158,
6432,1131923263124741,107.2,4.887112,
6433,1131923272984927,107.21666666666667,5.29015,
6434,1131923281975681,107.23333333333333,5.148577,
6435,1131923291088803,107.25,5.237209,
6436,1131923300560254,107.26666666666667,5.0591,
6437,1131923309753529,107.28333333333333,5.273348,
6438,1131923318738315,107.3,5.145956,
6439,1131923328076960,107.31666666666666,5.45015,
6440,1131923337489128,107.33333333333333,5.566503,
6441,1131923350512756,107.35,5.124709,
6442,1131923359598476,107.36666666666666,5.222034,
6443,1131923368546708,107.38333333333333,5.08308,
6444,1131923377463684,107.39999999999999,5.038942,
6445,1131923386443479,107.41666666666667,5.151441,
6446,1131923395629207,107.43333333333334,5.360714,
6447,1131923404537908,107.45,5.118686,
6448,1131923413613506,107.46666666666667,5.244567,
6449,1131923422610448,107.48333333333333,5.136031,
6450,1131923431636814,107.5,5.173782,
6451,1131923440703464,107.51666666666667,5.245213,
6452,1131923450378629,107.53333333333333,5.827134,
6453,1131923459532649,107.55,5.2965,
6454,1131923468612296,107.56666666666666,5.258559,
6455,1131923477776042,107.58333333333333,5.176876,
6456,1131923486689929,107.6,5.10414,
6457,1131923495572161,107.61666666666666,5.051214,
6458,1131923504531355,107.63333333333333,5.155571,
6459,1131923514081006,107.64999999999999,5.527546,
6460,1131923523075492,107.66666666666667,5.18359,
6461,1131923531925138,107.68333333333334,5.050709,
6462,1131923541029330,107.7,5.190126,
6463,1131923550072874,107.71666666666667,5.280547,
6464,1131923559081744,107.73333333333333,5.317745,
6465,1131923567985375,107.75,5.141912,
6466,1131923577434335,107.76666666666667,5.607634,
6467,1131923586777025,107.78333333333333,5.260456,
6468,1131923595675356,107.8,5.096418,
6469,1131923604690879,107.81666666666666,5.226432,
6470,1131923613583588,107.83333333333333,5.07483,
6471,1131923622543254,107.85,5.083693,
6472,1131923632303343,107.86666666666666,5.954748,
6473,1131923641325022,107.88333333333333,5.146482,
6474,1131923650449193,107.89999999999999,5.333956,
6475,1131923659450520,107.91666666666667,5.244577,
6476,1131923668300284,107.93333333333334,5.081554,
6477,1131923677303777,107.95,5.159656,
6478,1131923686334966,107.96666666666667,5.20002,
6479,1131923696269012,107.98333333333333,5.69905,
6480,1131923705165335,108.0,5.096868,
6481,1131923714264913,108.01666666666667,5.210924,
6482,1131923723376324,108.03333333333333,5.327139,
6483,1131923732332653,108.05,5.209949,
6484,1131923741300437,108.06666666666666,5.188059,
6485,1131923750802817,108.08333333333333,5.698115,
6486,1131923759667104,108.1,5.074771,
6487,1131923768583038,108.11666666666666,5.171118,
6488,1131923777713473,108.13333333333333,5.220436,
6489,1131923786725306,108.14999999999999,5.172933,
6490,1131923795749979,108.16666666666667,5.29745,
6491,1131923804797410,108.18333333333334,5.202241,
6492,1131923814459619,108.2,5.781037,
6493,1131923823509884,108.21666666666667,5.215729,
6494,1131923832482950,108.23333333333333,5.208889,
6495,1131923841524694,108.25,5.219966,
6496,1131923850497771,108.26666666666667,5.123253,
6497,1131923859426604,108.28333333333333,5.090054,
6498,1131923870847647,108.3,5.835617,
6499,1131923879809052,108.31666666666666,5.189244,
6500,1131923888759027,108.33333333333333,5.158441,
6501,1131923897703148,108.35,5.096011,
6502,1131923906666244,108.36666666666666,5.146032,
6503,1131923915590794,108.38333333333333,5.075192,
6504,1131923924639771,108.39999999999999,5.188609,
6505,1131923934009942,108.41666666666667,5.466473,
6506,1131923943067076,108.43333333333334,5.282607,
6507,1131923952073629,108.45,5.225419,
6508,1131923960867403,108.46666666666667,5.031702,
6509,1131923969964673,108.48333333333333,5.276243,
6510,1131923978998498,108.5,5.270546,
6511,1131923988293796,108.51666666666667,5.550318,
6512,1131923997582720,108.53333333333333,5.415679,
6513,1131924006550613,108.55,5.136837,
6514,1131924015552148,108.56666666666666,5.166367,
6515,1131924024706389,108.58333333333333,5.382258,
6516,1131924033722041,108.6,5.271793,
6517,1131924042727045,108.61666666666666,5.22047,
6518,1131924051788874,108.63333333333333,5.292577,
6519,1131924060761106,108.64999999999999,5.272924,
6520,1131924069802036,108.66666666666667,5.187794,
6521,1131924078837257,108.68333333333334,5.184072,
6522,1131924087974965,108.7,5.336436,
6523,1131924097076705,108.71666666666667,5.184213,
6524,1131924106087698,108.73333333333333,5.176239,
6525,1131924115850888,108.75,5.519859,
6526,1131924124839305,108.76666666666667,5.20257,
6527,1131924133797461,108.78333333333333,5.228787,
6528,1131924142690908,108.8,5.118409,
6529,1131924151760871,108.81666666666666,5.269955,
6530,1131924160832864,108.83333333333333,5.230607,
6531,1131924170437804,108.85,5.680265,
6532,1131924179578088,108.86666666666666,5.29554,
6533,1131924188652149,108.88333333333333,5.269751,
6534,1131924197543044,108.89999999999999,5.158655,
6535,1131924206383785,108.91666666666667,5.174576,
6536,1131924215553530,108.93333333333334,5.281173,
6537,1131924224535267,108.95,5.186193,
6538,1131924233676083,108.96666666666667,5.368997,
6539,1131924242610017,108.98333333333333,5.170358,
6540,1131924251722054,109.0,5.263152,
6541,1131924260633791,109.01666666666667,5.141095,
6542,1131924269705341,109.03333333333333,5.290818,
6543,1131924279921991,109.05,5.153364,
6544,1131924289433566,109.06666666666666,5.804632,
6545,1131924298446809,109.08333333333333,5.236864,
6546,1131924308305581,109.1,5.172575,
