total_ms,w1,w2,w3,g1_ms,g2_ms,n1,n2,n3,shortest_samples,shortest_ms,admissible
450,1,1,1,20,20,6560,6560,6560,6560,136.666,1
450,1,1,1,20,40,6240,6240,6240,6240,130.000,1
450,1,1,1,20,60,5920,5920,5920,5920,123.333,1
450,1,1,1,40,20,6240,6240,6240,6240,130.000,1
450,1,1,1,40,40,5920,5920,5920,5920,123.333,1
450,1,1,1,40,60,5600,5600,5600,5600,116.666,1
450,1,1,1,60,20,5920,5920,5920,5920,123.333,1
450,1,1,1,60,40,5600,5600,5600,5600,116.666,1
450,1,1,1,60,60,5280,5280,5280,5280,110.000,1
450,1,1,2,20,20,4920,4920,9840,4920,102.500,1
450,1,1,2,20,40,4680,4680,9360,4680,97.500,1
450,1,1,2,20,60,4440,4440,8880,4440,92.500,1
450,1,1,2,40,20,4680,4680,9360,4680,97.500,1
450,1,1,2,40,40,4440,4440,8880,4440,92.500,1
450,1,1,2,40,60,4200,4200,8400,4200,87.500,1
450,1,1,2,60,20,4440,4440,8880,4440,92.500,1
450,1,1,2,60,40,4200,4200,8400,4200,87.500,1
450,1,1,2,60,60,3960,3960,7920,3960,82.500,1
450,1,1,3,20,20,3936,3936,11808,3936,82.000,1
450,1,1,3,20,40,3744,3744,11232,3744,78.000,1
450,1,1,3,20,60,3552,3552,10656,3552,74.000,1
450,1,1,3,40,20,3744,3744,11232,3744,78.000,1
450,1,1,3,40,40,3552,3552,10656,3552,74.000,1
450,1,1,3,40,60,3360,3360,10080,3360,70.000,1
450,1,1,3,60,20,3552,3552,10656,3552,74.000,1
450,1,1,3,60,40,3360,3360,10080,3360,70.000,1
450,1,1,3,60,60,3168,3168,9504,3168,66.000,1
450,1,1,4,20,20,3280,3280,13120,3280,68.333,1
450,1,1,4,20,40,3120,3120,12480,3120,65.000,1
450,1,1,4,20,60,2960,2960,11840,2960,61.666,1
450,1,1,4,40,20,3120,3120,12480,3120,65.000,1
450,1,1,4,40,40,2960,2960,11840,2960,61.666,1
450,1,1,4,40,60,2800,2800,11200,2800,58.333,0
450,1,1,4,60,20,2960,2960,11840,2960,61.666,1
450,1,1,4,60,40,2800,2800,11200,2800,58.333,0
450,1,1,4,60,60,2640,2640,10560,2640,55.000,0
450,1,2,1,20,20,4920,9840,4920,4920,102.500,1
450,1,2,1,20,40,4680,9360,4680,4680,97.500,1
450,1,2,1,20,60,4440,8880,4440,4440,92.500,1
450,1,2,1,40,20,4680,9360,4680,4680,97.500,1
450,1,2,1,40,40,4440,8880,4440,4440,92.500,1
450,1,2,1,40,60,4200,8400,4200,4200,87.500,1
450,1,2,1,60,20,4440,8880,4440,4440,92.500,1
450,1,2,1,60,40,4200,8400,4200,4200,87.500,1
450,1,2,1,60,60,3960,7920,3960,3960,82.500,1
450,1,2,2,20,20,3936,7872,7872,3936,82.000,1
450,1,2,2,20,40,3744,7488,7488,3744,78.000,1
450,1,2,2,20,60,3552,7104,7104,3552,74.000,1
450,1,2,2,40,20,3744,7488,7488,3744,78.000,1
450,1,2,2,40,40,3552,7104,7104,3552,74.000,1
450,1,2,2,40,60,3360,6720,6720,3360,70.000,1
450,1,2,2,60,20,3552,7104,7104,3552,74.000,1
450,1,2,2,60,40,3360,6720,6720,3360,70.000,1
450,1,2,2,60,60,3168,6336,6336,3168,66.000,1
450,1,2,3,20,20,3280,6560,9840,3280,68.333,1
450,1,2,3,20,40,3120,6240,9360,3120,65.000,1
450,1,2,3,20,60,2960,5920,8880,2960,61.666,1
450,1,2,3,40,20,3120,6240,9360,3120,65.000,1
450,1,2,3,40,40,2960,5920,8880,2960,61.666,1
450,1,2,3,40,60,2800,5600,8400,2800,58.333,0
450,1,2,3,60,20,2960,5920,8880,2960,61.666,1
450,1,2,3,60,40,2800,5600,8400,2800,58.333,0
450,1,2,3,60,60,2640,5280,7920,2640,55.000,0
450,1,2,4,20,20,2811,5623,11246,2811,58.562,0
450,1,2,4,20,40,2674,5349,10697,2674,55.708,0
450,1,2,4,20,60,2537,5074,10149,2537,52.854,0
450,1,2,4,40,20,2674,5349,10697,2674,55.708,0
450,1,2,4,40,40,2537,5074,10149,2537,52.854,0
450,1,2,4,40,60,2400,4800,9600,2400,50.000,0
450,1,2,4,60,20,2537,5074,10149,2537,52.854,0
450,1,2,4,60,40,2400,4800,9600,2400,50.000,0
450,1,2,4,60,60,2263,4526,9051,2263,47.145,0
450,1,3,1,20,20,3936,11808,3936,3936,82.000,1
450,1,3,1,20,40,3744,11232,3744,3744,78.000,1
450,1,3,1,20,60,3552,10656,3552,3552,74.000,1
450,1,3,1,40,20,3744,11232,3744,3744,78.000,1
450,1,3,1,40,40,3552,10656,3552,3552,74.000,1
450,1,3,1,40,60,3360,10080,3360,3360,70.000,1
450,1,3,1,60,20,3552,10656,3552,3552,74.000,1
450,1,3,1,60,40,3360,10080,3360,3360,70.000,1
450,1,3,1,60,60,3168,9504,3168,3168,66.000,1
450,1,3,2,20,20,3280,9840,6560,3280,68.333,1
450,1,3,2,20,40,3120,9360,6240,3120,65.000,1
450,1,3,2,20,60,2960,8880,5920,2960,61.666,1
450,1,3,2,40,20,3120,9360,6240,3120,65.000,1
450,1,3,2,40,40,2960,8880,5920,2960,61.666,1
450,1,3,2,40,60,2800,8400,5600,2800,58.333,0
450,1,3,2,60,20,2960,8880,5920,2960,61.666,1
450,1,3,2,60,40,2800,8400,5600,2800,58.333,0
450,1,3,2,60,60,2640,7920,5280,2640,55.000,0
450,1,3,3,20,20,2811,8434,8435,2811,58.562,0
450,1,3,3,20,40,2674,8023,8023,2674,55.708,0
450,1,3,3,20,60,2537,7611,7612,2537,52.854,0
450,1,3,3,40,20,2674,8023,8023,2674,55.708,0
450,1,3,3,40,40,2537,7611,7612,2537,52.854,0
450,1,3,3,40,60,2400,7200,7200,2400,50.000,0
450,1,3,3,60,20,2537,7611,7612,2537,52.854,0
450,1,3,3,60,40,2400,7200,7200,2400,50.000,0
450,1,3,3,60,60,2263,6789,6788,2263,47.145,0
450,1,3,4,20,20,2460,7380,9840,2460,51.250,0
450,1,3,4,20,40,2340,7020,9360,2340,48.750,0
450,1,3,4,20,60,2220,6660,8880,2220,46.250,0
450,1,3,4,40,20,2340,7020,9360,2340,48.750,0
450,1,3,4,40,40,2220,6660,8880,2220,46.250,0
450,1,3,4,40,60,2100,6300,8400,2100,43.750,0
450,1,3,4,60,20,2220,6660,8880,2220,46.250,0
450,1,3,4,60,40,2100,6300,8400,2100,43.750,0
450,1,3,4,60,60,1980,5940,7920,1980,41.250,0
450,1,4,1,20,20,3280,13120,3280,3280,68.333,1
450,1,4,1,20,40,3120,12480,3120,3120,65.000,1
450,1,4,1,20,60,2960,11840,2960,2960,61.666,1
450,1,4,1,40,20,3120,12480,3120,3120,65.000,1
450,1,4,1,40,40,2960,11840,2960,2960,61.666,1
450,1,4,1,40,60,2800,11200,2800,2800,58.333,0
450,1,4,1,60,20,2960,11840,2960,2960,61.666,1
450,1,4,1,60,40,2800,11200,2800,2800,58.333,0
450,1,4,1,60,60,2640,10560,2640,2640,55.000,0
450,1,4,2,20,20,2811,11246,5623,2811,58.562,0
450,1,4,2,20,40,2674,10697,5349,2674,55.708,0
450,1,4,2,20,60,2537,10149,5074,2537,52.854,0
450,1,4,2,40,20,2674,10697,5349,2674,55.708,0
450,1,4,2,40,40,2537,10149,5074,2537,52.854,0
450,1,4,2,40,60,2400,9600,4800,2400,50.000,0
450,1,4,2,60,20,2537,10149,5074,2537,52.854,0
450,1,4,2,60,40,2400,9600,4800,2400,50.000,0
450,1,4,2,60,60,2263,9051,4526,2263,47.145,0
450,1,4,3,20,20,2460,9840,7380,2460,51.250,0
450,1,4,3,20,40,2340,9360,7020,2340,48.750,0
450,1,4,3,20,60,2220,8880,6660,2220,46.250,0
450,1,4,3,40,20,2340,9360,7020,2340,48.750,0
450,1,4,3,40,40,2220,8880,6660,2220,46.250,0
450,1,4,3,40,60,2100,8400,6300,2100,43.750,0
450,1,4,3,60,20,2220,8880,6660,2220,46.250,0
450,1,4,3,60,40,2100,8400,6300,2100,43.750,0
450,1,4,3,60,60,1980,7920,5940,1980,41.250,0
450,1,4,4,20,20,2187,8747,8746,2187,45.562,0
450,1,4,4,20,40,2080,8320,8320,2080,43.333,0
450,1,4,4,20,60,1973,7893,7894,1973,41.104,0
450,1,4,4,40,20,2080,8320,8320,2080,43.333,0
450,1,4,4,40,40,1973,7893,7894,1973,41.104,0
450,1,4,4,40,60,1867,7467,7466,1867,38.895,0
450,1,4,4,60,20,1973,7893,7894,1973,41.104,0
450,1,4,4,60,40,1867,7467,7466,1867,38.895,0
450,1,4,4,60,60,1760,7040,7040,1760,36.666,0
450,2,1,1,20,20,9840,4920,4920,4920,102.500,1
450,2,1,1,20,40,9360,4680,4680,4680,97.500,1
450,2,1,1,20,60,8880,4440,4440,4440,92.500,1
450,2,1,1,40,20,9360,4680,4680,4680,97.500,1
450,2,1,1,40,40,8880,4440,4440,4440,92.500,1
450,2,1,1,40,60,8400,4200,4200,4200,87.500,1
450,2,1,1,60,20,8880,4440,4440,4440,92.500,1
450,2,1,1,60,40,8400,4200,4200,4200,87.500,1
450,2,1,1,60,60,7920,3960,3960,3960,82.500,1
450,2,1,2,20,20,7872,3936,7872,3936,82.000,1
450,2,1,2,20,40,7488,3744,7488,3744,78.000,1
450,2,1,2,20,60,7104,3552,7104,3552,74.000,1
450,2,1,2,40,20,7488,3744,7488,3744,78.000,1
450,2,1,2,40,40,7104,3552,7104,3552,74.000,1
450,2,1,2,40,60,6720,3360,6720,3360,70.000,1
450,2,1,2,60,20,7104,3552,7104,3552,74.000,1
450,2,1,2,60,40,6720,3360,6720,3360,70.000,1
450,2,1,2,60,60,6336,3168,6336,3168,66.000,1
450,2,1,3,20,20,6560,3280,9840,3280,68.333,1
450,2,1,3,20,40,6240,3120,9360,3120,65.000,1
450,2,1,3,20,60,5920,2960,8880,2960,61.666,1
450,2,1,3,40,20,6240,3120,9360,3120,65.000,1
450,2,1,3,40,40,5920,2960,8880,2960,61.666,1
450,2,1,3,40,60,5600,2800,8400,2800,58.333,0
450,2,1,3,60,20,5920,2960,8880,2960,61.666,1
450,2,1,3,60,40,5600,2800,8400,2800,58.333,0
450,2,1,3,60,60,5280,2640,7920,2640,55.000,0
450,2,1,4,20,20,5623,2811,11246,2811,58.562,0
450,2,1,4,20,40,5349,2674,10697,2674,55.708,0
450,2,1,4,20,60,5074,2537,10149,2537,52.854,0
450,2,1,4,40,20,5349,2674,10697,2674,55.708,0
450,2,1,4,40,40,5074,2537,10149,2537,52.854,0
450,2,1,4,40,60,4800,2400,9600,2400,50.000,0
450,2,1,4,60,20,5074,2537,10149,2537,52.854,0
450,2,1,4,60,40,4800,2400,9600,2400,50.000,0
450,2,1,4,60,60,4526,2263,9051,2263,47.145,0
450,2,2,1,20,20,7872,7872,3936,3936,82.000,1
450,2,2,1,20,40,7488,7488,3744,3744,78.000,1
450,2,2,1,20,60,7104,7104,3552,3552,74.000,1
450,2,2,1,40,20,7488,7488,3744,3744,78.000,1
450,2,2,1,40,40,7104,7104,3552,3552,74.000,1
450,2,2,1,40,60,6720,6720,3360,3360,70.000,1
450,2,2,1,60,20,7104,7104,3552,3552,74.000,1
450,2,2,1,60,40,6720,6720,3360,3360,70.000,1
450,2,2,1,60,60,6336,6336,3168,3168,66.000,1
450,2,2,2,20,20,6560,6560,6560,6560,136.666,1
450,2,2,2,20,40,6240,6240,6240,6240,130.000,1
450,2,2,2,20,60,5920,5920,5920,5920,123.333,1
450,2,2,2,40,20,6240,6240,6240,6240,130.000,1
450,2,2,2,40,40,5920,5920,5920,5920,123.333,1
450,2,2,2,40,60,5600,5600,5600,5600,116.666,1
450,2,2,2,60,20,5920,5920,5920,5920,123.333,1
450,2,2,2,60,40,5600,5600,5600,5600,116.666,1
450,2,2,2,60,60,5280,5280,5280,5280,110.000,1
450,2,2,3,20,20,5623,5623,8434,5623,117.145,1
450,2,2,3,20,40,5349,5349,8022,5349,111.437,1
450,2,2,3,20,60,5074,5074,7612,5074,105.708,1
450,2,2,3,40,20,5349,5349,8022,5349,111.437,1
450,2,2,3,40,40,5074,5074,7612,5074,105.708,1
450,2,2,3,40,60,4800,4800,7200,4800,100.000,1
450,2,2,3,60,20,5074,5074,7612,5074,105.708,1
450,2,2,3,60,40,4800,4800,7200,4800,100.000,1
450,2,2,3,60,60,4526,4526,6788,4526,94.291,1
450,2,2,4,20,20,4920,4920,9840,4920,102.500,1
450,2,2,4,20,40,4680,4680,9360,4680,97.500,1
450,2,2,4,20,60,4440,4440,8880,4440,92.500,1
450,2,2,4,40,20,4680,4680,9360,4680,97.500,1
450,2,2,4,40,40,4440,4440,8880,4440,92.500,1
450,2,2,4,40,60,4200,4200,8400,4200,87.500,1
450,2,2,4,60,20,4440,4440,8880,4440,92.500,1
450,2,2,4,60,40,4200,4200,8400,4200,87.500,1
450,2,2,4,60,60,3960,3960,7920,3960,82.500,1
450,2,3,1,20,20,6560,9840,3280,3280,68.333,1
450,2,3,1,20,40,6240,9360,3120,3120,65.000,1
450,2,3,1,20,60,5920,8880,2960,2960,61.666,1
450,2,3,1,40,20,6240,9360,3120,3120,65.000,1
450,2,3,1,40,40,5920,8880,2960,2960,61.666,1
450,2,3,1,40,60,5600,8400,2800,2800,58.333,0
450,2,3,1,60,20,5920,8880,2960,2960,61.666,1
450,2,3,1,60,40,5600,8400,2800,2800,58.333,0
450,2,3,1,60,60,5280,7920,2640,2640,55.000,0
450,2,3,2,20,20,5623,8434,5623,5623,117.145,1
450,2,3,2,20,40,5349,8023,5348,5348,111.416,1
450,2,3,2,20,60,5074,7611,5075,5074,105.708,1
450,2,3,2,40,20,5349,8023,5348,5348,111.416,1
450,2,3,2,40,40,5074,7611,5075,5074,105.708,1
450,2,3,2,40,60,4800,7200,4800,4800,100.000,1
450,2,3,2,60,20,5074,7611,5075,5074,105.708,1
450,2,3,2,60,40,4800,7200,4800,4800,100.000,1
450,2,3,2,60,60,4526,6789,4525,4525,94.270,1
450,2,3,3,20,20,4920,7380,7380,4920,102.500,1
450,2,3,3,20,40,4680,7020,7020,4680,97.500,1
450,2,3,3,20,60,4440,6660,6660,4440,92.500,1
450,2,3,3,40,20,4680,7020,7020,4680,97.500,1
450,2,3,3,40,40,4440,6660,6660,4440,92.500,1
450,2,3,3,40,60,4200,6300,6300,4200,87.500,1
450,2,3,3,60,20,4440,6660,6660,4440,92.500,1
450,2,3,3,60,40,4200,6300,6300,4200,87.500,1
450,2,3,3,60,60,3960,5940,5940,3960,82.500,1
450,2,3,4,20,20,4373,6560,8747,4373,91.104,1
450,2,3,4,20,40,4160,6240,8320,4160,86.666,1
450,2,3,4,20,60,3947,5920,7893,3947,82.229,1
450,2,3,4,40,20,4160,6240,8320,4160,86.666,1
450,2,3,4,40,40,3947,5920,7893,3947,82.229,1
450,2,3,4,40,60,3733,5600,7467,3733,77.770,1
450,2,3,4,60,20,3947,5920,7893,3947,82.229,1
450,2,3,4,60,40,3733,5600,7467,3733,77.770,1
450,2,3,4,60,60,3520,5280,7040,3520,73.333,1
450,2,4,1,20,20,5623,11246,2811,2811,58.562,0
450,2,4,1,20,40,5349,10697,2674,2674,55.708,0
450,2,4,1,20,60,5074,10149,2537,2537,52.854,0
450,2,4,1,40,20,5349,10697,2674,2674,55.708,0
450,2,4,1,40,40,5074,10149,2537,2537,52.854,0
450,2,4,1,40,60,4800,9600,2400,2400,50.000,0
450,2,4,1,60,20,5074,10149,2537,2537,52.854,0
450,2,4,1,60,40,4800,9600,2400,2400,50.000,0
450,2,4,1,60,60,4526,9051,2263,2263,47.145,0
450,2,4,2,20,20,4920,9840,4920,4920,102.500,1
450,2,4,2,20,40,4680,9360,4680,4680,97.500,1
450,2,4,2,20,60,4440,8880,4440,4440,92.500,1
450,2,4,2,40,20,4680,9360,4680,4680,97.500,1
450,2,4,2,40,40,4440,8880,4440,4440,92.500,1
450,2,4,2,40,60,4200,8400,4200,4200,87.500,1
450,2,4,2,60,20,4440,8880,4440,4440,92.500,1
450,2,4,2,60,40,4200,8400,4200,4200,87.500,1
450,2,4,2,60,60,3960,7920,3960,3960,82.500,1
450,2,4,3,20,20,4373,8747,6560,4373,91.104,1
450,2,4,3,20,40,4160,8320,6240,4160,86.666,1
450,2,4,3,20,60,3947,7893,5920,3947,82.229,1
450,2,4,3,40,20,4160,8320,6240,4160,86.666,1
450,2,4,3,40,40,3947,7893,5920,3947,82.229,1
450,2,4,3,40,60,3733,7467,5600,3733,77.770,1
450,2,4,3,60,20,3947,7893,5920,3947,82.229,1
450,2,4,3,60,40,3733,7467,5600,3733,77.770,1
450,2,4,3,60,60,3520,7040,5280,3520,73.333,1
450,2,4,4,20,20,3936,7872,7872,3936,82.000,1
450,2,4,4,20,40,3744,7488,7488,3744,78.000,1
450,2,4,4,20,60,3552,7104,7104,3552,74.000,1
450,2,4,4,40,20,3744,7488,7488,3744,78.000,1
450,2,4,4,40,40,3552,7104,7104,3552,74.000,1
450,2,4,4,40,60,3360,6720,6720,3360,70.000,1
450,2,4,4,60,20,3552,7104,7104,3552,74.000,1
450,2,4,4,60,40,3360,6720,6720,3360,70.000,1
450,2,4,4,60,60,3168,6336,6336,3168,66.000,1
450,3,1,1,20,20,11808,3936,3936,3936,82.000,1
450,3,1,1,20,40,11232,3744,3744,3744,78.000,1
450,3,1,1,20,60,10656,3552,3552,3552,74.000,1
450,3,1,1,40,20,11232,3744,3744,3744,78.000,1
450,3,1,1,40,40,10656,3552,3552,3552,74.000,1
450,3,1,1,40,60,10080,3360,3360,3360,70.000,1
450,3,1,1,60,20,10656,3552,3552,3552,74.000,1
450,3,1,1,60,40,10080,3360,3360,3360,70.000,1
450,3,1,1,60,60,9504,3168,3168,3168,66.000,1
450,3,1,2,20,20,9840,3280,6560,3280,68.333,1
450,3,1,2,20,40,9360,3120,6240,3120,65.000,1
450,3,1,2,20,60,8880,2960,5920,2960,61.666,1
450,3,1,2,40,20,9360,3120,6240,3120,65.000,1
450,3,1,2,40,40,8880,2960,5920,2960,61.666,1
450,3,1,2,40,60,8400,2800,5600,2800,58.333,0
450,3,1,2,60,20,8880,2960,5920,2960,61.666,1
450,3,1,2,60,40,8400,2800,5600,2800,58.333,0
450,3,1,2,60,60,7920,2640,5280,2640,55.000,0
450,3,1,3,20,20,8434,2811,8435,2811,58.562,0
450,3,1,3,20,40,8023,2674,8023,2674,55.708,0
450,3,1,3,20,60,7611,2537,7612,2537,52.854,0
450,3,1,3,40,20,8023,2674,8023,2674,55.708,0
450,3,1,3,40,40,7611,2537,7612,2537,52.854,0
450,3,1,3,40,60,7200,2400,7200,2400,50.000,0
450,3,1,3,60,20,7611,2537,7612,2537,52.854,0
450,3,1,3,60,40,7200,2400,7200,2400,50.000,0
450,3,1,3,60,60,6789,2263,6788,2263,47.145,0
450,3,1,4,20,20,7380,2460,9840,2460,51.250,0
450,3,1,4,20,40,7020,2340,9360,2340,48.750,0
450,3,1,4,20,60,6660,2220,8880,2220,46.250,0
450,3,1,4,40,20,7020,2340,9360,2340,48.750,0
450,3,1,4,40,40,6660,2220,8880,2220,46.250,0
450,3,1,4,40,60,6300,2100,8400,2100,43.750,0
450,3,1,4,60,20,6660,2220,8880,2220,46.250,0
450,3,1,4,60,40,6300,2100,8400,2100,43.750,0
450,3,1,4,60,60,5940,1980,7920,1980,41.250,0
450,3,2,1,20,20,9840,6560,3280,3280,68.333,1
450,3,2,1,20,40,9360,6240,3120,3120,65.000,1
450,3,2,1,20,60,8880,5920,2960,2960,61.666,1
450,3,2,1,40,20,9360,6240,3120,3120,65.000,1
450,3,2,1,40,40,8880,5920,2960,2960,61.666,1
450,3,2,1,40,60,8400,5600,2800,2800,58.333,0
450,3,2,1,60,20,8880,5920,2960,2960,61.666,1
450,3,2,1,60,40,8400,5600,2800,2800,58.333,0
450,3,2,1,60,60,7920,5280,2640,2640,55.000,0
450,3,2,2,20,20,8434,5623,5623,5623,117.145,1
450,3,2,2,20,40,8023,5349,5348,5348,111.416,1
450,3,2,2,20,60,7611,5074,5075,5074,105.708,1
450,3,2,2,40,20,8023,5349,5348,5348,111.416,1
450,3,2,2,40,40,7611,5074,5075,5074,105.708,1
450,3,2,2,40,60,7200,4800,4800,4800,100.000,1
450,3,2,2,60,20,7611,5074,5075,5074,105.708,1
450,3,2,2,60,40,7200,4800,4800,4800,100.000,1
450,3,2,2,60,60,6789,4526,4525,4525,94.270,1
450,3,2,3,20,20,7380,4920,7380,4920,102.500,1
450,3,2,3,20,40,7020,4680,7020,4680,97.500,1
450,3,2,3,20,60,6660,4440,6660,4440,92.500,1
450,3,2,3,40,20,7020,4680,7020,4680,97.500,1
450,3,2,3,40,40,6660,4440,6660,4440,92.500,1
450,3,2,3,40,60,6300,4200,6300,4200,87.500,1
450,3,2,3,60,20,6660,4440,6660,4440,92.500,1
450,3,2,3,60,40,6300,4200,6300,4200,87.500,1
450,3,2,3,60,60,5940,3960,5940,3960,82.500,1
450,3,2,4,20,20,6560,4373,8747,4373,91.104,1
450,3,2,4,20,40,6240,4160,8320,4160,86.666,1
450,3,2,4,20,60,5920,3947,7893,3947,82.229,1
450,3,2,4,40,20,6240,4160,8320,4160,86.666,1
450,3,2,4,40,40,5920,3947,7893,3947,82.229,1
450,3,2,4,40,60,5600,3733,7467,3733,77.770,1
450,3,2,4,60,20,5920,3947,7893,3947,82.229,1
450,3,2,4,60,40,5600,3733,7467,3733,77.770,1
450,3,2,4,60,60,5280,3520,7040,3520,73.333,1
450,3,3,1,20,20,8434,8434,2812,2812,58.583,0
450,3,3,1,20,40,8023,8023,2674,2674,55.708,0
450,3,3,1,20,60,7611,7611,2538,2538,52.875,0
450,3,3,1,40,20,8023,8023,2674,2674,55.708,0
450,3,3,1,40,40,7611,7611,2538,2538,52.875,0
450,3,3,1,40,60,7200,7200,2400,2400,50.000,0
450,3,3,1,60,20,7611,7611,2538,2538,52.875,0
450,3,3,1,60,40,7200,7200,2400,2400,50.000,0
450,3,3,1,60,60,6789,6789,2262,2262,47.125,0
450,3,3,2,20,20,7380,7380,4920,4920,102.500,1
450,3,3,2,20,40,7020,7020,4680,4680,97.500,1
450,3,3,2,20,60,6660,6660,4440,4440,92.500,1
450,3,3,2,40,20,7020,7020,4680,4680,97.500,1
450,3,3,2,40,40,6660,6660,4440,4440,92.500,1
450,3,3,2,40,60,6300,6300,4200,4200,87.500,1
450,3,3,2,60,20,6660,6660,4440,4440,92.500,1
450,3,3,2,60,40,6300,6300,4200,4200,87.500,1
450,3,3,2,60,60,5940,5940,3960,3960,82.500,1
450,3,3,3,20,20,6560,6560,6560,6560,136.666,1
450,3,3,3,20,40,6240,6240,6240,6240,130.000,1
450,3,3,3,20,60,5920,5920,5920,5920,123.333,1
450,3,3,3,40,20,6240,6240,6240,6240,130.000,1
450,3,3,3,40,40,5920,5920,5920,5920,123.333,1
450,3,3,3,40,60,5600,5600,5600,5600,116.666,1
450,3,3,3,60,20,5920,5920,5920,5920,123.333,1
450,3,3,3,60,40,5600,5600,5600,5600,116.666,1
450,3,3,3,60,60,5280,5280,5280,5280,110.000,1
450,3,3,4,20,20,5904,5904,7872,5904,123.000,1
450,3,3,4,20,40,5616,5616,7488,5616,117.000,1
450,3,3,4,20,60,5328,5328,7104,5328,111.000,1
450,3,3,4,40,20,5616,5616,7488,5616,117.000,1
450,3,3,4,40,40,5328,5328,7104,5328,111.000,1
450,3,3,4,40,60,5040,5040,6720,5040,105.000,1
450,3,3,4,60,20,5328,5328,7104,5328,111.000,1
450,3,3,4,60,40,5040,5040,6720,5040,105.000,1
450,3,3,4,60,60,4752,4752,6336,4752,99.000,1
450,3,4,1,20,20,7380,9840,2460,2460,51.250,0
450,3,4,1,20,40,7020,9360,2340,2340,48.750,0
450,3,4,1,20,60,6660,8880,2220,2220,46.250,0
450,3,4,1,40,20,7020,9360,2340,2340,48.750,0
450,3,4,1,40,40,6660,8880,2220,2220,46.250,0
450,3,4,1,40,60,6300,8400,2100,2100,43.750,0
450,3,4,1,60,20,6660,8880,2220,2220,46.250,0
450,3,4,1,60,40,6300,8400,2100,2100,43.750,0
450,3,4,1,60,60,5940,7920,1980,1980,41.250,0
450,3,4,2,20,20,6560,8747,4373,4373,91.104,1
450,3,4,2,20,40,6240,8320,4160,4160,86.666,1
450,3,4,2,20,60,5920,7893,3947,3947,82.229,1
450,3,4,2,40,20,6240,8320,4160,4160,86.666,1
450,3,4,2,40,40,5920,7893,3947,3947,82.229,1
450,3,4,2,40,60,5600,7467,3733,3733,77.770,1
450,3,4,2,60,20,5920,7893,3947,3947,82.229,1
450,3,4,2,60,40,5600,7467,3733,3733,77.770,1
450,3,4,2,60,60,5280,7040,3520,3520,73.333,1
450,3,4,3,20,20,5904,7872,5904,5904,123.000,1
450,3,4,3,20,40,5616,7488,5616,5616,117.000,1
450,3,4,3,20,60,5328,7104,5328,5328,111.000,1
450,3,4,3,40,20,5616,7488,5616,5616,117.000,1
450,3,4,3,40,40,5328,7104,5328,5328,111.000,1
450,3,4,3,40,60,5040,6720,5040,5040,105.000,1
450,3,4,3,60,20,5328,7104,5328,5328,111.000,1
450,3,4,3,60,40,5040,6720,5040,5040,105.000,1
450,3,4,3,60,60,4752,6336,4752,4752,99.000,1
450,3,4,4,20,20,5367,7156,7157,5367,111.812,1
450,3,4,4,20,40,5105,6807,6808,5105,106.354,1
450,3,4,4,20,60,4844,6458,6458,4844,100.916,1
450,3,4,4,40,20,5105,6807,6808,5105,106.354,1
450,3,4,4,40,40,4844,6458,6458,4844,100.916,1
450,3,4,4,40,60,4582,6109,6109,4582,95.458,1
450,3,4,4,60,20,4844,6458,6458,4844,100.916,1
450,3,4,4,60,40,4582,6109,6109,4582,95.458,1
450,3,4,4,60,60,4320,5760,5760,4320,90.000,1
450,4,1,1,20,20,13120,3280,3280,3280,68.333,1
450,4,1,1,20,40,12480,3120,3120,3120,65.000,1
450,4,1,1,20,60,11840,2960,2960,2960,61.666,1
450,4,1,1,40,20,12480,3120,3120,3120,65.000,1
450,4,1,1,40,40,11840,2960,2960,2960,61.666,1
450,4,1,1,40,60,11200,2800,2800,2800,58.333,0
450,4,1,1,60,20,11840,2960,2960,2960,61.666,1
450,4,1,1,60,40,11200,2800,2800,2800,58.333,0
450,4,1,1,60,60,10560,2640,2640,2640,55.000,0
450,4,1,2,20,20,11246,2811,5623,2811,58.562,0
450,4,1,2,20,40,10697,2674,5349,2674,55.708,0
450,4,1,2,20,60,10149,2537,5074,2537,52.854,0
450,4,1,2,40,20,10697,2674,5349,2674,55.708,0
450,4,1,2,40,40,10149,2537,5074,2537,52.854,0
450,4,1,2,40,60,9600,2400,4800,2400,50.000,0
450,4,1,2,60,20,10149,2537,5074,2537,52.854,0
450,4,1,2,60,40,9600,2400,4800,2400,50.000,0
450,4,1,2,60,60,9051,2263,4526,2263,47.145,0
450,4,1,3,20,20,9840,2460,7380,2460,51.250,0
450,4,1,3,20,40,9360,2340,7020,2340,48.750,0
450,4,1,3,20,60,8880,2220,6660,2220,46.250,0
450,4,1,3,40,20,9360,2340,7020,2340,48.750,0
450,4,1,3,40,40,8880,2220,6660,2220,46.250,0
450,4,1,3,40,60,8400,2100,6300,2100,43.750,0
450,4,1,3,60,20,8880,2220,6660,2220,46.250,0
450,4,1,3,60,40,8400,2100,6300,2100,43.750,0
450,4,1,3,60,60,7920,1980,5940,1980,41.250,0
450,4,1,4,20,20,8747,2187,8746,2187,45.562,0
450,4,1,4,20,40,8320,2080,8320,2080,43.333,0
450,4,1,4,20,60,7893,1973,7894,1973,41.104,0
450,4,1,4,40,20,8320,2080,8320,2080,43.333,0
450,4,1,4,40,40,7893,1973,7894,1973,41.104,0
450,4,1,4,40,60,7467,1867,7466,1867,38.895,0
450,4,1,4,60,20,7893,1973,7894,1973,41.104,0
450,4,1,4,60,40,7467,1867,7466,1867,38.895,0
450,4,1,4,60,60,7040,1760,7040,1760,36.666,0
450,4,2,1,20,20,11246,5623,2811,2811,58.562,0
450,4,2,1,20,40,10697,5349,2674,2674,55.708,0
450,4,2,1,20,60,10149,5074,2537,2537,52.854,0
450,4,2,1,40,20,10697,5349,2674,2674,55.708,0
450,4,2,1,40,40,10149,5074,2537,2537,52.854,0
450,4,2,1,40,60,9600,4800,2400,2400,50.000,0
450,4,2,1,60,20,10149,5074,2537,2537,52.854,0
450,4,2,1,60,40,9600,4800,2400,2400,50.000,0
450,4,2,1,60,60,9051,4526,2263,2263,47.145,0
450,4,2,2,20,20,9840,4920,4920,4920,102.500,1
450,4,2,2,20,40,9360,4680,4680,4680,97.500,1
450,4,2,2,20,60,8880,4440,4440,4440,92.500,1
450,4,2,2,40,20,9360,4680,4680,4680,97.500,1
450,4,2,2,40,40,8880,4440,4440,4440,92.500,1
450,4,2,2,40,60,8400,4200,4200,4200,87.500,1
450,4,2,2,60,20,8880,4440,4440,4440,92.500,1
450,4,2,2,60,40,8400,4200,4200,4200,87.500,1
450,4,2,2,60,60,7920,3960,3960,3960,82.500,1
450,4,2,3,20,20,8747,4373,6560,4373,91.104,1
450,4,2,3,20,40,8320,4160,6240,4160,86.666,1
450,4,2,3,20,60,7893,3947,5920,3947,82.229,1
450,4,2,3,40,20,8320,4160,6240,4160,86.666,1
450,4,2,3,40,40,7893,3947,5920,3947,82.229,1
450,4,2,3,40,60,7467,3733,5600,3733,77.770,1
450,4,2,3,60,20,7893,3947,5920,3947,82.229,1
450,4,2,3,60,40,7467,3733,5600,3733,77.770,1
450,4,2,3,60,60,7040,3520,5280,3520,73.333,1
450,4,2,4,20,20,7872,3936,7872,3936,82.000,1
450,4,2,4,20,40,7488,3744,7488,3744,78.000,1
450,4,2,4,20,60,7104,3552,7104,3552,74.000,1
450,4,2,4,40,20,7488,3744,7488,3744,78.000,1
450,4,2,4,40,40,7104,3552,7104,3552,74.000,1
450,4,2,4,40,60,6720,3360,6720,3360,70.000,1
450,4,2,4,60,20,7104,3552,7104,3552,74.000,1
450,4,2,4,60,40,6720,3360,6720,3360,70.000,1
450,4,2,4,60,60,6336,3168,6336,3168,66.000,1
450,4,3,1,20,20,9840,7380,2460,2460,51.250,0
450,4,3,1,20,40,9360,7020,2340,2340,48.750,0
450,4,3,1,20,60,8880,6660,2220,2220,46.250,0
450,4,3,1,40,20,9360,7020,2340,2340,48.750,0
450,4,3,1,40,40,8880,6660,2220,2220,46.250,0
450,4,3,1,40,60,8400,6300,2100,2100,43.750,0
450,4,3,1,60,20,8880,6660,2220,2220,46.250,0
450,4,3,1,60,40,8400,6300,2100,2100,43.750,0
450,4,3,1,60,60,7920,5940,1980,1980,41.250,0
450,4,3,2,20,20,8747,6560,4373,4373,91.104,1
450,4,3,2,20,40,8320,6240,4160,4160,86.666,1
450,4,3,2,20,60,7893,5920,3947,3947,82.229,1
450,4,3,2,40,20,8320,6240,4160,4160,86.666,1
450,4,3,2,40,40,7893,5920,3947,3947,82.229,1
450,4,3,2,40,60,7467,5600,3733,3733,77.770,1
450,4,3,2,60,20,7893,5920,3947,3947,82.229,1
450,4,3,2,60,40,7467,5600,3733,3733,77.770,1
450,4,3,2,60,60,7040,5280,3520,3520,73.333,1
450,4,3,3,20,20,7872,5904,5904,5904,123.000,1
450,4,3,3,20,40,7488,5616,5616,5616,117.000,1
450,4,3,3,20,60,7104,5328,5328,5328,111.000,1
450,4,3,3,40,20,7488,5616,5616,5616,117.000,1
450,4,3,3,40,40,7104,5328,5328,5328,111.000,1
450,4,3,3,40,60,6720,5040,5040,5040,105.000,1
450,4,3,3,60,20,7104,5328,5328,5328,111.000,1
450,4,3,3,60,40,6720,5040,5040,5040,105.000,1
450,4,3,3,60,60,6336,4752,4752,4752,99.000,1
450,4,3,4,20,20,7156,5367,7157,5367,111.812,1
450,4,3,4,20,40,6807,5105,6808,5105,106.354,1
450,4,3,4,20,60,6458,4844,6458,4844,100.916,1
450,4,3,4,40,20,6807,5105,6808,5105,106.354,1
450,4,3,4,40,40,6458,4844,6458,4844,100.916,1
450,4,3,4,40,60,6109,4582,6109,4582,95.458,1
450,4,3,4,60,20,6458,4844,6458,4844,100.916,1
450,4,3,4,60,40,6109,4582,6109,4582,95.458,1
450,4,3,4,60,60,5760,4320,5760,4320,90.000,1
450,4,4,1,20,20,8747,8747,2186,2186,45.541,0
450,4,4,1,20,40,8320,8320,2080,2080,43.333,0
450,4,4,1,20,60,7893,7893,1974,1974,41.125,0
450,4,4,1,40,20,8320,8320,2080,2080,43.333,0
450,4,4,1,40,40,7893,7893,1974,1974,41.125,0
450,4,4,1,40,60,7467,7467,1866,1866,38.875,0
450,4,4,1,60,20,7893,7893,1974,1974,41.125,0
450,4,4,1,60,40,7467,7467,1866,1866,38.875,0
450,4,4,1,60,60,7040,7040,1760,1760,36.666,0
450,4,4,2,20,20,7872,7872,3936,3936,82.000,1
450,4,4,2,20,40,7488,7488,3744,3744,78.000,1
450,4,4,2,20,60,7104,7104,3552,3552,74.000,1
450,4,4,2,40,20,7488,7488,3744,3744,78.000,1
450,4,4,2,40,40,7104,7104,3552,3552,74.000,1
450,4,4,2,40,60,6720,6720,3360,3360,70.000,1
450,4,4,2,60,20,7104,7104,3552,3552,74.000,1
450,4,4,2,60,40,6720,6720,3360,3360,70.000,1
450,4,4,2,60,60,6336,6336,3168,3168,66.000,1
450,4,4,3,20,20,7156,7156,5368,5368,111.833,1
450,4,4,3,20,40,6807,6807,5106,5106,106.375,1
450,4,4,3,20,60,6458,6458,4844,4844,100.916,1
450,4,4,3,40,20,6807,6807,5106,5106,106.375,1
450,4,4,3,40,40,6458,6458,4844,4844,100.916,1
450,4,4,3,40,60,6109,6109,4582,4582,95.458,1
450,4,4,3,60,20,6458,6458,4844,4844,100.916,1
450,4,4,3,60,40,6109,6109,4582,4582,95.458,1
450,4,4,3,60,60,5760,5760,4320,4320,90.000,1
450,4,4,4,20,20,6560,6560,6560,6560,136.666,1
450,4,4,4,20,40,6240,6240,6240,6240,130.000,1
450,4,4,4,20,60,5920,5920,5920,5920,123.333,1
450,4,4,4,40,20,6240,6240,6240,6240,130.000,1
450,4,4,4,40,40,5920,5920,5920,5920,123.333,1
450,4,4,4,40,60,5600,5600,5600,5600,116.666,1
450,4,4,4,60,20,5920,5920,5920,5920,123.333,1
450,4,4,4,60,40,5600,5600,5600,5600,116.666,1
450,4,4,4,60,60,5280,5280,5280,5280,110.000,1
600,1,1,1,20,20,8960,8960,8960,8960,186.666,1
600,1,1,1,20,40,8640,8640,8640,8640,180.000,1
600,1,1,1,20,60,8320,8320,8320,8320,173.333,1
600,1,1,1,40,20,8640,8640,8640,8640,180.000,1
600,1,1,1,40,40,8320,8320,8320,8320,173.333,1
600,1,1,1,40,60,8000,8000,8000,8000,166.666,1
600,1,1,1,60,20,8320,8320,8320,8320,173.333,1
600,1,1,1,60,40,8000,8000,8000,8000,166.666,1
600,1,1,1,60,60,7680,7680,7680,7680,160.000,1
600,1,1,2,20,20,6720,6720,13440,6720,140.000,1
600,1,1,2,20,40,6480,6480,12960,6480,135.000,1
600,1,1,2,20,60,6240,6240,12480,6240,130.000,1
600,1,1,2,40,20,6480,6480,12960,6480,135.000,1
600,1,1,2,40,40,6240,6240,12480,6240,130.000,1
600,1,1,2,40,60,6000,6000,12000,6000,125.000,1
600,1,1,2,60,20,6240,6240,12480,6240,130.000,1
600,1,1,2,60,40,6000,6000,12000,6000,125.000,1
600,1,1,2,60,60,5760,5760,11520,5760,120.000,1
600,1,1,3,20,20,5376,5376,16128,5376,112.000,1
600,1,1,3,20,40,5184,5184,15552,5184,108.000,1
600,1,1,3,20,60,4992,4992,14976,4992,104.000,1
600,1,1,3,40,20,5184,5184,15552,5184,108.000,1
600,1,1,3,40,40,4992,4992,14976,4992,104.000,1
600,1,1,3,40,60,4800,4800,14400,4800,100.000,1
600,1,1,3,60,20,4992,4992,14976,4992,104.000,1
600,1,1,3,60,40,4800,4800,14400,4800,100.000,1
600,1,1,3,60,60,4608,4608,13824,4608,96.000,1
600,1,1,4,20,20,4480,4480,17920,4480,93.333,1
600,1,1,4,20,40,4320,4320,17280,4320,90.000,1
600,1,1,4,20,60,4160,4160,16640,4160,86.666,1
600,1,1,4,40,20,4320,4320,17280,4320,90.000,1
600,1,1,4,40,40,4160,4160,16640,4160,86.666,1
600,1,1,4,40,60,4000,4000,16000,4000,83.333,1
600,1,1,4,60,20,4160,4160,16640,4160,86.666,1
600,1,1,4,60,40,4000,4000,16000,4000,83.333,1
600,1,1,4,60,60,3840,3840,15360,3840,80.000,1
600,1,2,1,20,20,6720,13440,6720,6720,140.000,1
600,1,2,1,20,40,6480,12960,6480,6480,135.000,1
600,1,2,1,20,60,6240,12480,6240,6240,130.000,1
600,1,2,1,40,20,6480,12960,6480,6480,135.000,1
600,1,2,1,40,40,6240,12480,6240,6240,130.000,1
600,1,2,1,40,60,6000,12000,6000,6000,125.000,1
600,1,2,1,60,20,6240,12480,6240,6240,130.000,1
600,1,2,1,60,40,6000,12000,6000,6000,125.000,1
600,1,2,1,60,60,5760,11520,5760,5760,120.000,1
600,1,2,2,20,20,5376,10752,10752,5376,112.000,1
600,1,2,2,20,40,5184,10368,10368,5184,108.000,1
600,1,2,2,20,60,4992,9984,9984,4992,104.000,1
600,1,2,2,40,20,5184,10368,10368,5184,108.000,1
600,1,2,2,40,40,4992,9984,9984,4992,104.000,1
600,1,2,2,40,60,4800,9600,9600,4800,100.000,1
600,1,2,2,60,20,4992,9984,9984,4992,104.000,1
600,1,2,2,60,40,4800,9600,9600,4800,100.000,1
600,1,2,2,60,60,4608,9216,9216,4608,96.000,1
600,1,2,3,20,20,4480,8960,13440,4480,93.333,1
600,1,2,3,20,40,4320,8640,12960,4320,90.000,1
600,1,2,3,20,60,4160,8320,12480,4160,86.666,1
600,1,2,3,40,20,4320,8640,12960,4320,90.000,1
600,1,2,3,40,40,4160,8320,12480,4160,86.666,1
600,1,2,3,40,60,4000,8000,12000,4000,83.333,1
600,1,2,3,60,20,4160,8320,12480,4160,86.666,1
600,1,2,3,60,40,4000,8000,12000,4000,83.333,1
600,1,2,3,60,60,3840,7680,11520,3840,80.000,1
600,1,2,4,20,20,3840,7680,15360,3840,80.000,1
600,1,2,4,20,40,3703,7406,14811,3703,77.145,1
600,1,2,4,20,60,3566,7131,14263,3566,74.291,1
600,1,2,4,40,20,3703,7406,14811,3703,77.145,1
600,1,2,4,40,40,3566,7131,14263,3566,74.291,1
600,1,2,4,40,60,3429,6857,13714,3429,71.437,1
600,1,2,4,60,20,3566,7131,14263,3566,74.291,1
600,1,2,4,60,40,3429,6857,13714,3429,71.437,1
600,1,2,4,60,60,3291,6583,13166,3291,68.562,1
600,1,3,1,20,20,5376,16128,5376,5376,112.000,1
600,1,3,1,20,40,5184,15552,5184,5184,108.000,1
600,1,3,1,20,60,4992,14976,4992,4992,104.000,1
600,1,3,1,40,20,5184,15552,5184,5184,108.000,1
600,1,3,1,40,40,4992,14976,4992,4992,104.000,1
600,1,3,1,40,60,4800,14400,4800,4800,100.000,1
600,1,3,1,60,20,4992,14976,4992,4992,104.000,1
600,1,3,1,60,40,4800,14400,4800,4800,100.000,1
600,1,3,1,60,60,4608,13824,4608,4608,96.000,1
600,1,3,2,20,20,4480,13440,8960,4480,93.333,1
600,1,3,2,20,40,4320,12960,8640,4320,90.000,1
600,1,3,2,20,60,4160,12480,8320,4160,86.666,1
600,1,3,2,40,20,4320,12960,8640,4320,90.000,1
600,1,3,2,40,40,4160,12480,8320,4160,86.666,1
600,1,3,2,40,60,4000,12000,8000,4000,83.333,1
600,1,3,2,60,20,4160,12480,8320,4160,86.666,1
600,1,3,2,60,40,4000,12000,8000,4000,83.333,1
600,1,3,2,60,60,3840,11520,7680,3840,80.000,1
600,1,3,3,20,20,3840,11520,11520,3840,80.000,1
600,1,3,3,20,40,3703,11109,11108,3703,77.145,1
600,1,3,3,20,60,3566,10697,10697,3566,74.291,1
600,1,3,3,40,20,3703,11109,11108,3703,77.145,1
600,1,3,3,40,40,3566,10697,10697,3566,74.291,1
600,1,3,3,40,60,3429,10286,10285,3429,71.437,1
600,1,3,3,60,20,3566,10697,10697,3566,74.291,1
600,1,3,3,60,40,3429,10286,10285,3429,71.437,1
600,1,3,3,60,60,3291,9874,9875,3291,68.562,1
600,1,3,4,20,20,3360,10080,13440,3360,70.000,1
600,1,3,4,20,40,3240,9720,12960,3240,67.500,1
600,1,3,4,20,60,3120,9360,12480,3120,65.000,1
600,1,3,4,40,20,3240,9720,12960,3240,67.500,1
600,1,3,4,40,40,3120,9360,12480,3120,65.000,1
600,1,3,4,40,60,3000,9000,12000,3000,62.500,1
600,1,3,4,60,20,3120,9360,12480,3120,65.000,1
600,1,3,4,60,40,3000,9000,12000,3000,62.500,1
600,1,3,4,60,60,2880,8640,11520,2880,60.000,1
600,1,4,1,20,20,4480,17920,4480,4480,93.333,1
600,1,4,1,20,40,4320,17280,4320,4320,90.000,1
600,1,4,1,20,60,4160,16640,4160,4160,86.666,1
600,1,4,1,40,20,4320,17280,4320,4320,90.000,1
600,1,4,1,40,40,4160,16640,4160,4160,86.666,1
600,1,4,1,40,60,4000,16000,4000,4000,83.333,1
600,1,4,1,60,20,4160,16640,4160,4160,86.666,1
600,1,4,1,60,40,4000,16000,4000,4000,83.333,1
600,1,4,1,60,60,3840,15360,3840,3840,80.000,1
600,1,4,2,20,20,3840,15360,7680,3840,80.000,1
600,1,4,2,20,40,3703,14811,7406,3703,77.145,1
600,1,4,2,20,60,3566,14263,7131,3566,74.291,1
600,1,4,2,40,20,3703,14811,7406,3703,77.145,1
600,1,4,2,40,40,3566,14263,7131,3566,74.291,1
600,1,4,2,40,60,3429,13714,6857,3429,71.437,1
600,1,4,2,60,20,3566,14263,7131,3566,74.291,1
600,1,4,2,60,40,3429,13714,6857,3429,71.437,1
600,1,4,2,60,60,3291,13166,6583,3291,68.562,1
600,1,4,3,20,20,3360,13440,10080,3360,70.000,1
600,1,4,3,20,40,3240,12960,9720,3240,67.500,1
600,1,4,3,20,60,3120,12480,9360,3120,65.000,1
600,1,4,3,40,20,3240,12960,9720,3240,67.500,1
600,1,4,3,40,40,3120,12480,9360,3120,65.000,1
600,1,4,3,40,60,3000,12000,9000,3000,62.500,1
600,1,4,3,60,20,3120,12480,9360,3120,65.000,1
600,1,4,3,60,40,3000,12000,9000,3000,62.500,1
600,1,4,3,60,60,2880,11520,8640,2880,60.000,1
600,1,4,4,20,20,2987,11947,11946,2987,62.229,1
600,1,4,4,20,40,2880,11520,11520,2880,60.000,1
600,1,4,4,20,60,2773,11093,11094,2773,57.770,0
600,1,4,4,40,20,2880,11520,11520,2880,60.000,1
600,1,4,4,40,40,2773,11093,11094,2773,57.770,0
600,1,4,4,40,60,2667,10667,10666,2667,55.562,0
600,1,4,4,60,20,2773,11093,11094,2773,57.770,0
600,1,4,4,60,40,2667,10667,10666,2667,55.562,0
600,1,4,4,60,60,2560,10240,10240,2560,53.333,0
600,2,1,1,20,20,13440,6720,6720,6720,140.000,1
600,2,1,1,20,40,12960,6480,6480,6480,135.000,1
600,2,1,1,20,60,12480,6240,6240,6240,130.000,1
600,2,1,1,40,20,12960,6480,6480,6480,135.000,1
600,2,1,1,40,40,12480,6240,6240,6240,130.000,1
600,2,1,1,40,60,12000,6000,6000,6000,125.000,1
600,2,1,1,60,20,12480,6240,6240,6240,130.000,1
600,2,1,1,60,40,12000,6000,6000,6000,125.000,1
600,2,1,1,60,60,11520,5760,5760,5760,120.000,1
600,2,1,2,20,20,10752,5376,10752,5376,112.000,1
600,2,1,2,20,40,10368,5184,10368,5184,108.000,1
600,2,1,2,20,60,9984,4992,9984,4992,104.000,1
600,2,1,2,40,20,10368,5184,10368,5184,108.000,1
600,2,1,2,40,40,9984,4992,9984,4992,104.000,1
600,2,1,2,40,60,9600,4800,9600,4800,100.000,1
600,2,1,2,60,20,9984,4992,9984,4992,104.000,1
600,2,1,2,60,40,9600,4800,9600,4800,100.000,1
600,2,1,2,60,60,9216,4608,9216,4608,96.000,1
600,2,1,3,20,20,8960,4480,13440,4480,93.333,1
600,2,1,3,20,40,8640,4320,12960,4320,90.000,1
600,2,1,3,20,60,8320,4160,12480,4160,86.666,1
600,2,1,3,40,20,8640,4320,12960,4320,90.000,1
600,2,1,3,40,40,8320,4160,12480,4160,86.666,1
600,2,1,3,40,60,8000,4000,12000,4000,83.333,1
600,2,1,3,60,20,8320,4160,12480,4160,86.666,1
600,2,1,3,60,40,8000,4000,12000,4000,83.333,1
600,2,1,3,60,60,7680,3840,11520,3840,80.000,1
600,2,1,4,20,20,7680,3840,15360,3840,80.000,1
600,2,1,4,20,40,7406,3703,14811,3703,77.145,1
600,2,1,4,20,60,7131,3566,14263,3566,74.291,1
600,2,1,4,40,20,7406,3703,14811,3703,77.145,1
600,2,1,4,40,40,7131,3566,14263,3566,74.291,1
600,2,1,4,40,60,6857,3429,13714,3429,71.437,1
600,2,1,4,60,20,7131,3566,14263,3566,74.291,1
600,2,1,4,60,40,6857,3429,13714,3429,71.437,1
600,2,1,4,60,60,6583,3291,13166,3291,68.562,1
600,2,2,1,20,20,10752,10752,5376,5376,112.000,1
600,2,2,1,20,40,10368,10368,5184,5184,108.000,1
600,2,2,1,20,60,9984,9984,4992,4992,104.000,1
600,2,2,1,40,20,10368,10368,5184,5184,108.000,1
600,2,2,1,40,40,9984,9984,4992,4992,104.000,1
600,2,2,1,40,60,9600,9600,4800,4800,100.000,1
600,2,2,1,60,20,9984,9984,4992,4992,104.000,1
600,2,2,1,60,40,9600,9600,4800,4800,100.000,1
600,2,2,1,60,60,9216,9216,4608,4608,96.000,1
600,2,2,2,20,20,8960,8960,8960,8960,186.666,1
600,2,2,2,20,40,8640,8640,8640,8640,180.000,1
600,2,2,2,20,60,8320,8320,8320,8320,173.333,1
600,2,2,2,40,20,8640,8640,8640,8640,180.000,1
600,2,2,2,40,40,8320,8320,8320,8320,173.333,1
600,2,2,2,40,60,8000,8000,8000,8000,166.666,1
600,2,2,2,60,20,8320,8320,8320,8320,173.333,1
600,2,2,2,60,40,8000,8000,8000,8000,166.666,1
600,2,2,2,60,60,7680,7680,7680,7680,160.000,1
600,2,2,3,20,20,7680,7680,11520,7680,160.000,1
600,2,2,3,20,40,7406,7406,11108,7406,154.291,1
600,2,2,3,20,60,7131,7131,10698,7131,148.562,1
600,2,2,3,40,20,7406,7406,11108,7406,154.291,1
600,2,2,3,40,40,7131,7131,10698,7131,148.562,1
600,2,2,3,40,60,6857,6857,10286,6857,142.854,1
600,2,2,3,60,20,7131,7131,10698,7131,148.562,1
600,2,2,3,60,40,6857,6857,10286,6857,142.854,1
600,2,2,3,60,60,6583,6583,9874,6583,137.145,1
600,2,2,4,20,20,6720,6720,13440,6720,140.000,1
600,2,2,4,20,40,6480,6480,12960,6480,135.000,1
600,2,2,4,20,60,6240,6240,12480,6240,130.000,1
600,2,2,4,40,20,6480,6480,12960,6480,135.000,1
600,2,2,4,40,40,6240,6240,12480,6240,130.000,1
600,2,2,4,40,60,6000,6000,12000,6000,125.000,1
600,2,2,4,60,20,6240,6240,12480,6240,130.000,1
600,2,2,4,60,40,6000,6000,12000,6000,125.000,1
600,2,2,4,60,60,5760,5760,11520,5760,120.000,1
600,2,3,1,20,20,8960,13440,4480,4480,93.333,1
600,2,3,1,20,40,8640,12960,4320,4320,90.000,1
600,2,3,1,20,60,8320,12480,4160,4160,86.666,1
600,2,3,1,40,20,8640,12960,4320,4320,90.000,1
600,2,3,1,40,40,8320,12480,4160,4160,86.666,1
600,2,3,1,40,60,8000,12000,4000,4000,83.333,1
600,2,3,1,60,20,8320,12480,4160,4160,86.666,1
600,2,3,1,60,40,8000,12000,4000,4000,83.333,1
600,2,3,1,60,60,7680,11520,3840,3840,80.000,1
600,2,3,2,20,20,7680,11520,7680,7680,160.000,1
600,2,3,2,20,40,7406,11109,7405,7405,154.270,1
600,2,3,2,20,60,7131,10697,7132,7131,148.562,1
600,2,3,2,40,20,7406,11109,7405,7405,154.270,1
600,2,3,2,40,40,7131,10697,7132,7131,148.562,1
600,2,3,2,40,60,6857,10286,6857,6857,142.854,1
600,2,3,2,60,20,7131,10697,7132,7131,148.562,1
600,2,3,2,60,40,6857,10286,6857,6857,142.854,1
600,2,3,2,60,60,6583,9874,6583,6583,137.145,1
600,2,3,3,20,20,6720,10080,10080,6720,140.000,1
600,2,3,3,20,40,6480,9720,9720,6480,135.000,1
600,2,3,3,20,60,6240,9360,9360,6240,130.000,1
600,2,3,3,40,20,6480,9720,9720,6480,135.000,1
600,2,3,3,40,40,6240,9360,9360,6240,130.000,1
600,2,3,3,40,60,6000,9000,9000,6000,125.000,1
600,2,3,3,60,20,6240,9360,9360,6240,130.000,1
600,2,3,3,60,40,6000,9000,9000,6000,125.000,1
600,2,3,3,60,60,5760,8640,8640,5760,120.000,1
600,2,3,4,20,20,5973,8960,11947,5973,124.437,1
600,2,3,4,20,40,5760,8640,11520,5760,120.000,1
600,2,3,4,20,60,5547,8320,11093,5547,115.562,1
600,2,3,4,40,20,5760,8640,11520,5760,120.000,1
600,2,3,4,40,40,5547,8320,11093,5547,115.562,1
600,2,3,4,40,60,5333,8000,10667,5333,111.104,1
600,2,3,4,60,20,5547,8320,11093,5547,115.562,1
600,2,3,4,60,40,5333,8000,10667,5333,111.104,1
600,2,3,4,60,60,5120,7680,10240,5120,106.666,1
600,2,4,1,20,20,7680,15360,3840,3840,80.000,1
600,2,4,1,20,40,7406,14811,3703,3703,77.145,1
600,2,4,1,20,60,7131,14263,3566,3566,74.291,1
600,2,4,1,40,20,7406,14811,3703,3703,77.145,1
600,2,4,1,40,40,7131,14263,3566,3566,74.291,1
600,2,4,1,40,60,6857,13714,3429,3429,71.437,1
600,2,4,1,60,20,7131,14263,3566,3566,74.291,1
600,2,4,1,60,40,6857,13714,3429,3429,71.437,1
600,2,4,1,60,60,6583,13166,3291,3291,68.562,1
600,2,4,2,20,20,6720,13440,6720,6720,140.000,1
600,2,4,2,20,40,6480,12960,6480,6480,135.000,1
600,2,4,2,20,60,6240,12480,6240,6240,130.000,1
600,2,4,2,40,20,6480,12960,6480,6480,135.000,1
600,2,4,2,40,40,6240,12480,6240,6240,130.000,1
600,2,4,2,40,60,6000,12000,6000,6000,125.000,1
600,2,4,2,60,20,6240,12480,6240,6240,130.000,1
600,2,4,2,60,40,6000,12000,6000,6000,125.000,1
600,2,4,2,60,60,5760,11520,5760,5760,120.000,1
600,2,4,3,20,20,5973,11947,8960,5973,124.437,1
600,2,4,3,20,40,5760,11520,8640,5760,120.000,1
600,2,4,3,20,60,5547,11093,8320,5547,115.562,1
600,2,4,3,40,20,5760,11520,8640,5760,120.000,1
600,2,4,3,40,40,5547,11093,8320,5547,115.562,1
600,2,4,3,40,60,5333,10667,8000,5333,111.104,1
600,2,4,3,60,20,5547,11093,8320,5547,115.562,1
600,2,4,3,60,40,5333,10667,8000,5333,111.104,1
600,2,4,3,60,60,5120,10240,7680,5120,106.666,1
600,2,4,4,20,20,5376,10752,10752,5376,112.000,1
600,2,4,4,20,40,5184,10368,10368,5184,108.000,1
600,2,4,4,20,60,4992,9984,9984,4992,104.000,1
600,2,4,4,40,20,5184,10368,10368,5184,108.000,1
600,2,4,4,40,40,4992,9984,9984,4992,104.000,1
600,2,4,4,40,60,4800,9600,9600,4800,100.000,1
600,2,4,4,60,20,4992,9984,9984,4992,104.000,1
600,2,4,4,60,40,4800,9600,9600,4800,100.000,1
600,2,4,4,60,60,4608,9216,9216,4608,96.000,1
600,3,1,1,20,20,16128,5376,5376,5376,112.000,1
600,3,1,1,20,40,15552,5184,5184,5184,108.000,1
600,3,1,1,20,60,14976,4992,4992,4992,104.000,1
600,3,1,1,40,20,15552,5184,5184,5184,108.000,1
600,3,1,1,40,40,14976,4992,4992,4992,104.000,1
600,3,1,1,40,60,14400,4800,4800,4800,100.000,1
600,3,1,1,60,20,14976,4992,4992,4992,104.000,1
600,3,1,1,60,40,14400,4800,4800,4800,100.000,1
600,3,1,1,60,60,13824,4608,4608,4608,96.000,1
600,3,1,2,20,20,13440,4480,8960,4480,93.333,1
600,3,1,2,20,40,12960,4320,8640,4320,90.000,1
600,3,1,2,20,60,12480,4160,8320,4160,86.666,1
600,3,1,2,40,20,12960,4320,8640,4320,90.000,1
600,3,1,2,40,40,12480,4160,8320,4160,86.666,1
600,3,1,2,40,60,12000,4000,8000,4000,83.333,1
600,3,1,2,60,20,12480,4160,8320,4160,86.666,1
600,3,1,2,60,40,12000,4000,8000,4000,83.333,1
600,3,1,2,60,60,11520,3840,7680,3840,80.000,1
600,3,1,3,20,20,11520,3840,11520,3840,80.000,1
600,3,1,3,20,40,11109,3703,11108,3703,77.145,1
600,3,1,3,20,60,10697,3566,10697,3566,74.291,1
600,3,1,3,40,20,11109,3703,11108,3703,77.145,1
600,3,1,3,40,40,10697,3566,10697,3566,74.291,1
600,3,1,3,40,60,10286,3429,10285,3429,71.437,1
600,3,1,3,60,20,10697,3566,10697,3566,74.291,1
600,3,1,3,60,40,10286,3429,10285,3429,71.437,1
600,3,1,3,60,60,9874,3291,9875,3291,68.562,1
600,3,1,4,20,20,10080,3360,13440,3360,70.000,1
600,3,1,4,20,40,9720,3240,12960,3240,67.500,1
600,3,1,4,20,60,9360,3120,12480,3120,65.000,1
600,3,1,4,40,20,9720,3240,12960,3240,67.500,1
600,3,1,4,40,40,9360,3120,12480,3120,65.000,1
600,3,1,4,40,60,9000,3000,12000,3000,62.500,1
600,3,1,4,60,20,9360,3120,12480,3120,65.000,1
600,3,1,4,60,40,9000,3000,12000,3000,62.500,1
600,3,1,4,60,60,8640,2880,11520,2880,60.000,1
600,3,2,1,20,20,13440,8960,4480,4480,93.333,1
600,3,2,1,20,40,12960,8640,4320,4320,90.000,1
600,3,2,1,20,60,12480,8320,4160,4160,86.666,1
600,3,2,1,40,20,12960,8640,4320,4320,90.000,1
600,3,2,1,40,40,12480,8320,4160,4160,86.666,1
600,3,2,1,40,60,12000,8000,4000,4000,83.333,1
600,3,2,1,60,20,12480,8320,4160,4160,86.666,1
600,3,2,1,60,40,12000,8000,4000,4000,83.333,1
600,3,2,1,60,60,11520,7680,3840,3840,80.000,1
600,3,2,2,20,20,11520,7680,7680,7680,160.000,1
600,3,2,2,20,40,11109,7406,7405,7405,154.270,1
600,3,2,2,20,60,10697,7131,7132,7131,148.562,1
600,3,2,2,40,20,11109,7406,7405,7405,154.270,1
600,3,2,2,40,40,10697,7131,7132,7131,148.562,1
600,3,2,2,40,60,10286,6857,6857,6857,142.854,1
600,3,2,2,60,20,10697,7131,7132,7131,148.562,1
600,3,2,2,60,40,10286,6857,6857,6857,142.854,1
600,3,2,2,60,60,9874,6583,6583,6583,137.145,1
600,3,2,3,20,20,10080,6720,10080,6720,140.000,1
600,3,2,3,20,40,9720,6480,9720,6480,135.000,1
600,3,2,3,20,60,9360,6240,9360,6240,130.000,1
600,3,2,3,40,20,9720,6480,9720,6480,135.000,1
600,3,2,3,40,40,9360,6240,9360,6240,130.000,1
600,3,2,3,40,60,9000,6000,9000,6000,125.000,1
600,3,2,3,60,20,9360,6240,9360,6240,130.000,1
600,3,2,3,60,40,9000,6000,9000,6000,125.000,1
600,3,2,3,60,60,8640,5760,8640,5760,120.000,1
600,3,2,4,20,20,8960,5973,11947,5973,124.437,1
600,3,2,4,20,40,8640,5760,11520,5760,120.000,1
600,3,2,4,20,60,8320,5547,11093,5547,115.562,1
600,3,2,4,40,20,8640,5760,11520,5760,120.000,1
600,3,2,4,40,40,8320,5547,11093,5547,115.562,1
600,3,2,4,40,60,8000,5333,10667,5333,111.104,1
600,3,2,4,60,20,8320,5547,11093,5547,115.562,1
600,3,2,4,60,40,8000,5333,10667,5333,111.104,1
600,3,2,4,60,60,7680,5120,10240,5120,106.666,1
600,3,3,1,20,20,11520,11520,3840,3840,80.000,1
600,3,3,1,20,40,11109,11109,3702,3702,77.125,1
600,3,3,1,20,60,10697,10697,3566,3566,74.291,1
600,3,3,1,40,20,11109,11109,3702,3702,77.125,1
600,3,3,1,40,40,10697,10697,3566,3566,74.291,1
600,3,3,1,40,60,10286,10286,3428,3428,71.416,1
600,3,3,1,60,20,10697,10697,3566,3566,74.291,1
600,3,3,1,60,40,10286,10286,3428,3428,71.416,1
600,3,3,1,60,60,9874,9874,3292,3292,68.583,1
600,3,3,2,20,20,10080,10080,6720,6720,140.000,1
600,3,3,2,20,40,9720,9720,6480,6480,135.000,1
600,3,3,2,20,60,9360,9360,6240,6240,130.000,1
600,3,3,2,40,20,9720,9720,6480,6480,135.000,1
600,3,3,2,40,40,9360,9360,6240,6240,130.000,1
600,3,3,2,40,60,9000,9000,6000,6000,125.000,1
600,3,3,2,60,20,9360,9360,6240,6240,130.000,1
600,3,3,2,60,40,9000,9000,6000,6000,125.000,1
600,3,3,2,60,60,8640,8640,5760,5760,120.000,1
600,3,3,3,20,20,8960,8960,8960,8960,186.666,1
600,3,3,3,20,40,8640,8640,8640,8640,180.000,1
600,3,3,3,20,60,8320,8320,8320,8320,173.333,1
600,3,3,3,40,20,8640,8640,8640,8640,180.000,1
600,3,3,3,40,40,8320,8320,8320,8320,173.333,1
600,3,3,3,40,60,8000,8000,8000,8000,166.666,1
600,3,3,3,60,20,8320,8320,8320,8320,173.333,1
600,3,3,3,60,40,8000,8000,8000,8000,166.666,1
600,3,3,3,60,60,7680,7680,7680,7680,160.000,1
600,3,3,4,20,20,8064,8064,10752,8064,168.000,1
600,3,3,4,20,40,7776,7776,10368,7776,162.000,1
600,3,3,4,20,60,7488,7488,9984,7488,156.000,1
600,3,3,4,40,20,7776,7776,10368,7776,162.000,1
600,3,3,4,40,40,7488,7488,9984,7488,156.000,1
600,3,3,4,40,60,7200,7200,9600,7200,150.000,1
600,3,3,4,60,20,7488,7488,9984,7488,156.000,1
600,3,3,4,60,40,7200,7200,9600,7200,150.000,1
600,3,3,4,60,60,6912,6912,9216,6912,144.000,1
600,3,4,1,20,20,10080,13440,3360,3360,70.000,1
600,3,4,1,20,40,9720,12960,3240,3240,67.500,1
600,3,4,1,20,60,9360,12480,3120,3120,65.000,1
600,3,4,1,40,20,9720,12960,3240,3240,67.500,1
600,3,4,1,40,40,9360,12480,3120,3120,65.000,1
600,3,4,1,40,60,9000,12000,3000,3000,62.500,1
600,3,4,1,60,20,9360,12480,3120,3120,65.000,1
600,3,4,1,60,40,9000,12000,3000,3000,62.500,1
600,3,4,1,60,60,8640,11520,2880,2880,60.000,1
600,3,4,2,20,20,8960,11947,5973,5973,124.437,1
600,3,4,2,20,40,8640,11520,5760,5760,120.000,1
600,3,4,2,20,60,8320,11093,5547,5547,115.562,1
600,3,4,2,40,20,8640,11520,5760,5760,120.000,1
600,3,4,2,40,40,8320,11093,5547,5547,115.562,1
600,3,4,2,40,60,8000,10667,5333,5333,111.104,1
600,3,4,2,60,20,8320,11093,5547,5547,115.562,1
600,3,4,2,60,40,8000,10667,5333,5333,111.104,1
600,3,4,2,60,60,7680,10240,5120,5120,106.666,1
600,3,4,3,20,20,8064,10752,8064,8064,168.000,1
600,3,4,3,20,40,7776,10368,7776,7776,162.000,1
600,3,4,3,20,60,7488,9984,7488,7488,156.000,1
600,3,4,3,40,20,7776,10368,7776,7776,162.000,1
600,3,4,3,40,40,7488,9984,7488,7488,156.000,1
600,3,4,3,40,60,7200,9600,7200,7200,150.000,1
600,3,4,3,60,20,7488,9984,7488,7488,156.000,1
600,3,4,3,60,40,7200,9600,7200,7200,150.000,1
600,3,4,3,60,60,6912,9216,6912,6912,144.000,1
600,3,4,4,20,20,7331,9775,9774,7331,152.729,1
600,3,4,4,20,40,7069,9425,9426,7069,147.270,1
600,3,4,4,20,60,6807,9076,9077,6807,141.812,1
600,3,4,4,40,20,7069,9425,9426,7069,147.270,1
600,3,4,4,40,40,6807,9076,9077,6807,141.812,1
600,3,4,4,40,60,6545,8727,8728,6545,136.354,1
600,3,4,4,60,20,6807,9076,9077,6807,141.812,1
600,3,4,4,60,40,6545,8727,8728,6545,136.354,1
600,3,4,4,60,60,6284,8378,8378,6284,130.916,1
600,4,1,1,20,20,17920,4480,4480,4480,93.333,1
600,4,1,1,20,40,17280,4320,4320,4320,90.000,1
600,4,1,1,20,60,16640,4160,4160,4160,86.666,1
600,4,1,1,40,20,17280,4320,4320,4320,90.000,1
600,4,1,1,40,40,16640,4160,4160,4160,86.666,1
600,4,1,1,40,60,16000,4000,4000,4000,83.333,1
600,4,1,1,60,20,16640,4160,4160,4160,86.666,1
600,4,1,1,60,40,16000,4000,4000,4000,83.333,1
600,4,1,1,60,60,15360,3840,3840,3840,80.000,1
600,4,1,2,20,20,15360,3840,7680,3840,80.000,1
600,4,1,2,20,40,14811,3703,7406,3703,77.145,1
600,4,1,2,20,60,14263,3566,7131,3566,74.291,1
600,4,1,2,40,20,14811,3703,7406,3703,77.145,1
600,4,1,2,40,40,14263,3566,7131,3566,74.291,1
600,4,1,2,40,60,13714,3429,6857,3429,71.437,1
600,4,1,2,60,20,14263,3566,7131,3566,74.291,1
600,4,1,2,60,40,13714,3429,6857,3429,71.437,1
600,4,1,2,60,60,13166,3291,6583,3291,68.562,1
600,4,1,3,20,20,13440,3360,10080,3360,70.000,1
600,4,1,3,20,40,12960,3240,9720,3240,67.500,1
600,4,1,3,20,60,12480,3120,9360,3120,65.000,1
600,4,1,3,40,20,12960,3240,9720,3240,67.500,1
600,4,1,3,40,40,12480,3120,9360,3120,65.000,1
600,4,1,3,40,60,12000,3000,9000,3000,62.500,1
600,4,1,3,60,20,12480,3120,9360,3120,65.000,1
600,4,1,3,60,40,12000,3000,9000,3000,62.500,1
600,4,1,3,60,60,11520,2880,8640,2880,60.000,1
600,4,1,4,20,20,11947,2987,11946,2987,62.229,1
600,4,1,4,20,40,11520,2880,11520,2880,60.000,1
600,4,1,4,20,60,11093,2773,11094,2773,57.770,0
600,4,1,4,40,20,11520,2880,11520,2880,60.000,1
600,4,1,4,40,40,11093,2773,11094,2773,57.770,0
600,4,1,4,40,60,10667,2667,10666,2667,55.562,0
600,4,1,4,60,20,11093,2773,11094,2773,57.770,0
600,4,1,4,60,40,10667,2667,10666,2667,55.562,0
600,4,1,4,60,60,10240,2560,10240,2560,53.333,0
600,4,2,1,20,20,15360,7680,3840,3840,80.000,1
600,4,2,1,20,40,14811,7406,3703,3703,77.145,1
600,4,2,1,20,60,14263,7131,3566,3566,74.291,1
600,4,2,1,40,20,14811,7406,3703,3703,77.145,1
600,4,2,1,40,40,14263,7131,3566,3566,74.291,1
600,4,2,1,40,60,13714,6857,3429,3429,71.437,1
600,4,2,1,60,20,14263,7131,3566,3566,74.291,1
600,4,2,1,60,40,13714,6857,3429,3429,71.437,1
600,4,2,1,60,60,13166,6583,3291,3291,68.562,1
600,4,2,2,20,20,13440,6720,6720,6720,140.000,1
600,4,2,2,20,40,12960,6480,6480,6480,135.000,1
600,4,2,2,20,60,12480,6240,6240,6240,130.000,1
600,4,2,2,40,20,12960,6480,6480,6480,135.000,1
600,4,2,2,40,40,12480,6240,6240,6240,130.000,1
600,4,2,2,40,60,12000,6000,6000,6000,125.000,1
600,4,2,2,60,20,12480,6240,6240,6240,130.000,1
600,4,2,2,60,40,12000,6000,6000,6000,125.000,1
600,4,2,2,60,60,11520,5760,5760,5760,120.000,1
600,4,2,3,20,20,11947,5973,8960,5973,124.437,1
600,4,2,3,20,40,11520,5760,8640,5760,120.000,1
600,4,2,3,20,60,11093,5547,8320,5547,115.562,1
600,4,2,3,40,20,11520,5760,8640,5760,120.000,1
600,4,2,3,40,40,11093,5547,8320,5547,115.562,1
600,4,2,3,40,60,10667,5333,8000,5333,111.104,1
600,4,2,3,60,20,11093,5547,8320,5547,115.562,1
600,4,2,3,60,40,10667,5333,8000,5333,111.104,1
600,4,2,3,60,60,10240,5120,7680,5120,106.666,1
600,4,2,4,20,20,10752,5376,10752,5376,112.000,1
600,4,2,4,20,40,10368,5184,10368,5184,108.000,1
600,4,2,4,20,60,9984,4992,9984,4992,104.000,1
600,4,2,4,40,20,10368,5184,10368,5184,108.000,1
600,4,2,4,40,40,9984,4992,9984,4992,104.000,1
600,4,2,4,40,60,9600,4800,9600,4800,100.000,1
600,4,2,4,60,20,9984,4992,9984,4992,104.000,1
600,4,2,4,60,40,9600,4800,9600,4800,100.000,1
600,4,2,4,60,60,9216,4608,9216,4608,96.000,1
600,4,3,1,20,20,13440,10080,3360,3360,70.000,1
600,4,3,1,20,40,12960,9720,3240,3240,67.500,1
600,4,3,1,20,60,12480,9360,3120,3120,65.000,1
600,4,3,1,40,20,12960,9720,3240,3240,67.500,1
600,4,3,1,40,40,12480,9360,3120,3120,65.000,1
600,4,3,1,40,60,12000,9000,3000,3000,62.500,1
600,4,3,1,60,20,12480,9360,3120,3120,65.000,1
600,4,3,1,60,40,12000,9000,3000,3000,62.500,1
600,4,3,1,60,60,11520,8640,2880,2880,60.000,1
600,4,3,2,20,20,11947,8960,5973,5973,124.437,1
600,4,3,2,20,40,11520,8640,5760,5760,120.000,1
600,4,3,2,20,60,11093,8320,5547,5547,115.562,1
600,4,3,2,40,20,11520,8640,5760,5760,120.000,1
600,4,3,2,40,40,11093,8320,5547,5547,115.562,1
600,4,3,2,40,60,10667,8000,5333,5333,111.104,1
600,4,3,2,60,20,11093,8320,5547,5547,115.562,1
600,4,3,2,60,40,10667,8000,5333,5333,111.104,1
600,4,3,2,60,60,10240,7680,5120,5120,106.666,1
600,4,3,3,20,20,10752,8064,8064,8064,168.000,1
600,4,3,3,20,40,10368,7776,7776,7776,162.000,1
600,4,3,3,20,60,9984,7488,7488,7488,156.000,1
600,4,3,3,40,20,10368,7776,7776,7776,162.000,1
600,4,3,3,40,40,9984,7488,7488,7488,156.000,1
600,4,3,3,40,60,9600,7200,7200,7200,150.000,1
600,4,3,3,60,20,9984,7488,7488,7488,156.000,1
600,4,3,3,60,40,9600,7200,7200,7200,150.000,1
600,4,3,3,60,60,9216,6912,6912,6912,144.000,1
600,4,3,4,20,20,9775,7331,9774,7331,152.729,1
600,4,3,4,20,40,9425,7069,9426,7069,147.270,1
600,4,3,4,20,60,9076,6807,9077,6807,141.812,1
600,4,3,4,40,20,9425,7069,9426,7069,147.270,1
600,4,3,4,40,40,9076,6807,9077,6807,141.812,1
600,4,3,4,40,60,8727,6545,8728,6545,136.354,1
600,4,3,4,60,20,9076,6807,9077,6807,141.812,1
600,4,3,4,60,40,8727,6545,8728,6545,136.354,1
600,4,3,4,60,60,8378,6284,8378,6284,130.916,1
600,4,4,1,20,20,11947,11947,2986,2986,62.208,1
600,4,4,1,20,40,11520,11520,2880,2880,60.000,1
600,4,4,1,20,60,11093,11093,2774,2774,57.791,0
600,4,4,1,40,20,11520,11520,2880,2880,60.000,1
600,4,4,1,40,40,11093,11093,2774,2774,57.791,0
600,4,4,1,40,60,10667,10667,2666,2666,55.541,0
600,4,4,1,60,20,11093,11093,2774,2774,57.791,0
600,4,4,1,60,40,10667,10667,2666,2666,55.541,0
600,4,4,1,60,60,10240,10240,2560,2560,53.333,0
600,4,4,2,20,20,10752,10752,5376,5376,112.000,1
600,4,4,2,20,40,10368,10368,5184,5184,108.000,1
600,4,4,2,20,60,9984,9984,4992,4992,104.000,1
600,4,4,2,40,20,10368,10368,5184,5184,108.000,1
600,4,4,2,40,40,9984,9984,4992,4992,104.000,1
600,4,4,2,40,60,9600,9600,4800,4800,100.000,1
600,4,4,2,60,20,9984,9984,4992,4992,104.000,1
600,4,4,2,60,40,9600,9600,4800,4800,100.000,1
600,4,4,2,60,60,9216,9216,4608,4608,96.000,1
600,4,4,3,20,20,9775,9775,7330,7330,152.708,1
600,4,4,3,20,40,9425,9425,7070,7070,147.291,1
600,4,4,3,20,60,9076,9076,6808,6808,141.833,1
600,4,4,3,40,20,9425,9425,7070,7070,147.291,1
600,4,4,3,40,40,9076,9076,6808,6808,141.833,1
600,4,4,3,40,60,8727,8727,6546,6546,136.375,1
600,4,4,3,60,20,9076,9076,6808,6808,141.833,1
600,4,4,3,60,40,8727,8727,6546,6546,136.375,1
600,4,4,3,60,60,8378,8378,6284,6284,130.916,1
600,4,4,4,20,20,8960,8960,8960,8960,186.666,1
600,4,4,4,20,40,8640,8640,8640,8640,180.000,1
600,4,4,4,20,60,8320,8320,8320,8320,173.333,1
600,4,4,4,40,20,8640,8640,8640,8640,180.000,1
600,4,4,4,40,40,8320,8320,8320,8320,173.333,1
600,4,4,4,40,60,8000,8000,8000,8000,166.666,1
600,4,4,4,60,20,8320,8320,8320,8320,173.333,1
600,4,4,4,60,40,8000,8000,8000,8000,166.666,1
600,4,4,4,60,60,7680,7680,7680,7680,160.000,1
750,1,1,1,20,20,11360,11360,11360,11360,236.666,1
750,1,1,1,20,40,11040,11040,11040,11040,230.000,1
750,1,1,1,20,60,10720,10720,10720,10720,223.333,1
750,1,1,1,40,20,11040,11040,11040,11040,230.000,1
750,1,1,1,40,40,10720,10720,10720,10720,223.333,1
750,1,1,1,40,60,10400,10400,10400,10400,216.666,1
750,1,1,1,60,20,10720,10720,10720,10720,223.333,1
750,1,1,1,60,40,10400,10400,10400,10400,216.666,1
750,1,1,1,60,60,10080,10080,10080,10080,210.000,1
750,1,1,2,20,20,8520,8520,17040,8520,177.500,1
750,1,1,2,20,40,8280,8280,16560,8280,172.500,1
750,1,1,2,20,60,8040,8040,16080,8040,167.500,1
750,1,1,2,40,20,8280,8280,16560,8280,172.500,1
750,1,1,2,40,40,8040,8040,16080,8040,167.500,1
750,1,1,2,40,60,7800,7800,15600,7800,162.500,1
750,1,1,2,60,20,8040,8040,16080,8040,167.500,1
750,1,1,2,60,40,7800,7800,15600,7800,162.500,1
750,1,1,2,60,60,7560,7560,15120,7560,157.500,1
750,1,1,3,20,20,6816,6816,20448,6816,142.000,1
750,1,1,3,20,40,6624,6624,19872,6624,138.000,1
750,1,1,3,20,60,6432,6432,19296,6432,134.000,1
750,1,1,3,40,20,6624,6624,19872,6624,138.000,1
750,1,1,3,40,40,6432,6432,19296,6432,134.000,1
750,1,1,3,40,60,6240,6240,18720,6240,130.000,1
750,1,1,3,60,20,6432,6432,19296,6432,134.000,1
750,1,1,3,60,40,6240,6240,18720,6240,130.000,1
750,1,1,3,60,60,6048,6048,18144,6048,126.000,1
750,1,1,4,20,20,5680,5680,22720,5680,118.333,1
750,1,1,4,20,40,5520,5520,22080,5520,115.000,1
750,1,1,4,20,60,5360,5360,21440,5360,111.666,1
750,1,1,4,40,20,5520,5520,22080,5520,115.000,1
750,1,1,4,40,40,5360,5360,21440,5360,111.666,1
750,1,1,4,40,60,5200,5200,20800,5200,108.333,1
750,1,1,4,60,20,5360,5360,21440,5360,111.666,1
750,1,1,4,60,40,5200,5200,20800,5200,108.333,1
750,1,1,4,60,60,5040,5040,20160,5040,105.000,1
750,1,2,1,20,20,8520,17040,8520,8520,177.500,1
750,1,2,1,20,40,8280,16560,8280,8280,172.500,1
750,1,2,1,20,60,8040,16080,8040,8040,167.500,1
750,1,2,1,40,20,8280,16560,8280,8280,172.500,1
750,1,2,1,40,40,8040,16080,8040,8040,167.500,1
750,1,2,1,40,60,7800,15600,7800,7800,162.500,1
750,1,2,1,60,20,8040,16080,8040,8040,167.500,1
750,1,2,1,60,40,7800,15600,7800,7800,162.500,1
750,1,2,1,60,60,7560,15120,7560,7560,157.500,1
750,1,2,2,20,20,6816,13632,13632,6816,142.000,1
750,1,2,2,20,40,6624,13248,13248,6624,138.000,1
750,1,2,2,20,60,6432,12864,12864,6432,134.000,1
750,1,2,2,40,20,6624,13248,13248,6624,138.000,1
750,1,2,2,40,40,6432,12864,12864,6432,134.000,1
750,1,2,2,40,60,6240,12480,12480,6240,130.000,1
750,1,2,2,60,20,6432,12864,12864,6432,134.000,1
750,1,2,2,60,40,6240,12480,12480,6240,130.000,1
750,1,2,2,60,60,6048,12096,12096,6048,126.000,1
750,1,2,3,20,20,5680,11360,17040,5680,118.333,1
750,1,2,3,20,40,5520,11040,16560,5520,115.000,1
750,1,2,3,20,60,5360,10720,16080,5360,111.666,1
750,1,2,3,40,20,5520,11040,16560,5520,115.000,1
750,1,2,3,40,40,5360,10720,16080,5360,111.666,1
750,1,2,3,40,60,5200,10400,15600,5200,108.333,1
750,1,2,3,60,20,5360,10720,16080,5360,111.666,1
750,1,2,3,60,40,5200,10400,15600,5200,108.333,1
750,1,2,3,60,60,5040,10080,15120,5040,105.000,1
750,1,2,4,20,20,4869,9737,19474,4869,101.437,1
750,1,2,4,20,40,4731,9463,18926,4731,98.562,1
750,1,2,4,20,60,4594,9189,18377,4594,95.708,1
750,1,2,4,40,20,4731,9463,18926,4731,98.562,1
750,1,2,4,40,40,4594,9189,18377,4594,95.708,1
750,1,2,4,40,60,4457,8914,17829,4457,92.854,1
750,1,2,4,60,20,4594,9189,18377,4594,95.708,1
750,1,2,4,60,40,4457,8914,17829,4457,92.854,1
750,1,2,4,60,60,4320,8640,17280,4320,90.000,1
750,1,3,1,20,20,6816,20448,6816,6816,142.000,1
750,1,3,1,20,40,6624,19872,6624,6624,138.000,1
750,1,3,1,20,60,6432,19296,6432,6432,134.000,1
750,1,3,1,40,20,6624,19872,6624,6624,138.000,1
750,1,3,1,40,40,6432,19296,6432,6432,134.000,1
750,1,3,1,40,60,6240,18720,6240,6240,130.000,1
750,1,3,1,60,20,6432,19296,6432,6432,134.000,1
750,1,3,1,60,40,6240,18720,6240,6240,130.000,1
750,1,3,1,60,60,6048,18144,6048,6048,126.000,1
750,1,3,2,20,20,5680,17040,11360,5680,118.333,1
750,1,3,2,20,40,5520,16560,11040,5520,115.000,1
750,1,3,2,20,60,5360,16080,10720,5360,111.666,1
750,1,3,2,40,20,5520,16560,11040,5520,115.000,1
750,1,3,2,40,40,5360,16080,10720,5360,111.666,1
750,1,3,2,40,60,5200,15600,10400,5200,108.333,1
750,1,3,2,60,20,5360,16080,10720,5360,111.666,1
750,1,3,2,60,40,5200,15600,10400,5200,108.333,1
750,1,3,2,60,60,5040,15120,10080,5040,105.000,1
750,1,3,3,20,20,4869,14606,14605,4869,101.437,1
750,1,3,3,20,40,4731,14194,14195,4731,98.562,1
750,1,3,3,20,60,4594,13783,13783,4594,95.708,1
750,1,3,3,40,20,4731,14194,14195,4731,98.562,1
750,1,3,3,40,40,4594,13783,13783,4594,95.708,1
750,1,3,3,40,60,4457,13371,13372,4457,92.854,1
750,1,3,3,60,20,4594,13783,13783,4594,95.708,1
750,1,3,3,60,40,4457,13371,13372,4457,92.854,1
750,1,3,3,60,60,4320,12960,12960,4320,90.000,1
750,1,3,4,20,20,4260,12780,17040,4260,88.750,1
750,1,3,4,20,40,4140,12420,16560,4140,86.250,1
750,1,3,4,20,60,4020,12060,16080,4020,83.750,1
750,1,3,4,40,20,4140,12420,16560,4140,86.250,1
750,1,3,4,40,40,4020,12060,16080,4020,83.750,1
750,1,3,4,40,60,3900,11700,15600,3900,81.250,1
750,1,3,4,60,20,4020,12060,16080,4020,83.750,1
750,1,3,4,60,40,3900,11700,15600,3900,81.250,1
750,1,3,4,60,60,3780,11340,15120,3780,78.750,1
750,1,4,1,20,20,5680,22720,5680,5680,118.333,1
750,1,4,1,20,40,5520,22080,5520,5520,115.000,1
750,1,4,1,20,60,5360,21440,5360,5360,111.666,1
750,1,4,1,40,20,5520,22080,5520,5520,115.000,1
750,1,4,1,40,40,5360,21440,5360,5360,111.666,1
750,1,4,1,40,60,5200,20800,5200,5200,108.333,1
750,1,4,1,60,20,5360,21440,5360,5360,111.666,1
750,1,4,1,60,40,5200,20800,5200,5200,108.333,1
750,1,4,1,60,60,5040,20160,5040,5040,105.000,1
750,1,4,2,20,20,4869,19474,9737,4869,101.437,1
750,1,4,2,20,40,4731,18926,9463,4731,98.562,1
750,1,4,2,20,60,4594,18377,9189,4594,95.708,1
750,1,4,2,40,20,4731,18926,9463,4731,98.562,1
750,1,4,2,40,40,4594,18377,9189,4594,95.708,1
750,1,4,2,40,60,4457,17829,8914,4457,92.854,1
750,1,4,2,60,20,4594,18377,9189,4594,95.708,1
750,1,4,2,60,40,4457,17829,8914,4457,92.854,1
750,1,4,2,60,60,4320,17280,8640,4320,90.000,1
750,1,4,3,20,20,4260,17040,12780,4260,88.750,1
750,1,4,3,20,40,4140,16560,12420,4140,86.250,1
750,1,4,3,20,60,4020,16080,12060,4020,83.750,1
750,1,4,3,40,20,4140,16560,12420,4140,86.250,1
750,1,4,3,40,40,4020,16080,12060,4020,83.750,1
750,1,4,3,40,60,3900,15600,11700,3900,81.250,1
750,1,4,3,60,20,4020,16080,12060,4020,83.750,1
750,1,4,3,60,40,3900,15600,11700,3900,81.250,1
750,1,4,3,60,60,3780,15120,11340,3780,78.750,1
750,1,4,4,20,20,3787,15147,15146,3787,78.895,1
750,1,4,4,20,40,3680,14720,14720,3680,76.666,1
750,1,4,4,20,60,3573,14293,14294,3573,74.437,1
750,1,4,4,40,20,3680,14720,14720,3680,76.666,1
750,1,4,4,40,40,3573,14293,14294,3573,74.437,1
750,1,4,4,40,60,3467,13867,13866,3467,72.229,1
750,1,4,4,60,20,3573,14293,14294,3573,74.437,1
750,1,4,4,60,40,3467,13867,13866,3467,72.229,1
750,1,4,4,60,60,3360,13440,13440,3360,70.000,1
750,2,1,1,20,20,17040,8520,8520,8520,177.500,1
750,2,1,1,20,40,16560,8280,8280,8280,172.500,1
750,2,1,1,20,60,16080,8040,8040,8040,167.500,1
750,2,1,1,40,20,16560,8280,8280,8280,172.500,1
750,2,1,1,40,40,16080,8040,8040,8040,167.500,1
750,2,1,1,40,60,15600,7800,7800,7800,162.500,1
750,2,1,1,60,20,16080,8040,8040,8040,167.500,1
750,2,1,1,60,40,15600,7800,7800,7800,162.500,1
750,2,1,1,60,60,15120,7560,7560,7560,157.500,1
750,2,1,2,20,20,13632,6816,13632,6816,142.000,1
750,2,1,2,20,40,13248,6624,13248,6624,138.000,1
750,2,1,2,20,60,12864,6432,12864,6432,134.000,1
750,2,1,2,40,20,13248,6624,13248,6624,138.000,1
750,2,1,2,40,40,12864,6432,12864,6432,134.000,1
750,2,1,2,40,60,12480,6240,12480,6240,130.000,1
750,2,1,2,60,20,12864,6432,12864,6432,134.000,1
750,2,1,2,60,40,12480,6240,12480,6240,130.000,1
750,2,1,2,60,60,12096,6048,12096,6048,126.000,1
750,2,1,3,20,20,11360,5680,17040,5680,118.333,1
750,2,1,3,20,40,11040,5520,16560,5520,115.000,1
750,2,1,3,20,60,10720,5360,16080,5360,111.666,1
750,2,1,3,40,20,11040,5520,16560,5520,115.000,1
750,2,1,3,40,40,10720,5360,16080,5360,111.666,1
750,2,1,3,40,60,10400,5200,15600,5200,108.333,1
750,2,1,3,60,20,10720,5360,16080,5360,111.666,1
750,2,1,3,60,40,10400,5200,15600,5200,108.333,1
750,2,1,3,60,60,10080,5040,15120,5040,105.000,1
750,2,1,4,20,20,9737,4869,19474,4869,101.437,1
750,2,1,4,20,40,9463,4731,18926,4731,98.562,1
750,2,1,4,20,60,9189,4594,18377,4594,95.708,1
750,2,1,4,40,20,9463,4731,18926,4731,98.562,1
750,2,1,4,40,40,9189,4594,18377,4594,95.708,1
750,2,1,4,40,60,8914,4457,17829,4457,92.854,1
750,2,1,4,60,20,9189,4594,18377,4594,95.708,1
750,2,1,4,60,40,8914,4457,17829,4457,92.854,1
750,2,1,4,60,60,8640,4320,17280,4320,90.000,1
750,2,2,1,20,20,13632,13632,6816,6816,142.000,1
750,2,2,1,20,40,13248,13248,6624,6624,138.000,1
750,2,2,1,20,60,12864,12864,6432,6432,134.000,1
750,2,2,1,40,20,13248,13248,6624,6624,138.000,1
750,2,2,1,40,40,12864,12864,6432,6432,134.000,1
750,2,2,1,40,60,12480,12480,6240,6240,130.000,1
750,2,2,1,60,20,12864,12864,6432,6432,134.000,1
750,2,2,1,60,40,12480,12480,6240,6240,130.000,1
750,2,2,1,60,60,12096,12096,6048,6048,126.000,1
750,2,2,2,20,20,11360,11360,11360,11360,236.666,1
750,2,2,2,20,40,11040,11040,11040,11040,230.000,1
750,2,2,2,20,60,10720,10720,10720,10720,223.333,1
750,2,2,2,40,20,11040,11040,11040,11040,230.000,1
750,2,2,2,40,40,10720,10720,10720,10720,223.333,1
750,2,2,2,40,60,10400,10400,10400,10400,216.666,1
750,2,2,2,60,20,10720,10720,10720,10720,223.333,1
750,2,2,2,60,40,10400,10400,10400,10400,216.666,1
750,2,2,2,60,60,10080,10080,10080,10080,210.000,1
750,2,2,3,20,20,9737,9737,14606,9737,202.854,1
750,2,2,3,20,40,9463,9463,14194,9463,197.145,1
750,2,2,3,20,60,9189,9189,13782,9189,191.437,1
750,2,2,3,40,20,9463,9463,14194,9463,197.145,1
750,2,2,3,40,40,9189,9189,13782,9189,191.437,1
750,2,2,3,40,60,8914,8914,13372,8914,185.708,1
750,2,2,3,60,20,9189,9189,13782,9189,191.437,1
750,2,2,3,60,40,8914,8914,13372,8914,185.708,1
750,2,2,3,60,60,8640,8640,12960,8640,180.000,1
750,2,2,4,20,20,8520,8520,17040,8520,177.500,1
750,2,2,4,20,40,8280,8280,16560,8280,172.500,1
750,2,2,4,20,60,8040,8040,16080,8040,167.500,1
750,2,2,4,40,20,8280,8280,16560,8280,172.500,1
750,2,2,4,40,40,8040,8040,16080,8040,167.500,1
750,2,2,4,40,60,7800,7800,15600,7800,162.500,1
750,2,2,4,60,20,8040,8040,16080,8040,167.500,1
750,2,2,4,60,40,7800,7800,15600,7800,162.500,1
750,2,2,4,60,60,7560,7560,15120,7560,157.500,1
750,2,3,1,20,20,11360,17040,5680,5680,118.333,1
750,2,3,1,20,40,11040,16560,5520,5520,115.000,1
750,2,3,1,20,60,10720,16080,5360,5360,111.666,1
750,2,3,1,40,20,11040,16560,5520,5520,115.000,1
750,2,3,1,40,40,10720,16080,5360,5360,111.666,1
750,2,3,1,40,60,10400,15600,5200,5200,108.333,1
750,2,3,1,60,20,10720,16080,5360,5360,111.666,1
750,2,3,1,60,40,10400,15600,5200,5200,108.333,1
750,2,3,1,60,60,10080,15120,5040,5040,105.000,1
750,2,3,2,20,20,9737,14606,9737,9737,202.854,1
750,2,3,2,20,40,9463,14194,9463,9463,197.145,1
750,2,3,2,20,60,9189,13783,9188,9188,191.416,1
750,2,3,2,40,20,9463,14194,9463,9463,197.145,1
750,2,3,2,40,40,9189,13783,9188,9188,191.416,1
750,2,3,2,40,60,8914,13371,8915,8914,185.708,1
750,2,3,2,60,20,9189,13783,9188,9188,191.416,1
750,2,3,2,60,40,8914,13371,8915,8914,185.708,1
750,2,3,2,60,60,8640,12960,8640,8640,180.000,1
750,2,3,3,20,20,8520,12780,12780,8520,177.500,1
750,2,3,3,20,40,8280,12420,12420,8280,172.500,1
750,2,3,3,20,60,8040,12060,12060,8040,167.500,1
750,2,3,3,40,20,8280,12420,12420,8280,172.500,1
750,2,3,3,40,40,8040,12060,12060,8040,167.500,1
750,2,3,3,40,60,7800,11700,11700,7800,162.500,1
750,2,3,3,60,20,8040,12060,12060,8040,167.500,1
750,2,3,3,60,40,7800,11700,11700,7800,162.500,1
750,2,3,3,60,60,7560,11340,11340,7560,157.500,1
750,2,3,4,20,20,7573,11360,15147,7573,157.770,1
750,2,3,4,20,40,7360,11040,14720,7360,153.333,1
750,2,3,4,20,60,7147,10720,14293,7147,148.895,1
750,2,3,4,40,20,7360,11040,14720,7360,153.333,1
750,2,3,4,40,40,7147,10720,14293,7147,148.895,1
750,2,3,4,40,60,6933,10400,13867,6933,144.437,1
750,2,3,4,60,20,7147,10720,14293,7147,148.895,1
750,2,3,4,60,40,6933,10400,13867,6933,144.437,1
750,2,3,4,60,60,6720,10080,13440,6720,140.000,1
750,2,4,1,20,20,9737,19474,4869,4869,101.437,1
750,2,4,1,20,40,9463,18926,4731,4731,98.562,1
750,2,4,1,20,60,9189,18377,4594,4594,95.708,1
750,2,4,1,40,20,9463,18926,4731,4731,98.562,1
750,2,4,1,40,40,9189,18377,4594,4594,95.708,1
750,2,4,1,40,60,8914,17829,4457,4457,92.854,1
750,2,4,1,60,20,9189,18377,4594,4594,95.708,1
750,2,4,1,60,40,8914,17829,4457,4457,92.854,1
750,2,4,1,60,60,8640,17280,4320,4320,90.000,1
750,2,4,2,20,20,8520,17040,8520,8520,177.500,1
750,2,4,2,20,40,8280,16560,8280,8280,172.500,1
750,2,4,2,20,60,8040,16080,8040,8040,167.500,1
750,2,4,2,40,20,8280,16560,8280,8280,172.500,1
750,2,4,2,40,40,8040,16080,8040,8040,167.500,1
750,2,4,2,40,60,7800,15600,7800,7800,162.500,1
750,2,4,2,60,20,8040,16080,8040,8040,167.500,1
750,2,4,2,60,40,7800,15600,7800,7800,162.500,1
750,2,4,2,60,60,7560,15120,7560,7560,157.500,1
750,2,4,3,20,20,7573,15147,11360,7573,157.770,1
750,2,4,3,20,40,7360,14720,11040,7360,153.333,1
750,2,4,3,20,60,7147,14293,10720,7147,148.895,1
750,2,4,3,40,20,7360,14720,11040,7360,153.333,1
750,2,4,3,40,40,7147,14293,10720,7147,148.895,1
750,2,4,3,40,60,6933,13867,10400,6933,144.437,1
750,2,4,3,60,20,7147,14293,10720,7147,148.895,1
750,2,4,3,60,40,6933,13867,10400,6933,144.437,1
750,2,4,3,60,60,6720,13440,10080,6720,140.000,1
750,2,4,4,20,20,6816,13632,13632,6816,142.000,1
750,2,4,4,20,40,6624,13248,13248,6624,138.000,1
750,2,4,4,20,60,6432,12864,12864,6432,134.000,1
750,2,4,4,40,20,6624,13248,13248,6624,138.000,1
750,2,4,4,40,40,6432,12864,12864,6432,134.000,1
750,2,4,4,40,60,6240,12480,12480,6240,130.000,1
750,2,4,4,60,20,6432,12864,12864,6432,134.000,1
750,2,4,4,60,40,6240,12480,12480,6240,130.000,1
750,2,4,4,60,60,6048,12096,12096,6048,126.000,1
750,3,1,1,20,20,20448,6816,6816,6816,142.000,1
750,3,1,1,20,40,19872,6624,6624,6624,138.000,1
750,3,1,1,20,60,19296,6432,6432,6432,134.000,1
750,3,1,1,40,20,19872,6624,6624,6624,138.000,1
750,3,1,1,40,40,19296,6432,6432,6432,134.000,1
750,3,1,1,40,60,18720,6240,6240,6240,130.000,1
750,3,1,1,60,20,19296,6432,6432,6432,134.000,1
750,3,1,1,60,40,18720,6240,6240,6240,130.000,1
750,3,1,1,60,60,18144,6048,6048,6048,126.000,1
750,3,1,2,20,20,17040,5680,11360,5680,118.333,1
750,3,1,2,20,40,16560,5520,11040,5520,115.000,1
750,3,1,2,20,60,16080,5360,10720,5360,111.666,1
750,3,1,2,40,20,16560,5520,11040,5520,115.000,1
750,3,1,2,40,40,16080,5360,10720,5360,111.666,1
750,3,1,2,40,60,15600,5200,10400,5200,108.333,1
750,3,1,2,60,20,16080,5360,10720,5360,111.666,1
750,3,1,2,60,40,15600,5200,10400,5200,108.333,1
750,3,1,2,60,60,15120,5040,10080,5040,105.000,1
750,3,1,3,20,20,14606,4869,14605,4869,101.437,1
750,3,1,3,20,40,14194,4731,14195,4731,98.562,1
750,3,1,3,20,60,13783,4594,13783,4594,95.708,1
750,3,1,3,40,20,14194,4731,14195,4731,98.562,1
750,3,1,3,40,40,13783,4594,13783,4594,95.708,1
750,3,1,3,40,60,13371,4457,13372,4457,92.854,1
750,3,1,3,60,20,13783,4594,13783,4594,95.708,1
750,3,1,3,60,40,13371,4457,13372,4457,92.854,1
750,3,1,3,60,60,12960,4320,12960,4320,90.000,1
750,3,1,4,20,20,12780,4260,17040,4260,88.750,1
750,3,1,4,20,40,12420,4140,16560,4140,86.250,1
750,3,1,4,20,60,12060,4020,16080,4020,83.750,1
750,3,1,4,40,20,12420,4140,16560,4140,86.250,1
750,3,1,4,40,40,12060,4020,16080,4020,83.750,1
750,3,1,4,40,60,11700,3900,15600,3900,81.250,1
750,3,1,4,60,20,12060,4020,16080,4020,83.750,1
750,3,1,4,60,40,11700,3900,15600,3900,81.250,1
750,3,1,4,60,60,11340,3780,15120,3780,78.750,1
750,3,2,1,20,20,17040,11360,5680,5680,118.333,1
750,3,2,1,20,40,16560,11040,5520,5520,115.000,1
750,3,2,1,20,60,16080,10720,5360,5360,111.666,1
750,3,2,1,40,20,16560,11040,5520,5520,115.000,1
750,3,2,1,40,40,16080,10720,5360,5360,111.666,1
750,3,2,1,40,60,15600,10400,5200,5200,108.333,1
750,3,2,1,60,20,16080,10720,5360,5360,111.666,1
750,3,2,1,60,40,15600,10400,5200,5200,108.333,1
750,3,2,1,60,60,15120,10080,5040,5040,105.000,1
750,3,2,2,20,20,14606,9737,9737,9737,202.854,1
750,3,2,2,20,40,14194,9463,9463,9463,197.145,1
750,3,2,2,20,60,13783,9189,9188,9188,191.416,1
750,3,2,2,40,20,14194,9463,9463,9463,197.145,1
750,3,2,2,40,40,13783,9189,9188,9188,191.416,1
750,3,2,2,40,60,13371,8914,8915,8914,185.708,1
750,3,2,2,60,20,13783,9189,9188,9188,191.416,1
750,3,2,2,60,40,13371,8914,8915,8914,185.708,1
750,3,2,2,60,60,12960,8640,8640,8640,180.000,1
750,3,2,3,20,20,12780,8520,12780,8520,177.500,1
750,3,2,3,20,40,12420,8280,12420,8280,172.500,1
750,3,2,3,20,60,12060,8040,12060,8040,167.500,1
750,3,2,3,40,20,12420,8280,12420,8280,172.500,1
750,3,2,3,40,40,12060,8040,12060,8040,167.500,1
750,3,2,3,40,60,11700,7800,11700,7800,162.500,1
750,3,2,3,60,20,12060,8040,12060,8040,167.500,1
750,3,2,3,60,40,11700,7800,11700,7800,162.500,1
750,3,2,3,60,60,11340,7560,11340,7560,157.500,1
750,3,2,4,20,20,11360,7573,15147,7573,157.770,1
750,3,2,4,20,40,11040,7360,14720,7360,153.333,1
750,3,2,4,20,60,10720,7147,14293,7147,148.895,1
750,3,2,4,40,20,11040,7360,14720,7360,153.333,1
750,3,2,4,40,40,10720,7147,14293,7147,148.895,1
750,3,2,4,40,60,10400,6933,13867,6933,144.437,1
750,3,2,4,60,20,10720,7147,14293,7147,148.895,1
750,3,2,4,60,40,10400,6933,13867,6933,144.437,1
750,3,2,4,60,60,10080,6720,13440,6720,140.000,1
750,3,3,1,20,20,14606,14606,4868,4868,101.416,1
750,3,3,1,20,40,14194,14194,4732,4732,98.583,1
750,3,3,1,20,60,13783,13783,4594,4594,95.708,1
750,3,3,1,40,20,14194,14194,4732,4732,98.583,1
750,3,3,1,40,40,13783,13783,4594,4594,95.708,1
750,3,3,1,40,60,13371,13371,4458,4458,92.875,1
750,3,3,1,60,20,13783,13783,4594,4594,95.708,1
750,3,3,1,60,40,13371,13371,4458,4458,92.875,1
750,3,3,1,60,60,12960,12960,4320,4320,90.000,1
750,3,3,2,20,20,12780,12780,8520,8520,177.500,1
750,3,3,2,20,40,12420,12420,8280,8280,172.500,1
750,3,3,2,20,60,12060,12060,8040,8040,167.500,1
750,3,3,2,40,20,12420,12420,8280,8280,172.500,1
750,3,3,2,40,40,12060,12060,8040,8040,167.500,1
750,3,3,2,40,60,11700,11700,7800,7800,162.500,1
750,3,3,2,60,20,12060,12060,8040,8040,167.500,1
750,3,3,2,60,40,11700,11700,7800,7800,162.500,1
750,3,3,2,60,60,11340,11340,7560,7560,157.500,1
750,3,3,3,20,20,11360,11360,11360,11360,236.666,1
750,3,3,3,20,40,11040,11040,11040,11040,230.000,1
750,3,3,3,20,60,10720,10720,10720,10720,223.333,1
750,3,3,3,40,20,11040,11040,11040,11040,230.000,1
750,3,3,3,40,40,10720,10720,10720,10720,223.333,1
750,3,3,3,40,60,10400,10400,10400,10400,216.666,1
750,3,3,3,60,20,10720,10720,10720,10720,223.333,1
750,3,3,3,60,40,10400,10400,10400,10400,216.666,1
750,3,3,3,60,60,10080,10080,10080,10080,210.000,1
750,3,3,4,20,20,10224,10224,13632,10224,213.000,1
750,3,3,4,20,40,9936,9936,13248,9936,207.000,1
750,3,3,4,20,60,9648,9648,12864,9648,201.000,1
750,3,3,4,40,20,9936,9936,13248,9936,207.000,1
750,3,3,4,40,40,9648,9648,12864,9648,201.000,1
750,3,3,4,40,60,9360,9360,12480,9360,195.000,1
750,3,3,4,60,20,9648,9648,12864,9648,201.000,1
750,3,3,4,60,40,9360,9360,12480,9360,195.000,1
750,3,3,4,60,60,9072,9072,12096,9072,189.000,1
750,3,4,1,20,20,12780,17040,4260,4260,88.750,1
750,3,4,1,20,40,12420,16560,4140,4140,86.250,1
750,3,4,1,20,60,12060,16080,4020,4020,83.750,1
750,3,4,1,40,20,12420,16560,4140,4140,86.250,1
750,3,4,1,40,40,12060,16080,4020,4020,83.750,1
750,3,4,1,40,60,11700,15600,3900,3900,81.250,1
750,3,4,1,60,20,12060,16080,4020,4020,83.750,1
750,3,4,1,60,40,11700,15600,3900,3900,81.250,1
750,3,4,1,60,60,11340,15120,3780,3780,78.750,1
750,3,4,2,20,20,11360,15147,7573,7573,157.770,1
750,3,4,2,20,40,11040,14720,7360,7360,153.333,1
750,3,4,2,20,60,10720,14293,7147,7147,148.895,1
750,3,4,2,40,20,11040,14720,7360,7360,153.333,1
750,3,4,2,40,40,10720,14293,7147,7147,148.895,1
750,3,4,2,40,60,10400,13867,6933,6933,144.437,1
750,3,4,2,60,20,10720,14293,7147,7147,148.895,1
750,3,4,2,60,40,10400,13867,6933,6933,144.437,1
750,3,4,2,60,60,10080,13440,6720,6720,140.000,1
750,3,4,3,20,20,10224,13632,10224,10224,213.000,1
750,3,4,3,20,40,9936,13248,9936,9936,207.000,1
750,3,4,3,20,60,9648,12864,9648,9648,201.000,1
750,3,4,3,40,20,9936,13248,9936,9936,207.000,1
750,3,4,3,40,40,9648,12864,9648,9648,201.000,1
750,3,4,3,40,60,9360,12480,9360,9360,195.000,1
750,3,4,3,60,20,9648,12864,9648,9648,201.000,1
750,3,4,3,60,40,9360,12480,9360,9360,195.000,1
750,3,4,3,60,60,9072,12096,9072,9072,189.000,1
750,3,4,4,20,20,9295,12393,12392,9295,193.645,1
750,3,4,4,20,40,9033,12044,12043,9033,188.187,1
750,3,4,4,20,60,8771,11695,11694,8771,182.729,1
750,3,4,4,40,20,9033,12044,12043,9033,188.187,1
750,3,4,4,40,40,8771,11695,11694,8771,182.729,1
750,3,4,4,40,60,8509,11345,11346,8509,177.270,1
750,3,4,4,60,20,8771,11695,11694,8771,182.729,1
750,3,4,4,60,40,8509,11345,11346,8509,177.270,1
750,3,4,4,60,60,8247,10996,10997,8247,171.812,1
750,4,1,1,20,20,22720,5680,5680,5680,118.333,1
750,4,1,1,20,40,22080,5520,5520,5520,115.000,1
750,4,1,1,20,60,21440,5360,5360,5360,111.666,1
750,4,1,1,40,20,22080,5520,5520,5520,115.000,1
750,4,1,1,40,40,21440,5360,5360,5360,111.666,1
750,4,1,1,40,60,20800,5200,5200,5200,108.333,1
750,4,1,1,60,20,21440,5360,5360,5360,111.666,1
750,4,1,1,60,40,20800,5200,5200,5200,108.333,1
750,4,1,1,60,60,20160,5040,5040,5040,105.000,1
750,4,1,2,20,20,19474,4869,9737,4869,101.437,1
750,4,1,2,20,40,18926,4731,9463,4731,98.562,1
750,4,1,2,20,60,18377,4594,9189,4594,95.708,1
750,4,1,2,40,20,18926,4731,9463,4731,98.562,1
750,4,1,2,40,40,18377,4594,9189,4594,95.708,1
750,4,1,2,40,60,17829,4457,8914,4457,92.854,1
750,4,1,2,60,20,18377,4594,9189,4594,95.708,1
750,4,1,2,60,40,17829,4457,8914,4457,92.854,1
750,4,1,2,60,60,17280,4320,8640,4320,90.000,1
750,4,1,3,20,20,17040,4260,12780,4260,88.750,1
750,4,1,3,20,40,16560,4140,12420,4140,86.250,1
750,4,1,3,20,60,16080,4020,12060,4020,83.750,1
750,4,1,3,40,20,16560,4140,12420,4140,86.250,1
750,4,1,3,40,40,16080,4020,12060,4020,83.750,1
750,4,1,3,40,60,15600,3900,11700,3900,81.250,1
750,4,1,3,60,20,16080,4020,12060,4020,83.750,1
750,4,1,3,60,40,15600,3900,11700,3900,81.250,1
750,4,1,3,60,60,15120,3780,11340,3780,78.750,1
750,4,1,4,20,20,15147,3787,15146,3787,78.895,1
750,4,1,4,20,40,14720,3680,14720,3680,76.666,1
750,4,1,4,20,60,14293,3573,14294,3573,74.437,1
750,4,1,4,40,20,14720,3680,14720,3680,76.666,1
750,4,1,4,40,40,14293,3573,14294,3573,74.437,1
750,4,1,4,40,60,13867,3467,13866,3467,72.229,1
750,4,1,4,60,20,14293,3573,14294,3573,74.437,1
750,4,1,4,60,40,13867,3467,13866,3467,72.229,1
750,4,1,4,60,60,13440,3360,13440,3360,70.000,1
750,4,2,1,20,20,19474,9737,4869,4869,101.437,1
750,4,2,1,20,40,18926,9463,4731,4731,98.562,1
750,4,2,1,20,60,18377,9189,4594,4594,95.708,1
750,4,2,1,40,20,18926,9463,4731,4731,98.562,1
750,4,2,1,40,40,18377,9189,4594,4594,95.708,1
750,4,2,1,40,60,17829,8914,4457,4457,92.854,1
750,4,2,1,60,20,18377,9189,4594,4594,95.708,1
750,4,2,1,60,40,17829,8914,4457,4457,92.854,1
750,4,2,1,60,60,17280,8640,4320,4320,90.000,1
750,4,2,2,20,20,17040,8520,8520,8520,177.500,1
750,4,2,2,20,40,16560,8280,8280,8280,172.500,1
750,4,2,2,20,60,16080,8040,8040,8040,167.500,1
750,4,2,2,40,20,16560,8280,8280,8280,172.500,1
750,4,2,2,40,40,16080,8040,8040,8040,167.500,1
750,4,2,2,40,60,15600,7800,7800,7800,162.500,1
750,4,2,2,60,20,16080,8040,8040,8040,167.500,1
750,4,2,2,60,40,15600,7800,7800,7800,162.500,1
750,4,2,2,60,60,15120,7560,7560,7560,157.500,1
750,4,2,3,20,20,15147,7573,11360,7573,157.770,1
750,4,2,3,20,40,14720,7360,11040,7360,153.333,1
750,4,2,3,20,60,14293,7147,10720,7147,148.895,1
750,4,2,3,40,20,14720,7360,11040,7360,153.333,1
750,4,2,3,40,40,14293,7147,10720,7147,148.895,1
750,4,2,3,40,60,13867,6933,10400,6933,144.437,1
750,4,2,3,60,20,14293,7147,10720,7147,148.895,1
750,4,2,3,60,40,13867,6933,10400,6933,144.437,1
750,4,2,3,60,60,13440,6720,10080,6720,140.000,1
750,4,2,4,20,20,13632,6816,13632,6816,142.000,1
750,4,2,4,20,40,13248,6624,13248,6624,138.000,1
750,4,2,4,20,60,12864,6432,12864,6432,134.000,1
750,4,2,4,40,20,13248,6624,13248,6624,138.000,1
750,4,2,4,40,40,12864,6432,12864,6432,134.000,1
750,4,2,4,40,60,12480,6240,12480,6240,130.000,1
750,4,2,4,60,20,12864,6432,12864,6432,134.000,1
750,4,2,4,60,40,12480,6240,12480,6240,130.000,1
750,4,2,4,60,60,12096,6048,12096,6048,126.000,1
750,4,3,1,20,20,17040,12780,4260,4260,88.750,1
750,4,3,1,20,40,16560,12420,4140,4140,86.250,1
750,4,3,1,20,60,16080,12060,4020,4020,83.750,1
750,4,3,1,40,20,16560,12420,4140,4140,86.250,1
750,4,3,1,40,40,16080,12060,4020,4020,83.750,1
750,4,3,1,40,60,15600,11700,3900,3900,81.250,1
750,4,3,1,60,20,16080,12060,4020,4020,83.750,1
750,4,3,1,60,40,15600,11700,3900,3900,81.250,1
750,4,3,1,60,60,15120,11340,3780,3780,78.750,1
750,4,3,2,20,20,15147,11360,7573,7573,157.770,1
750,4,3,2,20,40,14720,11040,7360,7360,153.333,1
750,4,3,2,20,60,14293,10720,7147,7147,148.895,1
750,4,3,2,40,20,14720,11040,7360,7360,153.333,1
750,4,3,2,40,40,14293,10720,7147,7147,148.895,1
750,4,3,2,40,60,13867,10400,6933,6933,144.437,1
750,4,3,2,60,20,14293,10720,7147,7147,148.895,1
750,4,3,2,60,40,13867,10400,6933,6933,144.437,1
750,4,3,2,60,60,13440,10080,6720,6720,140.000,1
750,4,3,3,20,20,13632,10224,10224,10224,213.000,1
750,4,3,3,20,40,13248,9936,9936,9936,207.000,1
750,4,3,3,20,60,12864,9648,9648,9648,201.000,1
750,4,3,3,40,20,13248,9936,9936,9936,207.000,1
750,4,3,3,40,40,12864,9648,9648,9648,201.000,1
750,4,3,3,40,60,12480,9360,9360,9360,195.000,1
750,4,3,3,60,20,12864,9648,9648,9648,201.000,1
750,4,3,3,60,40,12480,9360,9360,9360,195.000,1
750,4,3,3,60,60,12096,9072,9072,9072,189.000,1
750,4,3,4,20,20,12393,9295,12392,9295,193.645,1
750,4,3,4,20,40,12044,9033,12043,9033,188.187,1
750,4,3,4,20,60,11695,8771,11694,8771,182.729,1
750,4,3,4,40,20,12044,9033,12043,9033,188.187,1
750,4,3,4,40,40,11695,8771,11694,8771,182.729,1
750,4,3,4,40,60,11345,8509,11346,8509,177.270,1
750,4,3,4,60,20,11695,8771,11694,8771,182.729,1
750,4,3,4,60,40,11345,8509,11346,8509,177.270,1
750,4,3,4,60,60,10996,8247,10997,8247,171.812,1
750,4,4,1,20,20,15147,15147,3786,3786,78.875,1
750,4,4,1,20,40,14720,14720,3680,3680,76.666,1
750,4,4,1,20,60,14293,14293,3574,3574,74.458,1
750,4,4,1,40,20,14720,14720,3680,3680,76.666,1
750,4,4,1,40,40,14293,14293,3574,3574,74.458,1
750,4,4,1,40,60,13867,13867,3466,3466,72.208,1
750,4,4,1,60,20,14293,14293,3574,3574,74.458,1
750,4,4,1,60,40,13867,13867,3466,3466,72.208,1
750,4,4,1,60,60,13440,13440,3360,3360,70.000,1
750,4,4,2,20,20,13632,13632,6816,6816,142.000,1
750,4,4,2,20,40,13248,13248,6624,6624,138.000,1
750,4,4,2,20,60,12864,12864,6432,6432,134.000,1
750,4,4,2,40,20,13248,13248,6624,6624,138.000,1
750,4,4,2,40,40,12864,12864,6432,6432,134.000,1
750,4,4,2,40,60,12480,12480,6240,6240,130.000,1
750,4,4,2,60,20,12864,12864,6432,6432,134.000,1
750,4,4,2,60,40,12480,12480,6240,6240,130.000,1
750,4,4,2,60,60,12096,12096,6048,6048,126.000,1
750,4,4,3,20,20,12393,12393,9294,9294,193.625,1
750,4,4,3,20,40,12044,12044,9032,9032,188.166,1
750,4,4,3,20,60,11695,11695,8770,8770,182.708,1
750,4,4,3,40,20,12044,12044,9032,9032,188.166,1
750,4,4,3,40,40,11695,11695,8770,8770,182.708,1
750,4,4,3,40,60,11345,11345,8510,8510,177.291,1
750,4,4,3,60,20,11695,11695,8770,8770,182.708,1
750,4,4,3,60,40,11345,11345,8510,8510,177.291,1
750,4,4,3,60,60,10996,10996,8248,8248,171.833,1
750,4,4,4,20,20,11360,11360,11360,11360,236.666,1
750,4,4,4,20,40,11040,11040,11040,11040,230.000,1
750,4,4,4,20,60,10720,10720,10720,10720,223.333,1
750,4,4,4,40,20,11040,11040,11040,11040,230.000,1
750,4,4,4,40,40,10720,10720,10720,10720,223.333,1
750,4,4,4,40,60,10400,10400,10400,10400,216.666,1
750,4,4,4,60,20,10720,10720,10720,10720,223.333,1
750,4,4,4,60,40,10400,10400,10400,10400,216.666,1
750,4,4,4,60,60,10080,10080,10080,10080,210.000,1
900,1,1,1,20,20,13760,13760,13760,13760,286.666,1
900,1,1,1,20,40,13440,13440,13440,13440,280.000,1
900,1,1,1,20,60,13120,13120,13120,13120,273.333,1
900,1,1,1,40,20,13440,13440,13440,13440,280.000,1
900,1,1,1,40,40,13120,13120,13120,13120,273.333,1
900,1,1,1,40,60,12800,12800,12800,12800,266.666,1
900,1,1,1,60,20,13120,13120,13120,13120,273.333,1
900,1,1,1,60,40,12800,12800,12800,12800,266.666,1
900,1,1,1,60,60,12480,12480,12480,12480,260.000,1
900,1,1,2,20,20,10320,10320,20640,10320,215.000,1
900,1,1,2,20,40,10080,10080,20160,10080,210.000,1
900,1,1,2,20,60,9840,9840,19680,9840,205.000,1
900,1,1,2,40,20,10080,10080,20160,10080,210.000,1
900,1,1,2,40,40,9840,9840,19680,9840,205.000,1
900,1,1,2,40,60,9600,9600,19200,9600,200.000,1
900,1,1,2,60,20,9840,9840,19680,9840,205.000,1
900,1,1,2,60,40,9600,9600,19200,9600,200.000,1
900,1,1,2,60,60,9360,9360,18720,9360,195.000,1
900,1,1,3,20,20,8256,8256,24768,8256,172.000,1
900,1,1,3,20,40,8064,8064,24192,8064,168.000,1
900,1,1,3,20,60,7872,7872,23616,7872,164.000,1
900,1,1,3,40,20,8064,8064,24192,8064,168.000,1
900,1,1,3,40,40,7872,7872,23616,7872,164.000,1
900,1,1,3,40,60,7680,7680,23040,7680,160.000,1
900,1,1,3,60,20,7872,7872,23616,7872,164.000,1
900,1,1,3,60,40,7680,7680,23040,7680,160.000,1
900,1,1,3,60,60,7488,7488,22464,7488,156.000,1
900,1,1,4,20,20,6880,6880,27520,6880,143.333,1
900,1,1,4,20,40,6720,6720,26880,6720,140.000,1
900,1,1,4,20,60,6560,6560,26240,6560,136.666,1
900,1,1,4,40,20,6720,6720,26880,6720,140.000,1
900,1,1,4,40,40,6560,6560,26240,6560,136.666,1
900,1,1,4,40,60,6400,6400,25600,6400,133.333,1
900,1,1,4,60,20,6560,6560,26240,6560,136.666,1
900,1,1,4,60,40,6400,6400,25600,6400,133.333,1
900,1,1,4,60,60,6240,6240,24960,6240,130.000,1
900,1,2,1,20,20,10320,20640,10320,10320,215.000,1
900,1,2,1,20,40,10080,20160,10080,10080,210.000,1
900,1,2,1,20,60,9840,19680,9840,9840,205.000,1
900,1,2,1,40,20,10080,20160,10080,10080,210.000,1
900,1,2,1,40,40,9840,19680,9840,9840,205.000,1
900,1,2,1,40,60,9600,19200,9600,9600,200.000,1
900,1,2,1,60,20,9840,19680,9840,9840,205.000,1
900,1,2,1,60,40,9600,19200,9600,9600,200.000,1
900,1,2,1,60,60,9360,18720,9360,9360,195.000,1
900,1,2,2,20,20,8256,16512,16512,8256,172.000,1
900,1,2,2,20,40,8064,16128,16128,8064,168.000,1
900,1,2,2,20,60,7872,15744,15744,7872,164.000,1
900,1,2,2,40,20,8064,16128,16128,8064,168.000,1
900,1,2,2,40,40,7872,15744,15744,7872,164.000,1
900,1,2,2,40,60,7680,15360,15360,7680,160.000,1
900,1,2,2,60,20,7872,15744,15744,7872,164.000,1
900,1,2,2,60,40,7680,15360,15360,7680,160.000,1
900,1,2,2,60,60,7488,14976,14976,7488,156.000,1
900,1,2,3,20,20,6880,13760,20640,6880,143.333,1
900,1,2,3,20,40,6720,13440,20160,6720,140.000,1
900,1,2,3,20,60,6560,13120,19680,6560,136.666,1
900,1,2,3,40,20,6720,13440,20160,6720,140.000,1
900,1,2,3,40,40,6560,13120,19680,6560,136.666,1
900,1,2,3,40,60,6400,12800,19200,6400,133.333,1
900,1,2,3,60,20,6560,13120,19680,6560,136.666,1
900,1,2,3,60,40,6400,12800,19200,6400,133.333,1
900,1,2,3,60,60,6240,12480,18720,6240,130.000,1
900,1,2,4,20,20,5897,11794,23589,5897,122.854,1
900,1,2,4,20,40,5760,11520,23040,5760,120.000,1
900,1,2,4,20,60,5623,11246,22491,5623,117.145,1
900,1,2,4,40,20,5760,11520,23040,5760,120.000,1
900,1,2,4,40,40,5623,11246,22491,5623,117.145,1
900,1,2,4,40,60,5486,10971,21943,5486,114.291,1
900,1,2,4,60,20,5623,11246,22491,5623,117.145,1
900,1,2,4,60,40,5486,10971,21943,5486,114.291,1
900,1,2,4,60,60,5349,10697,21394,5349,111.437,1
900,1,3,1,20,20,8256,24768,8256,8256,172.000,1
900,1,3,1,20,40,8064,24192,8064,8064,168.000,1
900,1,3,1,20,60,7872,23616,7872,7872,164.000,1
900,1,3,1,40,20,8064,24192,8064,8064,168.000,1
900,1,3,1,40,40,7872,23616,7872,7872,164.000,1
900,1,3,1,40,60,7680,23040,7680,7680,160.000,1
900,1,3,1,60,20,7872,23616,7872,7872,164.000,1
900,1,3,1,60,40,7680,23040,7680,7680,160.000,1
900,1,3,1,60,60,7488,22464,7488,7488,156.000,1
900,1,3,2,20,20,6880,20640,13760,6880,143.333,1
900,1,3,2,20,40,6720,20160,13440,6720,140.000,1
900,1,3,2,20,60,6560,19680,13120,6560,136.666,1
900,1,3,2,40,20,6720,20160,13440,6720,140.000,1
900,1,3,2,40,40,6560,19680,13120,6560,136.666,1
900,1,3,2,40,60,6400,19200,12800,6400,133.333,1
900,1,3,2,60,20,6560,19680,13120,6560,136.666,1
900,1,3,2,60,40,6400,19200,12800,6400,133.333,1
900,1,3,2,60,60,6240,18720,12480,6240,130.000,1
900,1,3,3,20,20,5897,17691,17692,5897,122.854,1
900,1,3,3,20,40,5760,17280,17280,5760,120.000,1
900,1,3,3,20,60,5623,16869,16868,5623,117.145,1
900,1,3,3,40,20,5760,17280,17280,5760,120.000,1
900,1,3,3,40,40,5623,16869,16868,5623,117.145,1
900,1,3,3,40,60,5486,16457,16457,5486,114.291,1
900,1,3,3,60,20,5623,16869,16868,5623,117.145,1
900,1,3,3,60,40,5486,16457,16457,5486,114.291,1
900,1,3,3,60,60,5349,16046,16045,5349,111.437,1
900,1,3,4,20,20,5160,15480,20640,5160,107.500,1
900,1,3,4,20,40,5040,15120,20160,5040,105.000,1
900,1,3,4,20,60,4920,14760,19680,4920,102.500,1
900,1,3,4,40,20,5040,15120,20160,5040,105.000,1
900,1,3,4,40,40,4920,14760,19680,4920,102.500,1
900,1,3,4,40,60,4800,14400,19200,4800,100.000,1
900,1,3,4,60,20,4920,14760,19680,4920,102.500,1
900,1,3,4,60,40,4800,14400,19200,4800,100.000,1
900,1,3,4,60,60,4680,14040,18720,4680,97.500,1
900,1,4,1,20,20,6880,27520,6880,6880,143.333,1
900,1,4,1,20,40,6720,26880,6720,6720,140.000,1
900,1,4,1,20,60,6560,26240,6560,6560,136.666,1
900,1,4,1,40,20,6720,26880,6720,6720,140.000,1
900,1,4,1,40,40,6560,26240,6560,6560,136.666,1
900,1,4,1,40,60,6400,25600,6400,6400,133.333,1
900,1,4,1,60,20,6560,26240,6560,6560,136.666,1
900,1,4,1,60,40,6400,25600,6400,6400,133.333,1
900,1,4,1,60,60,6240,24960,6240,6240,130.000,1
900,1,4,2,20,20,5897,23589,11794,5897,122.854,1
900,1,4,2,20,40,5760,23040,11520,5760,120.000,1
900,1,4,2,20,60,5623,22491,11246,5623,117.145,1
900,1,4,2,40,20,5760,23040,11520,5760,120.000,1
900,1,4,2,40,40,5623,22491,11246,5623,117.145,1
900,1,4,2,40,60,5486,21943,10971,5486,114.291,1
900,1,4,2,60,20,5623,22491,11246,5623,117.145,1
900,1,4,2,60,40,5486,21943,10971,5486,114.291,1
900,1,4,2,60,60,5349,21394,10697,5349,111.437,1
900,1,4,3,20,20,5160,20640,15480,5160,107.500,1
900,1,4,3,20,40,5040,20160,15120,5040,105.000,1
900,1,4,3,20,60,4920,19680,14760,4920,102.500,1
900,1,4,3,40,20,5040,20160,15120,5040,105.000,1
900,1,4,3,40,40,4920,19680,14760,4920,102.500,1
900,1,4,3,40,60,4800,19200,14400,4800,100.000,1
900,1,4,3,60,20,4920,19680,14760,4920,102.500,1
900,1,4,3,60,40,4800,19200,14400,4800,100.000,1
900,1,4,3,60,60,4680,18720,14040,4680,97.500,1
900,1,4,4,20,20,4587,18347,18346,4587,95.562,1
900,1,4,4,20,40,4480,17920,17920,4480,93.333,1
900,1,4,4,20,60,4373,17493,17494,4373,91.104,1
900,1,4,4,40,20,4480,17920,17920,4480,93.333,1
900,1,4,4,40,40,4373,17493,17494,4373,91.104,1
900,1,4,4,40,60,4267,17067,17066,4267,88.895,1
900,1,4,4,60,20,4373,17493,17494,4373,91.104,1
900,1,4,4,60,40,4267,17067,17066,4267,88.895,1
900,1,4,4,60,60,4160,16640,16640,4160,86.666,1
900,2,1,1,20,20,20640,10320,10320,10320,215.000,1
900,2,1,1,20,40,20160,10080,10080,10080,210.000,1
900,2,1,1,20,60,19680,9840,9840,9840,205.000,1
900,2,1,1,40,20,20160,10080,10080,10080,210.000,1
900,2,1,1,40,40,19680,9840,9840,9840,205.000,1
900,2,1,1,40,60,19200,9600,9600,9600,200.000,1
900,2,1,1,60,20,19680,9840,9840,9840,205.000,1
900,2,1,1,60,40,19200,9600,9600,9600,200.000,1
900,2,1,1,60,60,18720,9360,9360,9360,195.000,1
900,2,1,2,20,20,16512,8256,16512,8256,172.000,1
900,2,1,2,20,40,16128,8064,16128,8064,168.000,1
900,2,1,2,20,60,15744,7872,15744,7872,164.000,1
900,2,1,2,40,20,16128,8064,16128,8064,168.000,1
900,2,1,2,40,40,15744,7872,15744,7872,164.000,1
900,2,1,2,40,60,15360,7680,15360,7680,160.000,1
900,2,1,2,60,20,15744,7872,15744,7872,164.000,1
900,2,1,2,60,40,15360,7680,15360,7680,160.000,1
900,2,1,2,60,60,14976,7488,14976,7488,156.000,1
900,2,1,3,20,20,13760,6880,20640,6880,143.333,1
900,2,1,3,20,40,13440,6720,20160,6720,140.000,1
900,2,1,3,20,60,13120,6560,19680,6560,136.666,1
900,2,1,3,40,20,13440,6720,20160,6720,140.000,1
900,2,1,3,40,40,13120,6560,19680,6560,136.666,1
900,2,1,3,40,60,12800,6400,19200,6400,133.333,1
900,2,1,3,60,20,13120,6560,19680,6560,136.666,1
900,2,1,3,60,40,12800,6400,19200,6400,133.333,1
900,2,1,3,60,60,12480,6240,18720,6240,130.000,1
900,2,1,4,20,20,11794,5897,23589,5897,122.854,1
900,2,1,4,20,40,11520,5760,23040,5760,120.000,1
900,2,1,4,20,60,11246,5623,22491,5623,117.145,1
900,2,1,4,40,20,11520,5760,23040,5760,120.000,1
900,2,1,4,40,40,11246,5623,22491,5623,117.145,1
900,2,1,4,40,60,10971,5486,21943,5486,114.291,1
900,2,1,4,60,20,11246,5623,22491,5623,117.145,1
900,2,1,4,60,40,10971,5486,21943,5486,114.291,1
900,2,1,4,60,60,10697,5349,21394,5349,111.437,1
900,2,2,1,20,20,16512,16512,8256,8256,172.000,1
900,2,2,1,20,40,16128,16128,8064,8064,168.000,1
900,2,2,1,20,60,15744,15744,7872,7872,164.000,1
900,2,2,1,40,20,16128,16128,8064,8064,168.000,1
900,2,2,1,40,40,15744,15744,7872,7872,164.000,1
900,2,2,1,40,60,15360,15360,7680,7680,160.000,1
900,2,2,1,60,20,15744,15744,7872,7872,164.000,1
900,2,2,1,60,40,15360,15360,7680,7680,160.000,1
900,2,2,1,60,60,14976,14976,7488,7488,156.000,1
900,2,2,2,20,20,13760,13760,13760,13760,286.666,1
900,2,2,2,20,40,13440,13440,13440,13440,280.000,1
900,2,2,2,20,60,13120,13120,13120,13120,273.333,1
900,2,2,2,40,20,13440,13440,13440,13440,280.000,1
900,2,2,2,40,40,13120,13120,13120,13120,273.333,1
900,2,2,2,40,60,12800,12800,12800,12800,266.666,1
900,2,2,2,60,20,13120,13120,13120,13120,273.333,1
900,2,2,2,60,40,12800,12800,12800,12800,266.666,1
900,2,2,2,60,60,12480,12480,12480,12480,260.000,1
900,2,2,3,20,20,11794,11794,17692,11794,245.708,1
900,2,2,3,20,40,11520,11520,17280,11520,240.000,1
900,2,2,3,20,60,11246,11246,16868,11246,234.291,1
900,2,2,3,40,20,11520,11520,17280,11520,240.000,1
900,2,2,3,40,40,11246,11246,16868,11246,234.291,1
900,2,2,3,40,60,10971,10971,16458,10971,228.562,1
900,2,2,3,60,20,11246,11246,16868,11246,234.291,1
900,2,2,3,60,40,10971,10971,16458,10971,228.562,1
900,2,2,3,60,60,10697,10697,16046,10697,222.854,1
900,2,2,4,20,20,10320,10320,20640,10320,215.000,1
900,2,2,4,20,40,10080,10080,20160,10080,210.000,1
900,2,2,4,20,60,9840,9840,19680,9840,205.000,1
900,2,2,4,40,20,10080,10080,20160,10080,210.000,1
900,2,2,4,40,40,9840,9840,19680,9840,205.000,1
900,2,2,4,40,60,9600,9600,19200,9600,200.000,1
900,2,2,4,60,20,9840,9840,19680,9840,205.000,1
900,2,2,4,60,40,9600,9600,19200,9600,200.000,1
900,2,2,4,60,60,9360,9360,18720,9360,195.000,1
900,2,3,1,20,20,13760,20640,6880,6880,143.333,1
900,2,3,1,20,40,13440,20160,6720,6720,140.000,1
900,2,3,1,20,60,13120,19680,6560,6560,136.666,1
900,2,3,1,40,20,13440,20160,6720,6720,140.000,1
900,2,3,1,40,40,13120,19680,6560,6560,136.666,1
900,2,3,1,40,60,12800,19200,6400,6400,133.333,1
900,2,3,1,60,20,13120,19680,6560,6560,136.666,1
900,2,3,1,60,40,12800,19200,6400,6400,133.333,1
900,2,3,1,60,60,12480,18720,6240,6240,130.000,1
900,2,3,2,20,20,11794,17691,11795,11794,245.708,1
900,2,3,2,20,40,11520,17280,11520,11520,240.000,1
900,2,3,2,20,60,11246,16869,11245,11245,234.270,1
900,2,3,2,40,20,11520,17280,11520,11520,240.000,1
900,2,3,2,40,40,11246,16869,11245,11245,234.270,1
900,2,3,2,40,60,10971,16457,10972,10971,228.562,1
900,2,3,2,60,20,11246,16869,11245,11245,234.270,1
900,2,3,2,60,40,10971,16457,10972,10971,228.562,1
900,2,3,2,60,60,10697,16046,10697,10697,222.854,1
900,2,3,3,20,20,10320,15480,15480,10320,215.000,1
900,2,3,3,20,40,10080,15120,15120,10080,210.000,1
900,2,3,3,20,60,9840,14760,14760,9840,205.000,1
900,2,3,3,40,20,10080,15120,15120,10080,210.000,1
900,2,3,3,40,40,9840,14760,14760,9840,205.000,1
900,2,3,3,40,60,9600,14400,14400,9600,200.000,1
900,2,3,3,60,20,9840,14760,14760,9840,205.000,1
900,2,3,3,60,40,9600,14400,14400,9600,200.000,1
900,2,3,3,60,60,9360,14040,14040,9360,195.000,1
900,2,3,4,20,20,9173,13760,18347,9173,191.104,1
900,2,3,4,20,40,8960,13440,17920,8960,186.666,1
900,2,3,4,20,60,8747,13120,17493,8747,182.229,1
900,2,3,4,40,20,8960,13440,17920,8960,186.666,1
900,2,3,4,40,40,8747,13120,17493,8747,182.229,1
900,2,3,4,40,60,8533,12800,17067,8533,177.770,1
900,2,3,4,60,20,8747,13120,17493,8747,182.229,1
900,2,3,4,60,40,8533,12800,17067,8533,177.770,1
900,2,3,4,60,60,8320,12480,16640,8320,173.333,1
900,2,4,1,20,20,11794,23589,5897,5897,122.854,1
900,2,4,1,20,40,11520,23040,5760,5760,120.000,1
900,2,4,1,20,60,11246,22491,5623,5623,117.145,1
900,2,4,1,40,20,11520,23040,5760,5760,120.000,1
900,2,4,1,40,40,11246,22491,5623,5623,117.145,1
900,2,4,1,40,60,10971,21943,5486,5486,114.291,1
900,2,4,1,60,20,11246,22491,5623,5623,117.145,1
900,2,4,1,60,40,10971,21943,5486,5486,114.291,1
900,2,4,1,60,60,10697,21394,5349,5349,111.437,1
900,2,4,2,20,20,10320,20640,10320,10320,215.000,1
900,2,4,2,20,40,10080,20160,10080,10080,210.000,1
900,2,4,2,20,60,9840,19680,9840,9840,205.000,1
900,2,4,2,40,20,10080,20160,10080,10080,210.000,1
900,2,4,2,40,40,9840,19680,9840,9840,205.000,1
900,2,4,2,40,60,9600,19200,9600,9600,200.000,1
900,2,4,2,60,20,9840,19680,9840,9840,205.000,1
900,2,4,2,60,40,9600,19200,9600,9600,200.000,1
900,2,4,2,60,60,9360,18720,9360,9360,195.000,1
900,2,4,3,20,20,9173,18347,13760,9173,191.104,1
900,2,4,3,20,40,8960,17920,13440,8960,186.666,1
900,2,4,3,20,60,8747,17493,13120,8747,182.229,1
900,2,4,3,40,20,8960,17920,13440,8960,186.666,1
900,2,4,3,40,40,8747,17493,13120,8747,182.229,1
900,2,4,3,40,60,8533,17067,12800,8533,177.770,1
900,2,4,3,60,20,8747,17493,13120,8747,182.229,1
900,2,4,3,60,40,8533,17067,12800,8533,177.770,1
900,2,4,3,60,60,8320,16640,12480,8320,173.333,1
900,2,4,4,20,20,8256,16512,16512,8256,172.000,1
900,2,4,4,20,40,8064,16128,16128,8064,168.000,1
900,2,4,4,20,60,7872,15744,15744,7872,164.000,1
900,2,4,4,40,20,8064,16128,16128,8064,168.000,1
900,2,4,4,40,40,7872,15744,15744,7872,164.000,1
900,2,4,4,40,60,7680,15360,15360,7680,160.000,1
900,2,4,4,60,20,7872,15744,15744,7872,164.000,1
900,2,4,4,60,40,7680,15360,15360,7680,160.000,1
900,2,4,4,60,60,7488,14976,14976,7488,156.000,1
900,3,1,1,20,20,24768,8256,8256,8256,172.000,1
900,3,1,1,20,40,24192,8064,8064,8064,168.000,1
900,3,1,1,20,60,23616,7872,7872,7872,164.000,1
900,3,1,1,40,20,24192,8064,8064,8064,168.000,1
900,3,1,1,40,40,23616,7872,7872,7872,164.000,1
900,3,1,1,40,60,23040,7680,7680,7680,160.000,1
900,3,1,1,60,20,23616,7872,7872,7872,164.000,1
900,3,1,1,60,40,23040,7680,7680,7680,160.000,1
900,3,1,1,60,60,22464,7488,7488,7488,156.000,1
900,3,1,2,20,20,20640,6880,13760,6880,143.333,1
900,3,1,2,20,40,20160,6720,13440,6720,140.000,1
900,3,1,2,20,60,19680,6560,13120,6560,136.666,1
900,3,1,2,40,20,20160,6720,13440,6720,140.000,1
900,3,1,2,40,40,19680,6560,13120,6560,136.666,1
900,3,1,2,40,60,19200,6400,12800,6400,133.333,1
900,3,1,2,60,20,19680,6560,13120,6560,136.666,1
900,3,1,2,60,40,19200,6400,12800,6400,133.333,1
900,3,1,2,60,60,18720,6240,12480,6240,130.000,1
900,3,1,3,20,20,17691,5897,17692,5897,122.854,1
900,3,1,3,20,40,17280,5760,17280,5760,120.000,1
900,3,1,3,20,60,16869,5623,16868,5623,117.145,1
900,3,1,3,40,20,17280,5760,17280,5760,120.000,1
900,3,1,3,40,40,16869,5623,16868,5623,117.145,1
900,3,1,3,40,60,16457,5486,16457,5486,114.291,1
900,3,1,3,60,20,16869,5623,16868,5623,117.145,1
900,3,1,3,60,40,16457,5486,16457,5486,114.291,1
900,3,1,3,60,60,16046,5349,16045,5349,111.437,1
900,3,1,4,20,20,15480,5160,20640,5160,107.500,1
900,3,1,4,20,40,15120,5040,20160,5040,105.000,1
900,3,1,4,20,60,14760,4920,19680,4920,102.500,1
900,3,1,4,40,20,15120,5040,20160,5040,105.000,1
900,3,1,4,40,40,14760,4920,19680,4920,102.500,1
900,3,1,4,40,60,14400,4800,19200,4800,100.000,1
900,3,1,4,60,20,14760,4920,19680,4920,102.500,1
900,3,1,4,60,40,14400,4800,19200,4800,100.000,1
900,3,1,4,60,60,14040,4680,18720,4680,97.500,1
900,3,2,1,20,20,20640,13760,6880,6880,143.333,1
900,3,2,1,20,40,20160,13440,6720,6720,140.000,1
900,3,2,1,20,60,19680,13120,6560,6560,136.666,1
900,3,2,1,40,20,20160,13440,6720,6720,140.000,1
900,3,2,1,40,40,19680,13120,6560,6560,136.666,1
900,3,2,1,40,60,19200,12800,6400,6400,133.333,1
900,3,2,1,60,20,19680,13120,6560,6560,136.666,1
900,3,2,1,60,40,19200,12800,6400,6400,133.333,1
900,3,2,1,60,60,18720,12480,6240,6240,130.000,1
900,3,2,2,20,20,17691,11794,11795,11794,245.708,1
900,3,2,2,20,40,17280,11520,11520,11520,240.000,1
900,3,2,2,20,60,16869,11246,11245,11245,234.270,1
900,3,2,2,40,20,17280,11520,11520,11520,240.000,1
900,3,2,2,40,40,16869,11246,11245,11245,234.270,1
900,3,2,2,40,60,16457,10971,10972,10971,228.562,1
900,3,2,2,60,20,16869,11246,11245,11245,234.270,1
900,3,2,2,60,40,16457,10971,10972,10971,228.562,1
900,3,2,2,60,60,16046,10697,10697,10697,222.854,1
900,3,2,3,20,20,15480,10320,15480,10320,215.000,1
900,3,2,3,20,40,15120,10080,15120,10080,210.000,1
900,3,2,3,20,60,14760,9840,14760,9840,205.000,1
900,3,2,3,40,20,15120,10080,15120,10080,210.000,1
900,3,2,3,40,40,14760,9840,14760,9840,205.000,1
900,3,2,3,40,60,14400,9600,14400,9600,200.000,1
900,3,2,3,60,20,14760,9840,14760,9840,205.000,1
900,3,2,3,60,40,14400,9600,14400,9600,200.000,1
900,3,2,3,60,60,14040,9360,14040,9360,195.000,1
900,3,2,4,20,20,13760,9173,18347,9173,191.104,1
900,3,2,4,20,40,13440,8960,17920,8960,186.666,1
900,3,2,4,20,60,13120,8747,17493,8747,182.229,1
900,3,2,4,40,20,13440,8960,17920,8960,186.666,1
900,3,2,4,40,40,13120,8747,17493,8747,182.229,1
900,3,2,4,40,60,12800,8533,17067,8533,177.770,1
900,3,2,4,60,20,13120,8747,17493,8747,182.229,1
900,3,2,4,60,40,12800,8533,17067,8533,177.770,1
900,3,2,4,60,60,12480,8320,16640,8320,173.333,1
900,3,3,1,20,20,17691,17691,5898,5898,122.875,1
900,3,3,1,20,40,17280,17280,5760,5760,120.000,1
900,3,3,1,20,60,16869,16869,5622,5622,117.125,1
900,3,3,1,40,20,17280,17280,5760,5760,120.000,1
900,3,3,1,40,40,16869,16869,5622,5622,117.125,1
900,3,3,1,40,60,16457,16457,5486,5486,114.291,1
900,3,3,1,60,20,16869,16869,5622,5622,117.125,1
900,3,3,1,60,40,16457,16457,5486,5486,114.291,1
900,3,3,1,60,60,16046,16046,5348,5348,111.416,1
900,3,3,2,20,20,15480,15480,10320,10320,215.000,1
900,3,3,2,20,40,15120,15120,10080,10080,210.000,1
900,3,3,2,20,60,14760,14760,9840,9840,205.000,1
900,3,3,2,40,20,15120,15120,10080,10080,210.000,1
900,3,3,2,40,40,14760,14760,9840,9840,205.000,1
900,3,3,2,40,60,14400,14400,9600,9600,200.000,1
900,3,3,2,60,20,14760,14760,9840,9840,205.000,1
900,3,3,2,60,40,14400,14400,9600,9600,200.000,1
900,3,3,2,60,60,14040,14040,9360,9360,195.000,1
900,3,3,3,20,20,13760,13760,13760,13760,286.666,1
900,3,3,3,20,40,13440,13440,13440,13440,280.000,1
900,3,3,3,20,60,13120,13120,13120,13120,273.333,1
900,3,3,3,40,20,13440,13440,13440,13440,280.000,1
900,3,3,3,40,40,13120,13120,13120,13120,273.333,1
900,3,3,3,40,60,12800,12800,12800,12800,266.666,1
900,3,3,3,60,20,13120,13120,13120,13120,273.333,1
900,3,3,3,60,40,12800,12800,12800,12800,266.666,1
900,3,3,3,60,60,12480,12480,12480,12480,260.000,1
900,3,3,4,20,20,12384,12384,16512,12384,258.000,1
900,3,3,4,20,40,12096,12096,16128,12096,252.000,1
900,3,3,4,20,60,11808,11808,15744,11808,246.000,1
900,3,3,4,40,20,12096,12096,16128,12096,252.000,1
900,3,3,4,40,40,11808,11808,15744,11808,246.000,1
900,3,3,4,40,60,11520,11520,15360,11520,240.000,1
900,3,3,4,60,20,11808,11808,15744,11808,246.000,1
900,3,3,4,60,40,11520,11520,15360,11520,240.000,1
900,3,3,4,60,60,11232,11232,14976,11232,234.000,1
900,3,4,1,20,20,15480,20640,5160,5160,107.500,1
900,3,4,1,20,40,15120,20160,5040,5040,105.000,1
900,3,4,1,20,60,14760,19680,4920,4920,102.500,1
900,3,4,1,40,20,15120,20160,5040,5040,105.000,1
900,3,4,1,40,40,14760,19680,4920,4920,102.500,1
900,3,4,1,40,60,14400,19200,4800,4800,100.000,1
900,3,4,1,60,20,14760,19680,4920,4920,102.500,1
900,3,4,1,60,40,14400,19200,4800,4800,100.000,1
900,3,4,1,60,60,14040,18720,4680,4680,97.500,1
900,3,4,2,20,20,13760,18347,9173,9173,191.104,1
900,3,4,2,20,40,13440,17920,8960,8960,186.666,1
900,3,4,2,20,60,13120,17493,8747,8747,182.229,1
900,3,4,2,40,20,13440,17920,8960,8960,186.666,1
900,3,4,2,40,40,13120,17493,8747,8747,182.229,1
900,3,4,2,40,60,12800,17067,8533,8533,177.770,1
900,3,4,2,60,20,13120,17493,8747,8747,182.229,1
900,3,4,2,60,40,12800,17067,8533,8533,177.770,1
900,3,4,2,60,60,12480,16640,8320,8320,173.333,1
900,3,4,3,20,20,12384,16512,12384,12384,258.000,1
900,3,4,3,20,40,12096,16128,12096,12096,252.000,1
900,3,4,3,20,60,11808,15744,11808,11808,246.000,1
900,3,4,3,40,20,12096,16128,12096,12096,252.000,1
900,3,4,3,40,40,11808,15744,11808,11808,246.000,1
900,3,4,3,40,60,11520,15360,11520,11520,240.000,1
900,3,4,3,60,20,11808,15744,11808,11808,246.000,1
900,3,4,3,60,40,11520,15360,11520,11520,240.000,1
900,3,4,3,60,60,11232,14976,11232,11232,234.000,1
900,3,4,4,20,20,11258,15011,15011,11258,234.541,1
900,3,4,4,20,40,10996,14662,14662,10996,229.083,1
900,3,4,4,20,60,10735,14313,14312,10735,223.645,1
900,3,4,4,40,20,10996,14662,14662,10996,229.083,1
900,3,4,4,40,40,10735,14313,14312,10735,223.645,1
900,3,4,4,40,60,10473,13964,13963,10473,218.187,1
900,3,4,4,60,20,10735,14313,14312,10735,223.645,1
900,3,4,4,60,40,10473,13964,13963,10473,218.187,1
900,3,4,4,60,60,10211,13615,13614,10211,212.729,1
900,4,1,1,20,20,27520,6880,6880,6880,143.333,1
900,4,1,1,20,40,26880,6720,6720,6720,140.000,1
900,4,1,1,20,60,26240,6560,6560,6560,136.666,1
900,4,1,1,40,20,26880,6720,6720,6720,140.000,1
900,4,1,1,40,40,26240,6560,6560,6560,136.666,1
900,4,1,1,40,60,25600,6400,6400,6400,133.333,1
900,4,1,1,60,20,26240,6560,6560,6560,136.666,1
900,4,1,1,60,40,25600,6400,6400,6400,133.333,1
900,4,1,1,60,60,24960,6240,6240,6240,130.000,1
900,4,1,2,20,20,23589,5897,11794,5897,122.854,1
900,4,1,2,20,40,23040,5760,11520,5760,120.000,1
900,4,1,2,20,60,22491,5623,11246,5623,117.145,1
900,4,1,2,40,20,23040,5760,11520,5760,120.000,1
900,4,1,2,40,40,22491,5623,11246,5623,117.145,1
900,4,1,2,40,60,21943,5486,10971,5486,114.291,1
900,4,1,2,60,20,22491,5623,11246,5623,117.145,1
900,4,1,2,60,40,21943,5486,10971,5486,114.291,1
900,4,1,2,60,60,21394,5349,10697,5349,111.437,1
900,4,1,3,20,20,20640,5160,15480,5160,107.500,1
900,4,1,3,20,40,20160,5040,15120,5040,105.000,1
900,4,1,3,20,60,19680,4920,14760,4920,102.500,1
900,4,1,3,40,20,20160,5040,15120,5040,105.000,1
900,4,1,3,40,40,19680,4920,14760,4920,102.500,1
900,4,1,3,40,60,19200,4800,14400,4800,100.000,1
900,4,1,3,60,20,19680,4920,14760,4920,102.500,1
900,4,1,3,60,40,19200,4800,14400,4800,100.000,1
900,4,1,3,60,60,18720,4680,14040,4680,97.500,1
900,4,1,4,20,20,18347,4587,18346,4587,95.562,1
900,4,1,4,20,40,17920,4480,17920,4480,93.333,1
900,4,1,4,20,60,17493,4373,17494,4373,91.104,1
900,4,1,4,40,20,17920,4480,17920,4480,93.333,1
900,4,1,4,40,40,17493,4373,17494,4373,91.104,1
900,4,1,4,40,60,17067,4267,17066,4267,88.895,1
900,4,1,4,60,20,17493,4373,17494,4373,91.104,1
900,4,1,4,60,40,17067,4267,17066,4267,88.895,1
900,4,1,4,60,60,16640,4160,16640,4160,86.666,1
900,4,2,1,20,20,23589,11794,5897,5897,122.854,1
900,4,2,1,20,40,23040,11520,5760,5760,120.000,1
900,4,2,1,20,60,22491,11246,5623,5623,117.145,1
900,4,2,1,40,20,23040,11520,5760,5760,120.000,1
900,4,2,1,40,40,22491,11246,5623,5623,117.145,1
900,4,2,1,40,60,21943,10971,5486,5486,114.291,1
900,4,2,1,60,20,22491,11246,5623,5623,117.145,1
900,4,2,1,60,40,21943,10971,5486,5486,114.291,1
900,4,2,1,60,60,21394,10697,5349,5349,111.437,1
900,4,2,2,20,20,20640,10320,10320,10320,215.000,1
900,4,2,2,20,40,20160,10080,10080,10080,210.000,1
900,4,2,2,20,60,19680,9840,9840,9840,205.000,1
900,4,2,2,40,20,20160,10080,10080,10080,210.000,1
900,4,2,2,40,40,19680,9840,9840,9840,205.000,1
900,4,2,2,40,60,19200,9600,9600,9600,200.000,1
900,4,2,2,60,20,19680,9840,9840,9840,205.000,1
900,4,2,2,60,40,19200,9600,9600,9600,200.000,1
900,4,2,2,60,60,18720,9360,9360,9360,195.000,1
900,4,2,3,20,20,18347,9173,13760,9173,191.104,1
900,4,2,3,20,40,17920,8960,13440,8960,186.666,1
900,4,2,3,20,60,17493,8747,13120,8747,182.229,1
900,4,2,3,40,20,17920,8960,13440,8960,186.666,1
900,4,2,3,40,40,17493,8747,13120,8747,182.229,1
900,4,2,3,40,60,17067,8533,12800,8533,177.770,1
900,4,2,3,60,20,17493,8747,13120,8747,182.229,1
900,4,2,3,60,40,17067,8533,12800,8533,177.770,1
900,4,2,3,60,60,16640,8320,12480,8320,173.333,1
900,4,2,4,20,20,16512,8256,16512,8256,172.000,1
900,4,2,4,20,40,16128,8064,16128,8064,168.000,1
900,4,2,4,20,60,15744,7872,15744,7872,164.000,1
900,4,2,4,40,20,16128,8064,16128,8064,168.000,1
900,4,2,4,40,40,15744,7872,15744,7872,164.000,1
900,4,2,4,40,60,15360,7680,15360,7680,160.000,1
900,4,2,4,60,20,15744,7872,15744,7872,164.000,1
900,4,2,4,60,40,15360,7680,15360,7680,160.000,1
900,4,2,4,60,60,14976,7488,14976,7488,156.000,1
900,4,3,1,20,20,20640,15480,5160,5160,107.500,1
900,4,3,1,20,40,20160,15120,5040,5040,105.000,1
900,4,3,1,20,60,19680,14760,4920,4920,102.500,1
900,4,3,1,40,20,20160,15120,5040,5040,105.000,1
900,4,3,1,40,40,19680,14760,4920,4920,102.500,1
900,4,3,1,40,60,19200,14400,4800,4800,100.000,1
900,4,3,1,60,20,19680,14760,4920,4920,102.500,1
900,4,3,1,60,40,19200,14400,4800,4800,100.000,1
900,4,3,1,60,60,18720,14040,4680,4680,97.500,1
900,4,3,2,20,20,18347,13760,9173,9173,191.104,1
900,4,3,2,20,40,17920,13440,8960,8960,186.666,1
900,4,3,2,20,60,17493,13120,8747,8747,182.229,1
900,4,3,2,40,20,17920,13440,8960,8960,186.666,1
900,4,3,2,40,40,17493,13120,8747,8747,182.229,1
900,4,3,2,40,60,17067,12800,8533,8533,177.770,1
900,4,3,2,60,20,17493,13120,8747,8747,182.229,1
900,4,3,2,60,40,17067,12800,8533,8533,177.770,1
900,4,3,2,60,60,16640,12480,8320,8320,173.333,1
900,4,3,3,20,20,16512,12384,12384,12384,258.000,1
900,4,3,3,20,40,16128,12096,12096,12096,252.000,1
900,4,3,3,20,60,15744,11808,11808,11808,246.000,1
900,4,3,3,40,20,16128,12096,12096,12096,252.000,1
900,4,3,3,40,40,15744,11808,11808,11808,246.000,1
900,4,3,3,40,60,15360,11520,11520,11520,240.000,1
900,4,3,3,60,20,15744,11808,11808,11808,246.000,1
900,4,3,3,60,40,15360,11520,11520,11520,240.000,1
900,4,3,3,60,60,14976,11232,11232,11232,234.000,1
900,4,3,4,20,20,15011,11258,15011,11258,234.541,1
900,4,3,4,20,40,14662,10996,14662,10996,229.083,1
900,4,3,4,20,60,14313,10735,14312,10735,223.645,1
900,4,3,4,40,20,14662,10996,14662,10996,229.083,1
900,4,3,4,40,40,14313,10735,14312,10735,223.645,1
900,4,3,4,40,60,13964,10473,13963,10473,218.187,1
900,4,3,4,60,20,14313,10735,14312,10735,223.645,1
900,4,3,4,60,40,13964,10473,13963,10473,218.187,1
900,4,3,4,60,60,13615,10211,13614,10211,212.729,1
900,4,4,1,20,20,18347,18347,4586,4586,95.541,1
900,4,4,1,20,40,17920,17920,4480,4480,93.333,1
900,4,4,1,20,60,17493,17493,4374,4374,91.125,1
900,4,4,1,40,20,17920,17920,4480,4480,93.333,1
900,4,4,1,40,40,17493,17493,4374,4374,91.125,1
900,4,4,1,40,60,17067,17067,4266,4266,88.875,1
900,4,4,1,60,20,17493,17493,4374,4374,91.125,1
900,4,4,1,60,40,17067,17067,4266,4266,88.875,1
900,4,4,1,60,60,16640,16640,4160,4160,86.666,1
900,4,4,2,20,20,16512,16512,8256,8256,172.000,1
900,4,4,2,20,40,16128,16128,8064,8064,168.000,1
900,4,4,2,20,60,15744,15744,7872,7872,164.000,1
900,4,4,2,40,20,16128,16128,8064,8064,168.000,1
900,4,4,2,40,40,15744,15744,7872,7872,164.000,1
900,4,4,2,40,60,15360,15360,7680,7680,160.000,1
900,4,4,2,60,20,15744,15744,7872,7872,164.000,1
900,4,4,2,60,40,15360,15360,7680,7680,160.000,1
900,4,4,2,60,60,14976,14976,7488,7488,156.000,1
900,4,4,3,20,20,15011,15011,11258,11258,234.541,1
900,4,4,3,20,40,14662,14662,10996,10996,229.083,1
900,4,4,3,20,60,14313,14313,10734,10734,223.625,1
900,4,4,3,40,20,14662,14662,10996,10996,229.083,1
900,4,4,3,40,40,14313,14313,10734,10734,223.625,1
900,4,4,3,40,60,13964,13964,10472,10472,218.166,1
900,4,4,3,60,20,14313,14313,10734,10734,223.625,1
900,4,4,3,60,40,13964,13964,10472,10472,218.166,1
900,4,4,3,60,60,13615,13615,10210,10210,212.708,1
900,4,4,4,20,20,13760,13760,13760,13760,286.666,1
900,4,4,4,20,40,13440,13440,13440,13440,280.000,1
900,4,4,4,20,60,13120,13120,13120,13120,273.333,1
900,4,4,4,40,20,13440,13440,13440,13440,280.000,1
900,4,4,4,40,40,13120,13120,13120,13120,273.333,1
900,4,4,4,40,60,12800,12800,12800,12800,266.666,1
900,4,4,4,60,20,13120,13120,13120,13120,273.333,1
900,4,4,4,60,40,12800,12800,12800,12800,266.666,1
900,4,4,4,60,60,12480,12480,12480,12480,260.000,1
