pose,link,position_error_mm,orientation_error_deg,within_proposed_tolerance
default,d435_link,0.00019318602657067367,2.200020789716329e-05,True
default,head_link,0.00012000735127998719,2.1052056881276854e-05,True
default,imu_in_pelvis,6.006850114687196e-05,0.0,True
default,imu_in_torso,8.415499272642081e-05,2.1052056881276854e-05,True
default,left_ankle_pitch_link,0.000271134858446761,3.893806920213427e-05,True
default,left_ankle_roll_link,0.0002905368209728871,4.904556196855516e-05,True
default,left_elbow_link,0.00018671101460071904,1.3445240826417657e-05,True
default,left_hand_camera_base_link,0.0001959941750461743,3.630295340289845e-05,True
default,left_hand_index_0_link,0.00017881393432617188,3.5408454289026025e-05,True
default,left_hand_index_1_link,0.00023513635751693695,5.39433621553454e-05,True
default,left_hand_middle_0_link,0.00015840151626966373,5.39433621553454e-05,True
default,left_hand_middle_1_link,0.00019768624248238801,7.232425357033631e-05,True
default,left_hand_palm_link,0.00014370159448672763,3.630295340289845e-05,True
default,left_hand_thumb_0_link,0.00016049041769309352,3.5077526895278204e-05,True
default,left_hand_thumb_1_link,0.00012377834115800374,2.3162298399097525e-05,True
default,left_hand_thumb_2_link,0.00017120130796843851,1.9318692315611754e-05,True
default,left_hip_pitch_link,7.465051543433826e-06,1.8860476299618384e-05,True
default,left_hip_roll_link,2.3283064365386963e-06,1.85487114168054e-05,True
default,left_hip_yaw_link,0.00010745380149674383,2.61204508945689e-05,True
default,left_knee_link,0.00018555535980183292,1.707547292503189e-05,True
default,left_shoulder_pitch_link,0.00014064686163416925,1.8070981951380422e-05,True
default,left_shoulder_roll_link,0.00013329281842477082,1.3004292747236516e-05,True
default,left_shoulder_yaw_link,0.00018966056820057505,9.035490975690204e-06,True
default,left_wrist_pitch_link,0.00018431718463976653,1.8390847172211968e-05,True
default,left_wrist_roll_link,0.00012753339684474238,1.0799477313527668e-05,True
default,left_wrist_yaw_link,0.00018907453925087332,3.622254809177215e-05,True
default,logo_link,1.3881591393671054e-05,2.1052056881276854e-05,True
default,mid360_link,0.00019561796638793648,2.1052056881276854e-05,True
default,pelvis,0.0,0.0,True
default,pelvis_contour_link,8.08070082201906e-10,0.0,True
default,right_ankle_pitch_link,0.0002542493571453028,3.783672050088752e-05,True
default,right_ankle_roll_link,0.00027342368273877536,4.2722819608969054e-05,True
default,right_elbow_link,4.917524301426145e-05,3.230831095393761e-05,True
default,right_hand_camera_base_link,0.0001497548166084422,6.24598299526078e-05,True
default,right_hand_index_0_link,0.00017943374184954607,7.296643490470553e-05,True
default,right_hand_index_1_link,0.00022302015940987713,8.983711231435483e-05,True
default,right_hand_middle_0_link,0.00021900144899933142,6.696546803342531e-05,True
default,right_hand_middle_1_link,0.00027028258364226006,8.059912630214408e-05,True
default,right_hand_palm_link,0.00014136482746161726,6.241313100779684e-05,True
default,right_hand_thumb_0_link,0.0001497548166084422,6.137676548113681e-05,True
default,right_hand_thumb_1_link,0.0001228781230931777,5.334548275147371e-05,True
default,right_hand_thumb_2_link,0.0001399837004248495,5.345468549166031e-05,True
default,right_hip_pitch_link,6.011356627833937e-05,2.650826247094536e-05,True
default,right_hip_roll_link,0.00012168024370413031,2.7533372779140136e-05,True
default,right_hip_yaw_link,0.00011756817875846847,2.3905662095044672e-05,True
default,right_knee_link,0.00023678315553174472,1.9014441926092303e-05,True
default,right_shoulder_pitch_link,8.942077904701636e-05,1.7745352001653195e-05,True
default,right_shoulder_roll_link,7.459541569689078e-05,2.0632372437402982e-05,True
default,right_shoulder_yaw_link,6.241261986035418e-05,2.826493702772014e-05,True
default,right_wrist_pitch_link,7.598131170262075e-05,5.378096330567109e-05,True
default,right_wrist_roll_link,7.337970883992392e-05,3.8181918208328625e-05,True
default,right_wrist_yaw_link,9.996002811937584e-05,6.259971776490284e-05,True
default,torso_link,5.983788869933294e-05,2.1052056881276854e-05,True
default,waist_roll_link,5.974563760387735e-05,2.173352885506323e-05,True
default,waist_yaw_link,5.9670308071557674e-05,7.636383641665691e-06,True
joint_00_25pct,d435_link,0.00019318602657067367,2.200020789716329e-05,True
joint_00_25pct,head_link,0.00012000735127998719,2.1052056881276854e-05,True
joint_00_25pct,imu_in_pelvis,6.006850114687196e-05,0.0,True
joint_00_25pct,imu_in_torso,8.415499272642081e-05,2.1052056881276854e-05,True
joint_00_25pct,left_ankle_pitch_link,0.0002211454820581649,4.126474487480614e-05,True
joint_00_25pct,left_ankle_roll_link,0.00022302015940987713,4.569085152842595e-05,True
joint_00_25pct,left_elbow_link,0.00018671101460071904,1.3445240826417657e-05,True
joint_00_25pct,left_hand_camera_base_link,0.0001959941750461743,3.630295340289845e-05,True
joint_00_25pct,left_hand_index_0_link,0.00017881393432617188,3.5408454289026025e-05,True
joint_00_25pct,left_hand_index_1_link,0.00023513635751693695,5.39433621553454e-05,True
joint_00_25pct,left_hand_middle_0_link,0.00015840151626966373,5.39433621553454e-05,True
joint_00_25pct,left_hand_middle_1_link,0.00019768624248238801,7.232425357033631e-05,True
joint_00_25pct,left_hand_palm_link,0.00014370159448672763,3.630295340289845e-05,True
joint_00_25pct,left_hand_thumb_0_link,0.00016049041769309352,3.5077526895278204e-05,True
joint_00_25pct,left_hand_thumb_1_link,0.00012377834115800374,2.3162298399097525e-05,True
joint_00_25pct,left_hand_thumb_2_link,0.00017120130796843851,1.9318692315611754e-05,True
joint_00_25pct,left_hip_pitch_link,6.0097406526462515e-05,2.146353664868225e-05,True
joint_00_25pct,left_hip_roll_link,6.101406870096623e-05,1.7245382313122758e-05,True
joint_00_25pct,left_hip_yaw_link,0.00013514129182113003,3.230831095393761e-05,True
joint_00_25pct,left_knee_link,0.00019443017766922546,3.78752311678545e-05,True
joint_00_25pct,left_shoulder_pitch_link,0.00014064686163416925,1.8070981951380422e-05,True
joint_00_25pct,left_shoulder_roll_link,0.00013329281842477082,1.3004292747236516e-05,True
joint_00_25pct,left_shoulder_yaw_link,0.00018966056820057505,9.035490975690204e-06,True
joint_00_25pct,left_wrist_pitch_link,0.00018431718463976653,1.8390847172211968e-05,True
joint_00_25pct,left_wrist_roll_link,0.00012753339684474238,1.0799477313527668e-05,True
joint_00_25pct,left_wrist_yaw_link,0.00018907453925087332,3.622254809177215e-05,True
joint_00_25pct,logo_link,1.3881591393671054e-05,2.1052056881276854e-05,True
joint_00_25pct,mid360_link,0.00019561796638793648,2.1052056881276854e-05,True
joint_00_25pct,pelvis,0.0,0.0,True
joint_00_25pct,pelvis_contour_link,8.08070082201906e-10,0.0,True
joint_00_25pct,right_ankle_pitch_link,6.00973732952091e-05,1.0933637455190003e-05,True
joint_00_25pct,right_ankle_roll_link,4.767971387568937e-05,1.4080795695456205e-05,True
joint_00_25pct,right_elbow_link,4.917524301426145e-05,3.230831095393761e-05,True
joint_00_25pct,right_hand_camera_base_link,0.0001497548166084422,6.24598299526078e-05,True
joint_00_25pct,right_hand_index_0_link,0.00017943374184954607,7.296643490470553e-05,True
joint_00_25pct,right_hand_index_1_link,0.00022302015940987713,8.983711231435483e-05,True
joint_00_25pct,right_hand_middle_0_link,0.00021900144899933142,6.696546803342531e-05,True
joint_00_25pct,right_hand_middle_1_link,0.00027028258364226006,8.059912630214408e-05,True
joint_00_25pct,right_hand_palm_link,0.00014136482746161726,6.241313100779684e-05,True
joint_00_25pct,right_hand_thumb_0_link,0.0001497548166084422,6.137676548113681e-05,True
joint_00_25pct,right_hand_thumb_1_link,0.0001228781230931777,5.334548275147371e-05,True
joint_00_25pct,right_hand_thumb_2_link,0.0001399837004248495,5.345468549166031e-05,True
joint_00_25pct,right_hip_pitch_link,6.0075703877537314e-05,5.915117333884393e-06,True
joint_00_25pct,right_hip_roll_link,5.975180126150814e-05,4.517745487845101e-06,True
joint_00_25pct,right_hip_yaw_link,2.9802322387695312e-05,3.4150945850063755e-06,True
joint_00_25pct,right_knee_link,7.03872875410735e-05,8.365239156607494e-06,True
joint_00_25pct,right_shoulder_pitch_link,8.942077904701636e-05,1.7745352001653195e-05,True
joint_00_25pct,right_shoulder_roll_link,7.459541569689078e-05,2.0632372437402982e-05,True
joint_00_25pct,right_shoulder_yaw_link,6.241261986035418e-05,2.826493702772014e-05,True
joint_00_25pct,right_wrist_pitch_link,7.598131170262075e-05,5.378096330567109e-05,True
joint_00_25pct,right_wrist_roll_link,7.337970883992392e-05,3.8181918208328625e-05,True
joint_00_25pct,right_wrist_yaw_link,9.996002811937584e-05,6.259971776490284e-05,True
joint_00_25pct,torso_link,5.983788869933294e-05,2.1052056881276854e-05,True
joint_00_25pct,waist_roll_link,5.974563760387735e-05,2.173352885506323e-05,True
joint_00_25pct,waist_yaw_link,5.9670308071557674e-05,7.636383641665691e-06,True
joint_00_75pct,d435_link,0.00019318602657067367,2.200020789716329e-05,True
joint_00_75pct,head_link,0.00012000735127998719,2.1052056881276854e-05,True
joint_00_75pct,imu_in_pelvis,6.006850114687196e-05,0.0,True
joint_00_75pct,imu_in_torso,8.415499272642081e-05,2.1052056881276854e-05,True
joint_00_75pct,left_ankle_pitch_link,0.00022302015940987713,8.189109132934075e-06,True
joint_00_75pct,left_ankle_roll_link,0.00014312097960932958,1.916717082078121e-05,True
joint_00_75pct,left_elbow_link,0.00018671101460071904,1.3445240826417657e-05,True
joint_00_75pct,left_hand_camera_base_link,0.0001959941750461743,3.630295340289845e-05,True
joint_00_75pct,left_hand_index_0_link,0.00017881393432617188,3.5408454289026025e-05,True
joint_00_75pct,left_hand_index_1_link,0.00023513635751693695,5.39433621553454e-05,True
joint_00_75pct,left_hand_middle_0_link,0.00015840151626966373,5.39433621553454e-05,True
joint_00_75pct,left_hand_middle_1_link,0.00019768624248238801,7.232425357033631e-05,True
joint_00_75pct,left_hand_palm_link,0.00014370159448672763,3.630295340289845e-05,True
joint_00_75pct,left_hand_thumb_0_link,0.00016049041769309352,3.5077526895278204e-05,True
joint_00_75pct,left_hand_thumb_1_link,0.00012377834115800374,2.3162298399097525e-05,True
joint_00_75pct,left_hand_thumb_2_link,0.00017120130796843851,1.9318692315611754e-05,True
joint_00_75pct,left_hip_pitch_link,5.960464478502858e-05,1.1581149199548747e-05,True
joint_00_75pct,left_hip_roll_link,6.0327853041520885e-05,1.0526028440638417e-05,True
joint_00_75pct,left_hip_yaw_link,0.00012128666487410445,1.3445240826417657e-05,True
joint_00_75pct,left_knee_link,9.453726962543666e-05,1.4688877218970407e-05,True
joint_00_75pct,left_shoulder_pitch_link,0.00014064686163416925,1.8070981951380422e-05,True
joint_00_75pct,left_shoulder_roll_link,0.00013329281842477082,1.3004292747236516e-05,True
joint_00_75pct,left_shoulder_yaw_link,0.00018966056820057505,9.035490975690204e-06,True
joint_00_75pct,left_wrist_pitch_link,0.00018431718463976653,1.8390847172211968e-05,True
joint_00_75pct,left_wrist_roll_link,0.00012753339684474238,1.0799477313527668e-05,True
joint_00_75pct,left_wrist_yaw_link,0.00018907453925087332,3.622254809177215e-05,True
joint_00_75pct,logo_link,1.3881591393671054e-05,2.1052056881276854e-05,True
joint_00_75pct,mid360_link,0.00019561796638793648,2.1052056881276854e-05,True
joint_00_75pct,pelvis,0.0,0.0,True
joint_00_75pct,pelvis_contour_link,8.08070082201906e-10,0.0,True
joint_00_75pct,right_ankle_pitch_link,6.00973732952091e-05,1.0933637455190003e-05,True
joint_00_75pct,right_ankle_roll_link,4.767971387568937e-05,1.4080795695456205e-05,True
joint_00_75pct,right_elbow_link,4.917524301426145e-05,3.230831095393761e-05,True
joint_00_75pct,right_hand_camera_base_link,0.0001497548166084422,6.24598299526078e-05,True
joint_00_75pct,right_hand_index_0_link,0.00017943374184954607,7.296643490470553e-05,True
joint_00_75pct,right_hand_index_1_link,0.00022302015940987713,8.983711231435483e-05,True
joint_00_75pct,right_hand_middle_0_link,0.00021900144899933142,6.696546803342531e-05,True
joint_00_75pct,right_hand_middle_1_link,0.00027028258364226006,8.059912630214408e-05,True
joint_00_75pct,right_hand_palm_link,0.00014136482746161726,6.241313100779684e-05,True
joint_00_75pct,right_hand_thumb_0_link,0.0001497548166084422,6.137676548113681e-05,True
joint_00_75pct,right_hand_thumb_1_link,0.0001228781230931777,5.334548275147371e-05,True
joint_00_75pct,right_hand_thumb_2_link,0.0001399837004248495,5.345468549166031e-05,True
joint_00_75pct,right_hip_pitch_link,6.0075703877537314e-05,5.915117333884393e-06,True
joint_00_75pct,right_hip_roll_link,5.975180126150814e-05,4.517745487845101e-06,True
joint_00_75pct,right_hip_yaw_link,2.9802322387695312e-05,3.4150945850063755e-06,True
joint_00_75pct,right_knee_link,7.03872875410735e-05,8.365239156607494e-06,True
joint_00_75pct,right_shoulder_pitch_link,8.942077904701636e-05,1.7745352001653195e-05,True
joint_00_75pct,right_shoulder_roll_link,7.459541569689078e-05,2.0632372437402982e-05,True
joint_00_75pct,right_shoulder_yaw_link,6.241261986035418e-05,2.826493702772014e-05,True
joint_00_75pct,right_wrist_pitch_link,7.598131170262075e-05,5.378096330567109e-05,True
joint_00_75pct,right_wrist_roll_link,7.337970883992392e-05,3.8181918208328625e-05,True
joint_00_75pct,right_wrist_yaw_link,9.996002811937584e-05,6.259971776490284e-05,True
joint_00_75pct,torso_link,5.983788869933294e-05,2.1052056881276854e-05,True
joint_00_75pct,waist_roll_link,5.974563760387735e-05,2.173352885506323e-05,True
joint_00_75pct,waist_yaw_link,5.9670308071557674e-05,7.636383641665691e-06,True
joint_01_25pct,d435_link,0.00019318602657067367,2.200020789716329e-05,True
joint_01_25pct,head_link,0.00012000735127998719,2.1052056881276854e-05,True
joint_01_25pct,imu_in_pelvis,6.006850114687196e-05,0.0,True
joint_01_25pct,imu_in_torso,8.415499272642081e-05,2.1052056881276854e-05,True
joint_01_25pct,left_ankle_pitch_link,0.00029897630553295175,4.033572247925316e-05,True
joint_01_25pct,left_ankle_roll_link,0.0003029419264035221,4.710478969721382e-05,True
joint_01_25pct,left_elbow_link,0.00018671101460071904,1.3445240826417657e-05,True
joint_01_25pct,left_hand_camera_base_link,0.0001959941750461743,3.630295340289845e-05,True
joint_01_25pct,left_hand_index_0_link,0.00017881393432617188,3.5408454289026025e-05,True
joint_01_25pct,left_hand_index_1_link,0.00023513635751693695,5.39433621553454e-05,True
joint_01_25pct,left_hand_middle_0_link,0.00015840151626966373,5.39433621553454e-05,True
joint_01_25pct,left_hand_middle_1_link,0.00019768624248238801,7.232425357033631e-05,True
joint_01_25pct,left_hand_palm_link,0.00014370159448672763,3.630295340289845e-05,True
joint_01_25pct,left_hand_thumb_0_link,0.00016049041769309352,3.5077526895278204e-05,True
joint_01_25pct,left_hand_thumb_1_link,0.00012377834115800374,2.3162298399097525e-05,True
joint_01_25pct,left_hand_thumb_2_link,0.00017120130796843851,1.9318692315611754e-05,True
joint_01_25pct,left_hip_pitch_link,7.450580674027386e-06,2.2329078268013682e-05,True
joint_01_25pct,left_hip_roll_link,1.3504177331924438e-05,2.284542576421286e-05,True
joint_01_25pct,left_hip_yaw_link,9.570444061357624e-05,2.6998693283819223e-05,True
joint_01_25pct,left_knee_link,0.00017441362009524742,2.2132342465963154e-05,True
joint_01_25pct,left_shoulder_pitch_link,0.00014064686163416925,1.8070981951380422e-05,True
joint_01_25pct,left_shoulder_roll_link,0.00013329281842477082,1.3004292747236516e-05,True
joint_01_25pct,left_shoulder_yaw_link,0.00018966056820057505,9.035490975690204e-06,True
joint_01_25pct,left_wrist_pitch_link,0.00018431718463976653,1.8390847172211968e-05,True
joint_01_25pct,left_wrist_roll_link,0.00012753339684474238,1.0799477313527668e-05,True
joint_01_25pct,left_wrist_yaw_link,0.00018907453925087332,3.622254809177215e-05,True
joint_01_25pct,logo_link,1.3881591393671054e-05,2.1052056881276854e-05,True
joint_01_25pct,mid360_link,0.00019561796638793648,2.1052056881276854e-05,True
joint_01_25pct,pelvis,0.0,0.0,True
joint_01_25pct,pelvis_contour_link,8.08070082201906e-10,0.0,True
joint_01_25pct,right_ankle_pitch_link,0.00028115454709698565,2.9526252879164333e-05,True
joint_01_25pct,right_ankle_roll_link,0.0002682209014892578,2.9772104357351613e-05,True
joint_01_25pct,right_elbow_link,4.917524301426145e-05,3.230831095393761e-05,True
joint_01_25pct,right_hand_camera_base_link,0.0001497548166084422,6.24598299526078e-05,True
joint_01_25pct,right_hand_index_0_link,0.00017943374184954607,7.296643490470553e-05,True
joint_01_25pct,right_hand_index_1_link,0.00022302015940987713,8.983711231435483e-05,True
joint_01_25pct,right_hand_middle_0_link,0.00021900144899933142,6.696546803342531e-05,True
joint_01_25pct,right_hand_middle_1_link,0.00027028258364226006,8.059912630214408e-05,True
joint_01_25pct,right_hand_palm_link,0.00014136482746161726,6.241313100779684e-05,True
joint_01_25pct,right_hand_thumb_0_link,0.0001497548166084422,6.137676548113681e-05,True
joint_01_25pct,right_hand_thumb_1_link,0.0001228781230931777,5.334548275147371e-05,True
joint_01_25pct,right_hand_thumb_2_link,0.0001399837004248495,5.345468549166031e-05,True
joint_01_25pct,right_hip_pitch_link,6.052867097595097e-05,1.9469034601067064e-05,True
joint_01_25pct,right_hip_roll_link,6.7903571328365e-05,1.8860476299618384e-05,True
joint_01_25pct,right_hip_yaw_link,8.429369702178807e-05,2.3036072399967966e-05,True
joint_01_25pct,right_knee_link,0.00023701747835556963,1.1066171232981565e-05,True
joint_01_25pct,right_shoulder_pitch_link,8.942077904701636e-05,1.7745352001653195e-05,True
joint_01_25pct,right_shoulder_roll_link,7.459541569689078e-05,2.0632372437402982e-05,True
joint_01_25pct,right_shoulder_yaw_link,6.241261986035418e-05,2.826493702772014e-05,True
joint_01_25pct,right_wrist_pitch_link,7.598131170262075e-05,5.378096330567109e-05,True
joint_01_25pct,right_wrist_roll_link,7.337970883992392e-05,3.8181918208328625e-05,True
joint_01_25pct,right_wrist_yaw_link,9.996002811937584e-05,6.259971776490284e-05,True
joint_01_25pct,torso_link,5.983788869933294e-05,2.1052056881276854e-05,True
joint_01_25pct,waist_roll_link,5.974563760387735e-05,2.173352885506323e-05,True
joint_01_25pct,waist_yaw_link,5.9670308071557674e-05,7.636383641665691e-06,True
joint_01_75pct,d435_link,0.00019318602657067367,2.200020789716329e-05,True
joint_01_75pct,head_link,0.00012000735127998719,2.1052056881276854e-05,True
joint_01_75pct,imu_in_pelvis,6.006850114687196e-05,0.0,True
joint_01_75pct,imu_in_torso,8.415499272642081e-05,2.1052056881276854e-05,True
joint_01_75pct,left_ankle_pitch_link,0.00029897630553295175,4.033572247925316e-05,True
joint_01_75pct,left_ankle_roll_link,0.0003029419264035221,4.710478969721382e-05,True
joint_01_75pct,left_elbow_link,0.00018671101460071904,1.3445240826417657e-05,True
joint_01_75pct,left_hand_camera_base_link,0.0001959941750461743,3.630295340289845e-05,True
joint_01_75pct,left_hand_index_0_link,0.00017881393432617188,3.5408454289026025e-05,True
joint_01_75pct,left_hand_index_1_link,0.00023513635751693695,5.39433621553454e-05,True
joint_01_75pct,left_hand_middle_0_link,0.00015840151626966373,5.39433621553454e-05,True
joint_01_75pct,left_hand_middle_1_link,0.00019768624248238801,7.232425357033631e-05,True
joint_01_75pct,left_hand_palm_link,0.00014370159448672763,3.630295340289845e-05,True
joint_01_75pct,left_hand_thumb_0_link,0.00016049041769309352,3.5077526895278204e-05,True
joint_01_75pct,left_hand_thumb_1_link,0.00012377834115800374,2.3162298399097525e-05,True
joint_01_75pct,left_hand_thumb_2_link,0.00017120130796843851,1.9318692315611754e-05,True
joint_01_75pct,left_hip_pitch_link,7.450580674027386e-06,2.2329078268013682e-05,True
joint_01_75pct,left_hip_roll_link,1.3504177331924438e-05,2.284542576421286e-05,True
joint_01_75pct,left_hip_yaw_link,9.570444061357624e-05,2.6998693283819223e-05,True
joint_01_75pct,left_knee_link,0.00017441362009524742,2.2132342465963154e-05,True
joint_01_75pct,left_shoulder_pitch_link,0.00014064686163416925,1.8070981951380422e-05,True
joint_01_75pct,left_shoulder_roll_link,0.00013329281842477082,1.3004292747236516e-05,True
joint_01_75pct,left_shoulder_yaw_link,0.00018966056820057505,9.035490975690204e-06,True
joint_01_75pct,left_wrist_pitch_link,0.00018431718463976653,1.8390847172211968e-05,True
joint_01_75pct,left_wrist_roll_link,0.00012753339684474238,1.0799477313527668e-05,True
joint_01_75pct,left_wrist_yaw_link,0.00018907453925087332,3.622254809177215e-05,True
joint_01_75pct,logo_link,1.3881591393671054e-05,2.1052056881276854e-05,True
joint_01_75pct,mid360_link,0.00019561796638793648,2.1052056881276854e-05,True
joint_01_75pct,pelvis,0.0,0.0,True
joint_01_75pct,pelvis_contour_link,8.08070082201906e-10,0.0,True
joint_01_75pct,right_ankle_pitch_link,0.00018431718463976653,1.799012704043476e-05,True
joint_01_75pct,right_ankle_roll_link,0.00021950781140709272,2.7106472927070668e-05,True
joint_01_75pct,right_elbow_link,4.917524301426145e-05,3.230831095393761e-05,True
joint_01_75pct,right_hand_camera_base_link,0.0001497548166084422,6.24598299526078e-05,True
joint_01_75pct,right_hand_index_0_link,0.00017943374184954607,7.296643490470553e-05,True
joint_01_75pct,right_hand_index_1_link,0.00022302015940987713,8.983711231435483e-05,True
joint_01_75pct,right_hand_middle_0_link,0.00021900144899933142,6.696546803342531e-05,True
joint_01_75pct,right_hand_middle_1_link,0.00027028258364226006,8.059912630214408e-05,True
joint_01_75pct,right_hand_palm_link,0.00014136482746161726,6.241313100779684e-05,True
joint_01_75pct,right_hand_thumb_0_link,0.0001497548166084422,6.137676548113681e-05,True
joint_01_75pct,right_hand_thumb_1_link,0.0001228781230931777,5.334548275147371e-05,True
joint_01_75pct,right_hand_thumb_2_link,0.0001399837004248495,5.345468549166031e-05,True
joint_01_75pct,right_hip_pitch_link,6.0097406526462515e-05,1.1066171232981565e-05,True
joint_01_75pct,right_hip_roll_link,6.00973732952091e-05,9.80911239371096e-06,True
joint_01_75pct,right_hip_yaw_link,0.0001228781230931777,1.870524340221738e-05,True
joint_01_75pct,right_knee_link,0.00013657139822709083,3.23984319405831e-05,True
joint_01_75pct,right_shoulder_pitch_link,8.942077904701636e-05,1.7745352001653195e-05,True
joint_01_75pct,right_shoulder_roll_link,7.459541569689078e-05,2.0632372437402982e-05,True
joint_01_75pct,right_shoulder_yaw_link,6.241261986035418e-05,2.826493702772014e-05,True
joint_01_75pct,right_wrist_pitch_link,7.598131170262075e-05,5.378096330567109e-05,True
joint_01_75pct,right_wrist_roll_link,7.337970883992392e-05,3.8181918208328625e-05,True
joint_01_75pct,right_wrist_yaw_link,9.996002811937584e-05,6.259971776490284e-05,True
joint_01_75pct,torso_link,5.983788869933294e-05,2.1052056881276854e-05,True
joint_01_75pct,waist_roll_link,5.974563760387735e-05,2.173352885506323e-05,True
joint_01_75pct,waist_yaw_link,5.9670308071557674e-05,7.636383641665691e-06,True
joint_02_25pct,d435_link,0.00032440520093489404,3.157808532191534e-05,True
joint_02_25pct,head_link,0.00011989035082226266,2.774435956405617e-05,True
joint_02_25pct,imu_in_pelvis,6.006850114687196e-05,0.0,True
joint_02_25pct,imu_in_torso,0.0001295978113025349,3.440612458546887e-05,True
joint_02_25pct,left_ankle_pitch_link,0.00029897630553295175,4.033572247925316e-05,True
joint_02_25pct,left_ankle_roll_link,0.0003029419264035221,4.710478969721382e-05,True
joint_02_25pct,left_elbow_link,0.00019500035536739827,2.8978038473417675e-05,True
joint_02_25pct,left_hand_camera_base_link,0.0002388837865275353,5.760283679196418e-05,True
joint_02_25pct,left_hand_index_0_link,0.00028624195921865916,6.184999350080135e-05,True
joint_02_25pct,left_hand_index_1_link,0.000303925246810483,8.049052648686156e-05,True
joint_02_25pct,left_hand_middle_0_link,0.00026656007498500225,7.670670395656812e-05,True
joint_02_25pct,left_hand_middle_1_link,0.000378442558622369,0.00010262345022050371,True
joint_02_25pct,left_hand_palm_link,0.0002457562461863554,5.900311009451305e-05,True
joint_02_25pct,left_hand_thumb_0_link,0.00023513635751693695,5.39433621553454e-05,True
joint_02_25pct,left_hand_thumb_1_link,0.00024073562653964027,4.24489525582367e-05,True
joint_02_25pct,left_hand_thumb_2_link,0.0002528810910653642,3.3286224588127975e-05,True
joint_02_25pct,left_hip_pitch_link,7.450580674027386e-06,2.2329078268013682e-05,True
joint_02_25pct,left_hip_roll_link,1.3504177331924438e-05,2.284542576421286e-05,True
joint_02_25pct,left_hip_yaw_link,9.570444061357624e-05,2.6998693283819223e-05,True
joint_02_25pct,left_knee_link,0.00017441362009524742,2.2132342465963154e-05,True
joint_02_25pct,left_shoulder_pitch_link,0.0002560713716757953,2.2132342465963154e-05,True
joint_02_25pct,left_shoulder_roll_link,0.00026281124389852985,2.8674595153725626e-05,True
joint_02_25pct,left_shoulder_yaw_link,0.0002504824917616582,2.049056751003828e-05,True
joint_02_25pct,left_wrist_pitch_link,0.00016924465733171324,5.162330897092325e-05,True
joint_02_25pct,left_wrist_roll_link,0.00015359765386647212,3.2845327974765986e-05,True
joint_02_25pct,left_wrist_yaw_link,0.00018907453925087332,6.778769197773917e-05,True
joint_02_25pct,logo_link,0.00011999369289072032,3.440612458546887e-05,True
joint_02_25pct,mid360_link,0.0002161166342478331,3.1945284701302084e-05,True
joint_02_25pct,pelvis,0.0,0.0,True
joint_02_25pct,pelvis_contour_link,8.08070082201906e-10,0.0,True
joint_02_25pct,right_ankle_pitch_link,0.000287819361530451,5.845700308936693e-05,True
joint_02_25pct,right_ankle_roll_link,0.0002976796005772771,6.166113811794337e-05,True
joint_02_25pct,right_elbow_link,8.170199468531202e-05,2.3783381691638923e-05,True
joint_02_25pct,right_hand_camera_base_link,0.0001341104507446289,4.360100889887781e-05,True
joint_02_25pct,right_hand_index_0_link,0.00014919776018337003,5.745078328399754e-05,True
joint_02_25pct,right_hand_index_1_link,0.00017881393432617188,7.368219908447016e-05,True
joint_02_25pct,right_hand_middle_0_link,0.00012128666487410445,5.6941005829034584e-05,True
joint_02_25pct,right_hand_middle_1_link,0.00018131872301754292,6.53346064117762e-05,True
joint_02_25pct,right_hand_palm_link,0.0001341104507446289,4.292707329736469e-05,True
joint_02_25pct,right_hand_thumb_0_link,0.00013657139822709083,4.7689200557204847e-05,True
joint_02_25pct,right_hand_thumb_1_link,0.00013348812510944095,4.651303661396636e-05,True
joint_02_25pct,right_hand_thumb_2_link,0.0001197320124506071,4.575462106612767e-05,True
joint_02_25pct,right_hip_pitch_link,6.0097340083055166e-05,2.07029106685954e-05,True
joint_02_25pct,right_hip_roll_link,7.465118328985478e-06,1.8231616061100753e-05,True
joint_02_25pct,right_hip_yaw_link,7.48774083042211e-05,2.252409575471313e-05,True
joint_02_25pct,right_knee_link,0.00016458870496134848,3.4994306073655696e-05,True
joint_02_25pct,right_shoulder_pitch_link,0.0001579189180897671,2.826493702772014e-05,True
joint_02_25pct,right_shoulder_roll_link,7.679882693323606e-05,3.302239302041094e-05,True
joint_02_25pct,right_shoulder_yaw_link,0.00010242854867031813,2.2394272795855996e-05,True
joint_02_25pct,right_wrist_pitch_link,0.00010975390570354636,3.23984319405831e-05,True
joint_02_25pct,right_wrist_roll_link,8.462232866585662e-05,3.148561635232658e-05,True
joint_02_25pct,right_wrist_yaw_link,0.00013348812510944095,4.426468493192651e-05,True
joint_02_25pct,torso_link,5.997185895723229e-05,3.083056905897141e-05,True
joint_02_25pct,waist_roll_link,6.014752822492511e-05,2.6727342745829975e-05,True
joint_02_25pct,waist_yaw_link,5.960930556448266e-05,1.7160637906838783e-05,True
joint_02_75pct,d435_link,0.00024074114351468003,1.7745352001653195e-05,True
joint_02_75pct,head_link,1.2661917819534293e-05,1.954377205284798e-05,True
joint_02_75pct,imu_in_pelvis,6.006850114687196e-05,0.0,True
joint_02_75pct,imu_in_torso,6.828569911354542e-05,1.6555285230907e-05,True
joint_02_75pct,left_ankle_pitch_link,0.00029897630553295175,4.033572247925316e-05,True
joint_02_75pct,left_ankle_roll_link,0.0003029419264035221,4.710478969721382e-05,True
joint_02_75pct,left_elbow_link,7.82310962677002e-05,9.659346157805868e-06,True
joint_02_75pct,left_hand_camera_base_link,6.664001874625056e-05,2.2394272795855996e-05,True
joint_02_75pct,left_hand_index_0_link,9.996002811937584e-05,1.8231616061100753e-05,True
joint_02_75pct,left_hand_index_1_link,0.00010490512728936019,2.3783381691638923e-05,True
joint_02_75pct,left_hand_middle_0_link,0.00011756817875846847,3.5408454289026025e-05,True
joint_02_75pct,left_hand_middle_1_link,0.0001299587156065733,5.274082611557016e-05,True
joint_02_75pct,left_hand_palm_link,3.725290298461914e-05,2.5441881649397815e-05,True
joint_02_75pct,left_hand_thumb_0_link,6.006850114687196e-05,1.8070981951380422e-05,True
joint_02_75pct,left_hand_thumb_1_link,6.006850114687196e-05,1.758027537185658e-05,True
joint_02_75pct,left_hand_thumb_2_link,8.817613406885136e-05,2.5327019294612925e-05,True
joint_02_75pct,left_hip_pitch_link,7.450580674027386e-06,2.2329078268013682e-05,True
joint_02_75pct,left_hip_roll_link,1.3504177331924438e-05,2.284542576421286e-05,True
joint_02_75pct,left_hip_yaw_link,9.570444061357624e-05,2.6998693283819223e-05,True
joint_02_75pct,left_knee_link,0.00017441362009524742,2.2132342465963154e-05,True
joint_02_75pct,left_shoulder_pitch_link,0.00012088552668383682,2.3783381691638923e-05,True
joint_02_75pct,left_shoulder_roll_link,3.332000937312528e-05,1.6555285230907e-05,True
joint_02_75pct,left_shoulder_yaw_link,8.059035112255788e-05,9.659346157805868e-06,True
joint_02_75pct,left_wrist_pitch_link,6.828569911354542e-05,1.6555285230907e-05,True
joint_02_75pct,left_wrist_roll_link,5.9604644775390625e-05,1.3872179782028061e-05,True
joint_02_75pct,left_wrist_yaw_link,7.450580596923828e-05,2.2653174724081298e-05,True
joint_02_75pct,logo_link,1.3335791889374277e-05,1.6555285230907e-05,True
joint_02_75pct,mid360_link,0.00014668479533331197,2.0276000680978274e-05,True
joint_02_75pct,pelvis,0.0,0.0,True
joint_02_75pct,pelvis_contour_link,8.08070082201906e-10,0.0,True
joint_02_75pct,right_ankle_pitch_link,0.000287819361530451,5.845700308936693e-05,True
joint_02_75pct,right_ankle_roll_link,0.0002976796005772771,6.166113811794337e-05,True
joint_02_75pct,right_elbow_link,8.462232866585662e-05,3.2036426925603224e-05,True
joint_02_75pct,right_hand_camera_base_link,0.00016458870496134848,5.835716184981681e-05,True
joint_02_75pct,right_hand_index_0_link,0.00024027400458748784,7.415553713695787e-05,True
joint_02_75pct,right_hand_index_1_link,0.00020267770452403193,9.959554109683717e-05,True
joint_02_75pct,right_hand_middle_0_link,0.0002421152116249788,5.7905745997744334e-05,True
joint_02_75pct,right_hand_middle_1_link,0.00021073424255447018,8.588810117252454e-05,True
joint_02_75pct,right_hand_palm_link,0.00016458870496134848,5.361807258331028e-05,True
joint_02_75pct,right_hand_thumb_0_link,0.00016049041769309352,5.745078328399754e-05,True
joint_02_75pct,right_hand_thumb_1_link,0.0001737759081973225,4.847750521061102e-05,True
joint_02_75pct,right_hand_thumb_2_link,0.0001475139697881291,5.173614693936866e-05,True
joint_02_75pct,right_hip_pitch_link,6.0097340083055166e-05,2.07029106685954e-05,True
joint_02_75pct,right_hip_roll_link,7.465118328985478e-06,1.8231616061100753e-05,True
joint_02_75pct,right_hip_yaw_link,7.48774083042211e-05,2.252409575471313e-05,True
joint_02_75pct,right_knee_link,0.00016458870496134848,3.4994306073655696e-05,True
joint_02_75pct,right_shoulder_pitch_link,6.006850114687196e-05,1.961822478742194e-05,True
joint_02_75pct,right_shoulder_roll_link,0.00013348812510944095,2.6453208906905703e-05,True
joint_02_75pct,right_shoulder_yaw_link,7.679882693323606e-05,3.5980254080869636e-05,True
joint_02_75pct,right_wrist_pitch_link,0.00011470023034766802,4.877730711105492e-05,True
joint_02_75pct,right_wrist_roll_link,0.00010745380149674383,3.4910886870207484e-05,True
joint_02_75pct,right_wrist_yaw_link,0.00014600096599955427,5.895367304344113e-05,True
joint_02_75pct,torso_link,5.18669127718207e-06,1.8390847172211968e-05,True
joint_02_75pct,waist_roll_link,5.976631557550409e-05,2.372200512043724e-05,True
joint_02_75pct,waist_yaw_link,5.9634195725325214e-05,2.6727342745829975e-05,True
joint_03_25pct,d435_link,0.00019318602657067367,2.200020789716329e-05,True
joint_03_25pct,head_link,0.00012000735127998719,2.1052056881276854e-05,True
joint_03_25pct,imu_in_pelvis,6.006850114687196e-05,0.0,True
joint_03_25pct,imu_in_torso,8.415499272642081e-05,2.1052056881276854e-05,True
joint_03_25pct,left_ankle_pitch_link,0.0003013803596821558,3.6061199636676066e-05,True
joint_03_25pct,left_ankle_roll_link,0.0003077369396099952,2.6672741375736675e-05,True
joint_03_25pct,left_elbow_link,0.00018671101460071904,1.3445240826417657e-05,True
joint_03_25pct,left_hand_camera_base_link,0.0001959941750461743,3.630295340289845e-05,True
joint_03_25pct,left_hand_index_0_link,0.00017881393432617188,3.5408454289026025e-05,True
joint_03_25pct,left_hand_index_1_link,0.00023513635751693695,5.39433621553454e-05,True
joint_03_25pct,left_hand_middle_0_link,0.00015840151626966373,5.39433621553454e-05,True
joint_03_25pct,left_hand_middle_1_link,0.00019768624248238801,7.232425357033631e-05,True
joint_03_25pct,left_hand_palm_link,0.00014370159448672763,3.630295340289845e-05,True
joint_03_25pct,left_hand_thumb_0_link,0.00016049041769309352,3.5077526895278204e-05,True
joint_03_25pct,left_hand_thumb_1_link,0.00012377834115800374,2.3162298399097525e-05,True
joint_03_25pct,left_hand_thumb_2_link,0.00017120130796843851,1.9318692315611754e-05,True
joint_03_25pct,left_hip_pitch_link,1.4908401934476316e-05,5.122641877509564e-06,True
joint_03_25pct,left_hip_roll_link,2.242921773119326e-05,2.2653174724081298e-05,True
joint_03_25pct,left_hip_yaw_link,0.00010905624306428766,2.847050291451707e-05,True
joint_03_25pct,left_knee_link,0.00016892661477641252,3.678169434442405e-05,True
joint_03_25pct,left_shoulder_pitch_link,0.00014064686163416925,1.8070981951380422e-05,True
joint_03_25pct,left_shoulder_roll_link,0.00013329281842477082,1.3004292747236516e-05,True
joint_03_25pct,left_shoulder_yaw_link,0.00018966056820057505,9.035490975690204e-06,True
joint_03_25pct,left_wrist_pitch_link,0.00018431718463976653,1.8390847172211968e-05,True
joint_03_25pct,left_wrist_roll_link,0.00012753339684474238,1.0799477313527668e-05,True
joint_03_25pct,left_wrist_yaw_link,0.00018907453925087332,3.622254809177215e-05,True
joint_03_25pct,logo_link,1.3881591393671054e-05,2.1052056881276854e-05,True
joint_03_25pct,mid360_link,0.00019561796638793648,2.1052056881276854e-05,True
joint_03_25pct,pelvis,0.0,0.0,True
joint_03_25pct,pelvis_contour_link,8.08070082201906e-10,0.0,True
joint_03_25pct,right_ankle_pitch_link,0.000287819361530451,5.845700308936693e-05,True
joint_03_25pct,right_ankle_roll_link,0.0002976796005772771,6.166113811794337e-05,True
joint_03_25pct,right_elbow_link,4.917524301426145e-05,3.230831095393761e-05,True
joint_03_25pct,right_hand_camera_base_link,0.0001497548166084422,6.24598299526078e-05,True
joint_03_25pct,right_hand_index_0_link,0.00017943374184954607,7.296643490470553e-05,True
joint_03_25pct,right_hand_index_1_link,0.00022302015940987713,8.983711231435483e-05,True
joint_03_25pct,right_hand_middle_0_link,0.00021900144899933142,6.696546803342531e-05,True
joint_03_25pct,right_hand_middle_1_link,0.00027028258364226006,8.059912630214408e-05,True
joint_03_25pct,right_hand_palm_link,0.00014136482746161726,6.241313100779684e-05,True
joint_03_25pct,right_hand_thumb_0_link,0.0001497548166084422,6.137676548113681e-05,True
joint_03_25pct,right_hand_thumb_1_link,0.0001228781230931777,5.334548275147371e-05,True
joint_03_25pct,right_hand_thumb_2_link,0.0001399837004248495,5.345468549166031e-05,True
joint_03_25pct,right_hip_pitch_link,6.0097340083055166e-05,2.07029106685954e-05,True
joint_03_25pct,right_hip_roll_link,7.465118328985478e-06,1.8231616061100753e-05,True
joint_03_25pct,right_hip_yaw_link,7.48774083042211e-05,2.252409575471313e-05,True
joint_03_25pct,right_knee_link,0.00016458870496134848,3.4994306073655696e-05,True
joint_03_25pct,right_shoulder_pitch_link,8.942077904701636e-05,1.7745352001653195e-05,True
joint_03_25pct,right_shoulder_roll_link,7.459541569689078e-05,2.0632372437402982e-05,True
joint_03_25pct,right_shoulder_yaw_link,6.241261986035418e-05,2.826493702772014e-05,True
joint_03_25pct,right_wrist_pitch_link,7.598131170262075e-05,5.378096330567109e-05,True
joint_03_25pct,right_wrist_roll_link,7.337970883992392e-05,3.8181918208328625e-05,True
joint_03_25pct,right_wrist_yaw_link,9.996002811937584e-05,6.259971776490284e-05,True
joint_03_25pct,torso_link,5.983788869933294e-05,2.1052056881276854e-05,True
joint_03_25pct,waist_roll_link,5.974563760387735e-05,2.173352885506323e-05,True
joint_03_25pct,waist_yaw_link,5.9670308071557674e-05,7.636383641665691e-06,True
joint_03_75pct,d435_link,0.00019318602657067367,2.200020789716329e-05,True
joint_03_75pct,head_link,0.00012000735127998719,2.1052056881276854e-05,True
joint_03_75pct,imu_in_pelvis,6.006850114687196e-05,0.0,True
joint_03_75pct,imu_in_torso,8.415499272642081e-05,2.1052056881276854e-05,True
joint_03_75pct,left_ankle_pitch_link,0.00020267770452403193,1.707547292503189e-05,True
joint_03_75pct,left_ankle_roll_link,0.00014901161193847656,2.7533372779140136e-05,True
joint_03_75pct,left_elbow_link,0.00018671101460071904,1.3445240826417657e-05,True
joint_03_75pct,left_hand_camera_base_link,0.0001959941750461743,3.630295340289845e-05,True
joint_03_75pct,left_hand_index_0_link,0.00017881393432617188,3.5408454289026025e-05,True
joint_03_75pct,left_hand_index_1_link,0.00023513635751693695,5.39433621553454e-05,True
joint_03_75pct,left_hand_middle_0_link,0.00015840151626966373,5.39433621553454e-05,True
joint_03_75pct,left_hand_middle_1_link,0.00019768624248238801,7.232425357033631e-05,True
joint_03_75pct,left_hand_palm_link,0.00014370159448672763,3.630295340289845e-05,True
joint_03_75pct,left_hand_thumb_0_link,0.00016049041769309352,3.5077526895278204e-05,True
joint_03_75pct,left_hand_thumb_1_link,0.00012377834115800374,2.3162298399097525e-05,True
joint_03_75pct,left_hand_thumb_2_link,0.00017120130796843851,1.9318692315611754e-05,True
joint_03_75pct,left_hip_pitch_link,6.00847185254743e-05,4.829673078902933e-06,True
joint_03_75pct,left_hip_roll_link,0.00011929134320819498,1.690385577616028e-05,True
joint_03_75pct,left_hip_yaw_link,7.82310962677002e-05,2.9575586669422044e-05,True
joint_03_75pct,left_knee_link,0.0001264405455326821,1.7245382313122758e-05,True
joint_03_75pct,left_shoulder_pitch_link,0.00014064686163416925,1.8070981951380422e-05,True
joint_03_75pct,left_shoulder_roll_link,0.00013329281842477082,1.3004292747236516e-05,True
joint_03_75pct,left_shoulder_yaw_link,0.00018966056820057505,9.035490975690204e-06,True
joint_03_75pct,left_wrist_pitch_link,0.00018431718463976653,1.8390847172211968e-05,True
joint_03_75pct,left_wrist_roll_link,0.00012753339684474238,1.0799477313527668e-05,True
joint_03_75pct,left_wrist_yaw_link,0.00018907453925087332,3.622254809177215e-05,True
joint_03_75pct,logo_link,1.3881591393671054e-05,2.1052056881276854e-05,True
joint_03_75pct,mid360_link,0.00019561796638793648,2.1052056881276854e-05,True
joint_03_75pct,pelvis,0.0,0.0,True
joint_03_75pct,pelvis_contour_link,8.08070082201906e-10,0.0,True
joint_03_75pct,right_ankle_pitch_link,0.000287819361530451,5.845700308936693e-05,True
joint_03_75pct,right_ankle_roll_link,0.0002976796005772771,6.166113811794337e-05,True
joint_03_75pct,right_elbow_link,4.917524301426145e-05,3.230831095393761e-05,True
joint_03_75pct,right_hand_camera_base_link,0.0001497548166084422,6.24598299526078e-05,True
joint_03_75pct,right_hand_index_0_link,0.00017943374184954607,7.296643490470553e-05,True
joint_03_75pct,right_hand_index_1_link,0.00022302015940987713,8.983711231435483e-05,True
joint_03_75pct,right_hand_middle_0_link,0.00021900144899933142,6.696546803342531e-05,True
joint_03_75pct,right_hand_middle_1_link,0.00027028258364226006,8.059912630214408e-05,True
joint_03_75pct,right_hand_palm_link,0.00014136482746161726,6.241313100779684e-05,True
joint_03_75pct,right_hand_thumb_0_link,0.0001497548166084422,6.137676548113681e-05,True
joint_03_75pct,right_hand_thumb_1_link,0.0001228781230931777,5.334548275147371e-05,True
joint_03_75pct,right_hand_thumb_2_link,0.0001399837004248495,5.345468549166031e-05,True
joint_03_75pct,right_hip_pitch_link,6.0097340083055166e-05,2.07029106685954e-05,True
joint_03_75pct,right_hip_roll_link,7.465118328985478e-06,1.8231616061100753e-05,True
joint_03_75pct,right_hip_yaw_link,7.48774083042211e-05,2.252409575471313e-05,True
joint_03_75pct,right_knee_link,0.00016458870496134848,3.4994306073655696e-05,True
joint_03_75pct,right_shoulder_pitch_link,8.942077904701636e-05,1.7745352001653195e-05,True
joint_03_75pct,right_shoulder_roll_link,7.459541569689078e-05,2.0632372437402982e-05,True
joint_03_75pct,right_shoulder_yaw_link,6.241261986035418e-05,2.826493702772014e-05,True
joint_03_75pct,right_wrist_pitch_link,7.598131170262075e-05,5.378096330567109e-05,True
joint_03_75pct,right_wrist_roll_link,7.337970883992392e-05,3.8181918208328625e-05,True
joint_03_75pct,right_wrist_yaw_link,9.996002811937584e-05,6.259971776490284e-05,True
joint_03_75pct,torso_link,5.983788869933294e-05,2.1052056881276854e-05,True
joint_03_75pct,waist_roll_link,5.974563760387735e-05,2.173352885506323e-05,True
joint_03_75pct,waist_yaw_link,5.9670308071557674e-05,7.636383641665691e-06,True
joint_04_25pct,d435_link,0.00019318602657067367,2.200020789716329e-05,True
joint_04_25pct,head_link,0.00012000735127998719,2.1052056881276854e-05,True
joint_04_25pct,imu_in_pelvis,6.006850114687196e-05,0.0,True
joint_04_25pct,imu_in_torso,8.415499272642081e-05,2.1052056881276854e-05,True
joint_04_25pct,left_ankle_pitch_link,0.0003467773072184283,5.2519225025734405e-05,True
joint_04_25pct,left_ankle_roll_link,0.0003556920754668854,5.383515068798647e-05,True
joint_04_25pct,left_elbow_link,0.00018671101460071904,1.3445240826417657e-05,True
joint_04_25pct,left_hand_camera_base_link,0.0001959941750461743,3.630295340289845e-05,True
joint_04_25pct,left_hand_index_0_link,0.00017881393432617188,3.5408454289026025e-05,True
joint_04_25pct,left_hand_index_1_link,0.00023513635751693695,5.39433621553454e-05,True
joint_04_25pct,left_hand_middle_0_link,0.00015840151626966373,5.39433621553454e-05,True
joint_04_25pct,left_hand_middle_1_link,0.00019768624248238801,7.232425357033631e-05,True
joint_04_25pct,left_hand_palm_link,0.00014370159448672763,3.630295340289845e-05,True
joint_04_25pct,left_hand_thumb_0_link,0.00016049041769309352,3.5077526895278204e-05,True
joint_04_25pct,left_hand_thumb_1_link,0.00012377834115800374,2.3162298399097525e-05,True
joint_04_25pct,left_hand_thumb_2_link,0.00017120130796843851,1.9318692315611754e-05,True
joint_04_25pct,left_hip_pitch_link,1.4901161232399434e-05,2.396656833922184e-05,True
joint_04_25pct,left_hip_roll_link,6.705522537231445e-05,2.503755813910415e-05,True
joint_04_25pct,left_hip_yaw_link,0.00010848209096909342,2.805786510332611e-05,True
joint_04_25pct,left_knee_link,0.00019428737179048804,2.836790617393633e-05,True
joint_04_25pct,left_shoulder_pitch_link,0.00014064686163416925,1.8070981951380422e-05,True
joint_04_25pct,left_shoulder_roll_link,0.00013329281842477082,1.3004292747236516e-05,True
joint_04_25pct,left_shoulder_yaw_link,0.00018966056820057505,9.035490975690204e-06,True
joint_04_25pct,left_wrist_pitch_link,0.00018431718463976653,1.8390847172211968e-05,True
joint_04_25pct,left_wrist_roll_link,0.00012753339684474238,1.0799477313527668e-05,True
joint_04_25pct,left_wrist_yaw_link,0.00018907453925087332,3.622254809177215e-05,True
joint_04_25pct,logo_link,1.3881591393671054e-05,2.1052056881276854e-05,True
joint_04_25pct,mid360_link,0.00019561796638793648,2.1052056881276854e-05,True
joint_04_25pct,pelvis,0.0,0.0,True
joint_04_25pct,pelvis_contour_link,8.08070082201906e-10,0.0,True
joint_04_25pct,right_ankle_pitch_link,0.0001228781230931777,3.4910886870207484e-05,True
joint_04_25pct,right_ankle_roll_link,0.0001999200562387517,4.1756427267771956e-05,True
joint_04_25pct,right_elbow_link,4.917524301426145e-05,3.230831095393761e-05,True
joint_04_25pct,right_hand_camera_base_link,0.0001497548166084422,6.24598299526078e-05,True
joint_04_25pct,right_hand_index_0_link,0.00017943374184954607,7.296643490470553e-05,True
joint_04_25pct,right_hand_index_1_link,0.00022302015940987713,8.983711231435483e-05,True
joint_04_25pct,right_hand_middle_0_link,0.00021900144899933142,6.696546803342531e-05,True
joint_04_25pct,right_hand_middle_1_link,0.00027028258364226006,8.059912630214408e-05,True
joint_04_25pct,right_hand_palm_link,0.00014136482746161726,6.241313100779684e-05,True
joint_04_25pct,right_hand_thumb_0_link,0.0001497548166084422,6.137676548113681e-05,True
joint_04_25pct,right_hand_thumb_1_link,0.0001228781230931777,5.334548275147371e-05,True
joint_04_25pct,right_hand_thumb_2_link,0.0001399837004248495,5.345468549166031e-05,True
joint_04_25pct,right_hip_pitch_link,7.450580674027386e-06,4.182619578303746e-06,True
joint_04_25pct,right_hip_roll_link,8.33000234328132e-06,7.636383641665691e-06,True
joint_04_25pct,right_hip_yaw_link,4.917524301426145e-05,1.366037834002551e-05,True
joint_04_25pct,right_knee_link,0.00012013700229374392,1.2663509647306442e-05,True
joint_04_25pct,right_shoulder_pitch_link,8.942077904701636e-05,1.7745352001653195e-05,True
joint_04_25pct,right_shoulder_roll_link,7.459541569689078e-05,2.0632372437402982e-05,True
joint_04_25pct,right_shoulder_yaw_link,6.241261986035418e-05,2.826493702772014e-05,True
joint_04_25pct,right_wrist_pitch_link,7.598131170262075e-05,5.378096330567109e-05,True
joint_04_25pct,right_wrist_roll_link,7.337970883992392e-05,3.8181918208328625e-05,True
joint_04_25pct,right_wrist_yaw_link,9.996002811937584e-05,6.259971776490284e-05,True
joint_04_25pct,torso_link,5.983788869933294e-05,2.1052056881276854e-05,True
joint_04_25pct,waist_roll_link,5.974563760387735e-05,2.173352885506323e-05,True
joint_04_25pct,waist_yaw_link,5.9670308071557674e-05,7.636383641665691e-06,True
joint_04_75pct,d435_link,0.00019318602657067367,2.200020789716329e-05,True
joint_04_75pct,head_link,0.00012000735127998719,2.1052056881276854e-05,True
joint_04_75pct,imu_in_pelvis,6.006850114687196e-05,0.0,True
joint_04_75pct,imu_in_torso,8.415499272642081e-05,2.1052056881276854e-05,True
joint_04_75pct,left_ankle_pitch_link,0.0003467773072184283,5.2519225025734405e-05,True
joint_04_75pct,left_ankle_roll_link,0.0003556920754668854,5.383515068798647e-05,True
joint_04_75pct,left_elbow_link,0.00018671101460071904,1.3445240826417657e-05,True
joint_04_75pct,left_hand_camera_base_link,0.0001959941750461743,3.630295340289845e-05,True
joint_04_75pct,left_hand_index_0_link,0.00017881393432617188,3.5408454289026025e-05,True
joint_04_75pct,left_hand_index_1_link,0.00023513635751693695,5.39433621553454e-05,True
joint_04_75pct,left_hand_middle_0_link,0.00015840151626966373,5.39433621553454e-05,True
joint_04_75pct,left_hand_middle_1_link,0.00019768624248238801,7.232425357033631e-05,True
joint_04_75pct,left_hand_palm_link,0.00014370159448672763,3.630295340289845e-05,True
joint_04_75pct,left_hand_thumb_0_link,0.00016049041769309352,3.5077526895278204e-05,True
joint_04_75pct,left_hand_thumb_1_link,0.00012377834115800374,2.3162298399097525e-05,True
joint_04_75pct,left_hand_thumb_2_link,0.00017120130796843851,1.9318692315611754e-05,True
joint_04_75pct,left_hip_pitch_link,1.4901161232399434e-05,2.396656833922184e-05,True
joint_04_75pct,left_hip_roll_link,6.705522537231445e-05,2.503755813910415e-05,True
joint_04_75pct,left_hip_yaw_link,0.00010848209096909342,2.805786510332611e-05,True
joint_04_75pct,left_knee_link,0.00019428737179048804,2.836790617393633e-05,True
joint_04_75pct,left_shoulder_pitch_link,0.00014064686163416925,1.8070981951380422e-05,True
joint_04_75pct,left_shoulder_roll_link,0.00013329281842477082,1.3004292747236516e-05,True
joint_04_75pct,left_shoulder_yaw_link,0.00018966056820057505,9.035490975690204e-06,True
joint_04_75pct,left_wrist_pitch_link,0.00018431718463976653,1.8390847172211968e-05,True
joint_04_75pct,left_wrist_roll_link,0.00012753339684474238,1.0799477313527668e-05,True
joint_04_75pct,left_wrist_yaw_link,0.00018907453925087332,3.622254809177215e-05,True
joint_04_75pct,logo_link,1.3881591393671054e-05,2.1052056881276854e-05,True
joint_04_75pct,mid360_link,0.00019561796638793648,2.1052056881276854e-05,True
joint_04_75pct,pelvis,0.0,0.0,True
joint_04_75pct,pelvis_contour_link,8.08070082201906e-10,0.0,True
joint_04_75pct,right_ankle_pitch_link,0.00025555600056264546,4.105222117067515e-05,True
joint_04_75pct,right_ankle_roll_link,0.00024881481348718027,3.5326013072886896e-05,True
joint_04_75pct,right_elbow_link,4.917524301426145e-05,3.230831095393761e-05,True
joint_04_75pct,right_hand_camera_base_link,0.0001497548166084422,6.24598299526078e-05,True
joint_04_75pct,right_hand_index_0_link,0.00017943374184954607,7.296643490470553e-05,True
joint_04_75pct,right_hand_index_1_link,0.00022302015940987713,8.983711231435483e-05,True
joint_04_75pct,right_hand_middle_0_link,0.00021900144899933142,6.696546803342531e-05,True
joint_04_75pct,right_hand_middle_1_link,0.00027028258364226006,8.059912630214408e-05,True
joint_04_75pct,right_hand_palm_link,0.00014136482746161726,6.241313100779684e-05,True
joint_04_75pct,right_hand_thumb_0_link,0.0001497548166084422,6.137676548113681e-05,True
joint_04_75pct,right_hand_thumb_1_link,0.0001228781230931777,5.334548275147371e-05,True
joint_04_75pct,right_hand_thumb_2_link,0.0001399837004248495,5.345468549166031e-05,True
joint_04_75pct,right_hip_pitch_link,5.960645537284839e-05,4.829673078902933e-06,True
joint_04_75pct,right_hip_roll_link,5.993523878310319e-05,2.200020789716329e-05,True
joint_04_75pct,right_hip_yaw_link,6.50593981019146e-05,2.1052056881276854e-05,True
joint_04_75pct,right_knee_link,0.00012754699823088936,3.5035941193763164e-05,True
joint_04_75pct,right_shoulder_pitch_link,8.942077904701636e-05,1.7745352001653195e-05,True
joint_04_75pct,right_shoulder_roll_link,7.459541569689078e-05,2.0632372437402982e-05,True
joint_04_75pct,right_shoulder_yaw_link,6.241261986035418e-05,2.826493702772014e-05,True
joint_04_75pct,right_wrist_pitch_link,7.598131170262075e-05,5.378096330567109e-05,True
joint_04_75pct,right_wrist_roll_link,7.337970883992392e-05,3.8181918208328625e-05,True
joint_04_75pct,right_wrist_yaw_link,9.996002811937584e-05,6.259971776490284e-05,True
joint_04_75pct,torso_link,5.983788869933294e-05,2.1052056881276854e-05,True
joint_04_75pct,waist_roll_link,5.974563760387735e-05,2.173352885506323e-05,True
joint_04_75pct,waist_yaw_link,5.9670308071557674e-05,7.636383641665691e-06,True
joint_05_25pct,d435_link,0.00015910086411284374,2.2132342465963154e-05,True
joint_05_25pct,head_link,0.00012281090581242805,1.7745352001653195e-05,True
joint_05_25pct,imu_in_pelvis,6.006850114687196e-05,0.0,True
joint_05_25pct,imu_in_torso,0.00012157238179505409,1.8070981951380422e-05,True
joint_05_25pct,left_ankle_pitch_link,0.0003467773072184283,5.2519225025734405e-05,True
joint_05_25pct,left_ankle_roll_link,0.0003556920754668854,5.383515068798647e-05,True
joint_05_25pct,left_elbow_link,6.582810374748816e-05,1.9913252241518875e-05,True
joint_05_25pct,left_hand_camera_base_link,0.00015840151626966373,2.366046933553761e-05,True
joint_05_25pct,left_hand_index_0_link,0.00019140888122715248,2.3905662095044672e-05,True
joint_05_25pct,left_hand_index_1_link,0.00024073562653964027,2.0632372437402982e-05,True
joint_05_25pct,left_hand_middle_0_link,0.00021490760299348766,2.3905662095044672e-05,True
joint_05_25pct,left_hand_middle_1_link,0.00019140888122715248,2.0632372437402982e-05,True
joint_05_25pct,left_hand_palm_link,0.00015910086411284374,2.252409575471313e-05,True
joint_05_25pct,left_hand_thumb_0_link,0.00017120130796843851,2.4148365394514708e-05,True
joint_05_25pct,left_hand_thumb_1_link,0.0001519626234052415,2.328784023135477e-05,True
joint_05_25pct,left_hand_thumb_2_link,0.00010975390570354636,2.252409575471313e-05,True
joint_05_25pct,left_hip_pitch_link,1.4901161232399434e-05,2.396656833922184e-05,True
joint_05_25pct,left_hip_roll_link,6.705522537231445e-05,2.503755813910415e-05,True
joint_05_25pct,left_hip_yaw_link,0.00010848209096909342,2.805786510332611e-05,True
joint_05_25pct,left_knee_link,0.00019428737179048804,2.836790617393633e-05,True
joint_05_25pct,left_shoulder_pitch_link,0.0001478531905741328,1.870524340221738e-05,True
joint_05_25pct,left_shoulder_roll_link,7.680500857532024e-05,2.049056751003828e-05,True
joint_05_25pct,left_shoulder_yaw_link,7.353947678945181e-05,1.916717082078121e-05,True
joint_05_25pct,left_wrist_pitch_link,0.00010536712127723509,2.8877244990729382e-05,True
joint_05_25pct,left_wrist_roll_link,0.00010771179418862582,1.870524340221738e-05,True
joint_05_25pct,left_wrist_yaw_link,0.00013657139822709083,2.3905662095044672e-05,True
joint_05_25pct,logo_link,6.189201084606525e-05,1.8070981951380422e-05,True
joint_05_25pct,mid360_link,0.00014729110166945066,1.8070981951380422e-05,True
joint_05_25pct,pelvis,0.0,0.0,True
joint_05_25pct,pelvis_contour_link,8.08070082201906e-10,0.0,True
joint_05_25pct,right_ankle_pitch_link,0.000287819361530451,5.845700308936693e-05,True
joint_05_25pct,right_ankle_roll_link,0.0002976796005772771,6.166113811794337e-05,True
joint_05_25pct,right_elbow_link,0.00018143588410751024,1.6555285230907e-05,True
joint_05_25pct,right_hand_camera_base_link,0.00018491854736195292,1.527276728333139e-05,True
joint_05_25pct,right_hand_index_0_link,0.0003143403397460131,2.450791418631552e-05,True
joint_05_25pct,right_hand_index_1_link,0.0002421152116249788,3.923644957484402e-05,True
joint_05_25pct,right_hand_middle_0_link,0.00024027400458748784,2.689048165283536e-05,True
joint_05_25pct,right_hand_middle_1_link,0.00024073562653964027,3.0449930155107498e-05,True
joint_05_25pct,right_hand_palm_link,0.0002457562461863554,1.448901923670881e-05,True
joint_05_25pct,right_hand_thumb_0_link,0.00024755668231600747,1.3004292747236516e-05,True
joint_05_25pct,right_hand_thumb_1_link,0.00024755668231600747,1.8070981951380422e-05,True
joint_05_25pct,right_hand_thumb_2_link,0.00030619982761196073,2.146353664868225e-05,True
joint_05_25pct,right_hip_pitch_link,6.0097340083055166e-05,2.07029106685954e-05,True
joint_05_25pct,right_hip_roll_link,7.465118328985478e-06,1.8231616061100753e-05,True
joint_05_25pct,right_hip_yaw_link,7.48774083042211e-05,2.252409575471313e-05,True
joint_05_25pct,right_knee_link,0.00016458870496134848,3.4994306073655696e-05,True
joint_05_25pct,right_shoulder_pitch_link,0.00023927721599681498,2.567006452828869e-05,True
joint_05_25pct,right_shoulder_roll_link,2.332007412255799e-05,2.2653174724081298e-05,True
joint_05_25pct,right_shoulder_yaw_link,0.00018295274337764655,2.119010463505988e-05,True
joint_05_25pct,right_wrist_pitch_link,0.00024073562653964027,1.2431131930566637e-05,True
joint_05_25pct,right_wrist_roll_link,0.00018082054107653494,2.3536915126363644e-05,True
joint_05_25pct,right_wrist_yaw_link,0.00024027400458748784,1.5080649355333733e-05,True
joint_05_25pct,torso_link,5.977927542569613e-05,1.8231616061100753e-05,True
joint_05_25pct,waist_roll_link,5.9651186722991014e-05,7.636383641665691e-06,True
joint_05_25pct,waist_yaw_link,5.9622180393828516e-05,9.659346157805868e-06,True
joint_05_75pct,d435_link,0.00027069303579009996,2.492083229061081e-05,True
joint_05_75pct,head_link,0.00012055586844560483,1.790890709046331e-05,True
joint_05_75pct,imu_in_pelvis,6.006850114687196e-05,0.0,True
joint_05_75pct,imu_in_torso,0.0001240583196680748,1.8151476701449168e-05,True
joint_05_75pct,left_ankle_pitch_link,0.0003467773072184283,5.2519225025734405e-05,True
joint_05_75pct,left_ankle_roll_link,0.0003556920754668854,5.383515068798647e-05,True
joint_05_75pct,left_elbow_link,0.00012065570608304177,1.9014441926092303e-05,True
joint_05_75pct,left_hand_camera_base_link,3.332000937312528e-05,2.5441881649397815e-05,True
joint_05_75pct,left_hand_index_0_link,0.0001264405455326821,3.670233784562458e-05,True
joint_05_75pct,left_hand_index_1_link,0.0,4.676310850554372e-05,True
joint_05_75pct,left_hand_middle_0_link,6.664001874625056e-05,3.212731058883991e-05,True
joint_05_75pct,left_hand_middle_1_link,0.0,3.5077526895278204e-05,True
joint_05_75pct,left_hand_palm_link,6.664001874625056e-05,2.7639067497065907e-05,True
joint_05_75pct,left_hand_thumb_0_link,6.664001874625056e-05,2.252409575471313e-05,True
joint_05_75pct,left_hand_thumb_1_link,8.720681004762371e-05,1.7245382313122758e-05,True
joint_05_75pct,left_hand_thumb_2_link,8.462232866585662e-05,2.3162298399097525e-05,True
joint_05_75pct,left_hip_pitch_link,1.4901161232399434e-05,2.396656833922184e-05,True
joint_05_75pct,left_hip_roll_link,6.705522537231445e-05,2.503755813910415e-05,True
joint_05_75pct,left_hip_yaw_link,0.00010848209096909342,2.805786510332611e-05,True
joint_05_75pct,left_knee_link,0.00019428737179048804,2.836790617393633e-05,True
joint_05_75pct,left_shoulder_pitch_link,0.0002411528586790751,2.486226386113331e-05,True
joint_05_75pct,left_shoulder_roll_link,0.0001224238159187083,2.0632372437402982e-05,True
joint_05_75pct,left_shoulder_yaw_link,0.0001216991765260949,2.146353664868225e-05,True
joint_05_75pct,left_wrist_pitch_link,6.828569911354542e-05,1.7245382313122758e-05,True
joint_05_75pct,left_wrist_roll_link,6.188917057900187e-05,1.707547292503189e-05,True
joint_05_75pct,left_wrist_yaw_link,7.450580596923828e-05,2.5896236867758322e-05,True
joint_05_75pct,logo_link,2.063346638627869e-05,1.8151476701449168e-05,True
joint_05_75pct,mid360_link,0.0002689024597493483,1.916717082078121e-05,True
joint_05_75pct,pelvis,0.0,0.0,True
joint_05_75pct,pelvis_contour_link,8.08070082201906e-10,0.0,True
joint_05_75pct,right_ankle_pitch_link,0.000287819361530451,5.845700308936693e-05,True
joint_05_75pct,right_ankle_roll_link,0.0002976796005772771,6.166113811794337e-05,True
joint_05_75pct,right_elbow_link,0.0001221986075256521,1.2074182697257337e-05,True
joint_05_75pct,right_hand_camera_base_link,9.541398640621973e-05,2.3783381691638923e-05,True
joint_05_75pct,right_hand_index_0_link,0.0001228781230931777,2.656320193396619e-05,True
joint_05_75pct,right_hand_index_1_link,6.143906154658885e-05,2.450791418631552e-05,True
joint_05_75pct,right_hand_middle_0_link,0.00011151007970493857,2.656320193396619e-05,True
joint_05_75pct,right_hand_middle_1_link,9.541398640621973e-05,2.450791418631552e-05,True
joint_05_75pct,right_hand_palm_link,7.450580596923828e-05,2.426880686682527e-05,True
joint_05_75pct,right_hand_thumb_0_link,8.940696716308594e-05,1.976628896181796e-05,True
joint_05_75pct,right_hand_thumb_1_link,8.429369702178807e-05,1.8231616061100753e-05,True
joint_05_75pct,right_hand_thumb_2_link,0.00010323827311807139,2.020397203172922e-05,True
joint_05_75pct,right_hip_pitch_link,6.0097340083055166e-05,2.07029106685954e-05,True
joint_05_75pct,right_hip_roll_link,7.465118328985478e-06,1.8231616061100753e-05,True
joint_05_75pct,right_hip_yaw_link,7.48774083042211e-05,2.252409575471313e-05,True
joint_05_75pct,right_knee_link,0.00016458870496134848,3.4994306073655696e-05,True
joint_05_75pct,right_shoulder_pitch_link,0.00013744666560809533,1.7413633929712578e-05,True
joint_05_75pct,right_shoulder_roll_link,0.00013874127262078319,1.8070981951380422e-05,True
joint_05_75pct,right_shoulder_yaw_link,7.465127406215281e-05,1.6555285230907e-05,True
joint_05_75pct,right_wrist_pitch_link,3.332000937312528e-05,2.462659727359985e-05,True
joint_05_75pct,right_wrist_roll_link,4.470348358154297e-05,1.8860476299618384e-05,True
joint_05_75pct,right_wrist_yaw_link,5.3726900748371914e-05,2.366046933553761e-05,True
joint_05_75pct,torso_link,5.968917487502817e-05,1.8231616061100753e-05,True
joint_05_75pct,waist_roll_link,5.973461192263821e-05,1.954377205284798e-05,True
joint_05_75pct,waist_yaw_link,5.961380289208299e-05,2.049056751003828e-05,True
joint_06_25pct,d435_link,0.00019318602657067367,2.200020789716329e-05,True
joint_06_25pct,head_link,0.00012000735127998719,2.1052056881276854e-05,True
joint_06_25pct,imu_in_pelvis,6.006850114687196e-05,0.0,True
joint_06_25pct,imu_in_torso,8.415499272642081e-05,2.1052056881276854e-05,True
joint_06_25pct,left_ankle_pitch_link,0.0004510525127549562,3.945875418428828e-05,True
joint_06_25pct,left_ankle_roll_link,0.0004510525127549562,4.406663165691147e-05,True
joint_06_25pct,left_elbow_link,0.00018671101460071904,1.3445240826417657e-05,True
joint_06_25pct,left_hand_camera_base_link,0.0001959941750461743,3.630295340289845e-05,True
joint_06_25pct,left_hand_index_0_link,0.00017881393432617188,3.5408454289026025e-05,True
joint_06_25pct,left_hand_index_1_link,0.00023513635751693695,5.39433621553454e-05,True
joint_06_25pct,left_hand_middle_0_link,0.00015840151626966373,5.39433621553454e-05,True
joint_06_25pct,left_hand_middle_1_link,0.00019768624248238801,7.232425357033631e-05,True
joint_06_25pct,left_hand_palm_link,0.00014370159448672763,3.630295340289845e-05,True
joint_06_25pct,left_hand_thumb_0_link,0.00016049041769309352,3.5077526895278204e-05,True
joint_06_25pct,left_hand_thumb_1_link,0.00012377834115800374,2.3162298399097525e-05,True
joint_06_25pct,left_hand_thumb_2_link,0.00017120130796843851,1.9318692315611754e-05,True
joint_06_25pct,left_hip_pitch_link,6.36594995246885e-05,7.443026089337883e-06,True
joint_06_25pct,left_hip_roll_link,7.029017925725075e-05,1.9913252241518875e-05,True
joint_06_25pct,left_hip_yaw_link,8.560065398421926e-05,3.221793787913893e-05,True
joint_06_25pct,left_knee_link,0.00016391277313232422,5.569850709424504e-05,True
joint_06_25pct,left_shoulder_pitch_link,0.00014064686163416925,1.8070981951380422e-05,True
joint_06_25pct,left_shoulder_roll_link,0.00013329281842477082,1.3004292747236516e-05,True
joint_06_25pct,left_shoulder_yaw_link,0.00018966056820057505,9.035490975690204e-06,True
joint_06_25pct,left_wrist_pitch_link,0.00018431718463976653,1.8390847172211968e-05,True
joint_06_25pct,left_wrist_roll_link,0.00012753339684474238,1.0799477313527668e-05,True
joint_06_25pct,left_wrist_yaw_link,0.00018907453925087332,3.622254809177215e-05,True
joint_06_25pct,logo_link,1.3881591393671054e-05,2.1052056881276854e-05,True
joint_06_25pct,mid360_link,0.00019561796638793648,2.1052056881276854e-05,True
joint_06_25pct,pelvis,0.0,0.0,True
joint_06_25pct,pelvis_contour_link,8.08070082201906e-10,0.0,True
joint_06_25pct,right_ankle_pitch_link,0.000287819361530451,5.845700308936693e-05,True
joint_06_25pct,right_ankle_roll_link,0.0002976796005772771,6.166113811794337e-05,True
joint_06_25pct,right_elbow_link,4.917524301426145e-05,3.230831095393761e-05,True
joint_06_25pct,right_hand_camera_base_link,0.0001497548166084422,6.24598299526078e-05,True
joint_06_25pct,right_hand_index_0_link,0.00017943374184954607,7.296643490470553e-05,True
joint_06_25pct,right_hand_index_1_link,0.00022302015940987713,8.983711231435483e-05,True
joint_06_25pct,right_hand_middle_0_link,0.00021900144899933142,6.696546803342531e-05,True
joint_06_25pct,right_hand_middle_1_link,0.00027028258364226006,8.059912630214408e-05,True
joint_06_25pct,right_hand_palm_link,0.00014136482746161726,6.241313100779684e-05,True
joint_06_25pct,right_hand_thumb_0_link,0.0001497548166084422,6.137676548113681e-05,True
joint_06_25pct,right_hand_thumb_1_link,0.0001228781230931777,5.334548275147371e-05,True
joint_06_25pct,right_hand_thumb_2_link,0.0001399837004248495,5.345468549166031e-05,True
joint_06_25pct,right_hip_pitch_link,6.0097340083055166e-05,2.07029106685954e-05,True
joint_06_25pct,right_hip_roll_link,7.465118328985478e-06,1.8231616061100753e-05,True
joint_06_25pct,right_hip_yaw_link,7.48774083042211e-05,2.252409575471313e-05,True
joint_06_25pct,right_knee_link,0.00016458870496134848,3.4994306073655696e-05,True
joint_06_25pct,right_shoulder_pitch_link,8.942077904701636e-05,1.7745352001653195e-05,True
joint_06_25pct,right_shoulder_roll_link,7.459541569689078e-05,2.0632372437402982e-05,True
joint_06_25pct,right_shoulder_yaw_link,6.241261986035418e-05,2.826493702772014e-05,True
joint_06_25pct,right_wrist_pitch_link,7.598131170262075e-05,5.378096330567109e-05,True
joint_06_25pct,right_wrist_roll_link,7.337970883992392e-05,3.8181918208328625e-05,True
joint_06_25pct,right_wrist_yaw_link,9.996002811937584e-05,6.259971776490284e-05,True
joint_06_25pct,torso_link,5.983788869933294e-05,2.1052056881276854e-05,True
joint_06_25pct,waist_roll_link,5.974563760387735e-05,2.173352885506323e-05,True
joint_06_25pct,waist_yaw_link,5.9670308071557674e-05,7.636383641665691e-06,True
joint_06_75pct,d435_link,0.00019318602657067367,2.200020789716329e-05,True
joint_06_75pct,head_link,0.00012000735127998719,2.1052056881276854e-05,True
joint_06_75pct,imu_in_pelvis,6.006850114687196e-05,0.0,True
joint_06_75pct,imu_in_torso,8.415499272642081e-05,2.1052056881276854e-05,True
joint_06_75pct,left_ankle_pitch_link,0.00030980442294913216,3.185388169650561e-05,True
joint_06_75pct,left_ankle_roll_link,0.000318637561505185,2.1052056881276854e-05,True
joint_06_75pct,left_elbow_link,0.00018671101460071904,1.3445240826417657e-05,True
joint_06_75pct,left_hand_camera_base_link,0.0001959941750461743,3.630295340289845e-05,True
joint_06_75pct,left_hand_index_0_link,0.00017881393432617188,3.5408454289026025e-05,True
joint_06_75pct,left_hand_index_1_link,0.00023513635751693695,5.39433621553454e-05,True
joint_06_75pct,left_hand_middle_0_link,0.00015840151626966373,5.39433621553454e-05,True
joint_06_75pct,left_hand_middle_1_link,0.00019768624248238801,7.232425357033631e-05,True
joint_06_75pct,left_hand_palm_link,0.00014370159448672763,3.630295340289845e-05,True
joint_06_75pct,left_hand_thumb_0_link,0.00016049041769309352,3.5077526895278204e-05,True
joint_06_75pct,left_hand_thumb_1_link,0.00012377834115800374,2.3162298399097525e-05,True
joint_06_75pct,left_hand_thumb_2_link,0.00017120130796843851,1.9318692315611754e-05,True
joint_06_75pct,left_hip_pitch_link,5.960464478502858e-05,6.830189170012753e-06,True
joint_06_75pct,left_hip_roll_link,6.144611985685931e-05,1.366037834002551e-05,True
joint_06_75pct,left_hip_yaw_link,2.9802322387695312e-05,3.073585126505747e-05,True
joint_06_75pct,left_knee_link,0.00012818463544611076,4.3265353337730534e-05,True
joint_06_75pct,left_shoulder_pitch_link,0.00014064686163416925,1.8070981951380422e-05,True
joint_06_75pct,left_shoulder_roll_link,0.00013329281842477082,1.3004292747236516e-05,True
joint_06_75pct,left_shoulder_yaw_link,0.00018966056820057505,9.035490975690204e-06,True
joint_06_75pct,left_wrist_pitch_link,0.00018431718463976653,1.8390847172211968e-05,True
joint_06_75pct,left_wrist_roll_link,0.00012753339684474238,1.0799477313527668e-05,True
joint_06_75pct,left_wrist_yaw_link,0.00018907453925087332,3.622254809177215e-05,True
joint_06_75pct,logo_link,1.3881591393671054e-05,2.1052056881276854e-05,True
joint_06_75pct,mid360_link,0.00019561796638793648,2.1052056881276854e-05,True
joint_06_75pct,pelvis,0.0,0.0,True
joint_06_75pct,pelvis_contour_link,8.08070082201906e-10,0.0,True
joint_06_75pct,right_ankle_pitch_link,0.000287819361530451,5.845700308936693e-05,True
joint_06_75pct,right_ankle_roll_link,0.0002976796005772771,6.166113811794337e-05,True
joint_06_75pct,right_elbow_link,4.917524301426145e-05,3.230831095393761e-05,True
joint_06_75pct,right_hand_camera_base_link,0.0001497548166084422,6.24598299526078e-05,True
joint_06_75pct,right_hand_index_0_link,0.00017943374184954607,7.296643490470553e-05,True
joint_06_75pct,right_hand_index_1_link,0.00022302015940987713,8.983711231435483e-05,True
joint_06_75pct,right_hand_middle_0_link,0.00021900144899933142,6.696546803342531e-05,True
joint_06_75pct,right_hand_middle_1_link,0.00027028258364226006,8.059912630214408e-05,True
joint_06_75pct,right_hand_palm_link,0.00014136482746161726,6.241313100779684e-05,True
joint_06_75pct,right_hand_thumb_0_link,0.0001497548166084422,6.137676548113681e-05,True
joint_06_75pct,right_hand_thumb_1_link,0.0001228781230931777,5.334548275147371e-05,True
joint_06_75pct,right_hand_thumb_2_link,0.0001399837004248495,5.345468549166031e-05,True
joint_06_75pct,right_hip_pitch_link,6.0097340083055166e-05,2.07029106685954e-05,True
joint_06_75pct,right_hip_roll_link,7.465118328985478e-06,1.8231616061100753e-05,True
joint_06_75pct,right_hip_yaw_link,7.48774083042211e-05,2.252409575471313e-05,True
joint_06_75pct,right_knee_link,0.00016458870496134848,3.4994306073655696e-05,True
joint_06_75pct,right_shoulder_pitch_link,8.942077904701636e-05,1.7745352001653195e-05,True
joint_06_75pct,right_shoulder_roll_link,7.459541569689078e-05,2.0632372437402982e-05,True
joint_06_75pct,right_shoulder_yaw_link,6.241261986035418e-05,2.826493702772014e-05,True
joint_06_75pct,right_wrist_pitch_link,7.598131170262075e-05,5.378096330567109e-05,True
joint_06_75pct,right_wrist_roll_link,7.337970883992392e-05,3.8181918208328625e-05,True
joint_06_75pct,right_wrist_yaw_link,9.996002811937584e-05,6.259971776490284e-05,True
joint_06_75pct,torso_link,5.983788869933294e-05,2.1052056881276854e-05,True
joint_06_75pct,waist_roll_link,5.974563760387735e-05,2.173352885506323e-05,True
joint_06_75pct,waist_yaw_link,5.9670308071557674e-05,7.636383641665691e-06,True
joint_07_25pct,d435_link,0.00019318602657067367,2.200020789716329e-05,True
joint_07_25pct,head_link,0.00012000735127998719,2.1052056881276854e-05,True
joint_07_25pct,imu_in_pelvis,6.006850114687196e-05,0.0,True
joint_07_25pct,imu_in_torso,8.415499272642081e-05,2.1052056881276854e-05,True
joint_07_25pct,left_ankle_pitch_link,0.00030899705519270477,3.646323212220162e-05,True
joint_07_25pct,left_ankle_roll_link,0.0002852706569295622,3.581781418092673e-05,True
joint_07_25pct,left_elbow_link,0.00018671101460071904,1.3445240826417657e-05,True
joint_07_25pct,left_hand_camera_base_link,0.0001959941750461743,3.630295340289845e-05,True
joint_07_25pct,left_hand_index_0_link,0.00017881393432617188,3.5408454289026025e-05,True
joint_07_25pct,left_hand_index_1_link,0.00023513635751693695,5.39433621553454e-05,True
joint_07_25pct,left_hand_middle_0_link,0.00015840151626966373,5.39433621553454e-05,True
joint_07_25pct,left_hand_middle_1_link,0.00019768624248238801,7.232425357033631e-05,True
joint_07_25pct,left_hand_palm_link,0.00014370159448672763,3.630295340289845e-05,True
joint_07_25pct,left_hand_thumb_0_link,0.00016049041769309352,3.5077526895278204e-05,True
joint_07_25pct,left_hand_thumb_1_link,0.00012377834115800374,2.3162298399097525e-05,True
joint_07_25pct,left_hand_thumb_2_link,0.00017120130796843851,1.9318692315611754e-05,True
joint_07_25pct,left_hip_pitch_link,2.2356614254696838e-05,2.0773209379101157e-05,True
joint_07_25pct,left_hip_roll_link,3.774155288553262e-05,2.5499118800815456e-05,True
joint_07_25pct,left_hip_yaw_link,0.00010536712127723509,2.462659727359985e-05,True
joint_07_25pct,left_knee_link,0.00019314112360500874,2.0347774359156983e-05,True
joint_07_25pct,left_shoulder_pitch_link,0.00014064686163416925,1.8070981951380422e-05,True
joint_07_25pct,left_shoulder_roll_link,0.00013329281842477082,1.3004292747236516e-05,True
joint_07_25pct,left_shoulder_yaw_link,0.00018966056820057505,9.035490975690204e-06,True
joint_07_25pct,left_wrist_pitch_link,0.00018431718463976653,1.8390847172211968e-05,True
joint_07_25pct,left_wrist_roll_link,0.00012753339684474238,1.0799477313527668e-05,True
joint_07_25pct,left_wrist_yaw_link,0.00018907453925087332,3.622254809177215e-05,True
joint_07_25pct,logo_link,1.3881591393671054e-05,2.1052056881276854e-05,True
joint_07_25pct,mid360_link,0.00019561796638793648,2.1052056881276854e-05,True
joint_07_25pct,pelvis,0.0,0.0,True
joint_07_25pct,pelvis_contour_link,8.08070082201906e-10,0.0,True
joint_07_25pct,right_ankle_pitch_link,0.00038714352419276775,5.410527356145204e-05,True
joint_07_25pct,right_ankle_roll_link,0.000439836744759841,5.1566797395176046e-05,True
joint_07_25pct,right_elbow_link,4.917524301426145e-05,3.230831095393761e-05,True
joint_07_25pct,right_hand_camera_base_link,0.0001497548166084422,6.24598299526078e-05,True
joint_07_25pct,right_hand_index_0_link,0.00017943374184954607,7.296643490470553e-05,True
joint_07_25pct,right_hand_index_1_link,0.00022302015940987713,8.983711231435483e-05,True
joint_07_25pct,right_hand_middle_0_link,0.00021900144899933142,6.696546803342531e-05,True
joint_07_25pct,right_hand_middle_1_link,0.00027028258364226006,8.059912630214408e-05,True
joint_07_25pct,right_hand_palm_link,0.00014136482746161726,6.241313100779684e-05,True
joint_07_25pct,right_hand_thumb_0_link,0.0001497548166084422,6.137676548113681e-05,True
joint_07_25pct,right_hand_thumb_1_link,0.0001228781230931777,5.334548275147371e-05,True
joint_07_25pct,right_hand_thumb_2_link,0.0001399837004248495,5.345468549166031e-05,True
joint_07_25pct,right_hip_pitch_link,6.36577885339316e-05,4.517745487845101e-06,True
joint_07_25pct,right_hip_roll_link,0.0001251165242772301,2.4148365394514708e-05,True
joint_07_25pct,right_hip_yaw_link,6.188917057900187e-05,3.622254809177215e-05,True
joint_07_25pct,right_knee_link,0.0001445201392566474,5.4774753044289836e-05,True
joint_07_25pct,right_shoulder_pitch_link,8.942077904701636e-05,1.7745352001653195e-05,True
joint_07_25pct,right_shoulder_roll_link,7.459541569689078e-05,2.0632372437402982e-05,True
joint_07_25pct,right_shoulder_yaw_link,6.241261986035418e-05,2.826493702772014e-05,True
joint_07_25pct,right_wrist_pitch_link,7.598131170262075e-05,5.378096330567109e-05,True
joint_07_25pct,right_wrist_roll_link,7.337970883992392e-05,3.8181918208328625e-05,True
joint_07_25pct,right_wrist_yaw_link,9.996002811937584e-05,6.259971776490284e-05,True
joint_07_25pct,torso_link,5.983788869933294e-05,2.1052056881276854e-05,True
joint_07_25pct,waist_roll_link,5.974563760387735e-05,2.173352885506323e-05,True
joint_07_25pct,waist_yaw_link,5.9670308071557674e-05,7.636383641665691e-06,True
joint_07_75pct,d435_link,0.00019318602657067367,2.200020789716329e-05,True
joint_07_75pct,head_link,0.00012000735127998719,2.1052056881276854e-05,True
joint_07_75pct,imu_in_pelvis,6.006850114687196e-05,0.0,True
joint_07_75pct,imu_in_torso,8.415499272642081e-05,2.1052056881276854e-05,True
joint_07_75pct,left_ankle_pitch_link,0.0002126762325992711,2.57267940218489e-05,True
joint_07_75pct,left_ankle_roll_link,0.00020605814509440368,4.048003679528797e-05,True
joint_07_75pct,left_elbow_link,0.00018671101460071904,1.3445240826417657e-05,True
joint_07_75pct,left_hand_camera_base_link,0.0001959941750461743,3.630295340289845e-05,True
joint_07_75pct,left_hand_index_0_link,0.00017881393432617188,3.5408454289026025e-05,True
joint_07_75pct,left_hand_index_1_link,0.00023513635751693695,5.39433621553454e-05,True
joint_07_75pct,left_hand_middle_0_link,0.00015840151626966373,5.39433621553454e-05,True
joint_07_75pct,left_hand_middle_1_link,0.00019768624248238801,7.232425357033631e-05,True
joint_07_75pct,left_hand_palm_link,0.00014370159448672763,3.630295340289845e-05,True
joint_07_75pct,left_hand_thumb_0_link,0.00016049041769309352,3.5077526895278204e-05,True
joint_07_75pct,left_hand_thumb_1_link,0.00012377834115800374,2.3162298399097525e-05,True
joint_07_75pct,left_hand_thumb_2_link,0.00017120130796843851,1.9318692315611754e-05,True
joint_07_75pct,left_hip_pitch_link,6.144081808570258e-05,1.0933637455190003e-05,True
joint_07_75pct,left_hip_roll_link,0.00012013790476182584,1.3445240826417657e-05,True
joint_07_75pct,left_hip_yaw_link,8.720681004762371e-05,1.448901923670881e-05,True
joint_07_75pct,left_knee_link,0.00013395514038477244,1.707547292503189e-05,True
joint_07_75pct,left_shoulder_pitch_link,0.00014064686163416925,1.8070981951380422e-05,True
joint_07_75pct,left_shoulder_roll_link,0.00013329281842477082,1.3004292747236516e-05,True
joint_07_75pct,left_shoulder_yaw_link,0.00018966056820057505,9.035490975690204e-06,True
joint_07_75pct,left_wrist_pitch_link,0.00018431718463976653,1.8390847172211968e-05,True
joint_07_75pct,left_wrist_roll_link,0.00012753339684474238,1.0799477313527668e-05,True
joint_07_75pct,left_wrist_yaw_link,0.00018907453925087332,3.622254809177215e-05,True
joint_07_75pct,logo_link,1.3881591393671054e-05,2.1052056881276854e-05,True
joint_07_75pct,mid360_link,0.00019561796638793648,2.1052056881276854e-05,True
joint_07_75pct,pelvis,0.0,0.0,True
joint_07_75pct,pelvis_contour_link,8.08070082201906e-10,0.0,True
joint_07_75pct,right_ankle_pitch_link,0.00047836266907342646,3.5980254080869636e-05,True
joint_07_75pct,right_ankle_roll_link,0.0005125355064911307,4.126474487480614e-05,True
joint_07_75pct,right_elbow_link,4.917524301426145e-05,3.230831095393761e-05,True
joint_07_75pct,right_hand_camera_base_link,0.0001497548166084422,6.24598299526078e-05,True
joint_07_75pct,right_hand_index_0_link,0.00017943374184954607,7.296643490470553e-05,True
joint_07_75pct,right_hand_index_1_link,0.00022302015940987713,8.983711231435483e-05,True
joint_07_75pct,right_hand_middle_0_link,0.00021900144899933142,6.696546803342531e-05,True
joint_07_75pct,right_hand_middle_1_link,0.00027028258364226006,8.059912630214408e-05,True
joint_07_75pct,right_hand_palm_link,0.00014136482746161726,6.241313100779684e-05,True
joint_07_75pct,right_hand_thumb_0_link,0.0001497548166084422,6.137676548113681e-05,True
joint_07_75pct,right_hand_thumb_1_link,0.0001228781230931777,5.334548275147371e-05,True
joint_07_75pct,right_hand_thumb_2_link,0.0001399837004248495,5.345468549166031e-05,True
joint_07_75pct,right_hip_pitch_link,7.028863678241939e-05,9.659346157805868e-06,True
joint_07_75pct,right_hip_roll_link,8.465379289792393e-05,1.870524340221738e-05,True
joint_07_75pct,right_hip_yaw_link,0.0001016123719288845,3.212731058883991e-05,True
joint_07_75pct,right_knee_link,0.00018907453925087332,5.334548275147371e-05,True
joint_07_75pct,right_shoulder_pitch_link,8.942077904701636e-05,1.7745352001653195e-05,True
joint_07_75pct,right_shoulder_roll_link,7.459541569689078e-05,2.0632372437402982e-05,True
joint_07_75pct,right_shoulder_yaw_link,6.241261986035418e-05,2.826493702772014e-05,True
joint_07_75pct,right_wrist_pitch_link,7.598131170262075e-05,5.378096330567109e-05,True
joint_07_75pct,right_wrist_roll_link,7.337970883992392e-05,3.8181918208328625e-05,True
joint_07_75pct,right_wrist_yaw_link,9.996002811937584e-05,6.259971776490284e-05,True
joint_07_75pct,torso_link,5.983788869933294e-05,2.1052056881276854e-05,True
joint_07_75pct,waist_roll_link,5.974563760387735e-05,2.173352885506323e-05,True
joint_07_75pct,waist_yaw_link,5.9670308071557674e-05,7.636383641665691e-06,True
joint_08_25pct,d435_link,0.00010457388198091238,1.6643112294063943e-05,True
joint_08_25pct,head_link,0.00012183966452084465,1.546249837520016e-05,True
joint_08_25pct,imu_in_pelvis,6.006850114687196e-05,0.0,True
joint_08_25pct,imu_in_torso,2.6003128366998168e-05,1.546249837520016e-05,True
joint_08_25pct,left_ankle_pitch_link,0.00030899705519270477,3.646323212220162e-05,True
joint_08_25pct,left_ankle_roll_link,0.0002852706569295622,3.581781418092673e-05,True
joint_08_25pct,left_elbow_link,0.00018093802474983609,3.6383181022077855e-05,True
joint_08_25pct,left_hand_camera_base_link,0.00018189185285171421,5.065403858922616e-05,True
joint_08_25pct,left_hand_index_0_link,0.00023276357876976294,5.9249676609974653e-05,True
joint_08_25pct,left_hand_index_1_link,0.00022302015940987713,6.502146373618342e-05,True
joint_08_25pct,left_hand_middle_0_link,0.0002086162567138672,4.960711426980963e-05,True
joint_08_25pct,left_hand_middle_1_link,0.00026987150723151615,5.39433621553454e-05,True
joint_08_25pct,left_hand_palm_link,0.00018907453925087332,5.0998237601631236e-05,True
joint_08_25pct,left_hand_thumb_0_link,0.00026066386229598376,4.657568046270977e-05,True
joint_08_25pct,left_hand_thumb_1_link,0.00020914776396182476,5.274082611557016e-05,True
joint_08_25pct,left_hand_thumb_2_link,0.00014057727354849282,5.548871912811274e-05,True
joint_08_25pct,left_hip_pitch_link,2.2356614254696838e-05,2.0773209379101157e-05,True
joint_08_25pct,left_hip_roll_link,3.774155288553262e-05,2.5499118800815456e-05,True
joint_08_25pct,left_hip_yaw_link,0.00010536712127723509,2.462659727359985e-05,True
joint_08_25pct,left_knee_link,0.00019314112360500874,2.0347774359156983e-05,True
joint_08_25pct,left_shoulder_pitch_link,0.00016875194986024685,2.6672741375736675e-05,True
joint_08_25pct,left_shoulder_roll_link,0.00016875194986024685,3.5243379011007245e-05,True
joint_08_25pct,left_shoulder_yaw_link,0.00013333208984265686,3.6622809392810054e-05,True
joint_08_25pct,left_wrist_pitch_link,0.0001884864366154897,4.217330709397059e-05,True
joint_08_25pct,left_wrist_roll_link,0.000182653228523303,4.1930630891383033e-05,True
joint_08_25pct,left_wrist_yaw_link,0.00019371509552001953,5.1055378502021736e-05,True
joint_08_25pct,logo_link,6.172556502284109e-05,1.546249837520016e-05,True
joint_08_25pct,mid360_link,9.318901338491353e-05,1.546249837520016e-05,True
joint_08_25pct,pelvis,0.0,0.0,True
joint_08_25pct,pelvis_contour_link,8.08070082201906e-10,0.0,True
joint_08_25pct,right_ankle_pitch_link,0.0002542493571453028,3.783672050088752e-05,True
joint_08_25pct,right_ankle_roll_link,0.00027342368273877536,4.2722819608969054e-05,True
joint_08_25pct,right_elbow_link,5.615998682122648e-05,1.3336370687868314e-05,True
joint_08_25pct,right_hand_camera_base_link,0.00016049041769309352,2.805786510332611e-05,True
joint_08_25pct,right_hand_index_0_link,0.000137381918091966,3.4994306073655696e-05,True
joint_08_25pct,right_hand_index_1_link,0.00016858739404357613,4.865760801746865e-05,True
joint_08_25pct,right_hand_middle_0_link,0.00016858739404357613,3.363478094741179e-05,True
joint_08_25pct,right_hand_middle_1_link,0.00022152168672261396,4.7259282698739895e-05,True
joint_08_25pct,right_hand_palm_link,0.00016118070224511576,2.784925354712232e-05,True
joint_08_25pct,right_hand_thumb_0_link,0.0001497548166084422,2.721382571521845e-05,True
joint_08_25pct,right_hand_thumb_1_link,0.0001341104507446289,3.960626406012852e-05,True
joint_08_25pct,right_hand_thumb_2_link,0.00019082797281243946,4.403353617221511e-05,True
joint_08_25pct,right_hip_pitch_link,6.011356627833937e-05,2.650826247094536e-05,True
joint_08_25pct,right_hip_roll_link,0.00012168024370413031,2.7533372779140136e-05,True
joint_08_25pct,right_hip_yaw_link,0.00011756817875846847,2.3905662095044672e-05,True
joint_08_25pct,right_knee_link,0.00023678315553174472,1.9014441926092303e-05,True
joint_08_25pct,right_shoulder_pitch_link,6.143906154658885e-05,2.2394272795855996e-05,True
joint_08_25pct,right_shoulder_roll_link,7.598131170262075e-05,1.1706354451251832e-05,True
joint_08_25pct,right_shoulder_yaw_link,6.143906154658885e-05,1.0799477313527668e-05,True
joint_08_25pct,right_wrist_pitch_link,0.00011250129990683123,2.8877244990729382e-05,True
joint_08_25pct,right_wrist_roll_link,0.00010023731028343521,1.3004292747236516e-05,True
joint_08_25pct,right_wrist_yaw_link,0.00012818463544611076,2.805786510332611e-05,True
joint_08_25pct,torso_link,5.964065053439561e-05,1.546249837520016e-05,True
joint_08_25pct,waist_roll_link,6.3739924541136195e-06,2.0982692419620064e-05,True
joint_08_25pct,waist_yaw_link,2.1635611729321217e-06,1.0799477313527668e-05,True
joint_08_75pct,d435_link,9.541398640621973e-05,1.690385577616028e-05,True
joint_08_75pct,head_link,7.86802025618723e-05,1.3115919625095422e-05,True
joint_08_75pct,imu_in_pelvis,6.006850114687196e-05,0.0,True
joint_08_75pct,imu_in_torso,6.779171165217438e-05,1.3004292747236516e-05,True
joint_08_75pct,left_ankle_pitch_link,0.0002126762325992711,2.57267940218489e-05,True
joint_08_75pct,left_ankle_roll_link,0.00020605814509440368,4.048003679528797e-05,True
joint_08_75pct,left_elbow_link,6.728765319357977e-05,2.5896236867758322e-05,True
joint_08_75pct,left_hand_camera_base_link,0.0001228781230931777,5.0998237601631236e-05,True
joint_08_75pct,left_hand_index_0_link,9.424321830774485e-05,5.340011203639979e-05,True
joint_08_75pct,left_hand_index_1_link,0.0001497548166084422,6.8981529252492e-05,True
joint_08_75pct,left_hand_middle_0_link,0.00016858739404357613,6.466172950283386e-05,True
joint_08_75pct,left_hand_middle_1_link,0.00016049041769309352,7.983582538504438e-05,True
joint_08_75pct,left_hand_palm_link,0.0001210576058124894,5.134012905657771e-05,True
joint_08_75pct,left_hand_thumb_0_link,0.00010323827311807139,5.301652494189108e-05,True
joint_08_75pct,left_hand_thumb_1_link,0.00010323827311807139,5.162330897092325e-05,True
joint_08_75pct,left_hand_thumb_2_link,6.705522537231445e-05,5.2185059013381464e-05,True
joint_08_75pct,left_hip_pitch_link,6.144081808570258e-05,1.0933637455190003e-05,True
joint_08_75pct,left_hip_roll_link,0.00012013790476182584,1.3445240826417657e-05,True
joint_08_75pct,left_hip_yaw_link,8.720681004762371e-05,1.448901923670881e-05,True
joint_08_75pct,left_knee_link,0.00013395514038477244,1.707547292503189e-05,True
joint_08_75pct,left_shoulder_pitch_link,6.746787680787904e-05,1.6199215970291508e-05,True
joint_08_75pct,left_shoulder_roll_link,5.9604644775390625e-05,1.976628896181796e-05,True
joint_08_75pct,left_shoulder_yaw_link,7.459888009168501e-05,2.119010463505988e-05,True
joint_08_75pct,left_wrist_pitch_link,8.560065398421926e-05,4.6887644301306027e-05,True
joint_08_75pct,left_wrist_roll_link,7.920075813483186e-05,3.0924996750400395e-05,True
joint_08_75pct,left_wrist_yaw_link,0.00010536712127723509,5.207319380646405e-05,True
joint_08_75pct,logo_link,6.27738816825007e-05,1.3004292747236516e-05,True
joint_08_75pct,mid360_link,0.000252812729734229,1.3445240826417657e-05,True
joint_08_75pct,pelvis,0.0,0.0,True
joint_08_75pct,pelvis_contour_link,8.08070082201906e-10,0.0,True
joint_08_75pct,right_ankle_pitch_link,6.00973732952091e-05,1.0933637455190003e-05,True
joint_08_75pct,right_ankle_roll_link,4.767971387568937e-05,1.4080795695456205e-05,True
joint_08_75pct,right_elbow_link,9.543216569311543e-05,2.555622776104164e-05,True
joint_08_75pct,right_hand_camera_base_link,8.688795409866125e-05,2.857273126107819e-05,True
joint_08_75pct,right_hand_index_0_link,8.560065398421926e-05,2.9377754437940875e-05,True
joint_08_75pct,right_hand_index_1_link,5.9604644775390625e-05,3.733246693472756e-05,True
joint_08_75pct,right_hand_middle_0_link,4.214684851089403e-05,4.2994942230332055e-05,True
joint_08_75pct,right_hand_middle_1_link,8.429369702178807e-05,5.246367850038212e-05,True
joint_08_75pct,right_hand_palm_link,0.00010536712127723509,2.967400819492987e-05,True
joint_08_75pct,right_hand_thumb_0_link,0.00013075715880680268,2.2263692832568138e-05,True
joint_08_75pct,right_hand_thumb_1_link,0.0001264405455326821,1.2074182697257337e-05,True
joint_08_75pct,right_hand_thumb_2_link,0.00012128666487410445,7.636383641665691e-06,True
joint_08_75pct,right_hip_pitch_link,6.0075703877537314e-05,5.915117333884393e-06,True
joint_08_75pct,right_hip_roll_link,5.975180126150814e-05,4.517745487845101e-06,True
joint_08_75pct,right_hip_yaw_link,2.9802322387695312e-05,3.4150945850063755e-06,True
joint_08_75pct,right_knee_link,7.03872875410735e-05,8.365239156607494e-06,True
joint_08_75pct,right_shoulder_pitch_link,0.00011920928955078125,2.0347774359156983e-05,True
joint_08_75pct,right_shoulder_roll_link,0.00012013700229374392,2.578339869758786e-05,True
joint_08_75pct,right_shoulder_yaw_link,0.00012818463544611076,2.6453208906905703e-05,True
joint_08_75pct,right_wrist_pitch_link,9.541398640621973e-05,2.5441881649397815e-05,True
joint_08_75pct,right_wrist_roll_link,0.00014057727354849282,1.1326587362040635e-05,True
joint_08_75pct,right_wrist_yaw_link,9.996002811937584e-05,2.8978038473417675e-05,True
joint_08_75pct,torso_link,6.134885750834033e-05,1.3004292747236516e-05,True
joint_08_75pct,waist_roll_link,5.980802856262419e-05,8.53773646251594e-06,True
joint_08_75pct,waist_yaw_link,5.963445230030767e-05,2.4148365394514667e-06,True
joint_09_25pct,d435_link,0.00019318602657067367,2.200020789716329e-05,True
joint_09_25pct,head_link,0.00012000735127998719,2.1052056881276854e-05,True
joint_09_25pct,imu_in_pelvis,6.006850114687196e-05,0.0,True
joint_09_25pct,imu_in_torso,8.415499272642081e-05,2.1052056881276854e-05,True
joint_09_25pct,left_ankle_pitch_link,0.00019082797281243946,2.2132342465963154e-05,True
joint_09_25pct,left_ankle_roll_link,0.0001613528119601884,1.5835142153691186e-05,True
joint_09_25pct,left_elbow_link,0.00018671101460071904,1.3445240826417657e-05,True
joint_09_25pct,left_hand_camera_base_link,0.0001959941750461743,3.630295340289845e-05,True
joint_09_25pct,left_hand_index_0_link,0.00017881393432617188,3.5408454289026025e-05,True
joint_09_25pct,left_hand_index_1_link,0.00023513635751693695,5.39433621553454e-05,True
joint_09_25pct,left_hand_middle_0_link,0.00015840151626966373,5.39433621553454e-05,True
joint_09_25pct,left_hand_middle_1_link,0.00019768624248238801,7.232425357033631e-05,True
joint_09_25pct,left_hand_palm_link,0.00014370159448672763,3.630295340289845e-05,True
joint_09_25pct,left_hand_thumb_0_link,0.00016049041769309352,3.5077526895278204e-05,True
joint_09_25pct,left_hand_thumb_1_link,0.00012377834115800374,2.3162298399097525e-05,True
joint_09_25pct,left_hand_thumb_2_link,0.00017120130796843851,1.9318692315611754e-05,True
joint_09_25pct,left_hip_pitch_link,6.007029776309274e-05,6.389056940260397e-06,True
joint_09_25pct,left_hip_roll_link,6.009060763009764e-05,1.2074182697257337e-05,True
joint_09_25pct,left_hip_yaw_link,7.271476572730816e-05,1.527276728333139e-05,True
joint_09_25pct,left_knee_link,5.5074168153004794e-05,3.221793787913893e-05,True
joint_09_25pct,left_shoulder_pitch_link,0.00014064686163416925,1.8070981951380422e-05,True
joint_09_25pct,left_shoulder_roll_link,0.00013329281842477082,1.3004292747236516e-05,True
joint_09_25pct,left_shoulder_yaw_link,0.00018966056820057505,9.035490975690204e-06,True
joint_09_25pct,left_wrist_pitch_link,0.00018431718463976653,1.8390847172211968e-05,True
joint_09_25pct,left_wrist_roll_link,0.00012753339684474238,1.0799477313527668e-05,True
joint_09_25pct,left_wrist_yaw_link,0.00018907453925087332,3.622254809177215e-05,True
joint_09_25pct,logo_link,1.3881591393671054e-05,2.1052056881276854e-05,True
joint_09_25pct,mid360_link,0.00019561796638793648,2.1052056881276854e-05,True
joint_09_25pct,pelvis,0.0,0.0,True
joint_09_25pct,pelvis_contour_link,8.08070082201906e-10,0.0,True
joint_09_25pct,right_ankle_pitch_link,6.00973732952091e-05,1.0933637455190003e-05,True
joint_09_25pct,right_ankle_roll_link,4.767971387568937e-05,1.4080795695456205e-05,True
joint_09_25pct,right_elbow_link,4.917524301426145e-05,3.230831095393761e-05,True
joint_09_25pct,right_hand_camera_base_link,0.0001497548166084422,6.24598299526078e-05,True
joint_09_25pct,right_hand_index_0_link,0.00017943374184954607,7.296643490470553e-05,True
joint_09_25pct,right_hand_index_1_link,0.00022302015940987713,8.983711231435483e-05,True
joint_09_25pct,right_hand_middle_0_link,0.00021900144899933142,6.696546803342531e-05,True
joint_09_25pct,right_hand_middle_1_link,0.00027028258364226006,8.059912630214408e-05,True
joint_09_25pct,right_hand_palm_link,0.00014136482746161726,6.241313100779684e-05,True
joint_09_25pct,right_hand_thumb_0_link,0.0001497548166084422,6.137676548113681e-05,True
joint_09_25pct,right_hand_thumb_1_link,0.0001228781230931777,5.334548275147371e-05,True
joint_09_25pct,right_hand_thumb_2_link,0.0001399837004248495,5.345468549166031e-05,True
joint_09_25pct,right_hip_pitch_link,6.0075703877537314e-05,5.915117333884393e-06,True
joint_09_25pct,right_hip_roll_link,5.975180126150814e-05,4.517745487845101e-06,True
joint_09_25pct,right_hip_yaw_link,2.9802322387695312e-05,3.4150945850063755e-06,True
joint_09_25pct,right_knee_link,7.03872875410735e-05,8.365239156607494e-06,True
joint_09_25pct,right_shoulder_pitch_link,8.942077904701636e-05,1.7745352001653195e-05,True
joint_09_25pct,right_shoulder_roll_link,7.459541569689078e-05,2.0632372437402982e-05,True
joint_09_25pct,right_shoulder_yaw_link,6.241261986035418e-05,2.826493702772014e-05,True
joint_09_25pct,right_wrist_pitch_link,7.598131170262075e-05,5.378096330567109e-05,True
joint_09_25pct,right_wrist_roll_link,7.337970883992392e-05,3.8181918208328625e-05,True
joint_09_25pct,right_wrist_yaw_link,9.996002811937584e-05,6.259971776490284e-05,True
joint_09_25pct,torso_link,5.983788869933294e-05,2.1052056881276854e-05,True
joint_09_25pct,waist_roll_link,5.974563760387735e-05,2.173352885506323e-05,True
joint_09_25pct,waist_yaw_link,5.9670308071557674e-05,7.636383641665691e-06,True
joint_09_75pct,d435_link,0.00019318602657067367,2.200020789716329e-05,True
joint_09_75pct,head_link,0.00012000735127998719,2.1052056881276854e-05,True
joint_09_75pct,imu_in_pelvis,6.006850114687196e-05,0.0,True
joint_09_75pct,imu_in_torso,8.415499272642081e-05,2.1052056881276854e-05,True
joint_09_75pct,left_ankle_pitch_link,0.00016676656369566463,1.183023466776879e-05,True
joint_09_75pct,left_ankle_roll_link,0.00017184857420132752,2.2653174724081298e-05,True
joint_09_75pct,left_elbow_link,0.00018671101460071904,1.3445240826417657e-05,True
joint_09_75pct,left_hand_camera_base_link,0.0001959941750461743,3.630295340289845e-05,True
joint_09_75pct,left_hand_index_0_link,0.00017881393432617188,3.5408454289026025e-05,True
joint_09_75pct,left_hand_index_1_link,0.00023513635751693695,5.39433621553454e-05,True
joint_09_75pct,left_hand_middle_0_link,0.00015840151626966373,5.39433621553454e-05,True
joint_09_75pct,left_hand_middle_1_link,0.00019768624248238801,7.232425357033631e-05,True
joint_09_75pct,left_hand_palm_link,0.00014370159448672763,3.630295340289845e-05,True
joint_09_75pct,left_hand_thumb_0_link,0.00016049041769309352,3.5077526895278204e-05,True
joint_09_75pct,left_hand_thumb_1_link,0.00012377834115800374,2.3162298399097525e-05,True
joint_09_75pct,left_hand_thumb_2_link,0.00017120130796843851,1.9318692315611754e-05,True
joint_09_75pct,left_hip_pitch_link,6.006850115643548e-05,1.637821826586816e-05,True
joint_09_75pct,left_hip_roll_link,1.5032008690562124e-05,2.6231839250190885e-05,True
joint_09_75pct,left_hip_yaw_link,0.0001509087465742908,3.111299238319605e-05,True
joint_09_75pct,left_knee_link,0.00020248075126104177,1.0526028440638417e-05,True
joint_09_75pct,left_shoulder_pitch_link,0.00014064686163416925,1.8070981951380422e-05,True
joint_09_75pct,left_shoulder_roll_link,0.00013329281842477082,1.3004292747236516e-05,True
joint_09_75pct,left_shoulder_yaw_link,0.00018966056820057505,9.035490975690204e-06,True
joint_09_75pct,left_wrist_pitch_link,0.00018431718463976653,1.8390847172211968e-05,True
joint_09_75pct,left_wrist_roll_link,0.00012753339684474238,1.0799477313527668e-05,True
joint_09_75pct,left_wrist_yaw_link,0.00018907453925087332,3.622254809177215e-05,True
joint_09_75pct,logo_link,1.3881591393671054e-05,2.1052056881276854e-05,True
joint_09_75pct,mid360_link,0.00019561796638793648,2.1052056881276854e-05,True
joint_09_75pct,pelvis,0.0,0.0,True
joint_09_75pct,pelvis_contour_link,8.08070082201906e-10,0.0,True
joint_09_75pct,right_ankle_pitch_link,6.00973732952091e-05,1.0933637455190003e-05,True
joint_09_75pct,right_ankle_roll_link,4.767971387568937e-05,1.4080795695456205e-05,True
joint_09_75pct,right_elbow_link,4.917524301426145e-05,3.230831095393761e-05,True
joint_09_75pct,right_hand_camera_base_link,0.0001497548166084422,6.24598299526078e-05,True
joint_09_75pct,right_hand_index_0_link,0.00017943374184954607,7.296643490470553e-05,True
joint_09_75pct,right_hand_index_1_link,0.00022302015940987713,8.983711231435483e-05,True
joint_09_75pct,right_hand_middle_0_link,0.00021900144899933142,6.696546803342531e-05,True
joint_09_75pct,right_hand_middle_1_link,0.00027028258364226006,8.059912630214408e-05,True
joint_09_75pct,right_hand_palm_link,0.00014136482746161726,6.241313100779684e-05,True
joint_09_75pct,right_hand_thumb_0_link,0.0001497548166084422,6.137676548113681e-05,True
joint_09_75pct,right_hand_thumb_1_link,0.0001228781230931777,5.334548275147371e-05,True
joint_09_75pct,right_hand_thumb_2_link,0.0001399837004248495,5.345468549166031e-05,True
joint_09_75pct,right_hip_pitch_link,6.0075703877537314e-05,5.915117333884393e-06,True
joint_09_75pct,right_hip_roll_link,5.975180126150814e-05,4.517745487845101e-06,True
joint_09_75pct,right_hip_yaw_link,2.9802322387695312e-05,3.4150945850063755e-06,True
joint_09_75pct,right_knee_link,7.03872875410735e-05,8.365239156607494e-06,True
joint_09_75pct,right_shoulder_pitch_link,8.942077904701636e-05,1.7745352001653195e-05,True
joint_09_75pct,right_shoulder_roll_link,7.459541569689078e-05,2.0632372437402982e-05,True
joint_09_75pct,right_shoulder_yaw_link,6.241261986035418e-05,2.826493702772014e-05,True
joint_09_75pct,right_wrist_pitch_link,7.598131170262075e-05,5.378096330567109e-05,True
joint_09_75pct,right_wrist_roll_link,7.337970883992392e-05,3.8181918208328625e-05,True
joint_09_75pct,right_wrist_yaw_link,9.996002811937584e-05,6.259971776490284e-05,True
joint_09_75pct,torso_link,5.983788869933294e-05,2.1052056881276854e-05,True
joint_09_75pct,waist_roll_link,5.974563760387735e-05,2.173352885506323e-05,True
joint_09_75pct,waist_yaw_link,5.9670308071557674e-05,7.636383641665691e-06,True
joint_10_25pct,d435_link,0.00019318602657067367,2.200020789716329e-05,True
joint_10_25pct,head_link,0.00012000735127998719,2.1052056881276854e-05,True
joint_10_25pct,imu_in_pelvis,6.006850114687196e-05,0.0,True
joint_10_25pct,imu_in_torso,8.415499272642081e-05,2.1052056881276854e-05,True
joint_10_25pct,left_ankle_pitch_link,0.00020051788131284062,2.486226386113331e-05,True
joint_10_25pct,left_ankle_roll_link,0.0002222253538957869,3.0924996750400395e-05,True
joint_10_25pct,left_elbow_link,0.00018671101460071904,1.3445240826417657e-05,True
joint_10_25pct,left_hand_camera_base_link,0.0001959941750461743,3.630295340289845e-05,True
joint_10_25pct,left_hand_index_0_link,0.00017881393432617188,3.5408454289026025e-05,True
joint_10_25pct,left_hand_index_1_link,0.00023513635751693695,5.39433621553454e-05,True
joint_10_25pct,left_hand_middle_0_link,0.00015840151626966373,5.39433621553454e-05,True
joint_10_25pct,left_hand_middle_1_link,0.00019768624248238801,7.232425357033631e-05,True
joint_10_25pct,left_hand_palm_link,0.00014370159448672763,3.630295340289845e-05,True
joint_10_25pct,left_hand_thumb_0_link,0.00016049041769309352,3.5077526895278204e-05,True
joint_10_25pct,left_hand_thumb_1_link,0.00012377834115800374,2.3162298399097525e-05,True
joint_10_25pct,left_hand_thumb_2_link,0.00017120130796843851,1.9318692315611754e-05,True
joint_10_25pct,left_hip_pitch_link,7.029017216437026e-05,6.830189170012753e-06,True
joint_10_25pct,left_hip_roll_link,5.960646373703944e-05,1.322660445345283e-05,True
joint_10_25pct,left_hip_yaw_link,6.664001874625056e-05,1.8070981951380422e-05,True
joint_10_25pct,left_knee_link,0.00012065570608304177,2.656320193396619e-05,True
joint_10_25pct,left_shoulder_pitch_link,0.00014064686163416925,1.8070981951380422e-05,True
joint_10_25pct,left_shoulder_roll_link,0.00013329281842477082,1.3004292747236516e-05,True
joint_10_25pct,left_shoulder_yaw_link,0.00018966056820057505,9.035490975690204e-06,True
joint_10_25pct,left_wrist_pitch_link,0.00018431718463976653,1.8390847172211968e-05,True
joint_10_25pct,left_wrist_roll_link,0.00012753339684474238,1.0799477313527668e-05,True
joint_10_25pct,left_wrist_yaw_link,0.00018907453925087332,3.622254809177215e-05,True
joint_10_25pct,logo_link,1.3881591393671054e-05,2.1052056881276854e-05,True
joint_10_25pct,mid360_link,0.00019561796638793648,2.1052056881276854e-05,True
joint_10_25pct,pelvis,0.0,0.0,True
joint_10_25pct,pelvis_contour_link,8.08070082201906e-10,0.0,True
joint_10_25pct,right_ankle_pitch_link,0.0001800514157652046,1.637821826586816e-05,True
joint_10_25pct,right_ankle_roll_link,0.0001745726840773222,1.024528375501913e-05,True
joint_10_25pct,right_elbow_link,4.917524301426145e-05,3.230831095393761e-05,True
joint_10_25pct,right_hand_camera_base_link,0.0001497548166084422,6.24598299526078e-05,True
joint_10_25pct,right_hand_index_0_link,0.00017943374184954607,7.296643490470553e-05,True
joint_10_25pct,right_hand_index_1_link,0.00022302015940987713,8.983711231435483e-05,True
joint_10_25pct,right_hand_middle_0_link,0.00021900144899933142,6.696546803342531e-05,True
joint_10_25pct,right_hand_middle_1_link,0.00027028258364226006,8.059912630214408e-05,True
joint_10_25pct,right_hand_palm_link,0.00014136482746161726,6.241313100779684e-05,True
joint_10_25pct,right_hand_thumb_0_link,0.0001497548166084422,6.137676548113681e-05,True
joint_10_25pct,right_hand_thumb_1_link,0.0001228781230931777,5.334548275147371e-05,True
joint_10_25pct,right_hand_thumb_2_link,0.0001399837004248495,5.345468549166031e-05,True
joint_10_25pct,right_hip_pitch_link,6.143906155593904e-05,6.613302226726412e-06,True
joint_10_25pct,right_hip_roll_link,5.969370871449401e-05,1.3004292747236516e-05,True
joint_10_25pct,right_hip_yaw_link,6.757064591056502e-05,1.1066171232981565e-05,True
joint_10_25pct,right_knee_link,9.617906703460126e-05,2.450791418631552e-05,True
joint_10_25pct,right_shoulder_pitch_link,8.942077904701636e-05,1.7745352001653195e-05,True
joint_10_25pct,right_shoulder_roll_link,7.459541569689078e-05,2.0632372437402982e-05,True
joint_10_25pct,right_shoulder_yaw_link,6.241261986035418e-05,2.826493702772014e-05,True
joint_10_25pct,right_wrist_pitch_link,7.598131170262075e-05,5.378096330567109e-05,True
joint_10_25pct,right_wrist_roll_link,7.337970883992392e-05,3.8181918208328625e-05,True
joint_10_25pct,right_wrist_yaw_link,9.996002811937584e-05,6.259971776490284e-05,True
joint_10_25pct,torso_link,5.983788869933294e-05,2.1052056881276854e-05,True
joint_10_25pct,waist_roll_link,5.974563760387735e-05,2.173352885506323e-05,True
joint_10_25pct,waist_yaw_link,5.9670308071557674e-05,7.636383641665691e-06,True
joint_10_75pct,d435_link,0.00019318602657067367,2.200020789716329e-05,True
joint_10_75pct,head_link,0.00012000735127998719,2.1052056881276854e-05,True
joint_10_75pct,imu_in_pelvis,6.006850114687196e-05,0.0,True
joint_10_75pct,imu_in_torso,8.415499272642081e-05,2.1052056881276854e-05,True
joint_10_75pct,left_ankle_pitch_link,0.0001841665371404331,2.7533372779140136e-05,True
joint_10_75pct,left_ankle_roll_link,0.00019967695002641374,4.847750521061102e-05,True
joint_10_75pct,left_elbow_link,0.00018671101460071904,1.3445240826417657e-05,True
joint_10_75pct,left_hand_camera_base_link,0.0001959941750461743,3.630295340289845e-05,True
joint_10_75pct,left_hand_index_0_link,0.00017881393432617188,3.5408454289026025e-05,True
joint_10_75pct,left_hand_index_1_link,0.00023513635751693695,5.39433621553454e-05,True
joint_10_75pct,left_hand_middle_0_link,0.00015840151626966373,5.39433621553454e-05,True
joint_10_75pct,left_hand_middle_1_link,0.00019768624248238801,7.232425357033631e-05,True
joint_10_75pct,left_hand_palm_link,0.00014370159448672763,3.630295340289845e-05,True
joint_10_75pct,left_hand_thumb_0_link,0.00016049041769309352,3.5077526895278204e-05,True
joint_10_75pct,left_hand_thumb_1_link,0.00012377834115800374,2.3162298399097525e-05,True
joint_10_75pct,left_hand_thumb_2_link,0.00017120130796843851,1.9318692315611754e-05,True
joint_10_75pct,left_hip_pitch_link,6.006850115643548e-05,5.122641877509564e-06,True
joint_10_75pct,left_hip_roll_link,6.015687833757763e-05,1.1952831047522321e-05,True
joint_10_75pct,left_hip_yaw_link,3.332000937312528e-05,1.4286365630539068e-05,True
joint_10_75pct,left_knee_link,6.664001874625056e-05,2.146353664868225e-05,True
joint_10_75pct,left_shoulder_pitch_link,0.00014064686163416925,1.8070981951380422e-05,True
joint_10_75pct,left_shoulder_roll_link,0.00013329281842477082,1.3004292747236516e-05,True
joint_10_75pct,left_shoulder_yaw_link,0.00018966056820057505,9.035490975690204e-06,True
joint_10_75pct,left_wrist_pitch_link,0.00018431718463976653,1.8390847172211968e-05,True
joint_10_75pct,left_wrist_roll_link,0.00012753339684474238,1.0799477313527668e-05,True
joint_10_75pct,left_wrist_yaw_link,0.00018907453925087332,3.622254809177215e-05,True
joint_10_75pct,logo_link,1.3881591393671054e-05,2.1052056881276854e-05,True
joint_10_75pct,mid360_link,0.00019561796638793648,2.1052056881276854e-05,True
joint_10_75pct,pelvis,0.0,0.0,True
joint_10_75pct,pelvis_contour_link,8.08070082201906e-10,0.0,True
joint_10_75pct,right_ankle_pitch_link,0.00020171681598843462,3.565463422438738e-05,True
joint_10_75pct,right_ankle_roll_link,0.00018907453925087332,2.784925354712232e-05,True
joint_10_75pct,right_elbow_link,4.917524301426145e-05,3.230831095393761e-05,True
joint_10_75pct,right_hand_camera_base_link,0.0001497548166084422,6.24598299526078e-05,True
joint_10_75pct,right_hand_index_0_link,0.00017943374184954607,7.296643490470553e-05,True
joint_10_75pct,right_hand_index_1_link,0.00022302015940987713,8.983711231435483e-05,True
joint_10_75pct,right_hand_middle_0_link,0.00021900144899933142,6.696546803342531e-05,True
joint_10_75pct,right_hand_middle_1_link,0.00027028258364226006,8.059912630214408e-05,True
joint_10_75pct,right_hand_palm_link,0.00014136482746161726,6.241313100779684e-05,True
joint_10_75pct,right_hand_thumb_0_link,0.0001497548166084422,6.137676548113681e-05,True
joint_10_75pct,right_hand_thumb_1_link,0.0001228781230931777,5.334548275147371e-05,True
joint_10_75pct,right_hand_thumb_2_link,0.0001399837004248495,5.345468549166031e-05,True
joint_10_75pct,right_hip_pitch_link,6.006850115643548e-05,1.6108968939569427e-05,True
joint_10_75pct,right_hip_roll_link,1.5955695617137865e-05,1.546249837520016e-05,True
joint_10_75pct,right_hip_yaw_link,0.0001382378884798249,1.3872179782028061e-05,True
joint_10_75pct,right_knee_link,0.00014467609844454667,4.026337134929288e-05,True
joint_10_75pct,right_shoulder_pitch_link,8.942077904701636e-05,1.7745352001653195e-05,True
joint_10_75pct,right_shoulder_roll_link,7.459541569689078e-05,2.0632372437402982e-05,True
joint_10_75pct,right_shoulder_yaw_link,6.241261986035418e-05,2.826493702772014e-05,True
joint_10_75pct,right_wrist_pitch_link,7.598131170262075e-05,5.378096330567109e-05,True
joint_10_75pct,right_wrist_roll_link,7.337970883992392e-05,3.8181918208328625e-05,True
joint_10_75pct,right_wrist_yaw_link,9.996002811937584e-05,6.259971776490284e-05,True
joint_10_75pct,torso_link,5.983788869933294e-05,2.1052056881276854e-05,True
joint_10_75pct,waist_roll_link,5.974563760387735e-05,2.173352885506323e-05,True
joint_10_75pct,waist_yaw_link,5.9670308071557674e-05,7.636383641665691e-06,True
joint_11_25pct,d435_link,0.00013850116316244977,1.366037834002551e-05,True
joint_11_25pct,head_link,5.996939506377103e-05,1.2663509647306442e-05,True
joint_11_25pct,imu_in_pelvis,6.006850114687196e-05,0.0,True
joint_11_25pct,imu_in_torso,0.0001240583196680748,1.2891699348793908e-05,True
joint_11_25pct,left_ankle_pitch_link,0.00020051788131284062,2.486226386113331e-05,True
joint_11_25pct,left_ankle_roll_link,0.0002222253538957869,3.0924996750400395e-05,True
joint_11_25pct,left_elbow_link,0.00014994004217906378,3.901287824170972e-05,True
joint_11_25pct,left_hand_camera_base_link,0.00015739075969366438,4.694978832367688e-05,True
joint_11_25pct,left_hand_index_0_link,0.0002735489569706592,4.472339858182306e-05,True
joint_11_25pct,left_hand_index_1_link,0.0002899754009704656,5.329079746518632e-05,True
joint_11_25pct,left_hand_middle_0_link,0.0003756801620027753,5.6426623057732664e-05,True
joint_11_25pct,left_hand_middle_1_link,0.0003921476338044028,6.352443131969697e-05,True
joint_11_25pct,left_hand_palm_link,0.00025912199223755266,4.799392698401182e-05,True
joint_11_25pct,left_hand_thumb_0_link,0.00036852611974488896,4.895630700474638e-05,True
joint_11_25pct,left_hand_thumb_1_link,0.00025416917517101533,6.012894492345132e-05,True
joint_11_25pct,left_hand_thumb_2_link,0.00013265381615433736,5.9151173338844583e-05,True
joint_11_25pct,left_hip_pitch_link,7.029017216437026e-05,6.830189170012753e-06,True
joint_11_25pct,left_hip_roll_link,5.960646373703944e-05,1.322660445345283e-05,True
joint_11_25pct,left_hip_yaw_link,6.664001874625056e-05,1.8070981951380422e-05,True
joint_11_25pct,left_knee_link,0.00012065570608304177,2.656320193396619e-05,True
joint_11_25pct,left_shoulder_pitch_link,0.00012128876084703774,4.5945398631873294e-05,True
joint_11_25pct,left_shoulder_roll_link,2.609365754969772e-05,3.923644957484402e-05,True
joint_11_25pct,left_shoulder_yaw_link,0.00012377834115800374,3.4150945850063884e-05,True
joint_11_25pct,left_wrist_pitch_link,0.0002425733297482089,3.5077526895278204e-05,True
joint_11_25pct,left_wrist_roll_link,0.000250038865127412,3.363478094741179e-05,True
joint_11_25pct,left_wrist_yaw_link,0.00036684180292379003,4.694978832367688e-05,True
joint_11_25pct,logo_link,6.013465714370032e-05,1.2891699348793908e-05,True
joint_11_25pct,mid360_link,0.0002520843693793523,1.2778113880520799e-05,True
joint_11_25pct,pelvis,0.0,0.0,True
joint_11_25pct,pelvis_contour_link,8.08070082201906e-10,0.0,True
joint_11_25pct,right_ankle_pitch_link,0.0001575670091998324,2.826493702772014e-05,True
joint_11_25pct,right_ankle_roll_link,0.00018816404051966634,3.2845327974765986e-05,True
joint_11_25pct,right_elbow_link,7.981711574295844e-05,4.426468493192651e-05,True
joint_11_25pct,right_hand_camera_base_link,0.00024800474907596767,6.208525488077278e-05,True
joint_11_25pct,right_hand_index_0_link,0.0002751676039788036,6.434531229010985e-05,True
joint_11_25pct,right_hand_index_1_link,0.0002827296549232345,7.384031557335447e-05,True
joint_11_25pct,right_hand_middle_0_link,0.00032098083538618704,7.22032087096515e-05,True
joint_11_25pct,right_hand_middle_1_link,0.0003601028315304092,8.19978362254e-05,True
joint_11_25pct,right_hand_palm_link,0.00024027400458748784,6.203827397742663e-05,True
joint_11_25pct,right_hand_thumb_0_link,0.00024027400458748784,6.370776339301183e-05,True
joint_11_25pct,right_hand_thumb_1_link,0.0002546311540996292,6.731289172984525e-05,True
joint_11_25pct,right_hand_thumb_2_link,0.00025474013384101926,6.528996369634032e-05,True
joint_11_25pct,right_hip_pitch_link,5.960464478502858e-05,1.846994795519987e-05,True
joint_11_25pct,right_hip_roll_link,6.156774833826409e-05,2.2653174724081298e-05,True
joint_11_25pct,right_hip_yaw_link,0.0001341104507446289,2.3783381691638923e-05,True
joint_11_25pct,right_knee_link,0.00017958835949292705,1.1581149199548747e-05,True
joint_11_25pct,right_shoulder_pitch_link,3.1713200895230294e-05,1.0799477313527668e-05,True
joint_11_25pct,right_shoulder_roll_link,2.8070644475519657e-05,3.0354024625058453e-05,True
joint_11_25pct,right_shoulder_yaw_link,4.7706993203109864e-05,3.741048680443488e-05,True
joint_11_25pct,right_wrist_pitch_link,0.0001737759081973225,5.580310532176688e-05,True
joint_11_25pct,right_wrist_roll_link,0.00016542973601203054,5.128330543201934e-05,True
joint_11_25pct,right_wrist_yaw_link,0.00020047462056687042,6.255312325322552e-05,True
joint_11_25pct,torso_link,5.975619882857897e-05,1.2778113880520799e-05,True
joint_11_25pct,waist_roll_link,5.968495975283233e-05,1.5742808176163252e-05,True
joint_11_25pct,waist_yaw_link,5.960521328248411e-05,1.4688877218970407e-05,True
joint_11_75pct,d435_link,0.00016606816016647889,2.3099271619960245e-05,True
joint_11_75pct,head_link,6.227718910572365e-05,1.8070981951380422e-05,True
joint_11_75pct,imu_in_pelvis,6.006850114687196e-05,0.0,True
joint_11_75pct,imu_in_torso,3.102244442990846e-05,1.790890709046331e-05,True
joint_11_75pct,left_ankle_pitch_link,0.0001841665371404331,2.7533372779140136e-05,True
joint_11_75pct,left_ankle_roll_link,0.00019967695002641374,4.847750521061102e-05,True
joint_11_75pct,left_elbow_link,0.00013075715880680268,2.967400819492987e-05,True
joint_11_75pct,left_hand_camera_base_link,0.00016924465733171324,4.877730711105492e-05,True
joint_11_75pct,left_hand_index_0_link,0.00015575099706923123,6.0419190913823594e-05,True
joint_11_75pct,left_hand_index_1_link,0.00019375091230788594,6.429998272316635e-05,True
joint_11_75pct,left_hand_middle_0_link,0.00020754915888881862,5.755219692565517e-05,True
joint_11_75pct,left_hand_middle_1_link,0.00021696418193818684,6.58236780012837e-05,True
joint_11_75pct,left_hand_palm_link,0.0001341104507446289,5.399738656763882e-05,True
joint_11_75pct,left_hand_thumb_0_link,0.00014542953145461632,5.1055378502021736e-05,True
joint_11_75pct,left_hand_thumb_1_link,0.00014919776018337003,4.2034806532417984e-05,True
joint_11_75pct,left_hand_thumb_2_link,0.0001739355553676002,4.5626992864754896e-05,True
joint_11_75pct,left_hip_pitch_link,6.006850115643548e-05,5.122641877509564e-06,True
joint_11_75pct,left_hip_roll_link,6.015687833757763e-05,1.1952831047522321e-05,True
joint_11_75pct,left_hip_yaw_link,3.332000937312528e-05,1.4286365630539068e-05,True
joint_11_75pct,left_knee_link,6.664001874625056e-05,2.146353664868225e-05,True
joint_11_75pct,left_shoulder_pitch_link,7.315282470219382e-05,3.120656550389813e-05,True
joint_11_75pct,left_shoulder_roll_link,7.337970883992392e-05,2.5211633640790224e-05,True
joint_11_75pct,left_shoulder_yaw_link,8.688795409866125e-05,1.9913252241518875e-05,True
joint_11_75pct,left_wrist_pitch_link,0.0001475139697881291,5.03654092392533e-05,True
joint_11_75pct,left_wrist_roll_link,0.000137381918091966,3.3893845988869204e-05,True
joint_11_75pct,left_wrist_yaw_link,0.00016924465733171324,5.1055378502021736e-05,True
joint_11_75pct,logo_link,1.5959626370076087e-05,1.790890709046331e-05,True
joint_11_75pct,mid360_link,0.00016428828018896124,1.8070981951380422e-05,True
joint_11_75pct,pelvis,0.0,0.0,True
joint_11_75pct,pelvis_contour_link,8.08070082201906e-10,0.0,True
joint_11_75pct,right_ankle_pitch_link,0.0001575670091998324,2.826493702772014e-05,True
joint_11_75pct,right_ankle_roll_link,0.00018816404051966634,3.2845327974765986e-05,True
joint_11_75pct,right_elbow_link,0.00010242854867031813,3.2845327974765986e-05,True
joint_11_75pct,right_hand_camera_base_link,0.00020047462056687042,6.128168135668217e-05,True
joint_11_75pct,right_hand_index_0_link,0.00021490760299348766,7.520965660672863e-05,True
joint_11_75pct,right_hand_index_1_link,0.00026320698458933377,7.655450796544577e-05,True
joint_11_75pct,right_hand_middle_0_link,0.0002563692708922215,6.919254696550605e-05,True
joint_11_75pct,right_hand_middle_1_link,0.00028740318897345525,8.75357427747264e-05,True
joint_11_75pct,right_hand_palm_link,0.00021178529267835462,6.113877790212294e-05,True
joint_11_75pct,right_hand_thumb_0_link,0.00020047462056687042,5.750151246234417e-05,True
joint_11_75pct,right_hand_thumb_1_link,0.0001837138534477048,4.607214479993616e-05,True
joint_11_75pct,right_hand_thumb_2_link,0.0001802055034406159,3.908754410569609e-05,True
joint_11_75pct,right_hip_pitch_link,5.960464478502858e-05,1.846994795519987e-05,True
joint_11_75pct,right_hip_roll_link,6.156774833826409e-05,2.2653174724081298e-05,True
joint_11_75pct,right_hip_yaw_link,0.0001341104507446289,2.3783381691638923e-05,True
joint_11_75pct,right_knee_link,0.00017958835949292705,1.1581149199548747e-05,True
joint_11_75pct,right_shoulder_pitch_link,8.329408611169866e-05,1.53679256325287e-05,True
joint_11_75pct,right_shoulder_roll_link,0.00015196746430875472,1.637821826586816e-05,True
joint_11_75pct,right_shoulder_yaw_link,8.470204735353039e-05,2.8877244990729382e-05,True
joint_11_75pct,right_wrist_pitch_link,0.00014675941767984784,5.480136210733337e-05,True
joint_11_75pct,right_wrist_roll_link,0.00013657139822709083,3.9826504483037906e-05,True
joint_11_75pct,right_wrist_yaw_link,0.00017184857420132752,6.104332307747159e-05,True
joint_11_75pct,torso_link,5.981938335840584e-05,1.8070981951380422e-05,True
joint_11_75pct,waist_roll_link,3.8144417125736496e-06,1.322660445345283e-05,True
joint_11_75pct,waist_yaw_link,1.1674421104831892e-06,1.4886052178675776e-05,True
joint_12_25pct,d435_link,0.00017088690703091788,2.2653174724081298e-05,True
joint_12_25pct,head_link,0.00012051930251641836,2.091309789151876e-05,True
joint_12_25pct,imu_in_pelvis,6.006850114687196e-05,0.0,True
joint_12_25pct,imu_in_torso,7.377021339655824e-05,2.0843270992435696e-05,True
joint_12_25pct,left_ankle_pitch_link,0.00020051788131284062,2.486226386113331e-05,True
joint_12_25pct,left_ankle_roll_link,0.0002222253538957869,3.0924996750400395e-05,True
joint_12_25pct,left_elbow_link,2.4587621507130723e-05,3.8105477854964984e-05,True
joint_12_25pct,left_hand_camera_base_link,0.00017881393432617188,5.978854379412121e-05,True
joint_12_25pct,left_hand_index_0_link,0.0001999200562387517,7.75008295287106e-05,True
joint_12_25pct,left_hand_index_1_link,0.00024755668231600747,9.016108419991803e-05,True
joint_12_25pct,left_hand_middle_0_link,0.0002112604212575827,6.189711731220962e-05,True
joint_12_25pct,left_hand_middle_1_link,0.0002751676039788036,7.22032087096515e-05,True
joint_12_25pct,left_hand_palm_link,0.00014600096599955427,6.037091348628736e-05,True
joint_12_25pct,left_hand_thumb_0_link,0.00017184857420132752,5.8656175738274446e-05,True
joint_12_25pct,left_hand_thumb_1_link,0.00015840151626966373,5.580310532176688e-05,True
joint_12_25pct,left_hand_thumb_2_link,0.00017694148550984138,5.0075116278208596e-05,True
joint_12_25pct,left_hip_pitch_link,7.029017216437026e-05,6.830189170012753e-06,True
joint_12_25pct,left_hip_roll_link,5.960646373703944e-05,1.322660445345283e-05,True
joint_12_25pct,left_hip_yaw_link,6.664001874625056e-05,1.8070981951380422e-05,True
joint_12_25pct,left_knee_link,0.00012065570608304177,2.656320193396619e-05,True
joint_12_25pct,left_shoulder_pitch_link,0.0001702568236067726,2.5211633640790224e-05,True
joint_12_25pct,left_shoulder_roll_link,0.00011541627429784641,3.221793787913893e-05,True
joint_12_25pct,left_shoulder_yaw_link,6.373991364009138e-05,3.8258205833255786e-05,True
joint_12_25pct,left_wrist_pitch_link,8.940696716308594e-05,4.805464038840503e-05,True
joint_12_25pct,left_wrist_roll_link,7.77863451012265e-05,3.923644957484402e-05,True
joint_12_25pct,left_wrist_yaw_link,0.00011151007970493857,6.0419190913823594e-05,True
joint_12_25pct,logo_link,6.235846001729445e-05,2.0843270992435696e-05,True
joint_12_25pct,mid360_link,0.00017098451597903129,2.1052056881276854e-05,True
joint_12_25pct,pelvis,0.0,0.0,True
joint_12_25pct,pelvis_contour_link,8.08070082201906e-10,0.0,True
joint_12_25pct,right_ankle_pitch_link,0.0001575670091998324,2.826493702772014e-05,True
joint_12_25pct,right_ankle_roll_link,0.00018816404051966634,3.2845327974765986e-05,True
joint_12_25pct,right_elbow_link,0.00021696418193818684,4.419876578152893e-05,True
joint_12_25pct,right_hand_camera_base_link,0.00037373778814250576,6.944492183484249e-05,True
joint_12_25pct,right_hand_index_0_link,0.00039452917262535473,7.81377820349852e-05,True
joint_12_25pct,right_hand_index_1_link,0.00045480884288984214,8.417359530998e-05,True
joint_12_25pct,right_hand_middle_0_link,0.0004752850806433275,7.795098334072192e-05,True
joint_12_25pct,right_hand_middle_1_link,0.0005112782809732338,7.704804573440534e-05,True
joint_12_25pct,right_hand_palm_link,0.0003755020553530258,7.08169085780529e-05,True
joint_12_25pct,right_hand_thumb_0_link,0.00037150316250163305,6.787366245233407e-05,True
joint_12_25pct,right_hand_thumb_1_link,0.0004346419321100161,7.63256449481947e-05,True
joint_12_25pct,right_hand_thumb_2_link,0.00037150316250163305,7.31260990669659e-05,True
joint_12_25pct,right_hip_pitch_link,5.960464478502858e-05,1.846994795519987e-05,True
joint_12_25pct,right_hip_roll_link,6.156774833826409e-05,2.2653174724081298e-05,True
joint_12_25pct,right_hip_yaw_link,0.0001341104507446289,2.3783381691638923e-05,True
joint_12_25pct,right_knee_link,0.00017958835949292705,1.1581149199548747e-05,True
joint_12_25pct,right_shoulder_pitch_link,0.00014530663518330883,1.9913252241518875e-05,True
joint_12_25pct,right_shoulder_roll_link,0.00010928267827227849,3.55727635440738e-05,True
joint_12_25pct,right_shoulder_yaw_link,0.00018401576631111604,3.908754410569609e-05,True
joint_12_25pct,right_wrist_pitch_link,0.0003075565016351684,6.259971776490284e-05,True
joint_12_25pct,right_wrist_roll_link,0.0002772777388383209,5.334548275147371e-05,True
joint_12_25pct,right_wrist_yaw_link,0.00031327897372288466,6.910821719990482e-05,True
joint_12_25pct,torso_link,8.010893972337922e-06,2.0843270992435696e-05,True
joint_12_25pct,waist_roll_link,6.171491953273733e-06,1.5649929441225527e-05,True
joint_12_25pct,waist_yaw_link,2.8510433328236124e-06,5.915117333884393e-06,True
joint_12_75pct,d435_link,0.0002448298082115464,3.3936831226166655e-05,True
joint_12_75pct,head_link,6.397793369227482e-05,2.9128574751183414e-05,True
joint_12_75pct,imu_in_pelvis,6.006850114687196e-05,0.0,True
joint_12_75pct,imu_in_torso,0.00013683233286271258,2.9128574751183414e-05,True
joint_12_75pct,left_ankle_pitch_link,0.0001841665371404331,2.7533372779140136e-05,True
joint_12_75pct,left_ankle_roll_link,0.00019967695002641374,4.847750521061102e-05,True
joint_12_75pct,left_elbow_link,0.00024045443113884796,2.450791418631552e-05,True
joint_12_75pct,left_hand_camera_base_link,0.00019082797281243946,4.189584811402282e-05,True
joint_12_75pct,left_hand_index_0_link,0.00019082797281243946,4.419876578152893e-05,True
joint_12_75pct,left_hand_index_1_link,0.0001737759081973225,4.7750301415777234e-05,True
joint_12_75pct,left_hand_middle_0_link,0.00014370159448672763,5.094103260594708e-05,True
joint_12_75pct,left_hand_middle_1_link,0.00012377834115800374,5.383515068798647e-05,True
joint_12_75pct,left_hand_palm_link,0.00018671101460071904,4.154641875820248e-05,True
joint_12_75pct,left_hand_thumb_0_link,0.00018431718463976653,3.8028883852184735e-05,True
joint_12_75pct,left_hand_thumb_1_link,0.00019082797281243946,3.083056905897141e-05,True
joint_12_75pct,left_hand_thumb_2_link,0.00013657139822709083,2.5211633640790224e-05,True
joint_12_75pct,left_hip_pitch_link,6.006850115643548e-05,5.122641877509564e-06,True
joint_12_75pct,left_hip_roll_link,6.015687833757763e-05,1.1952831047522321e-05,True
joint_12_75pct,left_hip_yaw_link,3.332000937312528e-05,1.4286365630539068e-05,True
joint_12_75pct,left_knee_link,6.664001874625056e-05,2.146353664868225e-05,True
joint_12_75pct,left_shoulder_pitch_link,0.00016772647272743387,3.363478094741179e-05,True
joint_12_75pct,left_shoulder_roll_link,0.00016119146448612164,3.0354024625058453e-05,True
joint_12_75pct,left_shoulder_yaw_link,0.00024285812655674578,2.5441881649397815e-05,True
joint_12_75pct,left_wrist_pitch_link,0.0002388837865275353,3.5695499148085755e-05,True
joint_12_75pct,left_wrist_roll_link,0.00017943374184954607,1.9318692315611754e-05,True
joint_12_75pct,left_wrist_yaw_link,0.0002443972150513042,4.2034806532417984e-05,True
joint_12_75pct,logo_link,6.386094137189278e-05,2.9128574751183414e-05,True
joint_12_75pct,mid360_link,0.00024044191841742087,2.92783370481263e-05,True
joint_12_75pct,pelvis,0.0,0.0,True
joint_12_75pct,pelvis_contour_link,8.08070082201906e-10,0.0,True
joint_12_75pct,right_ankle_pitch_link,0.0001575670091998324,2.826493702772014e-05,True
joint_12_75pct,right_ankle_roll_link,0.00018816404051966634,3.2845327974765986e-05,True
joint_12_75pct,right_elbow_link,0.00013328003749250113,2.826493702772014e-05,True
joint_12_75pct,right_hand_camera_base_link,0.00014694841893997805,5.03654092392533e-05,True
joint_12_75pct,right_hand_index_0_link,0.0001359603374518056,5.082642946278661e-05,True
joint_12_75pct,right_hand_index_1_link,0.00017772406998092774,5.442765143043729e-05,True
joint_12_75pct,right_hand_middle_0_link,0.0001228781230931777,4.9665855692721344e-05,True
joint_12_75pct,right_hand_middle_1_link,0.00014600096599955427,5.8056607945109e-05,True
joint_12_75pct,right_hand_palm_link,0.00014057727354849282,4.805464038840503e-05,True
joint_12_75pct,right_hand_thumb_0_link,9.541398640621973e-05,3.686087999978983e-05,True
joint_12_75pct,right_hand_thumb_1_link,8.971687092477303e-05,3.157808532191534e-05,True
joint_12_75pct,right_hand_thumb_2_link,7.670842216154189e-05,3.025781511322959e-05,True
joint_12_75pct,right_hip_pitch_link,5.960464478502858e-05,1.846994795519987e-05,True
joint_12_75pct,right_hip_roll_link,6.156774833826409e-05,2.2653174724081298e-05,True
joint_12_75pct,right_hip_yaw_link,0.0001341104507446289,2.3783381691638923e-05,True
joint_12_75pct,right_knee_link,0.00017958835949292705,1.1581149199548747e-05,True
joint_12_75pct,right_shoulder_pitch_link,0.00012439300298619236,2.689048165283536e-05,True
joint_12_75pct,right_shoulder_roll_link,0.00014258667237315058,4.154641875820248e-05,True
joint_12_75pct,right_shoulder_yaw_link,7.598131170262075e-05,2.7106472927070668e-05,True
joint_12_75pct,right_wrist_pitch_link,9.996002811937584e-05,3.848616141051972e-05,True
joint_12_75pct,right_wrist_roll_link,0.0001475139697881291,4.651303661396636e-05,True
joint_12_75pct,right_wrist_yaw_link,0.0001264405455326821,4.81152771827327e-05,True
joint_12_75pct,torso_link,5.981807645116646e-05,2.9128574751183414e-05,True
joint_12_75pct,waist_roll_link,5.975249465544795e-05,2.2781522350186035e-05,True
joint_12_75pct,waist_yaw_link,5.961233435497501e-05,3.4150945850063755e-06,True
joint_13_25pct,d435_link,0.00019318602657067367,2.200020789716329e-05,True
joint_13_25pct,head_link,0.00012000735127998719,2.1052056881276854e-05,True
joint_13_25pct,imu_in_pelvis,6.006850114687196e-05,0.0,True
joint_13_25pct,imu_in_torso,8.415499272642081e-05,2.1052056881276854e-05,True
joint_13_25pct,left_ankle_pitch_link,0.0003235860148553396,5.03654092392533e-05,True
joint_13_25pct,left_ankle_roll_link,0.0003609112305874486,5.6941005829034584e-05,True
joint_13_25pct,left_elbow_link,0.00018671101460071904,1.3445240826417657e-05,True
joint_13_25pct,left_hand_camera_base_link,0.0001959941750461743,3.630295340289845e-05,True
joint_13_25pct,left_hand_index_0_link,0.00017881393432617188,3.5408454289026025e-05,True
joint_13_25pct,left_hand_index_1_link,0.00023513635751693695,5.39433621553454e-05,True
joint_13_25pct,left_hand_middle_0_link,0.00015840151626966373,5.39433621553454e-05,True
joint_13_25pct,left_hand_middle_1_link,0.00019768624248238801,7.232425357033631e-05,True
joint_13_25pct,left_hand_palm_link,0.00014370159448672763,3.630295340289845e-05,True
joint_13_25pct,left_hand_thumb_0_link,0.00016049041769309352,3.5077526895278204e-05,True
joint_13_25pct,left_hand_thumb_1_link,0.00012377834115800374,2.3162298399097525e-05,True
joint_13_25pct,left_hand_thumb_2_link,0.00017120130796843851,1.9318692315611754e-05,True
joint_13_25pct,left_hip_pitch_link,6.0075703877537314e-05,3.0112924503574538e-05,True
joint_13_25pct,left_hip_roll_link,6.322027276634104e-05,2.92783370481263e-05,True
joint_13_25pct,left_hip_yaw_link,0.0001537782508175842,3.3460956626430084e-05,True
joint_13_25pct,left_knee_link,0.0002272121709879772,2.805786510332611e-05,True
joint_13_25pct,left_shoulder_pitch_link,0.00014064686163416925,1.8070981951380422e-05,True
joint_13_25pct,left_shoulder_roll_link,0.00013329281842477082,1.3004292747236516e-05,True
joint_13_25pct,left_shoulder_yaw_link,0.00018966056820057505,9.035490975690204e-06,True
joint_13_25pct,left_wrist_pitch_link,0.00018431718463976653,1.8390847172211968e-05,True
joint_13_25pct,left_wrist_roll_link,0.00012753339684474238,1.0799477313527668e-05,True
joint_13_25pct,left_wrist_yaw_link,0.00018907453925087332,3.622254809177215e-05,True
joint_13_25pct,logo_link,1.3881591393671054e-05,2.1052056881276854e-05,True
joint_13_25pct,mid360_link,0.00019561796638793648,2.1052056881276854e-05,True
joint_13_25pct,pelvis,0.0,0.0,True
joint_13_25pct,pelvis_contour_link,8.08070082201906e-10,0.0,True
joint_13_25pct,right_ankle_pitch_link,0.0001575670091998324,2.826493702772014e-05,True
joint_13_25pct,right_ankle_roll_link,0.00018816404051966634,3.2845327974765986e-05,True
joint_13_25pct,right_elbow_link,4.917524301426145e-05,3.230831095393761e-05,True
joint_13_25pct,right_hand_camera_base_link,0.0001497548166084422,6.24598299526078e-05,True
joint_13_25pct,right_hand_index_0_link,0.00017943374184954607,7.296643490470553e-05,True
joint_13_25pct,right_hand_index_1_link,0.00022302015940987713,8.983711231435483e-05,True
joint_13_25pct,right_hand_middle_0_link,0.00021900144899933142,6.696546803342531e-05,True
joint_13_25pct,right_hand_middle_1_link,0.00027028258364226006,8.059912630214408e-05,True
joint_13_25pct,right_hand_palm_link,0.00014136482746161726,6.241313100779684e-05,True
joint_13_25pct,right_hand_thumb_0_link,0.0001497548166084422,6.137676548113681e-05,True
joint_13_25pct,right_hand_thumb_1_link,0.0001228781230931777,5.334548275147371e-05,True
joint_13_25pct,right_hand_thumb_2_link,0.0001399837004248495,5.345468549166031e-05,True
joint_13_25pct,right_hip_pitch_link,5.960464478502858e-05,1.846994795519987e-05,True
joint_13_25pct,right_hip_roll_link,6.156774833826409e-05,2.2653174724081298e-05,True
joint_13_25pct,right_hip_yaw_link,0.0001341104507446289,2.3783381691638923e-05,True
joint_13_25pct,right_knee_link,0.00017958835949292705,1.1581149199548747e-05,True
joint_13_25pct,right_shoulder_pitch_link,8.942077904701636e-05,1.7745352001653195e-05,True
joint_13_25pct,right_shoulder_roll_link,7.459541569689078e-05,2.0632372437402982e-05,True
joint_13_25pct,right_shoulder_yaw_link,6.241261986035418e-05,2.826493702772014e-05,True
joint_13_25pct,right_wrist_pitch_link,7.598131170262075e-05,5.378096330567109e-05,True
joint_13_25pct,right_wrist_roll_link,7.337970883992392e-05,3.8181918208328625e-05,True
joint_13_25pct,right_wrist_yaw_link,9.996002811937584e-05,6.259971776490284e-05,True
joint_13_25pct,torso_link,5.983788869933294e-05,2.1052056881276854e-05,True
joint_13_25pct,waist_roll_link,5.974563760387735e-05,2.173352885506323e-05,True
joint_13_25pct,waist_yaw_link,5.9670308071557674e-05,7.636383641665691e-06,True
joint_13_75pct,d435_link,0.00019318602657067367,2.200020789716329e-05,True
joint_13_75pct,head_link,0.00012000735127998719,2.1052056881276854e-05,True
joint_13_75pct,imu_in_pelvis,6.006850114687196e-05,0.0,True
joint_13_75pct,imu_in_torso,8.415499272642081e-05,2.1052056881276854e-05,True
joint_13_75pct,left_ankle_pitch_link,9.268882356991665e-05,4.140582133719097e-05,True
joint_13_75pct,left_ankle_roll_link,0.00011685779051004441,3.7449435786149456e-05,True
joint_13_75pct,left_elbow_link,0.00018671101460071904,1.3445240826417657e-05,True
joint_13_75pct,left_hand_camera_base_link,0.0001959941750461743,3.630295340289845e-05,True
joint_13_75pct,left_hand_index_0_link,0.00017881393432617188,3.5408454289026025e-05,True
joint_13_75pct,left_hand_index_1_link,0.00023513635751693695,5.39433621553454e-05,True
joint_13_75pct,left_hand_middle_0_link,0.00015840151626966373,5.39433621553454e-05,True
joint_13_75pct,left_hand_middle_1_link,0.00019768624248238801,7.232425357033631e-05,True
joint_13_75pct,left_hand_palm_link,0.00014370159448672763,3.630295340289845e-05,True
joint_13_75pct,left_hand_thumb_0_link,0.00016049041769309352,3.5077526895278204e-05,True
joint_13_75pct,left_hand_thumb_1_link,0.00012377834115800374,2.3162298399097525e-05,True
joint_13_75pct,left_hand_thumb_2_link,0.00017120130796843851,1.9318692315611754e-05,True
joint_13_75pct,left_hip_pitch_link,6.0075703877537314e-05,5.399738656763832e-06,True
joint_13_75pct,left_hip_roll_link,1.8083013444158807e-05,7.2445096183544e-06,True
joint_13_75pct,left_hip_yaw_link,2.2351741790771484e-05,7.636383641665691e-06,True
joint_13_75pct,left_knee_link,4.231116433292831e-05,2.119010463505988e-05,True
joint_13_75pct,left_shoulder_pitch_link,0.00014064686163416925,1.8070981951380422e-05,True
joint_13_75pct,left_shoulder_roll_link,0.00013329281842477082,1.3004292747236516e-05,True
joint_13_75pct,left_shoulder_yaw_link,0.00018966056820057505,9.035490975690204e-06,True
joint_13_75pct,left_wrist_pitch_link,0.00018431718463976653,1.8390847172211968e-05,True
joint_13_75pct,left_wrist_roll_link,0.00012753339684474238,1.0799477313527668e-05,True
joint_13_75pct,left_wrist_yaw_link,0.00018907453925087332,3.622254809177215e-05,True
joint_13_75pct,logo_link,1.3881591393671054e-05,2.1052056881276854e-05,True
joint_13_75pct,mid360_link,0.00019561796638793648,2.1052056881276854e-05,True
joint_13_75pct,pelvis,0.0,0.0,True
joint_13_75pct,pelvis_contour_link,8.08070082201906e-10,0.0,True
joint_13_75pct,right_ankle_pitch_link,0.0001575670091998324,2.826493702772014e-05,True
joint_13_75pct,right_ankle_roll_link,0.00018816404051966634,3.2845327974765986e-05,True
joint_13_75pct,right_elbow_link,4.917524301426145e-05,3.230831095393761e-05,True
joint_13_75pct,right_hand_camera_base_link,0.0001497548166084422,6.24598299526078e-05,True
joint_13_75pct,right_hand_index_0_link,0.00017943374184954607,7.296643490470553e-05,True
joint_13_75pct,right_hand_index_1_link,0.00022302015940987713,8.983711231435483e-05,True
joint_13_75pct,right_hand_middle_0_link,0.00021900144899933142,6.696546803342531e-05,True
joint_13_75pct,right_hand_middle_1_link,0.00027028258364226006,8.059912630214408e-05,True
joint_13_75pct,right_hand_palm_link,0.00014136482746161726,6.241313100779684e-05,True
joint_13_75pct,right_hand_thumb_0_link,0.0001497548166084422,6.137676548113681e-05,True
joint_13_75pct,right_hand_thumb_1_link,0.0001228781230931777,5.334548275147371e-05,True
joint_13_75pct,right_hand_thumb_2_link,0.0001399837004248495,5.345468549166031e-05,True
joint_13_75pct,right_hip_pitch_link,5.960464478502858e-05,1.846994795519987e-05,True
joint_13_75pct,right_hip_roll_link,6.156774833826409e-05,2.2653174724081298e-05,True
joint_13_75pct,right_hip_yaw_link,0.0001341104507446289,2.3783381691638923e-05,True
joint_13_75pct,right_knee_link,0.00017958835949292705,1.1581149199548747e-05,True
joint_13_75pct,right_shoulder_pitch_link,8.942077904701636e-05,1.7745352001653195e-05,True
joint_13_75pct,right_shoulder_roll_link,7.459541569689078e-05,2.0632372437402982e-05,True
joint_13_75pct,right_shoulder_yaw_link,6.241261986035418e-05,2.826493702772014e-05,True
joint_13_75pct,right_wrist_pitch_link,7.598131170262075e-05,5.378096330567109e-05,True
joint_13_75pct,right_wrist_roll_link,7.337970883992392e-05,3.8181918208328625e-05,True
joint_13_75pct,right_wrist_yaw_link,9.996002811937584e-05,6.259971776490284e-05,True
joint_13_75pct,torso_link,5.983788869933294e-05,2.1052056881276854e-05,True
joint_13_75pct,waist_roll_link,5.974563760387735e-05,2.173352885506323e-05,True
joint_13_75pct,waist_yaw_link,5.9670308071557674e-05,7.636383641665691e-06,True
joint_14_25pct,d435_link,0.00019318602657067367,2.200020789716329e-05,True
joint_14_25pct,head_link,0.00012000735127998719,2.1052056881276854e-05,True
joint_14_25pct,imu_in_pelvis,6.006850114687196e-05,0.0,True
joint_14_25pct,imu_in_torso,8.415499272642081e-05,2.1052056881276854e-05,True
joint_14_25pct,left_ankle_pitch_link,0.00020051788131284062,2.486226386113331e-05,True
joint_14_25pct,left_ankle_roll_link,0.0002222253538957869,3.0924996750400395e-05,True
joint_14_25pct,left_elbow_link,0.00018671101460071904,1.3445240826417657e-05,True
joint_14_25pct,left_hand_camera_base_link,0.0001959941750461743,3.630295340289845e-05,True
joint_14_25pct,left_hand_index_0_link,0.00017881393432617188,3.5408454289026025e-05,True
joint_14_25pct,left_hand_index_1_link,0.00023513635751693695,5.39433621553454e-05,True
joint_14_25pct,left_hand_middle_0_link,0.00015840151626966373,5.39433621553454e-05,True
joint_14_25pct,left_hand_middle_1_link,0.00019768624248238801,7.232425357033631e-05,True
joint_14_25pct,left_hand_palm_link,0.00014370159448672763,3.630295340289845e-05,True
joint_14_25pct,left_hand_thumb_0_link,0.00016049041769309352,3.5077526895278204e-05,True
joint_14_25pct,left_hand_thumb_1_link,0.00012377834115800374,2.3162298399097525e-05,True
joint_14_25pct,left_hand_thumb_2_link,0.00017120130796843851,1.9318692315611754e-05,True
joint_14_25pct,left_hip_pitch_link,7.029017216437026e-05,6.830189170012753e-06,True
joint_14_25pct,left_hip_roll_link,5.960646373703944e-05,1.322660445345283e-05,True
joint_14_25pct,left_hip_yaw_link,6.664001874625056e-05,1.8070981951380422e-05,True
joint_14_25pct,left_knee_link,0.00012065570608304177,2.656320193396619e-05,True
joint_14_25pct,left_shoulder_pitch_link,0.00014064686163416925,1.8070981951380422e-05,True
joint_14_25pct,left_shoulder_roll_link,0.00013329281842477082,1.3004292747236516e-05,True
joint_14_25pct,left_shoulder_yaw_link,0.00018966056820057505,9.035490975690204e-06,True
joint_14_25pct,left_wrist_pitch_link,0.00018431718463976653,1.8390847172211968e-05,True
joint_14_25pct,left_wrist_roll_link,0.00012753339684474238,1.0799477313527668e-05,True
joint_14_25pct,left_wrist_yaw_link,0.00018907453925087332,3.622254809177215e-05,True
joint_14_25pct,logo_link,1.3881591393671054e-05,2.1052056881276854e-05,True
joint_14_25pct,mid360_link,0.00019561796638793648,2.1052056881276854e-05,True
joint_14_25pct,pelvis,0.0,0.0,True
joint_14_25pct,pelvis_contour_link,8.08070082201906e-10,0.0,True
joint_14_25pct,right_ankle_pitch_link,0.00010437463019879088,2.7639067497065907e-05,True
joint_14_25pct,right_ankle_roll_link,7.417912688754453e-05,3.230831095393761e-05,True
joint_14_25pct,right_elbow_link,4.917524301426145e-05,3.230831095393761e-05,True
joint_14_25pct,right_hand_camera_base_link,0.0001497548166084422,6.24598299526078e-05,True
joint_14_25pct,right_hand_index_0_link,0.00017943374184954607,7.296643490470553e-05,True
joint_14_25pct,right_hand_index_1_link,0.00022302015940987713,8.983711231435483e-05,True
joint_14_25pct,right_hand_middle_0_link,0.00021900144899933142,6.696546803342531e-05,True
joint_14_25pct,right_hand_middle_1_link,0.00027028258364226006,8.059912630214408e-05,True
joint_14_25pct,right_hand_palm_link,0.00014136482746161726,6.241313100779684e-05,True
joint_14_25pct,right_hand_thumb_0_link,0.0001497548166084422,6.137676548113681e-05,True
joint_14_25pct,right_hand_thumb_1_link,0.0001228781230931777,5.334548275147371e-05,True
joint_14_25pct,right_hand_thumb_2_link,0.0001399837004248495,5.345468549166031e-05,True
joint_14_25pct,right_hip_pitch_link,7.034410228840362e-05,5.663293681020316e-06,True
joint_14_25pct,right_hip_roll_link,0.00013331989189649407,6.830189170012753e-06,True
joint_14_25pct,right_hip_yaw_link,5.3726900748371914e-05,1.2778113880520799e-05,True
joint_14_25pct,right_knee_link,6.143906154658885e-05,1.0799477313527668e-05,True
joint_14_25pct,right_shoulder_pitch_link,8.942077904701636e-05,1.7745352001653195e-05,True
joint_14_25pct,right_shoulder_roll_link,7.459541569689078e-05,2.0632372437402982e-05,True
joint_14_25pct,right_shoulder_yaw_link,6.241261986035418e-05,2.826493702772014e-05,True
joint_14_25pct,right_wrist_pitch_link,7.598131170262075e-05,5.378096330567109e-05,True
joint_14_25pct,right_wrist_roll_link,7.337970883992392e-05,3.8181918208328625e-05,True
joint_14_25pct,right_wrist_yaw_link,9.996002811937584e-05,6.259971776490284e-05,True
joint_14_25pct,torso_link,5.983788869933294e-05,2.1052056881276854e-05,True
joint_14_25pct,waist_roll_link,5.974563760387735e-05,2.173352885506323e-05,True
joint_14_25pct,waist_yaw_link,5.9670308071557674e-05,7.636383641665691e-06,True
joint_14_75pct,d435_link,0.00019318602657067367,2.200020789716329e-05,True
joint_14_75pct,head_link,0.00012000735127998719,2.1052056881276854e-05,True
joint_14_75pct,imu_in_pelvis,6.006850114687196e-05,0.0,True
joint_14_75pct,imu_in_torso,8.415499272642081e-05,2.1052056881276854e-05,True
joint_14_75pct,left_ankle_pitch_link,0.0001841665371404331,2.7533372779140136e-05,True
joint_14_75pct,left_ankle_roll_link,0.00019967695002641374,4.847750521061102e-05,True
joint_14_75pct,left_elbow_link,0.00018671101460071904,1.3445240826417657e-05,True
joint_14_75pct,left_hand_camera_base_link,0.0001959941750461743,3.630295340289845e-05,True
joint_14_75pct,left_hand_index_0_link,0.00017881393432617188,3.5408454289026025e-05,True
joint_14_75pct,left_hand_index_1_link,0.00023513635751693695,5.39433621553454e-05,True
joint_14_75pct,left_hand_middle_0_link,0.00015840151626966373,5.39433621553454e-05,True
joint_14_75pct,left_hand_middle_1_link,0.00019768624248238801,7.232425357033631e-05,True
joint_14_75pct,left_hand_palm_link,0.00014370159448672763,3.630295340289845e-05,True
joint_14_75pct,left_hand_thumb_0_link,0.00016049041769309352,3.5077526895278204e-05,True
joint_14_75pct,left_hand_thumb_1_link,0.00012377834115800374,2.3162298399097525e-05,True
joint_14_75pct,left_hand_thumb_2_link,0.00017120130796843851,1.9318692315611754e-05,True
joint_14_75pct,left_hip_pitch_link,6.006850115643548e-05,5.122641877509564e-06,True
joint_14_75pct,left_hip_roll_link,6.015687833757763e-05,1.1952831047522321e-05,True
joint_14_75pct,left_hip_yaw_link,3.332000937312528e-05,1.4286365630539068e-05,True
joint_14_75pct,left_knee_link,6.664001874625056e-05,2.146353664868225e-05,True
joint_14_75pct,left_shoulder_pitch_link,0.00014064686163416925,1.8070981951380422e-05,True
joint_14_75pct,left_shoulder_roll_link,0.00013329281842477082,1.3004292747236516e-05,True
joint_14_75pct,left_shoulder_yaw_link,0.00018966056820057505,9.035490975690204e-06,True
joint_14_75pct,left_wrist_pitch_link,0.00018431718463976653,1.8390847172211968e-05,True
joint_14_75pct,left_wrist_roll_link,0.00012753339684474238,1.0799477313527668e-05,True
joint_14_75pct,left_wrist_yaw_link,0.00018907453925087332,3.622254809177215e-05,True
joint_14_75pct,logo_link,1.3881591393671054e-05,2.1052056881276854e-05,True
joint_14_75pct,mid360_link,0.00019561796638793648,2.1052056881276854e-05,True
joint_14_75pct,pelvis,0.0,0.0,True
joint_14_75pct,pelvis_contour_link,8.08070082201906e-10,0.0,True
joint_14_75pct,right_ankle_pitch_link,0.00026903618655005183,6.468427150439115e-05,True
joint_14_75pct,right_ankle_roll_link,0.00029540401103495076,7.395868110309558e-05,True
joint_14_75pct,right_elbow_link,4.917524301426145e-05,3.230831095393761e-05,True
joint_14_75pct,right_hand_camera_base_link,0.0001497548166084422,6.24598299526078e-05,True
joint_14_75pct,right_hand_index_0_link,0.00017943374184954607,7.296643490470553e-05,True
joint_14_75pct,right_hand_index_1_link,0.00022302015940987713,8.983711231435483e-05,True
joint_14_75pct,right_hand_middle_0_link,0.00021900144899933142,6.696546803342531e-05,True
joint_14_75pct,right_hand_middle_1_link,0.00027028258364226006,8.059912630214408e-05,True
joint_14_75pct,right_hand_palm_link,0.00014136482746161726,6.241313100779684e-05,True
joint_14_75pct,right_hand_thumb_0_link,0.0001497548166084422,6.137676548113681e-05,True
joint_14_75pct,right_hand_thumb_1_link,0.0001228781230931777,5.334548275147371e-05,True
joint_14_75pct,right_hand_thumb_2_link,0.0001399837004248495,5.345468549166031e-05,True
joint_14_75pct,right_hip_pitch_link,6.00847185254743e-05,1.0799477313527668e-05,True
joint_14_75pct,right_hip_roll_link,1.4614644298772528e-05,1.690385577616028e-05,True
joint_14_75pct,right_hip_yaw_link,1.4901161193847656e-05,1.527276728333139e-05,True
joint_14_75pct,right_knee_link,0.00010975390570354636,5.013330934407165e-05,True
joint_14_75pct,right_shoulder_pitch_link,8.942077904701636e-05,1.7745352001653195e-05,True
joint_14_75pct,right_shoulder_roll_link,7.459541569689078e-05,2.0632372437402982e-05,True
joint_14_75pct,right_shoulder_yaw_link,6.241261986035418e-05,2.826493702772014e-05,True
joint_14_75pct,right_wrist_pitch_link,7.598131170262075e-05,5.378096330567109e-05,True
joint_14_75pct,right_wrist_roll_link,7.337970883992392e-05,3.8181918208328625e-05,True
joint_14_75pct,right_wrist_yaw_link,9.996002811937584e-05,6.259971776490284e-05,True
joint_14_75pct,torso_link,5.983788869933294e-05,2.1052056881276854e-05,True
joint_14_75pct,waist_roll_link,5.974563760387735e-05,2.173352885506323e-05,True
joint_14_75pct,waist_yaw_link,5.9670308071557674e-05,7.636383641665691e-06,True
joint_15_25pct,d435_link,0.00014509515534453428,2.200020789716329e-05,True
joint_15_25pct,head_link,6.001629430974796e-05,2.159895462705536e-05,True
joint_15_25pct,imu_in_pelvis,6.006850114687196e-05,0.0,True
joint_15_25pct,imu_in_torso,0.00012924282014986093,2.173352885506323e-05,True
joint_15_25pct,left_ankle_pitch_link,0.00020051788131284062,2.486226386113331e-05,True
joint_15_25pct,left_ankle_roll_link,0.0002222253538957869,3.0924996750400395e-05,True
joint_15_25pct,left_elbow_link,6.21409241766195e-05,2.020397203172922e-05,True
joint_15_25pct,left_hand_camera_base_link,8.688795409866125e-05,2.1052056881276854e-05,True
joint_15_25pct,left_hand_index_0_link,0.00010771179418862582,2.4744711127599476e-05,True
joint_15_25pct,left_hand_index_1_link,0.00013075715880680268,2.7639067497065907e-05,True
joint_15_25pct,left_hand_middle_0_link,9.455561747027229e-05,2.4744711127599476e-05,True
joint_15_25pct,left_hand_middle_1_link,0.00017881393432617188,2.774435956405617e-05,True
joint_15_25pct,left_hand_palm_link,9.372640867091063e-05,2.119010463505988e-05,True
joint_15_25pct,left_hand_thumb_0_link,8.69677776838001e-05,1.870524340221738e-05,True
joint_15_25pct,left_hand_thumb_1_link,0.00012787299748014583,3.0924996750400395e-05,True
joint_15_25pct,left_hand_thumb_2_link,8.940696716308594e-05,3.266730320588777e-05,True
joint_15_25pct,left_hip_pitch_link,7.029017216437026e-05,6.830189170012753e-06,True
joint_15_25pct,left_hip_roll_link,5.960646373703944e-05,1.322660445345283e-05,True
joint_15_25pct,left_hip_yaw_link,6.664001874625056e-05,1.8070981951380422e-05,True
joint_15_25pct,left_knee_link,0.00012065570608304177,2.656320193396619e-05,True
joint_15_25pct,left_shoulder_pitch_link,0.00012741071958910727,2.5095717469822522e-05,True
joint_15_25pct,left_shoulder_roll_link,0.00013481959563421908,2.5211633640790224e-05,True
joint_15_25pct,left_shoulder_yaw_link,0.00012658109410911166,2.0347774359156983e-05,True
joint_15_25pct,left_wrist_pitch_link,8.429369702178807e-05,1.7745352001653195e-05,True
joint_15_25pct,left_wrist_roll_link,0.0001221986075256521,2.0347774359156983e-05,True
joint_15_25pct,left_wrist_yaw_link,7.459888009168501e-05,2.7106472927070668e-05,True
joint_15_25pct,logo_link,6.003145942900048e-05,2.173352885506323e-05,True
joint_15_25pct,mid360_link,0.00025666944714125946,2.173352885506323e-05,True
joint_15_25pct,pelvis,0.0,0.0,True
joint_15_25pct,pelvis_contour_link,8.08070082201906e-10,0.0,True
joint_15_25pct,right_ankle_pitch_link,0.0001575670091998324,2.826493702772014e-05,True
joint_15_25pct,right_ankle_roll_link,0.00018816404051966634,3.2845327974765986e-05,True
joint_15_25pct,right_elbow_link,9.778443536465383e-05,3.354798136800641e-05,True
joint_15_25pct,right_hand_camera_base_link,0.00015269146510898468,6.613302226726503e-05,True
joint_15_25pct,right_hand_index_0_link,0.00017943374184954607,6.36161633982704e-05,True
joint_15_25pct,right_hand_index_1_link,0.0001999200562387517,7.78012214668666e-05,True
joint_15_25pct,right_hand_middle_0_link,0.00026320698458933377,7.130926844877562e-05,True
joint_15_25pct,right_hand_middle_1_link,0.00027028258364226006,8.238805093144573e-05,True
joint_15_25pct,right_hand_palm_link,0.00017120130796843851,6.58236780012837e-05,True
joint_15_25pct,right_hand_thumb_0_link,0.0001497548166084422,6.617709626233869e-05,True
joint_15_25pct,right_hand_thumb_1_link,0.0001737759081973225,6.099553964699637e-05,True
joint_15_25pct,right_hand_thumb_2_link,0.0001862645149230957,5.82571495023673e-05,True
joint_15_25pct,right_hip_pitch_link,5.960464478502858e-05,1.846994795519987e-05,True
joint_15_25pct,right_hip_roll_link,6.156774833826409e-05,2.2653174724081298e-05,True
joint_15_25pct,right_hip_yaw_link,0.0001341104507446289,2.3783381691638923e-05,True
joint_15_25pct,right_knee_link,0.00017958835949292705,1.1581149199548747e-05,True
joint_15_25pct,right_shoulder_pitch_link,8.01268623844512e-05,2.091309789151876e-05,True
joint_15_25pct,right_shoulder_roll_link,8.513629950967892e-05,2.6231839250190885e-05,True
joint_15_25pct,right_shoulder_yaw_link,6.514110848919386e-05,2.6342756612779254e-05,True
joint_15_25pct,right_wrist_pitch_link,9.064022496787041e-05,5.340011203639979e-05,True
joint_15_25pct,right_wrist_roll_link,9.685754776000977e-05,4.638749512560077e-05,True
joint_15_25pct,right_wrist_yaw_link,0.00010848209096909342,6.639702739789028e-05,True
joint_15_25pct,torso_link,4.664802365053556e-06,2.173352885506323e-05,True
joint_15_25pct,waist_roll_link,5.974971753047486e-05,2.689048165283536e-05,True
joint_15_25pct,waist_yaw_link,5.961055604660522e-05,2.1121193543184324e-05,True
joint_15_75pct,d435_link,0.00016744133545435296,2.6781832797797937e-05,True
joint_15_75pct,head_link,2.1755451814812052e-05,2.328784023135477e-05,True
joint_15_75pct,imu_in_pelvis,6.006850114687196e-05,0.0,True
joint_15_75pct,imu_in_torso,7.62323937354123e-05,2.328784023135477e-05,True
joint_15_75pct,left_ankle_pitch_link,0.0001841665371404331,2.7533372779140136e-05,True
joint_15_75pct,left_ankle_roll_link,0.00019967695002641374,4.847750521061102e-05,True
joint_15_75pct,left_elbow_link,9.61429874808476e-05,4.823632209648387e-05,True
joint_15_75pct,left_hand_camera_base_link,0.0001519626234052415,6.19442052743734e-05,True
joint_15_75pct,left_hand_index_0_link,0.00023466372114455138,7.532587041275296e-05,True
joint_15_75pct,left_hand_index_1_link,0.0002995096332168844,7.077572398103769e-05,True
joint_15_75pct,left_hand_middle_0_link,0.0001884864366154897,7.689652534049854e-05,True
joint_15_75pct,left_hand_middle_1_link,0.00028115454709698565,8.486355435434988e-05,True
joint_15_75pct,left_hand_palm_link,0.00014901161193847656,6.28785597586261e-05,True
joint_15_75pct,left_hand_thumb_0_link,0.0001519626234052415,5.709441698939539e-05,True
joint_15_75pct,left_hand_thumb_1_link,0.00013657139822709083,5.340011203639979e-05,True
joint_15_75pct,left_hand_thumb_2_link,0.0001837138534477048,3.717593598563439e-05,True
joint_15_75pct,left_hip_pitch_link,6.006850115643548e-05,5.122641877509564e-06,True
joint_15_75pct,left_hip_roll_link,6.015687833757763e-05,1.1952831047522321e-05,True
joint_15_75pct,left_hip_yaw_link,3.332000937312528e-05,1.4286365630539068e-05,True
joint_15_75pct,left_knee_link,6.664001874625056e-05,2.146353664868225e-05,True
joint_15_75pct,left_shoulder_pitch_link,7.093716434377404e-05,2.656320193396619e-05,True
joint_15_75pct,left_shoulder_roll_link,0.0001379931475713483,2.7427270755268835e-05,True
joint_15_75pct,left_shoulder_yaw_link,0.00013520626032206533,4.1476179623003484e-05,True
joint_15_75pct,left_wrist_pitch_link,9.996002811937584e-05,5.39433621553454e-05,True
joint_15_75pct,left_wrist_roll_link,8.195638656616211e-05,4.575462106612767e-05,True
joint_15_75pct,left_wrist_yaw_link,0.00014057727354849282,5.73491903074517e-05,True
joint_15_75pct,logo_link,0.00012107218880075931,2.328784023135477e-05,True
joint_15_75pct,mid360_link,0.00018783685454793042,2.3162298399097525e-05,True
joint_15_75pct,pelvis,0.0,0.0,True
joint_15_75pct,pelvis_contour_link,8.08070082201906e-10,0.0,True
joint_15_75pct,right_ankle_pitch_link,0.0001575670091998324,2.826493702772014e-05,True
joint_15_75pct,right_ankle_roll_link,0.00018816404051966634,3.2845327974765986e-05,True
joint_15_75pct,right_elbow_link,6.749358375368058e-05,2.3783381691638923e-05,True
joint_15_75pct,right_hand_camera_base_link,0.00011250129990683123,2.6008585494473073e-05,True
joint_15_75pct,right_hand_index_0_link,0.00020647654623614278,3.0449930155107498e-05,True
joint_15_75pct,right_hand_index_1_link,0.0002751676039788036,3.693989591039986e-05,True
joint_15_75pct,right_hand_middle_0_link,0.00016924465733171324,4.251758470096461e-05,True
joint_15_75pct,right_hand_middle_1_link,0.0001999200562387517,4.817583765627192e-05,True
joint_15_75pct,right_hand_palm_link,0.00014136482746161726,2.6008585494473073e-05,True
joint_15_75pct,right_hand_thumb_0_link,0.00018431718463976653,3.474344759864636e-05,True
joint_15_75pct,right_hand_thumb_1_link,0.00015269146510898468,3.212731058883991e-05,True
joint_15_75pct,right_hand_thumb_2_link,0.0001284009809763289,4.126474487480614e-05,True
joint_15_75pct,right_hip_pitch_link,5.960464478502858e-05,1.846994795519987e-05,True
joint_15_75pct,right_hip_roll_link,6.156774833826409e-05,2.2653174724081298e-05,True
joint_15_75pct,right_hip_yaw_link,0.0001341104507446289,2.3783381691638923e-05,True
joint_15_75pct,right_knee_link,0.00017958835949292705,1.1581149199548747e-05,True
joint_15_75pct,right_shoulder_pitch_link,7.71434139472329e-05,2.3905662095044672e-05,True
joint_15_75pct,right_shoulder_roll_link,0.00010900639925003202,2.159895462705536e-05,True
joint_15_75pct,right_shoulder_yaw_link,6.982212128765659e-05,1.9913252241518875e-05,True
joint_15_75pct,right_wrist_pitch_link,5.3726900748371914e-05,2.7639067497065907e-05,True
joint_15_75pct,right_wrist_roll_link,0.0001375838019894018,2.3412708902503694e-05,True
joint_15_75pct,right_wrist_yaw_link,8.940696716308594e-05,2.6231839250190885e-05,True
joint_15_75pct,torso_link,6.544668910343589e-06,2.328784023135477e-05,True
joint_15_75pct,waist_roll_link,4.689923192315539e-06,1.2547858734911242e-05,True
joint_15_75pct,waist_yaw_link,1.8627213481036962e-06,6.830189170012753e-06,True
joint_16_25pct,d435_link,0.00017834766512492037,2.1052056881276854e-05,True
joint_16_25pct,head_link,0.00011946112244614343,1.322660445345283e-05,True
joint_16_25pct,imu_in_pelvis,6.006850114687196e-05,0.0,True
joint_16_25pct,imu_in_torso,0.00012223608791828156,1.322660445345283e-05,True
joint_16_25pct,left_ankle_pitch_link,0.00020051788131284062,2.486226386113331e-05,True
joint_16_25pct,left_ankle_roll_link,0.0002222253538957869,3.0924996750400395e-05,True
joint_16_25pct,left_elbow_link,0.0001794554930052893,2.2263692832568138e-05,True
joint_16_25pct,left_hand_camera_base_link,0.00013657139822709083,4.9489422255199244e-05,True
joint_16_25pct,left_hand_index_0_link,0.00019314112360500874,6.132924184607371e-05,True
joint_16_25pct,left_hand_index_1_link,0.0002682209014892578,7.288647166434996e-05,True
joint_16_25pct,left_hand_middle_0_link,0.00022940046069533604,5.900311009451305e-05,True
joint_16_25pct,left_hand_middle_1_link,0.00024755668231600747,7.023812670751205e-05,True
joint_16_25pct,left_hand_palm_link,0.00017120130796843851,4.978313060379752e-05,True
joint_16_25pct,left_hand_thumb_0_link,0.00017881393432617188,4.090992534852012e-05,True
joint_16_25pct,left_hand_thumb_1_link,0.00022351741790771484,3.23984319405831e-05,True
joint_16_25pct,left_hand_thumb_2_link,0.0002313282295504216,1.9318692315611754e-05,True
joint_16_25pct,left_hip_pitch_link,7.029017216437026e-05,6.830189170012753e-06,True
joint_16_25pct,left_hip_roll_link,5.960646373703944e-05,1.322660445345283e-05,True
joint_16_25pct,left_hip_yaw_link,6.664001874625056e-05,1.8070981951380422e-05,True
joint_16_25pct,left_knee_link,0.00012065570608304177,2.656320193396619e-05,True
joint_16_25pct,left_shoulder_pitch_link,0.00024193985561389122,1.183023466776879e-05,True
joint_16_25pct,left_shoulder_roll_link,0.0002412889902081906,9.352621701108683e-06,True
joint_16_25pct,left_shoulder_yaw_link,0.0001802043377445282,1.0799477313527668e-05,True
joint_16_25pct,left_wrist_pitch_link,0.00013657139822709083,3.75660404350703e-05,True
joint_16_25pct,left_wrist_roll_link,0.0001844677091112725,2.462659727359985e-05,True
joint_16_25pct,left_wrist_yaw_link,0.0001475139697881291,4.9665855692721344e-05,True
joint_16_25pct,logo_link,7.388427755659244e-06,1.322660445345283e-05,True
joint_16_25pct,mid360_link,0.00015226729210606472,1.3445240826417657e-05,True
joint_16_25pct,pelvis,0.0,0.0,True
joint_16_25pct,pelvis_contour_link,8.08070082201906e-10,0.0,True
joint_16_25pct,right_ankle_pitch_link,0.0001575670091998324,2.826493702772014e-05,True
joint_16_25pct,right_ankle_roll_link,0.00018816404051966634,3.2845327974765986e-05,True
joint_16_25pct,right_elbow_link,0.00021536117155943852,7.2445096183544e-06,True
joint_16_25pct,right_hand_camera_base_link,0.00020485709734063625,2.119010463505988e-05,True
joint_16_25pct,right_hand_index_0_link,0.00017881393432617188,2.2909150924997106e-05,True
joint_16_25pct,right_hand_index_1_link,0.00021073424255447018,2.2394272795855996e-05,True
joint_16_25pct,right_hand_middle_0_link,0.00019082797281243946,1.961822478742194e-05,True
joint_16_25pct,right_hand_middle_1_link,0.00014600096599955427,3.2845327974765986e-05,True
joint_16_25pct,right_hand_palm_link,0.00017441362009524742,1.5649929441225527e-05,True
joint_16_25pct,right_hand_thumb_0_link,0.00014600096599955427,1.790890709046331e-05,True
joint_16_25pct,right_hand_thumb_1_link,0.00020212918469683134,2.0632372437402982e-05,True
joint_16_25pct,right_hand_thumb_2_link,0.0001264405455326821,3.185388169650561e-05,True
joint_16_25pct,right_hip_pitch_link,5.960464478502858e-05,1.846994795519987e-05,True
joint_16_25pct,right_hip_roll_link,6.156774833826409e-05,2.2653174724081298e-05,True
joint_16_25pct,right_hip_yaw_link,0.0001341104507446289,2.3783381691638923e-05,True
joint_16_25pct,right_knee_link,0.00017958835949292705,1.1581149199548747e-05,True
joint_16_25pct,right_shoulder_pitch_link,0.00015984718450900445,8.706816964856284e-06,True
joint_16_25pct,right_shoulder_roll_link,0.0001499900191677052,7.2445096183544e-06,True
joint_16_25pct,right_shoulder_yaw_link,0.00024989662655629474,4.182619578303746e-06,True
joint_16_25pct,right_wrist_pitch_link,0.00014901161193847656,1.1581149199548747e-05,True
joint_16_25pct,right_wrist_roll_link,0.00020116567611694336,8.706816964856284e-06,True
joint_16_25pct,right_wrist_yaw_link,0.00013328003749250113,1.5649929441225527e-05,True
joint_16_25pct,torso_link,5.96942104097693e-05,1.366037834002551e-05,True
joint_16_25pct,waist_roll_link,5.966484984074841e-05,1.024528375501913e-05,True
joint_16_25pct,waist_yaw_link,5.96154175573289e-05,4.829673078902933e-06,True
joint_16_75pct,d435_link,0.00012722016361750056,1.024528375501913e-05,True
joint_16_75pct,head_link,0.00011964414993746968,8.00910673140078e-06,True
joint_16_75pct,imu_in_pelvis,6.006850114687196e-05,0.0,True
joint_16_75pct,imu_in_torso,5.9867817246017754e-05,7.636383641665691e-06,True
joint_16_75pct,left_ankle_pitch_link,0.0001841665371404331,2.7533372779140136e-05,True
joint_16_75pct,left_ankle_roll_link,0.00019967695002641374,4.847750521061102e-05,True
joint_16_75pct,left_elbow_link,1.6763806343078613e-05,1.8231616061100753e-05,True
joint_16_75pct,left_hand_camera_base_link,4.214684851089403e-05,3.931069079463687e-05,True
joint_16_75pct,left_hand_index_0_link,0.00016049041769309352,4.5177454878451296e-05,True
joint_16_75pct,left_hand_index_1_link,0.00011638178938488147,6.094771875399469e-05,True
joint_16_75pct,left_hand_middle_0_link,0.00015269146510898468,4.105222117067515e-05,True
joint_16_75pct,left_hand_middle_1_link,0.0001341104507446289,5.501377128381723e-05,True
joint_16_75pct,left_hand_palm_link,4.712160915387242e-05,3.916206761302329e-05,True
joint_16_75pct,left_hand_thumb_0_link,6.664001874625056e-05,4.333269244982293e-05,True
joint_16_75pct,left_hand_thumb_1_link,0.00011151007970493857,3.717593598563439e-05,True
joint_16_75pct,left_hand_thumb_2_link,8.462232866585662e-05,3.945875418428828e-05,True
joint_16_75pct,left_hip_pitch_link,6.006850115643548e-05,5.122641877509564e-06,True
joint_16_75pct,left_hip_roll_link,6.015687833757763e-05,1.1952831047522321e-05,True
joint_16_75pct,left_hip_yaw_link,3.332000937312528e-05,1.4286365630539068e-05,True
joint_16_75pct,left_knee_link,6.664001874625056e-05,2.146353664868225e-05,True
joint_16_75pct,left_shoulder_pitch_link,6.653621961609658e-05,1.961822478742194e-05,True
joint_16_75pct,left_shoulder_roll_link,0.0001351390360979293,2.3036072399967966e-05,True
joint_16_75pct,left_shoulder_yaw_link,3.099031843842228e-05,1.790890709046331e-05,True
joint_16_75pct,left_wrist_pitch_link,3.332000937312528e-05,3.073585126505747e-05,True
joint_16_75pct,left_wrist_roll_link,1.666000468656264e-05,1.8860476299618384e-05,True
joint_16_75pct,left_wrist_yaw_link,4.214684851089403e-05,3.9532577923636065e-05,True
joint_16_75pct,logo_link,9.750435141287193e-06,7.636383641665691e-06,True
joint_16_75pct,mid360_link,0.00012970860903534865,8.00910673140078e-06,True
joint_16_75pct,pelvis,0.0,0.0,True
joint_16_75pct,pelvis_contour_link,8.08070082201906e-10,0.0,True
joint_16_75pct,right_ankle_pitch_link,0.0001575670091998324,2.826493702772014e-05,True
joint_16_75pct,right_ankle_roll_link,0.00018816404051966634,3.2845327974765986e-05,True
joint_16_75pct,right_elbow_link,6.371907324752705e-05,3.4150945850063755e-06,True
joint_16_75pct,right_hand_camera_base_link,8.69677776838001e-05,2.9476836521720326e-05,True
joint_16_75pct,right_hand_index_0_link,0.00012383438750054434,2.5095717469822522e-05,True
joint_16_75pct,right_hand_index_1_link,0.00011944189326376765,2.555622776104164e-05,True
joint_16_75pct,right_hand_middle_0_link,0.00010643187632532159,2.4979263396122898e-05,True
joint_16_75pct,right_hand_middle_1_link,0.00011403283376257097,2.5441881649397815e-05,True
joint_16_75pct,right_hand_palm_link,7.920075813483186e-05,2.6781832797797937e-05,True
joint_16_75pct,right_hand_thumb_0_link,9.996002811937584e-05,2.173352885506323e-05,True
joint_16_75pct,right_hand_thumb_1_link,5.066942613100798e-05,1.6555285230907e-05,True
joint_16_75pct,right_hand_thumb_2_link,4.0978193283081055e-05,2.4027320194202382e-05,True
joint_16_75pct,right_hip_pitch_link,5.960464478502858e-05,1.846994795519987e-05,True
joint_16_75pct,right_hip_roll_link,6.156774833826409e-05,2.2653174724081298e-05,True
joint_16_75pct,right_hip_yaw_link,0.0001341104507446289,2.3783381691638923e-05,True
joint_16_75pct,right_knee_link,0.00017958835949292705,1.1581149199548747e-05,True
joint_16_75pct,right_shoulder_pitch_link,2.40030213610453e-05,8.00910673140078e-06,True
joint_16_75pct,right_shoulder_roll_link,2.6047387700834842e-05,6.389056940260397e-06,True
joint_16_75pct,right_shoulder_yaw_link,6.479890565126745e-05,4.182619578303746e-06,True
joint_16_75pct,right_wrist_pitch_link,4.712160915387242e-05,2.4979263396122898e-05,True
joint_16_75pct,right_wrist_roll_link,4.3443977049330626e-05,1.546249837520016e-05,True
joint_16_75pct,right_wrist_yaw_link,9.424321830774485e-05,2.567006452828869e-05,True
joint_16_75pct,torso_link,5.518355752666945e-06,8.00910673140078e-06,True
joint_16_75pct,waist_roll_link,5.976710689713984e-05,6.389056940260397e-06,True
joint_16_75pct,waist_yaw_link,5.970215379070847e-05,4.829673078902933e-06,True
joint_17_25pct,d435_link,0.00019318602657067367,2.200020789716329e-05,True
joint_17_25pct,head_link,0.00012000735127998719,2.1052056881276854e-05,True
joint_17_25pct,imu_in_pelvis,6.006850114687196e-05,0.0,True
joint_17_25pct,imu_in_torso,8.415499272642081e-05,2.1052056881276854e-05,True
joint_17_25pct,left_ankle_pitch_link,0.00031700009702898273,4.087427399068213e-05,True
joint_17_25pct,left_ankle_roll_link,0.00035103943396892957,4.1756427267771956e-05,True
joint_17_25pct,left_elbow_link,0.00018671101460071904,1.3445240826417657e-05,True
joint_17_25pct,left_hand_camera_base_link,0.0001959941750461743,3.630295340289845e-05,True
joint_17_25pct,left_hand_index_0_link,0.00017881393432617188,3.5408454289026025e-05,True
joint_17_25pct,left_hand_index_1_link,0.00023513635751693695,5.39433621553454e-05,True
joint_17_25pct,left_hand_middle_0_link,0.00015840151626966373,5.39433621553454e-05,True
joint_17_25pct,left_hand_middle_1_link,0.00019768624248238801,7.232425357033631e-05,True
joint_17_25pct,left_hand_palm_link,0.00014370159448672763,3.630295340289845e-05,True
joint_17_25pct,left_hand_thumb_0_link,0.00016049041769309352,3.5077526895278204e-05,True
joint_17_25pct,left_hand_thumb_1_link,0.00012377834115800374,2.3162298399097525e-05,True
joint_17_25pct,left_hand_thumb_2_link,0.00017120130796843851,1.9318692315611754e-05,True
joint_17_25pct,left_hip_pitch_link,7.029017216437026e-05,2.1258792350482215e-05,True
joint_17_25pct,left_hip_roll_link,8.005176675559899e-05,2.5896236867758322e-05,True
joint_17_25pct,left_hip_yaw_link,0.00011151007970493857,3.167028430738245e-05,True
joint_17_25pct,left_knee_link,0.0001825392246246338,2.996733336300671e-05,True
joint_17_25pct,left_shoulder_pitch_link,0.00014064686163416925,1.8070981951380422e-05,True
joint_17_25pct,left_shoulder_roll_link,0.00013329281842477082,1.3004292747236516e-05,True
joint_17_25pct,left_shoulder_yaw_link,0.00018966056820057505,9.035490975690204e-06,True
joint_17_25pct,left_wrist_pitch_link,0.00018431718463976653,1.8390847172211968e-05,True
joint_17_25pct,left_wrist_roll_link,0.00012753339684474238,1.0799477313527668e-05,True
joint_17_25pct,left_wrist_yaw_link,0.00018907453925087332,3.622254809177215e-05,True
joint_17_25pct,logo_link,1.3881591393671054e-05,2.1052056881276854e-05,True
joint_17_25pct,mid360_link,0.00019561796638793648,2.1052056881276854e-05,True
joint_17_25pct,pelvis,0.0,0.0,True
joint_17_25pct,pelvis_contour_link,8.08070082201906e-10,0.0,True
joint_17_25pct,right_ankle_pitch_link,0.0001575670091998324,2.826493702772014e-05,True
joint_17_25pct,right_ankle_roll_link,0.00018816404051966634,3.2845327974765986e-05,True
joint_17_25pct,right_elbow_link,4.917524301426145e-05,3.230831095393761e-05,True
joint_17_25pct,right_hand_camera_base_link,0.0001497548166084422,6.24598299526078e-05,True
joint_17_25pct,right_hand_index_0_link,0.00017943374184954607,7.296643490470553e-05,True
joint_17_25pct,right_hand_index_1_link,0.00022302015940987713,8.983711231435483e-05,True
joint_17_25pct,right_hand_middle_0_link,0.00021900144899933142,6.696546803342531e-05,True
joint_17_25pct,right_hand_middle_1_link,0.00027028258364226006,8.059912630214408e-05,True
joint_17_25pct,right_hand_palm_link,0.00014136482746161726,6.241313100779684e-05,True
joint_17_25pct,right_hand_thumb_0_link,0.0001497548166084422,6.137676548113681e-05,True
joint_17_25pct,right_hand_thumb_1_link,0.0001228781230931777,5.334548275147371e-05,True
joint_17_25pct,right_hand_thumb_2_link,0.0001399837004248495,5.345468549166031e-05,True
joint_17_25pct,right_hip_pitch_link,5.960464478502858e-05,1.846994795519987e-05,True
joint_17_25pct,right_hip_roll_link,6.156774833826409e-05,2.2653174724081298e-05,True
joint_17_25pct,right_hip_yaw_link,0.0001341104507446289,2.3783381691638923e-05,True
joint_17_25pct,right_knee_link,0.00017958835949292705,1.1581149199548747e-05,True
joint_17_25pct,right_shoulder_pitch_link,8.942077904701636e-05,1.7745352001653195e-05,True
joint_17_25pct,right_shoulder_roll_link,7.459541569689078e-05,2.0632372437402982e-05,True
joint_17_25pct,right_shoulder_yaw_link,6.241261986035418e-05,2.826493702772014e-05,True
joint_17_25pct,right_wrist_pitch_link,7.598131170262075e-05,5.378096330567109e-05,True
joint_17_25pct,right_wrist_roll_link,7.337970883992392e-05,3.8181918208328625e-05,True
joint_17_25pct,right_wrist_yaw_link,9.996002811937584e-05,6.259971776490284e-05,True
joint_17_25pct,torso_link,5.983788869933294e-05,2.1052056881276854e-05,True
joint_17_25pct,waist_roll_link,5.974563760387735e-05,2.173352885506323e-05,True
joint_17_25pct,waist_yaw_link,5.9670308071557674e-05,7.636383641665691e-06,True
joint_17_75pct,d435_link,0.00019318602657067367,2.200020789716329e-05,True
joint_17_75pct,head_link,0.00012000735127998719,2.1052056881276854e-05,True
joint_17_75pct,imu_in_pelvis,6.006850114687196e-05,0.0,True
joint_17_75pct,imu_in_torso,8.415499272642081e-05,2.1052056881276854e-05,True
joint_17_75pct,left_ankle_pitch_link,0.0002386512961692656,1.0526028440638417e-05,True
joint_17_75pct,left_ankle_roll_link,0.0002578283750116911,2.2394272795855996e-05,True
joint_17_75pct,left_elbow_link,0.00018671101460071904,1.3445240826417657e-05,True
joint_17_75pct,left_hand_camera_base_link,0.0001959941750461743,3.630295340289845e-05,True
joint_17_75pct,left_hand_index_0_link,0.00017881393432617188,3.5408454289026025e-05,True
joint_17_75pct,left_hand_index_1_link,0.00023513635751693695,5.39433621553454e-05,True
joint_17_75pct,left_hand_middle_0_link,0.00015840151626966373,5.39433621553454e-05,True
joint_17_75pct,left_hand_middle_1_link,0.00019768624248238801,7.232425357033631e-05,True
joint_17_75pct,left_hand_palm_link,0.00014370159448672763,3.630295340289845e-05,True
joint_17_75pct,left_hand_thumb_0_link,0.00016049041769309352,3.5077526895278204e-05,True
joint_17_75pct,left_hand_thumb_1_link,0.00012377834115800374,2.3162298399097525e-05,True
joint_17_75pct,left_hand_thumb_2_link,0.00017120130796843851,1.9318692315611754e-05,True
joint_17_75pct,left_hip_pitch_link,6.0075703877537314e-05,8.189109132934075e-06,True
joint_17_75pct,left_hip_roll_link,6.15254700511576e-05,9.195423586105976e-06,True
joint_17_75pct,left_hip_yaw_link,0.0001264405455326821,7.636383641665691e-06,True
joint_17_75pct,left_knee_link,0.00014042911548145686,1.1066171232981565e-05,True
joint_17_75pct,left_shoulder_pitch_link,0.00014064686163416925,1.8070981951380422e-05,True
joint_17_75pct,left_shoulder_roll_link,0.00013329281842477082,1.3004292747236516e-05,True
joint_17_75pct,left_shoulder_yaw_link,0.00018966056820057505,9.035490975690204e-06,True
joint_17_75pct,left_wrist_pitch_link,0.00018431718463976653,1.8390847172211968e-05,True
joint_17_75pct,left_wrist_roll_link,0.00012753339684474238,1.0799477313527668e-05,True
joint_17_75pct,left_wrist_yaw_link,0.00018907453925087332,3.622254809177215e-05,True
joint_17_75pct,logo_link,1.3881591393671054e-05,2.1052056881276854e-05,True
joint_17_75pct,mid360_link,0.00019561796638793648,2.1052056881276854e-05,True
joint_17_75pct,pelvis,0.0,0.0,True
joint_17_75pct,pelvis_contour_link,8.08070082201906e-10,0.0,True
joint_17_75pct,right_ankle_pitch_link,0.0001575670091998324,2.826493702772014e-05,True
joint_17_75pct,right_ankle_roll_link,0.00018816404051966634,3.2845327974765986e-05,True
joint_17_75pct,right_elbow_link,4.917524301426145e-05,3.230831095393761e-05,True
joint_17_75pct,right_hand_camera_base_link,0.0001497548166084422,6.24598299526078e-05,True
joint_17_75pct,right_hand_index_0_link,0.00017943374184954607,7.296643490470553e-05,True
joint_17_75pct,right_hand_index_1_link,0.00022302015940987713,8.983711231435483e-05,True
joint_17_75pct,right_hand_middle_0_link,0.00021900144899933142,6.696546803342531e-05,True
joint_17_75pct,right_hand_middle_1_link,0.00027028258364226006,8.059912630214408e-05,True
joint_17_75pct,right_hand_palm_link,0.00014136482746161726,6.241313100779684e-05,True
joint_17_75pct,right_hand_thumb_0_link,0.0001497548166084422,6.137676548113681e-05,True
joint_17_75pct,right_hand_thumb_1_link,0.0001228781230931777,5.334548275147371e-05,True
joint_17_75pct,right_hand_thumb_2_link,0.0001399837004248495,5.345468549166031e-05,True
joint_17_75pct,right_hip_pitch_link,5.960464478502858e-05,1.846994795519987e-05,True
joint_17_75pct,right_hip_roll_link,6.156774833826409e-05,2.2653174724081298e-05,True
joint_17_75pct,right_hip_yaw_link,0.0001341104507446289,2.3783381691638923e-05,True
joint_17_75pct,right_knee_link,0.00017958835949292705,1.1581149199548747e-05,True
joint_17_75pct,right_shoulder_pitch_link,8.942077904701636e-05,1.7745352001653195e-05,True
joint_17_75pct,right_shoulder_roll_link,7.459541569689078e-05,2.0632372437402982e-05,True
joint_17_75pct,right_shoulder_yaw_link,6.241261986035418e-05,2.826493702772014e-05,True
joint_17_75pct,right_wrist_pitch_link,7.598131170262075e-05,5.378096330567109e-05,True
joint_17_75pct,right_wrist_roll_link,7.337970883992392e-05,3.8181918208328625e-05,True
joint_17_75pct,right_wrist_yaw_link,9.996002811937584e-05,6.259971776490284e-05,True
joint_17_75pct,torso_link,5.983788869933294e-05,2.1052056881276854e-05,True
joint_17_75pct,waist_roll_link,5.974563760387735e-05,2.173352885506323e-05,True
joint_17_75pct,waist_yaw_link,5.9670308071557674e-05,7.636383641665691e-06,True
joint_18_25pct,d435_link,0.00019318602657067367,2.200020789716329e-05,True
joint_18_25pct,head_link,0.00012000735127998719,2.1052056881276854e-05,True
joint_18_25pct,imu_in_pelvis,6.006850114687196e-05,0.0,True
joint_18_25pct,imu_in_torso,8.415499272642081e-05,2.1052056881276854e-05,True
joint_18_25pct,left_ankle_pitch_link,0.00020051788131284062,2.486226386113331e-05,True
joint_18_25pct,left_ankle_roll_link,0.0002222253538957869,3.0924996750400395e-05,True
joint_18_25pct,left_elbow_link,0.00018671101460071904,1.3445240826417657e-05,True
joint_18_25pct,left_hand_camera_base_link,0.0001959941750461743,3.630295340289845e-05,True
joint_18_25pct,left_hand_index_0_link,0.00017881393432617188,3.5408454289026025e-05,True
joint_18_25pct,left_hand_index_1_link,0.00023513635751693695,5.39433621553454e-05,True
joint_18_25pct,left_hand_middle_0_link,0.00015840151626966373,5.39433621553454e-05,True
joint_18_25pct,left_hand_middle_1_link,0.00019768624248238801,7.232425357033631e-05,True
joint_18_25pct,left_hand_palm_link,0.00014370159448672763,3.630295340289845e-05,True
joint_18_25pct,left_hand_thumb_0_link,0.00016049041769309352,3.5077526895278204e-05,True
joint_18_25pct,left_hand_thumb_1_link,0.00012377834115800374,2.3162298399097525e-05,True
joint_18_25pct,left_hand_thumb_2_link,0.00017120130796843851,1.9318692315611754e-05,True
joint_18_25pct,left_hip_pitch_link,7.029017216437026e-05,6.830189170012753e-06,True
joint_18_25pct,left_hip_roll_link,5.960646373703944e-05,1.322660445345283e-05,True
joint_18_25pct,left_hip_yaw_link,6.664001874625056e-05,1.8070981951380422e-05,True
joint_18_25pct,left_knee_link,0.00012065570608304177,2.656320193396619e-05,True
joint_18_25pct,left_shoulder_pitch_link,0.00014064686163416925,1.8070981951380422e-05,True
joint_18_25pct,left_shoulder_roll_link,0.00013329281842477082,1.3004292747236516e-05,True
joint_18_25pct,left_shoulder_yaw_link,0.00018966056820057505,9.035490975690204e-06,True
joint_18_25pct,left_wrist_pitch_link,0.00018431718463976653,1.8390847172211968e-05,True
joint_18_25pct,left_wrist_roll_link,0.00012753339684474238,1.0799477313527668e-05,True
joint_18_25pct,left_wrist_yaw_link,0.00018907453925087332,3.622254809177215e-05,True
joint_18_25pct,logo_link,1.3881591393671054e-05,2.1052056881276854e-05,True
joint_18_25pct,mid360_link,0.00019561796638793648,2.1052056881276854e-05,True
joint_18_25pct,pelvis,0.0,0.0,True
joint_18_25pct,pelvis_contour_link,8.08070082201906e-10,0.0,True
joint_18_25pct,right_ankle_pitch_link,0.0002701285032970205,1.9014441926092303e-05,True
joint_18_25pct,right_ankle_roll_link,0.0002481166393361496,2.0059138823654082e-05,True
joint_18_25pct,right_elbow_link,4.917524301426145e-05,3.230831095393761e-05,True
joint_18_25pct,right_hand_camera_base_link,0.0001497548166084422,6.24598299526078e-05,True
joint_18_25pct,right_hand_index_0_link,0.00017943374184954607,7.296643490470553e-05,True
joint_18_25pct,right_hand_index_1_link,0.00022302015940987713,8.983711231435483e-05,True
joint_18_25pct,right_hand_middle_0_link,0.00021900144899933142,6.696546803342531e-05,True
joint_18_25pct,right_hand_middle_1_link,0.00027028258364226006,8.059912630214408e-05,True
joint_18_25pct,right_hand_palm_link,0.00014136482746161726,6.241313100779684e-05,True
joint_18_25pct,right_hand_thumb_0_link,0.0001497548166084422,6.137676548113681e-05,True
joint_18_25pct,right_hand_thumb_1_link,0.0001228781230931777,5.334548275147371e-05,True
joint_18_25pct,right_hand_thumb_2_link,0.0001399837004248495,5.345468549166031e-05,True
joint_18_25pct,right_hip_pitch_link,6.368500211908964e-05,1.9394009140490052e-05,True
joint_18_25pct,right_hip_roll_link,6.716508318522123e-05,2.200020789716329e-05,True
joint_18_25pct,right_hip_yaw_link,9.094592642585711e-05,2.61204508945689e-05,True
joint_18_25pct,right_knee_link,0.000182653228523303,2.159895462705536e-05,True
joint_18_25pct,right_shoulder_pitch_link,8.942077904701636e-05,1.7745352001653195e-05,True
joint_18_25pct,right_shoulder_roll_link,7.459541569689078e-05,2.0632372437402982e-05,True
joint_18_25pct,right_shoulder_yaw_link,6.241261986035418e-05,2.826493702772014e-05,True
joint_18_25pct,right_wrist_pitch_link,7.598131170262075e-05,5.378096330567109e-05,True
joint_18_25pct,right_wrist_roll_link,7.337970883992392e-05,3.8181918208328625e-05,True
joint_18_25pct,right_wrist_yaw_link,9.996002811937584e-05,6.259971776490284e-05,True
joint_18_25pct,torso_link,5.983788869933294e-05,2.1052056881276854e-05,True
joint_18_25pct,waist_roll_link,5.974563760387735e-05,2.173352885506323e-05,True
joint_18_25pct,waist_yaw_link,5.9670308071557674e-05,7.636383641665691e-06,True
joint_18_75pct,d435_link,0.00019318602657067367,2.200020789716329e-05,True
joint_18_75pct,head_link,0.00012000735127998719,2.1052056881276854e-05,True
joint_18_75pct,imu_in_pelvis,6.006850114687196e-05,0.0,True
joint_18_75pct,imu_in_torso,8.415499272642081e-05,2.1052056881276854e-05,True
joint_18_75pct,left_ankle_pitch_link,0.0001841665371404331,2.7533372779140136e-05,True
joint_18_75pct,left_ankle_roll_link,0.00019967695002641374,4.847750521061102e-05,True
joint_18_75pct,left_elbow_link,0.00018671101460071904,1.3445240826417657e-05,True
joint_18_75pct,left_hand_camera_base_link,0.0001959941750461743,3.630295340289845e-05,True
joint_18_75pct,left_hand_index_0_link,0.00017881393432617188,3.5408454289026025e-05,True
joint_18_75pct,left_hand_index_1_link,0.00023513635751693695,5.39433621553454e-05,True
joint_18_75pct,left_hand_middle_0_link,0.00015840151626966373,5.39433621553454e-05,True
joint_18_75pct,left_hand_middle_1_link,0.00019768624248238801,7.232425357033631e-05,True
joint_18_75pct,left_hand_palm_link,0.00014370159448672763,3.630295340289845e-05,True
joint_18_75pct,left_hand_thumb_0_link,0.00016049041769309352,3.5077526895278204e-05,True
joint_18_75pct,left_hand_thumb_1_link,0.00012377834115800374,2.3162298399097525e-05,True
joint_18_75pct,left_hand_thumb_2_link,0.00017120130796843851,1.9318692315611754e-05,True
joint_18_75pct,left_hip_pitch_link,6.006850115643548e-05,5.122641877509564e-06,True
joint_18_75pct,left_hip_roll_link,6.015687833757763e-05,1.1952831047522321e-05,True
joint_18_75pct,left_hip_yaw_link,3.332000937312528e-05,1.4286365630539068e-05,True
joint_18_75pct,left_knee_link,6.664001874625056e-05,2.146353664868225e-05,True
joint_18_75pct,left_shoulder_pitch_link,0.00014064686163416925,1.8070981951380422e-05,True
joint_18_75pct,left_shoulder_roll_link,0.00013329281842477082,1.3004292747236516e-05,True
joint_18_75pct,left_shoulder_yaw_link,0.00018966056820057505,9.035490975690204e-06,True
joint_18_75pct,left_wrist_pitch_link,0.00018431718463976653,1.8390847172211968e-05,True
joint_18_75pct,left_wrist_roll_link,0.00012753339684474238,1.0799477313527668e-05,True
joint_18_75pct,left_wrist_yaw_link,0.00018907453925087332,3.622254809177215e-05,True
joint_18_75pct,logo_link,1.3881591393671054e-05,2.1052056881276854e-05,True
joint_18_75pct,mid360_link,0.00019561796638793648,2.1052056881276854e-05,True
joint_18_75pct,pelvis,0.0,0.0,True
joint_18_75pct,pelvis_contour_link,8.08070082201906e-10,0.0,True
joint_18_75pct,right_ankle_pitch_link,9.017972973667238e-05,8.365239156607494e-06,True
joint_18_75pct,right_ankle_roll_link,0.0001016123719288845,9.035490975690204e-06,True
joint_18_75pct,right_elbow_link,4.917524301426145e-05,3.230831095393761e-05,True
joint_18_75pct,right_hand_camera_base_link,0.0001497548166084422,6.24598299526078e-05,True
joint_18_75pct,right_hand_index_0_link,0.00017943374184954607,7.296643490470553e-05,True
joint_18_75pct,right_hand_index_1_link,0.00022302015940987713,8.983711231435483e-05,True
joint_18_75pct,right_hand_middle_0_link,0.00021900144899933142,6.696546803342531e-05,True
joint_18_75pct,right_hand_middle_1_link,0.00027028258364226006,8.059912630214408e-05,True
joint_18_75pct,right_hand_palm_link,0.00014136482746161726,6.241313100779684e-05,True
joint_18_75pct,right_hand_thumb_0_link,0.0001497548166084422,6.137676548113681e-05,True
joint_18_75pct,right_hand_thumb_1_link,0.0001228781230931777,5.334548275147371e-05,True
joint_18_75pct,right_hand_thumb_2_link,0.0001399837004248495,5.345468549166031e-05,True
joint_18_75pct,right_hip_pitch_link,6.0075703877537314e-05,7.0403978477281e-06,True
joint_18_75pct,right_hip_roll_link,0.0001201947465904182,1.0526028440638417e-05,True
joint_18_75pct,right_hip_yaw_link,3.725290298461914e-05,9.956626120759429e-06,True
joint_18_75pct,right_knee_link,8.229435248067424e-05,1.0526028440638417e-05,True
joint_18_75pct,right_shoulder_pitch_link,8.942077904701636e-05,1.7745352001653195e-05,True
joint_18_75pct,right_shoulder_roll_link,7.459541569689078e-05,2.0632372437402982e-05,True
joint_18_75pct,right_shoulder_yaw_link,6.241261986035418e-05,2.826493702772014e-05,True
joint_18_75pct,right_wrist_pitch_link,7.598131170262075e-05,5.378096330567109e-05,True
joint_18_75pct,right_wrist_roll_link,7.337970883992392e-05,3.8181918208328625e-05,True
joint_18_75pct,right_wrist_yaw_link,9.996002811937584e-05,6.259971776490284e-05,True
joint_18_75pct,torso_link,5.983788869933294e-05,2.1052056881276854e-05,True
joint_18_75pct,waist_roll_link,5.974563760387735e-05,2.173352885506323e-05,True
joint_18_75pct,waist_yaw_link,5.9670308071557674e-05,7.636383641665691e-06,True
joint_19_25pct,d435_link,0.00014812421315961362,1.637821826586816e-05,True
joint_19_25pct,head_link,6.429756014436607e-06,1.5080649355333733e-05,True
joint_19_25pct,imu_in_pelvis,6.006850114687196e-05,0.0,True
joint_19_25pct,imu_in_torso,6.285608106337685e-05,1.5080649355333733e-05,True
joint_19_25pct,left_ankle_pitch_link,0.00020051788131284062,2.486226386113331e-05,True
joint_19_25pct,left_ankle_roll_link,0.0002222253538957869,3.0924996750400395e-05,True
joint_19_25pct,left_elbow_link,7.487197822101187e-05,2.732075668005107e-05,True
joint_19_25pct,left_hand_camera_base_link,0.0001475139697881291,4.380116760472067e-05,True
joint_19_25pct,left_hand_index_0_link,0.00020754915888881862,5.378096330567109e-05,True
joint_19_25pct,left_hand_index_1_link,0.0002957796043348194,5.2519225025734405e-05,True
joint_19_25pct,left_hand_middle_0_link,0.00023276357876976294,6.132924184607371e-05,True
joint_19_25pct,left_hand_middle_1_link,0.0002649935967293194,6.184999350080135e-05,True
joint_19_25pct,left_hand_palm_link,0.00014938367646756336,4.78113241900896e-05,True
joint_19_25pct,left_hand_thumb_0_link,0.0002443972150513042,5.212915641671018e-05,True
joint_19_25pct,left_hand_thumb_1_link,0.00014136482746161726,3.4994306073655696e-05,True
joint_19_25pct,left_hand_thumb_2_link,0.00016912161503458272,1.4688877218970407e-05,True
joint_19_25pct,left_hip_pitch_link,7.029017216437026e-05,6.830189170012753e-06,True
joint_19_25pct,left_hip_roll_link,5.960646373703944e-05,1.322660445345283e-05,True
joint_19_25pct,left_hip_yaw_link,6.664001874625056e-05,1.8070981951380422e-05,True
joint_19_25pct,left_knee_link,0.00012065570608304177,2.656320193396619e-05,True
joint_19_25pct,left_shoulder_pitch_link,0.00013778407778463104,9.659346157805868e-06,True
joint_19_25pct,left_shoulder_roll_link,7.747666559613786e-05,7.2445096183544e-06,True
joint_19_25pct,left_shoulder_yaw_link,7.823319673917018e-05,3.157808532191534e-05,True
joint_19_25pct,left_wrist_pitch_link,9.557754640615662e-05,4.5048191509426474e-05,True
joint_19_25pct,left_wrist_roll_link,7.998537478440958e-05,3.6543107863314335e-05,True
joint_19_25pct,left_wrist_yaw_link,0.00010390822351710017,4.0552001361956704e-05,True
joint_19_25pct,logo_link,6.0137938014592375e-05,1.5080649355333733e-05,True
joint_19_25pct,mid360_link,0.00015219356155286433,1.5080649355333733e-05,True
joint_19_25pct,pelvis,0.0,0.0,True
joint_19_25pct,pelvis_contour_link,8.08070082201906e-10,0.0,True
joint_19_25pct,right_ankle_pitch_link,0.0001575670091998324,2.826493702772014e-05,True
joint_19_25pct,right_ankle_roll_link,0.00018816404051966634,3.2845327974765986e-05,True
joint_19_25pct,right_elbow_link,1.4901161193847656e-05,1.8070981951380422e-05,True
joint_19_25pct,right_hand_camera_base_link,0.0001210576058124894,5.4212945854141716e-05,True
joint_19_25pct,right_hand_index_0_link,0.00011250129990683123,5.464151336010253e-05,True
joint_19_25pct,right_hand_index_1_link,0.00019140888122715248,5.6684397917423446e-05,True
joint_19_25pct,right_hand_middle_0_link,0.0001497548166084422,5.6684397917423446e-05,True
joint_19_25pct,right_hand_middle_1_link,0.00021900144899933142,7.300638368125694e-05,True
joint_19_25pct,right_hand_palm_link,0.00010536712127723509,5.4534687229851446e-05,True
joint_19_25pct,right_hand_thumb_0_link,0.00010745380149674383,4.744401024087473e-05,True
joint_19_25pct,right_hand_thumb_1_link,0.00013978528260658472,4.651303661396636e-05,True
joint_19_25pct,right_hand_thumb_2_link,9.424321830774485e-05,4.4918556157176545e-05,True
joint_19_25pct,right_hip_pitch_link,5.960464478502858e-05,1.846994795519987e-05,True
joint_19_25pct,right_hip_roll_link,6.156774833826409e-05,2.2653174724081298e-05,True
joint_19_25pct,right_hip_yaw_link,0.0001341104507446289,2.3783381691638923e-05,True
joint_19_25pct,right_knee_link,0.00017958835949292705,1.1581149199548747e-05,True
joint_19_25pct,right_shoulder_pitch_link,5.154203945794049e-05,1.5080649355333733e-05,True
joint_19_25pct,right_shoulder_roll_link,0.000128526398920685,2.091309789151876e-05,True
joint_19_25pct,right_shoulder_yaw_link,1.5611811181754072e-05,1.916717082078121e-05,True
joint_19_25pct,right_wrist_pitch_link,6.322027276634104e-05,4.657568046270977e-05,True
joint_19_25pct,right_wrist_roll_link,7.185079724336381e-05,3.9826504483037906e-05,True
joint_19_25pct,right_wrist_yaw_link,6.322027276634104e-05,5.442765143043729e-05,True
joint_19_25pct,torso_link,1.9082819136968544e-06,1.5080649355333733e-05,True
joint_19_25pct,waist_roll_link,5.963963135682604e-05,6.389056940260397e-06,True
joint_19_25pct,waist_yaw_link,5.961409571841128e-05,1.7075472925031877e-06,True
joint_19_75pct,d435_link,6.71586259354649e-05,1.1326587362040635e-05,True
joint_19_75pct,head_link,0.00011943693771847703,9.352621701108683e-06,True
joint_19_75pct,imu_in_pelvis,6.006850114687196e-05,0.0,True
joint_19_75pct,imu_in_torso,0.00011944552410271073,9.352621701108683e-06,True
joint_19_75pct,left_ankle_pitch_link,0.0001841665371404331,2.7533372779140136e-05,True
joint_19_75pct,left_ankle_roll_link,0.00019967695002641374,4.847750521061102e-05,True
joint_19_75pct,left_elbow_link,5.3551048040390015e-06,5.3672424419448395e-05,True
joint_19_75pct,left_hand_camera_base_link,0.00022302015940987713,6.384491697133601e-05,True
joint_19_75pct,left_hand_index_0_link,0.00022903719766347703,6.283217202840313e-05,True
joint_19_75pct,left_hand_index_1_link,0.000301357335092972,6.41638018797412e-05,True
joint_19_75pct,left_hand_middle_0_link,0.000202266454108033,6.345554523619266e-05,True
joint_19_75pct,left_hand_middle_1_link,0.00031150199413846247,6.170840614950575e-05,True
joint_19_75pct,left_hand_palm_link,0.00019082797281243946,6.687833010707703e-05,True
joint_19_75pct,left_hand_thumb_0_link,0.000202266454108033,5.490766940823124e-05,True
joint_19_75pct,left_hand_thumb_1_link,0.0001737759081973225,5.6323182781825356e-05,True
joint_19_75pct,left_hand_thumb_2_link,0.00021073424255447018,5.688977684355846e-05,True
joint_19_75pct,left_hip_pitch_link,6.006850115643548e-05,5.122641877509564e-06,True
joint_19_75pct,left_hip_roll_link,6.015687833757763e-05,1.1952831047522321e-05,True
joint_19_75pct,left_hip_yaw_link,3.332000937312528e-05,1.4286365630539068e-05,True
joint_19_75pct,left_knee_link,6.664001874625056e-05,2.146353664868225e-05,True
joint_19_75pct,left_shoulder_pitch_link,0.00013342514206576348,1.366037834002551e-05,True
joint_19_75pct,left_shoulder_roll_link,0.0001332852978909738,1.831140469640497e-05,True
joint_19_75pct,left_shoulder_yaw_link,1.5259763059383374e-05,4.853761373365082e-05,True
joint_19_75pct,left_wrist_pitch_link,9.996002811937584e-05,5.9249676609974653e-05,True
joint_19_75pct,left_wrist_roll_link,8.043953359756314e-05,5.235240864341312e-05,True
joint_19_75pct,left_wrist_yaw_link,0.0001497548166084422,6.537921864395426e-05,True
joint_19_75pct,logo_link,7.678211322596083e-06,9.352621701108683e-06,True
joint_19_75pct,mid360_link,0.0001315130262598612,9.352621701108683e-06,True
joint_19_75pct,pelvis,0.0,0.0,True
joint_19_75pct,pelvis_contour_link,8.08070082201906e-10,0.0,True
joint_19_75pct,right_ankle_pitch_link,0.0001575670091998324,2.826493702772014e-05,True
joint_19_75pct,right_ankle_roll_link,0.00018816404051966634,3.2845327974765986e-05,True
joint_19_75pct,right_elbow_link,0.00013588695316341126,2.9772104357351613e-05,True
joint_19_75pct,right_hand_camera_base_link,0.0002636284532093127,4.126474487480614e-05,True
joint_19_75pct,right_hand_index_0_link,0.0002995096332168844,4.9841664581221915e-05,True
joint_19_75pct,right_hand_index_1_link,0.0003839760639287569,5.388928358319936e-05,True
joint_19_75pct,right_hand_middle_0_link,0.00031007307837433833,4.569085152842595e-05,True
joint_19_75pct,right_hand_middle_1_link,0.00036863436927953307,4.901582837263132e-05,True
joint_19_75pct,right_hand_palm_link,0.0002682209014892578,4.161653934608438e-05,True
joint_19_75pct,right_hand_thumb_0_link,0.0002682209014892578,4.5177454878451296e-05,True
joint_19_75pct,right_hand_thumb_1_link,0.000311145380404906,4.011827764730832e-05,True
joint_19_75pct,right_hand_thumb_2_link,0.00025981062314156734,4.011827764730832e-05,True
joint_19_75pct,right_hip_pitch_link,5.960464478502858e-05,1.846994795519987e-05,True
joint_19_75pct,right_hip_roll_link,6.156774833826409e-05,2.2653174724081298e-05,True
joint_19_75pct,right_hip_yaw_link,0.0001341104507446289,2.3783381691638923e-05,True
joint_19_75pct,right_knee_link,0.00017958835949292705,1.1581149199548747e-05,True
joint_19_75pct,right_shoulder_pitch_link,5.261645963455858e-05,9.352621701108683e-06,True
joint_19_75pct,right_shoulder_roll_link,6.70500256755577e-05,8.365239156607494e-06,True
joint_19_75pct,right_shoulder_yaw_link,0.00013145104509397268,2.6008585494473073e-05,True
joint_19_75pct,right_wrist_pitch_link,0.00022549548671277697,3.967981336035866e-05,True
joint_19_75pct,right_wrist_roll_link,0.00022214727872424682,3.148561635232658e-05,True
joint_19_75pct,right_wrist_yaw_link,0.00025331974029541016,4.140582133719097e-05,True
joint_19_75pct,torso_link,2.824955695103236e-06,9.352621701108683e-06,True
joint_19_75pct,waist_roll_link,5.963251391322702e-05,1.1326587362040635e-05,True
joint_19_75pct,waist_yaw_link,5.9606492233488505e-05,1.1581149199548747e-05,True
joint_20_25pct,d435_link,0.00020329302027288456,3.482726785942526e-05,True
joint_20_25pct,head_link,6.20393769451729e-05,3.423621675895667e-05,True
joint_20_25pct,imu_in_pelvis,6.006850114687196e-05,0.0,True
joint_20_25pct,imu_in_torso,0.0001268072295678588,3.4065461496091986e-05,True
joint_20_25pct,left_ankle_pitch_link,0.00020051788131284062,2.486226386113331e-05,True
joint_20_25pct,left_ankle_roll_link,0.0002222253538957869,3.0924996750400395e-05,True
joint_20_25pct,left_elbow_link,0.00010829403519742537,4.2586106235672334e-05,True
joint_20_25pct,left_hand_camera_base_link,0.0003075565016351684,5.235240864341312e-05,True
joint_20_25pct,left_hand_index_0_link,0.00038078225669803135,6.118644947108295e-05,True
joint_20_25pct,left_hand_index_1_link,0.000404532908216066,6.53346064117762e-05,True
joint_20_25pct,left_hand_middle_0_link,0.000340125328615705,5.8006364224797126e-05,True
joint_20_25pct,left_hand_middle_1_link,0.0004042583693936627,6.166113811794337e-05,True
joint_20_25pct,left_hand_palm_link,0.000303925246810483,5.285127822841514e-05,True
joint_20_25pct,left_hand_thumb_0_link,0.00032782554626464844,5.2796081055937076e-05,True
joint_20_25pct,left_hand_thumb_1_link,0.00028624195921865916,4.1123184440875915e-05,True
joint_20_25pct,left_hand_thumb_2_link,0.00032313538256587747,3.3460956626430084e-05,True
joint_20_25pct,left_hip_pitch_link,7.029017216437026e-05,6.830189170012753e-06,True
joint_20_25pct,left_hip_roll_link,5.960646373703944e-05,1.322660445345283e-05,True
joint_20_25pct,left_hip_yaw_link,6.664001874625056e-05,1.8070981951380422e-05,True
joint_20_25pct,left_knee_link,0.00012065570608304177,2.656320193396619e-05,True
joint_20_25pct,left_shoulder_pitch_link,0.00017065175427272657,2.61204508945689e-05,True
joint_20_25pct,left_shoulder_roll_link,0.0001843068921512044,2.366046933553761e-05,True
joint_20_25pct,left_shoulder_yaw_link,0.0001615039707801295,3.938479206830751e-05,True
joint_20_25pct,left_wrist_pitch_link,0.0002502330485544602,5.065403858922616e-05,True
joint_20_25pct,left_wrist_roll_link,0.0001800514157652046,4.210411376255389e-05,True
joint_20_25pct,left_wrist_yaw_link,0.00029839552036674006,5.24080731021394e-05,True
joint_20_25pct,logo_link,0.00012058652753172112,3.4065461496091986e-05,True
joint_20_25pct,mid360_link,0.00020869141453657615,3.4065461496091986e-05,True
joint_20_25pct,pelvis,0.0,0.0,True
joint_20_25pct,pelvis_contour_link,8.08070082201906e-10,0.0,True
joint_20_25pct,right_ankle_pitch_link,0.0001575670091998324,2.826493702772014e-05,True
joint_20_25pct,right_ankle_roll_link,0.00018816404051966634,3.2845327974765986e-05,True
joint_20_25pct,right_elbow_link,0.00019263425906519718,5.548871912811274e-05,True
joint_20_25pct,right_hand_camera_base_link,0.00023135822348630783,6.306376946685154e-05,True
joint_20_25pct,right_hand_index_0_link,0.00028749974640570193,5.775448998145921e-05,True
joint_20_25pct,right_hand_index_1_link,0.0003478711107352004,5.939712522440282e-05,True
joint_20_25pct,right_hand_middle_0_link,0.0002563692708922215,5.82571495023673e-05,True
joint_20_25pct,right_hand_middle_1_link,0.0002624677859814247,5.606374711980601e-05,True
joint_20_25pct,right_hand_palm_link,0.0002247866219512461,6.420922758587703e-05,True
joint_20_25pct,right_hand_thumb_0_link,0.0002568019619526578,5.6011715788764106e-05,True
joint_20_25pct,right_hand_thumb_1_link,0.00025981062314156734,6.066000171647224e-05,True
joint_20_25pct,right_hand_thumb_2_link,0.00022940046069533604,6.978000181101706e-05,True
joint_20_25pct,right_hip_pitch_link,5.960464478502858e-05,1.846994795519987e-05,True
joint_20_25pct,right_hip_roll_link,6.156774833826409e-05,2.2653174724081298e-05,True
joint_20_25pct,right_hip_yaw_link,0.0001341104507446289,2.3783381691638923e-05,True
joint_20_25pct,right_knee_link,0.00017958835949292705,1.1581149199548747e-05,True
joint_20_25pct,right_shoulder_pitch_link,0.0001442170568787019,2.7533372779140136e-05,True
joint_20_25pct,right_shoulder_roll_link,0.00025487618031072443,3.230831095393761e-05,True
joint_20_25pct,right_shoulder_yaw_link,0.00019195707774987685,4.9958526792246095e-05,True
joint_20_25pct,right_wrist_pitch_link,0.0001666416916723925,5.207319380646405e-05,True
joint_20_25pct,right_wrist_roll_link,0.0001505980568431106,5.6011715788764106e-05,True
joint_20_25pct,right_wrist_yaw_link,0.0002086162567138672,6.56018247311409e-05,True
joint_20_25pct,torso_link,5.9914848897722295e-05,3.4065461496091986e-05,True
joint_20_25pct,waist_roll_link,5.975535461836863e-05,2.9476836521720326e-05,True
joint_20_25pct,waist_yaw_link,5.965978841324367e-05,1.4183953086968139e-05,True
joint_20_75pct,d435_link,0.00011602350698707577,1.5742808176163252e-05,True
joint_20_75pct,head_link,6.14997370687322e-05,1.5080649355333733e-05,True
joint_20_75pct,imu_in_pelvis,6.006850114687196e-05,0.0,True
joint_20_75pct,imu_in_torso,4.264806636368972e-05,1.5177012312529194e-05,True
joint_20_75pct,left_ankle_pitch_link,0.0001841665371404331,2.7533372779140136e-05,True
joint_20_75pct,left_ankle_roll_link,0.00019967695002641374,4.847750521061102e-05,True
joint_20_75pct,left_elbow_link,9.55774755080603e-05,3.848616141051972e-05,True
joint_20_75pct,left_hand_camera_base_link,0.00012377834115800374,5.585533098160351e-05,True
joint_20_75pct,left_hand_index_0_link,0.0001497548166084422,5.464151336010253e-05,True
joint_20_75pct,left_hand_index_1_link,0.00017881393432617188,5.6941005829034584e-05,True
joint_20_75pct,left_hand_middle_0_link,0.0001837138534477048,6.027424262605257e-05,True
joint_20_75pct,left_hand_middle_1_link,0.0001959941750461743,7.478199419824978e-05,True
joint_20_75pct,left_hand_palm_link,0.00012818463544611076,5.616766518325377e-05,True
joint_20_75pct,left_hand_thumb_0_link,0.00010848209096909342,5.474813104852807e-05,True
joint_20_75pct,left_hand_thumb_1_link,0.00011920928955078125,5.345468549166031e-05,True
joint_20_75pct,left_hand_thumb_2_link,0.00011175870895385742,5.024949329906643e-05,True
joint_20_75pct,left_hip_pitch_link,6.006850115643548e-05,5.122641877509564e-06,True
joint_20_75pct,left_hip_roll_link,6.015687833757763e-05,1.1952831047522321e-05,True
joint_20_75pct,left_hip_yaw_link,3.332000937312528e-05,1.4286365630539068e-05,True
joint_20_75pct,left_knee_link,6.664001874625056e-05,2.146353664868225e-05,True
joint_20_75pct,left_shoulder_pitch_link,6.0195171879380224e-05,1.2074182697257337e-05,True
joint_20_75pct,left_shoulder_roll_link,4.647153672505995e-05,3.7720952599236896e-05,True
joint_20_75pct,left_shoulder_yaw_link,1.4901161193847656e-05,3.670233784562458e-05,True
joint_20_75pct,left_wrist_pitch_link,9.064022496787041e-05,4.694978832367688e-05,True
joint_20_75pct,left_wrist_roll_link,0.00010745380149674383,3.9532577923636065e-05,True
joint_20_75pct,left_wrist_yaw_link,9.064022496787041e-05,5.627139133842914e-05,True
joint_20_75pct,logo_link,6.138142723603773e-05,1.5177012312529194e-05,True
joint_20_75pct,mid360_link,0.00010802743228949534,1.527276728333139e-05,True
joint_20_75pct,pelvis,0.0,0.0,True
joint_20_75pct,pelvis_contour_link,8.08070082201906e-10,0.0,True
joint_20_75pct,right_ankle_pitch_link,0.0001575670091998324,2.826493702772014e-05,True
joint_20_75pct,right_ankle_roll_link,0.00018816404051966634,3.2845327974765986e-05,True
joint_20_75pct,right_elbow_link,7.703000486549815e-05,1.9913252241518875e-05,True
joint_20_75pct,right_hand_camera_base_link,0.00011250129990683123,3.78752311678545e-05,True
joint_20_75pct,right_hand_index_0_link,0.00018907453925087332,3.741048680443488e-05,True
joint_20_75pct,right_hand_index_1_link,0.00019880628681371115,4.719754618290178e-05,True
joint_20_75pct,right_hand_middle_0_link,0.00023572582035595737,4.5881894249578165e-05,True
joint_20_75pct,right_hand_middle_1_link,0.00022302015940987713,5.6011715788764106e-05,True
joint_20_75pct,right_hand_palm_link,9.483040914951156e-05,3.3721357103364706e-05,True
joint_20_75pct,right_hand_thumb_0_link,0.00011397196755393114,1.9913252241518875e-05,True
joint_20_75pct,right_hand_thumb_1_link,0.00019443017766922546,1.024528375501913e-05,True
joint_20_75pct,right_hand_thumb_2_link,0.00015503653918716917,1.5649929441225527e-05,True
joint_20_75pct,right_hip_pitch_link,5.960464478502858e-05,1.846994795519987e-05,True
joint_20_75pct,right_hip_roll_link,6.156774833826409e-05,2.2653174724081298e-05,True
joint_20_75pct,right_hip_yaw_link,0.0001341104507446289,2.3783381691638923e-05,True
joint_20_75pct,right_knee_link,0.00017958835949292705,1.1581149199548747e-05,True
joint_20_75pct,right_shoulder_pitch_link,0.0001278240975523092,1.870524340221738e-05,True
joint_20_75pct,right_shoulder_roll_link,4.6659906803291685e-05,5.399738656763832e-06,True
joint_20_75pct,right_shoulder_yaw_link,0.0001295223001391107,1.8390847172211968e-05,True
joint_20_75pct,right_wrist_pitch_link,0.00011092737041001698,2.450791418631552e-05,True
joint_20_75pct,right_wrist_roll_link,8.688795409866125e-05,1.5649929441225527e-05,True
joint_20_75pct,right_wrist_yaw_link,9.541398640621973e-05,2.8674595153725626e-05,True
joint_20_75pct,torso_link,4.880535685424034e-06,1.527276728333139e-05,True
joint_20_75pct,waist_roll_link,4.088768144267731e-06,1.5649929441225527e-05,True
joint_20_75pct,waist_yaw_link,1.5818979636461408e-06,8.00910673140078e-06,True
joint_21_25pct,d435_link,0.00012450497572920026,2.8978038473417675e-05,True
joint_21_25pct,head_link,1.3374918035176711e-05,2.5441881649397815e-05,True
joint_21_25pct,imu_in_pelvis,6.006850114687196e-05,0.0,True
joint_21_25pct,imu_in_torso,8.242599404109825e-05,2.57267940218489e-05,True
joint_21_25pct,left_ankle_pitch_link,0.00020051788131284062,2.486226386113331e-05,True
joint_21_25pct,left_ankle_roll_link,0.0002222253538957869,3.0924996750400395e-05,True
joint_21_25pct,left_elbow_link,9.75890971528719e-05,3.6383181022077855e-05,True
joint_21_25pct,left_hand_camera_base_link,0.0002421152116249788,2.7953753927588597e-05,True
joint_21_25pct,left_hand_index_0_link,0.0002388837865275353,2.784925354712232e-05,True
joint_21_25pct,left_hand_index_1_link,0.00024027400458748784,3.5408454289026025e-05,True
joint_21_25pct,left_hand_middle_0_link,0.00017943374184954607,3.248830293691662e-05,True
joint_21_25pct,left_hand_middle_1_link,0.0002443972150513042,3.78752311678545e-05,True
joint_21_25pct,left_hand_palm_link,0.00018671101460071904,2.8776098462827356e-05,True
joint_21_25pct,left_hand_thumb_0_link,0.00012013700229374392,3.622254809177215e-05,True
joint_21_25pct,left_hand_thumb_1_link,0.00017881393432617188,4.373454982076026e-05,True
joint_21_25pct,left_hand_thumb_2_link,0.00011944189326376765,5.257471286479839e-05,True
joint_21_25pct,left_hip_pitch_link,7.029017216437026e-05,6.830189170012753e-06,True
joint_21_25pct,left_hip_roll_link,5.960646373703944e-05,1.322660445345283e-05,True
joint_21_25pct,left_hip_yaw_link,6.664001874625056e-05,1.8070981951380422e-05,True
joint_21_25pct,left_knee_link,0.00012065570608304177,2.656320193396619e-05,True
joint_21_25pct,left_shoulder_pitch_link,0.00013710821709910837,2.159895462705536e-05,True
joint_21_25pct,left_shoulder_roll_link,7.862892193975789e-05,2.091309789151876e-05,True
joint_21_25pct,left_shoulder_yaw_link,9.996002811937584e-05,2.2132342465963154e-05,True
joint_21_25pct,left_wrist_pitch_link,0.00012377834115800374,3.573631734226578e-05,True
joint_21_25pct,left_wrist_roll_link,0.00012818463544611076,3.6061199636676066e-05,True
joint_21_25pct,left_wrist_yaw_link,0.00018189185285171421,2.967400819492987e-05,True
joint_21_25pct,logo_link,1.366487072131353e-05,2.57267940218489e-05,True
joint_21_25pct,mid360_link,0.00017238693032826659,2.567006452828869e-05,True
joint_21_25pct,pelvis,0.0,0.0,True
joint_21_25pct,pelvis_contour_link,8.08070082201906e-10,0.0,True
joint_21_25pct,right_ankle_pitch_link,0.0001575670091998324,2.826493702772014e-05,True
joint_21_25pct,right_ankle_roll_link,0.00018816404051966634,3.2845327974765986e-05,True
joint_21_25pct,right_elbow_link,7.76580077276862e-05,4.54348783573103e-05,True
joint_21_25pct,right_hand_camera_base_link,0.00020754915888881862,8.063529373779973e-05,True
joint_21_25pct,right_hand_index_0_link,0.0003332000937312528,8.431203881686986e-05,True
joint_21_25pct,right_hand_index_1_link,0.000378442558622369,9.668397553974112e-05,True
joint_21_25pct,right_hand_middle_0_link,0.0003185504425530426,9.528664697954697e-05,True
joint_21_25pct,right_hand_middle_1_link,0.00040535540904806385,0.0001053710264511205,True
joint_21_25pct,right_hand_palm_link,0.00021593834081574438,8.088801298565281e-05,True
joint_21_25pct,right_hand_thumb_0_link,0.00024073562653964027,7.697232282104052e-05,True
joint_21_25pct,right_hand_thumb_1_link,0.0002388837865275353,6.683471854058262e-05,True
joint_21_25pct,right_hand_thumb_2_link,0.0002669762502188819,5.699218876595651e-05,True
joint_21_25pct,right_hip_pitch_link,5.960464478502858e-05,1.846994795519987e-05,True
joint_21_25pct,right_hip_roll_link,6.156774833826409e-05,2.2653174724081298e-05,True
joint_21_25pct,right_hip_yaw_link,0.0001341104507446289,2.3783381691638923e-05,True
joint_21_25pct,right_knee_link,0.00017958835949292705,1.1581149199548747e-05,True
joint_21_25pct,right_shoulder_pitch_link,8.048841112296807e-05,2.091309789151876e-05,True
joint_21_25pct,right_shoulder_roll_link,9.918563489546355e-05,2.6672741375736675e-05,True
joint_21_25pct,right_shoulder_yaw_link,8.469412686657353e-05,4.279101250090702e-05,True
joint_21_25pct,right_wrist_pitch_link,0.00014057727354849282,6.208525488077278e-05,True
joint_21_25pct,right_wrist_roll_link,0.00010536712127723509,5.053878465470131e-05,True
joint_21_25pct,right_wrist_yaw_link,0.0001666000468656264,8.103207011311152e-05,True
joint_21_25pct,torso_link,6.018210518115369e-05,2.578339869758786e-05,True
joint_21_25pct,waist_roll_link,5.997765203469519e-05,2.9377754437940875e-05,True
joint_21_25pct,waist_yaw_link,5.96847287446059e-05,2.426880686682527e-05,True
joint_21_75pct,d435_link,0.00015200827839302394,2.020397203172922e-05,True
joint_21_75pct,head_link,6.14043881918447e-05,1.9913252241518875e-05,True
joint_21_75pct,imu_in_pelvis,6.006850114687196e-05,0.0,True
joint_21_75pct,imu_in_torso,0.00012871218293546654,2.0059138823654082e-05,True
joint_21_75pct,left_ankle_pitch_link,0.0001841665371404331,2.7533372779140136e-05,True
joint_21_75pct,left_ankle_roll_link,0.00019967695002641374,4.847750521061102e-05,True
joint_21_75pct,left_elbow_link,0.00018189185285171421,3.3721357103364706e-05,True
joint_21_75pct,left_hand_camera_base_link,0.00014642807846541365,5.263014220319253e-05,True
joint_21_75pct,left_hand_index_0_link,0.0002006130221163669,5.895367304344113e-05,True
joint_21_75pct,left_hand_index_1_link,0.0002421152116249788,7.015505379055722e-05,True
joint_21_75pct,left_hand_middle_0_link,0.00018685961073613841,5.0075116278208596e-05,True
joint_21_75pct,left_hand_middle_1_link,0.0002695627885330549,6.231962813730414e-05,True
joint_21_75pct,left_hand_palm_link,0.00015341684432308378,5.030748465512057e-05,True
joint_21_75pct,left_hand_thumb_0_link,0.00016323404237781946,5.048105901090034e-05,True
joint_21_75pct,left_hand_thumb_1_link,0.00017329608424921346,4.895630700474638e-05,True
joint_21_75pct,left_hand_thumb_2_link,0.0001228781230931777,3.5160550743713264e-05,True
joint_21_75pct,left_hip_pitch_link,6.006850115643548e-05,5.122641877509564e-06,True
joint_21_75pct,left_hip_roll_link,6.015687833757763e-05,1.1952831047522321e-05,True
joint_21_75pct,left_hip_yaw_link,3.332000937312528e-05,1.4286365630539068e-05,True
joint_21_75pct,left_knee_link,6.664001874625056e-05,2.146353664868225e-05,True
joint_21_75pct,left_shoulder_pitch_link,0.00012669064641790105,2.0059138823654082e-05,True
joint_21_75pct,left_shoulder_roll_link,0.00024080178716198004,2.0632372437402982e-05,True
joint_21_75pct,left_shoulder_yaw_link,0.00017952439202468078,2.020397203172922e-05,True
joint_21_75pct,left_wrist_pitch_link,0.0001494301193962364,4.439622960508316e-05,True
joint_21_75pct,left_wrist_roll_link,0.0001421968242823505,3.916206761302329e-05,True
joint_21_75pct,left_wrist_yaw_link,0.00013743241686893043,4.575462106612767e-05,True
joint_21_75pct,logo_link,0.00012005194869010052,2.0059138823654082e-05,True
joint_21_75pct,mid360_link,0.0001870363959214659,2.013168567464636e-05,True
joint_21_75pct,pelvis,0.0,0.0,True
joint_21_75pct,pelvis_contour_link,8.08070082201906e-10,0.0,True
joint_21_75pct,right_ankle_pitch_link,0.0001575670091998324,2.826493702772014e-05,True
joint_21_75pct,right_ankle_roll_link,0.00018816404051966634,3.2845327974765986e-05,True
joint_21_75pct,right_elbow_link,7.5339333773243e-05,2.5327019294612925e-05,True
joint_21_75pct,right_hand_camera_base_link,0.00016049041769309352,4.426468493192651e-05,True
joint_21_75pct,right_hand_index_0_link,0.00016858739404357613,5.890419450090704e-05,True
joint_21_75pct,right_hand_index_1_link,0.00023276357876976294,7.621095570993103e-05,True
joint_21_75pct,right_hand_middle_0_link,0.00016118070224511576,4.713572880708302e-05,True
joint_21_75pct,right_hand_middle_1_link,0.00019082797281243946,6.301751807121513e-05,True
joint_21_75pct,right_hand_palm_link,0.00014057727354849282,4.452738566513649e-05,True
joint_21_75pct,right_hand_thumb_0_link,0.0001497548166084422,3.945875418428828e-05,True
joint_21_75pct,right_hand_thumb_1_link,0.00016924465733171324,4.0552001361956704e-05,True
joint_21_75pct,right_hand_thumb_2_link,0.00017881393432617188,3.725428367208604e-05,True
joint_21_75pct,right_hip_pitch_link,5.960464478502858e-05,1.846994795519987e-05,True
joint_21_75pct,right_hip_roll_link,6.156774833826409e-05,2.2653174724081298e-05,True
joint_21_75pct,right_hip_yaw_link,0.0001341104507446289,2.3783381691638923e-05,True
joint_21_75pct,right_knee_link,0.00017958835949292705,1.1581149199548747e-05,True
joint_21_75pct,right_shoulder_pitch_link,8.257983032815265e-05,1.0799477313527668e-05,True
joint_21_75pct,right_shoulder_roll_link,0.00014079591632233196,1.4688877218970407e-05,True
joint_21_75pct,right_shoulder_yaw_link,8.430173551188972e-05,2.0632372437402982e-05,True
joint_21_75pct,right_wrist_pitch_link,8.024520884654676e-05,4.366783040766156e-05,True
joint_21_75pct,right_wrist_roll_link,8.462232866585662e-05,3.120656550389813e-05,True
joint_21_75pct,right_wrist_yaw_link,0.0001341104507446289,4.459281903719558e-05,True
joint_21_75pct,torso_link,5.9684224950254855e-05,1.9913252241518875e-05,True
joint_21_75pct,waist_roll_link,5.9647294748801063e-05,1.8937615583927184e-05,True
joint_21_75pct,waist_yaw_link,5.961256177449021e-05,4.829673078902933e-06,True
joint_22_25pct,d435_link,0.0001410331144644763,2.2781522350186035e-05,True
joint_22_25pct,head_link,0.00012040437198036903,1.8231616061100753e-05,True
joint_22_25pct,imu_in_pelvis,6.006850114687196e-05,0.0,True
joint_22_25pct,imu_in_torso,7.404453758262455e-05,1.8231616061100753e-05,True
joint_22_25pct,left_ankle_pitch_link,0.00020051788131284062,2.486226386113331e-05,True
joint_22_25pct,left_ankle_roll_link,0.0002222253538957869,3.0924996750400395e-05,True
joint_22_25pct,left_elbow_link,9.86718577352217e-05,4.011827764730832e-05,True
joint_22_25pct,left_hand_camera_base_link,0.00017881393432617188,7.332519036670182e-05,True
joint_22_25pct,left_hand_index_0_link,0.00022152168672261396,7.376129969671113e-05,True
joint_22_25pct,left_hand_index_1_link,0.0002421152116249788,7.976274909935561e-05,True
joint_22_25pct,left_hand_middle_0_link,0.0002889442358861166,7.204149919262099e-05,True
joint_22_25pct,left_hand_middle_1_link,0.0003227056239203768,7.71992687370813e-05,True
joint_22_25pct,left_hand_palm_link,0.00020485709734063625,7.364261691718475e-05,True
joint_22_25pct,left_hand_thumb_0_link,0.00026151431761360536,7.466493386945612e-05,True
joint_22_25pct,left_hand_thumb_1_link,0.0001999200562387517,7.427340031671871e-05,True
joint_22_25pct,left_hand_thumb_2_link,0.00024586915969848633,7.598105788384002e-05,True
joint_22_25pct,left_hip_pitch_link,7.029017216437026e-05,6.830189170012753e-06,True
joint_22_25pct,left_hip_roll_link,5.960646373703944e-05,1.322660445345283e-05,True
joint_22_25pct,left_hip_yaw_link,6.664001874625056e-05,1.8070981951380422e-05,True
joint_22_25pct,left_knee_link,0.00012065570608304177,2.656320193396619e-05,True
joint_22_25pct,left_shoulder_pitch_link,7.792569083391051e-05,2.6008585494473073e-05,True
joint_22_25pct,left_shoulder_roll_link,6.26625012159176e-05,4.098113502007672e-05,True
joint_22_25pct,left_shoulder_yaw_link,6.200818159325907e-05,4.11940254657222e-05,True
joint_22_25pct,left_wrist_pitch_link,0.000155572690202453,6.739946783216028e-05,True
joint_22_25pct,left_wrist_roll_link,9.799708752308716e-05,5.993466672601393e-05,True
joint_22_25pct,left_wrist_yaw_link,0.00017881393432617188,7.368219908447016e-05,True
joint_22_25pct,logo_link,6.244330476222335e-05,1.8231616061100753e-05,True
joint_22_25pct,mid360_link,0.0001722822687823428,1.8231616061100753e-05,True
joint_22_25pct,pelvis,0.0,0.0,True
joint_22_25pct,pelvis_contour_link,8.08070082201906e-10,0.0,True
joint_22_25pct,right_ankle_pitch_link,0.0001575670091998324,2.826493702772014e-05,True
joint_22_25pct,right_ankle_roll_link,0.00018816404051966634,3.2845327974765986e-05,True
joint_22_25pct,right_elbow_link,7.190509940295524e-05,4.0767132852298415e-05,True
joint_22_25pct,right_hand_camera_base_link,0.00011638178938488147,5.0596444439175195e-05,True
joint_22_25pct,right_hand_index_0_link,0.0001959941750461743,6.652863709571243e-05,True
joint_22_25pct,right_hand_index_1_link,0.0002563692708922215,8.56841718752547e-05,True
joint_22_25pct,right_hand_middle_0_link,0.0001999200562387517,5.785537126354833e-05,True
joint_22_25pct,right_hand_middle_1_link,0.0002893282151065409,6.324843682983222e-05,True
joint_22_25pct,right_hand_palm_link,0.00011151007970493857,5.0075116278208596e-05,True
joint_22_25pct,right_hand_thumb_0_link,0.00018189185285171421,5.345468549166031e-05,True
joint_22_25pct,right_hand_thumb_1_link,0.00018189185285171421,7.532587041275296e-05,True
joint_22_25pct,right_hand_thumb_2_link,0.0001521451611568193,8.030920044783668e-05,True
joint_22_25pct,right_hip_pitch_link,5.960464478502858e-05,1.846994795519987e-05,True
joint_22_25pct,right_hip_roll_link,6.156774833826409e-05,2.2653174724081298e-05,True
joint_22_25pct,right_hip_yaw_link,0.0001341104507446289,2.3783381691638923e-05,True
joint_22_25pct,right_knee_link,0.00017958835949292705,1.1581149199548747e-05,True
joint_22_25pct,right_shoulder_pitch_link,7.65481214574819e-05,2.805786510332611e-05,True
joint_22_25pct,right_shoulder_roll_link,7.61198879981431e-05,2.9476836521720326e-05,True
joint_22_25pct,right_shoulder_yaw_link,4.7385612286269294e-05,3.2036426925603224e-05,True
joint_22_25pct,right_wrist_pitch_link,6.322027276634104e-05,4.366783040766156e-05,True
joint_22_25pct,right_wrist_roll_link,2.9802322387695312e-05,4.090992534852012e-05,True
joint_22_25pct,right_wrist_yaw_link,0.00010745380149674383,5.048105901090034e-05,True
joint_22_25pct,torso_link,1.0269912657812691e-05,1.8390847172211968e-05,True
joint_22_25pct,waist_roll_link,8.87766503234301e-06,1.5835142153691186e-05,True
joint_22_25pct,waist_yaw_link,3.3906135282107254e-06,3.4150945850063755e-06,True
joint_22_75pct,d435_link,0.00016492563203855348,1.6730478313214994e-05,True
joint_22_75pct,head_link,1.6007892721362787e-05,1.5649929441225527e-05,True
joint_22_75pct,imu_in_pelvis,6.006850114687196e-05,0.0,True
joint_22_75pct,imu_in_torso,6.420724523493342e-05,1.5835142153691186e-05,True
joint_22_75pct,left_ankle_pitch_link,0.0001841665371404331,2.7533372779140136e-05,True
joint_22_75pct,left_ankle_roll_link,0.00019967695002641374,4.847750521061102e-05,True
joint_22_75pct,left_elbow_link,4.6566128730773926e-05,2.450791418631552e-05,True
joint_22_75pct,left_hand_camera_base_link,0.00010323827311807139,5.4212945854141716e-05,True
joint_22_75pct,left_hand_index_0_link,0.00016049041769309352,5.993466672601393e-05,True
joint_22_75pct,left_hand_index_1_link,0.00023324006561187697,7.489887157229991e-05,True
joint_22_75pct,left_hand_middle_0_link,0.00014600096599955427,6.948689519729352e-05,True
joint_22_75pct,left_hand_middle_1_link,0.00024978897890806515,8.295235924600832e-05,True
joint_22_75pct,left_hand_palm_link,9.541398640621973e-05,5.474813104852807e-05,True
joint_22_75pct,left_hand_thumb_0_link,0.0001737759081973225,4.6887644301306027e-05,True
joint_22_75pct,left_hand_thumb_1_link,0.00014370159448672763,3.0354024625058453e-05,True
joint_22_75pct,left_hand_thumb_2_link,9.541398640621973e-05,2.200020789716329e-05,True
joint_22_75pct,left_hip_pitch_link,6.006850115643548e-05,5.122641877509564e-06,True
joint_22_75pct,left_hip_roll_link,6.015687833757763e-05,1.1952831047522321e-05,True
joint_22_75pct,left_hip_yaw_link,3.332000937312528e-05,1.4286365630539068e-05,True
joint_22_75pct,left_knee_link,6.664001874625056e-05,2.146353664868225e-05,True
joint_22_75pct,left_shoulder_pitch_link,0.0001479701022680601,2.1052056881276854e-05,True
joint_22_75pct,left_shoulder_roll_link,0.00014920458408152073,2.1052056881276854e-05,True
joint_22_75pct,left_shoulder_yaw_link,9.601321467264414e-05,2.3036072399967966e-05,True
joint_22_75pct,left_wrist_pitch_link,7.300048299977714e-05,4.306270419866663e-05,True
joint_22_75pct,left_wrist_roll_link,6.537857940340134e-05,2.578339869758786e-05,True
joint_22_75pct,left_wrist_yaw_link,9.541398640621973e-05,5.4212945854141716e-05,True
joint_22_75pct,logo_link,6.251016569369886e-05,1.5835142153691186e-05,True
joint_22_75pct,mid360_link,0.00015925937537034402,1.6199215970291508e-05,True
joint_22_75pct,pelvis,0.0,0.0,True
joint_22_75pct,pelvis_contour_link,8.08070082201906e-10,0.0,True
joint_22_75pct,right_ankle_pitch_link,0.0001575670091998324,2.826493702772014e-05,True
joint_22_75pct,right_ankle_roll_link,0.00018816404051966634,3.2845327974765986e-05,True
joint_22_75pct,right_elbow_link,7.452908539676128e-05,4.670071607147995e-05,True
joint_22_75pct,right_hand_camera_base_link,0.0001543187735766767,6.231962813730414e-05,True
joint_22_75pct,right_hand_index_0_link,0.000196135738210204,7.575046233571002e-05,True
joint_22_75pct,right_hand_index_1_link,0.00028322007967156485,9.372863809548896e-05,True
joint_22_75pct,right_hand_middle_0_link,0.0002640492490927778,7.462587295447861e-05,True
joint_22_75pct,right_hand_middle_1_link,0.00030282737959774693,7.71992687370813e-05,True
joint_22_75pct,right_hand_palm_link,0.0001543187735766767,6.763698070860272e-05,True
joint_22_75pct,right_hand_thumb_0_link,0.00017504900879369273,6.180283375814494e-05,True
joint_22_75pct,right_hand_thumb_1_link,0.00018143349382111312,6.118644947108295e-05,True
joint_22_75pct,right_hand_thumb_2_link,0.0001700626643078525,5.533085616490834e-05,True
joint_22_75pct,right_hip_pitch_link,5.960464478502858e-05,1.846994795519987e-05,True
joint_22_75pct,right_hip_roll_link,6.156774833826409e-05,2.2653174724081298e-05,True
joint_22_75pct,right_hip_yaw_link,0.0001341104507446289,2.3783381691638923e-05,True
joint_22_75pct,right_knee_link,0.00017958835949292705,1.1581149199548747e-05,True
joint_22_75pct,right_shoulder_pitch_link,5.242050755258978e-05,2.0059138823654082e-05,True
joint_22_75pct,right_shoulder_roll_link,0.00012828335930007307,1.4286365630539068e-05,True
joint_22_75pct,right_shoulder_yaw_link,0.0001336361727471575,1.024528375501913e-05,True
joint_22_75pct,right_wrist_pitch_link,0.00011926748300777467,6.354737675346665e-05,True
joint_22_75pct,right_wrist_roll_link,9.541398640621973e-05,4.954830320672627e-05,True
joint_22_75pct,right_wrist_yaw_link,0.00011274774335638848,6.0007594759553277e-05,True
joint_22_75pct,torso_link,7.857300290505143e-06,1.5835142153691186e-05,True
joint_22_75pct,waist_roll_link,5.991707823890886e-05,4.829673078902933e-06,True
joint_22_75pct,waist_yaw_link,5.963310462857158e-05,3.818191820832845e-06,True
joint_23_25pct,d435_link,0.00024016568359411561,1.4983666681503321e-05,True
joint_23_25pct,head_link,5.979121632236893e-05,1.322660445345283e-05,True
joint_23_25pct,imu_in_pelvis,6.006850114687196e-05,0.0,True
joint_23_25pct,imu_in_torso,0.0001230341980581339,1.3004292747236516e-05,True
joint_23_25pct,left_ankle_pitch_link,0.00020051788131284062,2.486226386113331e-05,True
joint_23_25pct,left_ankle_roll_link,0.0002222253538957869,3.0924996750400395e-05,True
joint_23_25pct,left_elbow_link,0.0001061258317648414,2.1867274910380033e-05,True
joint_23_25pct,left_hand_camera_base_link,0.000155572690202453,4.8357064017786255e-05,True
joint_23_25pct,left_hand_index_0_link,0.00018907453925087332,4.472339858182306e-05,True
joint_23_25pct,left_hand_index_1_link,0.00018907453925087332,5.03654092392533e-05,True
joint_23_25pct,left_hand_middle_0_link,0.00022745635393967847,4.472339858182306e-05,True
joint_23_25pct,left_hand_middle_1_link,0.0002443972150513042,5.03654092392533e-05,True
joint_23_25pct,left_hand_palm_link,0.0001666000468656264,4.527416020825686e-05,True
joint_23_25pct,left_hand_thumb_0_link,0.00016118070224511576,4.1756427267771956e-05,True
joint_23_25pct,left_hand_thumb_1_link,0.00013328003749250113,4.498342053198815e-05,True
joint_23_25pct,left_hand_thumb_2_link,0.0001838648718484203,4.040794406345859e-05,True
joint_23_25pct,left_hip_pitch_link,7.029017216437026e-05,6.830189170012753e-06,True
joint_23_25pct,left_hip_roll_link,5.960646373703944e-05,1.322660445345283e-05,True
joint_23_25pct,left_hip_yaw_link,6.664001874625056e-05,1.8070981951380422e-05,True
joint_23_25pct,left_knee_link,0.00012065570608304177,2.656320193396619e-05,True
joint_23_25pct,left_shoulder_pitch_link,3.339441344677734e-05,1.546249837520016e-05,True
joint_23_25pct,left_shoulder_roll_link,4.7313178780267364e-05,2.328784023135477e-05,True
joint_23_25pct,left_shoulder_yaw_link,8.203976961744024e-05,2.146353664868225e-05,True
joint_23_25pct,left_wrist_pitch_link,0.00011348386266624791,3.3286224588127975e-05,True
joint_23_25pct,left_wrist_roll_link,0.00010848209096909342,2.5327019294612925e-05,True
joint_23_25pct,left_wrist_yaw_link,0.00013328003749250113,4.265451769541229e-05,True
joint_23_25pct,logo_link,5.99109309157969e-05,1.3004292747236516e-05,True
joint_23_25pct,mid360_link,0.00024279741398083033,1.3115919625095422e-05,True
joint_23_25pct,pelvis,0.0,0.0,True
joint_23_25pct,pelvis_contour_link,8.08070082201906e-10,0.0,True
joint_23_25pct,right_ankle_pitch_link,0.0001575670091998324,2.826493702772014e-05,True
joint_23_25pct,right_ankle_roll_link,0.00018816404051966634,3.2845327974765986e-05,True
joint_23_25pct,right_elbow_link,6.757064591056502e-05,2.7953753927588597e-05,True
joint_23_25pct,right_hand_camera_base_link,0.00018431718463976653,5.9885998697910103e-05,True
joint_23_25pct,right_hand_index_0_link,0.00024073562653964027,7.191997844398732e-05,True
joint_23_25pct,right_hand_index_1_link,0.00030719530773294423,8.826549634139615e-05,True
joint_23_25pct,right_hand_middle_0_link,0.0002686345037418596,6.506629067272919e-05,True
joint_23_25pct,right_hand_middle_1_link,0.00029690353341655843,7.968960580189999e-05,True
joint_23_25pct,right_hand_palm_link,0.00019371509552001953,6.003188441639077e-05,True
joint_23_25pct,right_hand_thumb_0_link,0.00020267770452403193,5.4588126426632306e-05,True
joint_23_25pct,right_hand_thumb_1_link,0.00018128044993574082,4.069554871831413e-05,True
joint_23_25pct,right_hand_thumb_2_link,0.0002086162567138672,3.4150945850063884e-05,True
joint_23_25pct,right_hip_pitch_link,5.960464478502858e-05,1.846994795519987e-05,True
joint_23_25pct,right_hip_roll_link,6.156774833826409e-05,2.2653174724081298e-05,True
joint_23_25pct,right_hip_yaw_link,0.0001341104507446289,2.3783381691638923e-05,True
joint_23_25pct,right_knee_link,0.00017958835949292705,1.1581149199548747e-05,True
joint_23_25pct,right_shoulder_pitch_link,6.0390448197722435e-06,1.1326587362040635e-05,True
joint_23_25pct,right_shoulder_roll_link,0.00012359879313618912,1.2663509647306442e-05,True
joint_23_25pct,right_shoulder_yaw_link,4.548249932778917e-05,2.3412708902503694e-05,True
joint_23_25pct,right_wrist_pitch_link,0.00012818463544611076,4.787226917874394e-05,True
joint_23_25pct,right_wrist_roll_link,0.00010536712127723509,3.630295340289845e-05,True
joint_23_25pct,right_wrist_yaw_link,0.00015341684432308378,6.008043427019458e-05,True
joint_23_25pct,torso_link,6.0086901178933845e-05,1.322660445345283e-05,True
joint_23_25pct,waist_roll_link,5.989777538321895e-05,1.8627141836042958e-05,True
joint_23_25pct,waist_yaw_link,5.9643174616957644e-05,1.8860476299618384e-05,True
joint_23_75pct,d435_link,0.00016272313645364012,2.2653174724081298e-05,True
joint_23_75pct,head_link,9.719235185642784e-06,2.091309789151876e-05,True
joint_23_75pct,imu_in_pelvis,6.006850114687196e-05,0.0,True
joint_23_75pct,imu_in_torso,5.561680319922338e-05,2.1052056881276854e-05,True
joint_23_75pct,left_ankle_pitch_link,0.0001841665371404331,2.7533372779140136e-05,True
joint_23_75pct,left_ankle_roll_link,0.00019967695002641374,4.847750521061102e-05,True
joint_23_75pct,left_elbow_link,0.00012818463544611076,6.389056940260397e-06,True
joint_23_75pct,left_hand_camera_base_link,0.0001210576058124894,2.3783381691638923e-05,True
joint_23_75pct,left_hand_index_0_link,9.541398640621973e-05,2.8161591390912465e-05,True
joint_23_75pct,left_hand_index_1_link,0.00011638178938488147,3.0545534566662854e-05,True
joint_23_75pct,left_hand_middle_0_link,8.940696716308594e-05,2.5896236867758322e-05,True
joint_23_75pct,left_hand_middle_1_link,6.664001874625056e-05,2.689048165283536e-05,True
joint_23_75pct,left_hand_palm_link,0.00010848209096909342,2.366046933553761e-05,True
joint_23_75pct,left_hand_thumb_0_link,8.940696716308594e-05,1.2313298636799906e-05,True
joint_23_75pct,left_hand_thumb_1_link,8.940696716308594e-05,4.829673078902933e-06,True
joint_23_75pct,left_hand_thumb_2_link,0.0001284009809763289,1.8860476299618384e-05,True
joint_23_75pct,left_hip_pitch_link,6.006850115643548e-05,5.122641877509564e-06,True
joint_23_75pct,left_hip_roll_link,6.015687833757763e-05,1.1952831047522321e-05,True
joint_23_75pct,left_hip_yaw_link,3.332000937312528e-05,1.4286365630539068e-05,True
joint_23_75pct,left_knee_link,6.664001874625056e-05,2.146353664868225e-05,True
joint_23_75pct,left_shoulder_pitch_link,0.0001274439563394236,2.0347774359156983e-05,True
joint_23_75pct,left_shoulder_roll_link,6.220422564754086e-05,1.546249837520016e-05,True
joint_23_75pct,left_shoulder_yaw_link,7.552080056680657e-05,1.2547858734911242e-05,True
joint_23_75pct,left_wrist_pitch_link,0.00013493575361575808,1.448901923670881e-05,True
joint_23_75pct,left_wrist_roll_link,0.00012818463544611076,7.636383641665691e-06,True
joint_23_75pct,left_wrist_yaw_link,0.0001475139697881291,2.3162298399097525e-05,True
joint_23_75pct,logo_link,6.0483941871551825e-05,2.1052056881276854e-05,True
joint_23_75pct,mid360_link,0.00016992923101651267,2.091309789151876e-05,True
joint_23_75pct,pelvis,0.0,0.0,True
joint_23_75pct,pelvis_contour_link,8.08070082201906e-10,0.0,True
joint_23_75pct,right_ankle_pitch_link,0.0001575670091998324,2.826493702772014e-05,True
joint_23_75pct,right_ankle_roll_link,0.00018816404051966634,3.2845327974765986e-05,True
joint_23_75pct,right_elbow_link,0.00010536712127723509,3.678169434442405e-05,True
joint_23_75pct,right_hand_camera_base_link,0.00020914776396182476,7.143182815269646e-05,True
joint_23_75pct,right_hand_index_0_link,0.00025981062314156734,8.35128545355453e-05,True
joint_23_75pct,right_hand_index_1_link,0.0002751676039788036,9.776360674919375e-05,True
joint_23_75pct,right_hand_middle_0_link,0.000292381895636746,7.697232282104052e-05,True
joint_23_75pct,right_hand_middle_1_link,0.00034369714840265503,8.898926578898697e-05,True
joint_23_75pct,right_hand_palm_link,0.00022001300841917695,7.175763065580217e-05,True
joint_23_75pct,right_hand_thumb_0_link,0.00021073424255447018,6.889694120197115e-05,True
joint_23_75pct,right_hand_thumb_1_link,0.00018907453925087332,6.056379229554465e-05,True
joint_23_75pct,right_hand_thumb_2_link,0.0001700626643078525,5.8006364224797126e-05,True
joint_23_75pct,right_hip_pitch_link,5.960464478502858e-05,1.846994795519987e-05,True
joint_23_75pct,right_hip_roll_link,6.156774833826409e-05,2.2653174724081298e-05,True
joint_23_75pct,right_hip_yaw_link,0.0001341104507446289,2.3783381691638923e-05,True
joint_23_75pct,right_knee_link,0.00017958835949292705,1.1581149199548747e-05,True
joint_23_75pct,right_shoulder_pitch_link,7.883655699013338e-05,2.4979263396122898e-05,True
joint_23_75pct,right_shoulder_roll_link,8.003585795404917e-05,3.686087999978983e-05,True
joint_23_75pct,right_shoulder_yaw_link,7.217749953269958e-05,3.646323212220162e-05,True
joint_23_75pct,right_wrist_pitch_link,0.00016458870496134848,5.8156965164257276e-05,True
joint_23_75pct,right_wrist_roll_link,0.00018431718463976653,5.0998237601631236e-05,True
joint_23_75pct,right_wrist_yaw_link,0.00016858739404357613,7.196050816174015e-05,True
joint_23_75pct,torso_link,6.117771681298054e-06,2.119010463505988e-05,True
joint_23_75pct,waist_roll_link,5.97793953537069e-05,2.4685724843160074e-05,True
joint_23_75pct,waist_yaw_link,5.962874907017165e-05,1.707547292503189e-05,True
joint_24_25pct,d435_link,0.000141805904438155,1.637821826586816e-05,True
joint_24_25pct,head_link,6.0206232844349744e-05,1.322660445345283e-05,True
joint_24_25pct,imu_in_pelvis,6.006850114687196e-05,0.0,True
joint_24_25pct,imu_in_torso,0.00012032659731530702,1.3336370687868314e-05,True
joint_24_25pct,left_ankle_pitch_link,0.00020051788131284062,2.486226386113331e-05,True
joint_24_25pct,left_ankle_roll_link,0.0002222253538957869,3.0924996750400395e-05,True
joint_24_25pct,left_elbow_link,0.0001414660290691954,2.486226386113331e-05,True
joint_24_25pct,left_hand_camera_base_link,0.00013075715880680268,4.413274817069726e-05,True
joint_24_25pct,left_hand_index_0_link,0.00014600096599955427,5.729832627056432e-05,True
joint_24_25pct,left_hand_index_1_link,0.0001959941750461743,7.423413338279959e-05,True
joint_24_25pct,left_hand_middle_0_link,0.00018431718463976653,5.709441698939539e-05,True
joint_24_25pct,left_hand_middle_1_link,0.00026320698458933377,7.360301346343746e-05,True
joint_24_25pct,left_hand_palm_link,0.00012818463544611076,4.413274817069726e-05,True
joint_24_25pct,left_hand_thumb_0_link,0.00013657139822709083,4.4918556157176545e-05,True
joint_24_25pct,left_hand_thumb_1_link,0.00013657139822709083,4.161653934608438e-05,True
joint_24_25pct,left_hand_thumb_2_link,0.00016743097494724564,4.285909689161743e-05,True
joint_24_25pct,left_hip_pitch_link,7.029017216437026e-05,6.830189170012753e-06,True
joint_24_25pct,left_hip_roll_link,5.960646373703944e-05,1.322660445345283e-05,True
joint_24_25pct,left_hip_yaw_link,6.664001874625056e-05,1.8070981951380422e-05,True
joint_24_25pct,left_knee_link,0.00012065570608304177,2.656320193396619e-05,True
joint_24_25pct,left_shoulder_pitch_link,0.00012065570608304177,2.049056751003828e-05,True
joint_24_25pct,left_shoulder_roll_link,0.0001240286701230495,2.7639067497065907e-05,True
joint_24_25pct,left_shoulder_yaw_link,0.00013754675957447182,2.567006452828869e-05,True
joint_24_25pct,left_wrist_pitch_link,9.541398640621973e-05,3.5326013072886896e-05,True
joint_24_25pct,left_wrist_roll_link,0.000140774575082147,2.173352885506323e-05,True
joint_24_25pct,left_wrist_yaw_link,0.00010848209096909342,4.426468493192651e-05,True
joint_24_25pct,logo_link,6.010550347315008e-05,1.3336370687868314e-05,True
joint_24_25pct,mid360_link,0.00024356505890504531,1.3445240826417657e-05,True
joint_24_25pct,pelvis,0.0,0.0,True
joint_24_25pct,pelvis_contour_link,8.08070082201906e-10,0.0,True
joint_24_25pct,right_ankle_pitch_link,0.0001575670091998324,2.826493702772014e-05,True
joint_24_25pct,right_ankle_roll_link,0.00018816404051966634,3.2845327974765986e-05,True
joint_24_25pct,right_elbow_link,0.00012712808998776754,2.020397203172922e-05,True
joint_24_25pct,right_hand_camera_base_link,0.0001497548166084422,2.6342756612779254e-05,True
joint_24_25pct,right_hand_index_0_link,0.00018907453925087332,2.8776098462827356e-05,True
joint_24_25pct,right_hand_index_1_link,0.0001959941750461743,3.565463422438738e-05,True
joint_24_25pct,right_hand_middle_0_link,0.00018907453925087332,3.717593598563439e-05,True
joint_24_25pct,right_hand_middle_1_link,0.00017694148550984138,4.360100889887781e-05,True
joint_24_25pct,right_hand_palm_link,0.0001341104507446289,2.92783370481263e-05,True
joint_24_25pct,right_hand_thumb_0_link,0.00013657139822709083,3.54907040033065e-05,True
joint_24_25pct,right_hand_thumb_1_link,0.00013657139822709083,3.5326013072886896e-05,True
joint_24_25pct,right_hand_thumb_2_link,0.000164757254626572,4.2586106235672334e-05,True
joint_24_25pct,right_hip_pitch_link,5.960464478502858e-05,1.846994795519987e-05,True
joint_24_25pct,right_hip_roll_link,6.156774833826409e-05,2.2653174724081298e-05,True
joint_24_25pct,right_hip_yaw_link,0.0001341104507446289,2.3783381691638923e-05,True
joint_24_25pct,right_knee_link,0.00017958835949292705,1.1581149199548747e-05,True
joint_24_25pct,right_shoulder_pitch_link,0.00012728709894368237,1.85487114168054e-05,True
joint_24_25pct,right_shoulder_roll_link,5.3929421825767294e-05,1.366037834002551e-05,True
joint_24_25pct,right_shoulder_yaw_link,0.00012542463809752722,2.0347774359156983e-05,True
joint_24_25pct,right_wrist_pitch_link,0.00015269146510898468,2.805786510332611e-05,True
joint_24_25pct,right_wrist_roll_link,0.00010873764395211953,2.159895462705536e-05,True
joint_24_25pct,right_wrist_yaw_link,0.0001228781230931777,2.9772104357351613e-05,True
joint_24_25pct,torso_link,5.9705579311372844e-05,1.3336370687868314e-05,True
joint_24_25pct,waist_roll_link,5.9676913546805365e-05,1.85487114168054e-05,True
joint_24_25pct,waist_yaw_link,5.961232022155492e-05,1.601821346280157e-05,True
joint_24_75pct,d435_link,4.83211940939458e-05,1.8860476299618384e-05,True
joint_24_75pct,head_link,0.00023855095337038462,1.790890709046331e-05,True
joint_24_75pct,imu_in_pelvis,6.006850114687196e-05,0.0,True
joint_24_75pct,imu_in_torso,3.4947096262726844e-05,1.7827317112193638e-05,True
joint_24_75pct,left_ankle_pitch_link,0.0001841665371404331,2.7533372779140136e-05,True
joint_24_75pct,left_ankle_roll_link,0.00019967695002641374,4.847750521061102e-05,True
joint_24_75pct,left_elbow_link,0.0001531480615513772,3.54907040033065e-05,True
joint_24_75pct,left_hand_camera_base_link,0.0002640492490927778,6.595643177244727e-05,True
joint_24_75pct,left_hand_index_0_link,0.0003042903223136386,7.651641166651263e-05,True
joint_24_75pct,left_hand_index_1_link,0.0003674277068954096,9.305741096614137e-05,True
joint_24_75pct,left_hand_middle_0_link,0.00034240261593687703,7.674470579390381e-05,True
joint_24_75pct,left_hand_middle_1_link,0.0004182955279236495,9.296336605988681e-05,True
joint_24_75pct,left_hand_palm_link,0.0002568019619526578,6.617709626233869e-05,True
joint_24_75pct,left_hand_thumb_0_link,0.00030538293021796937,6.595643177244727e-05,True
joint_24_75pct,left_hand_thumb_1_link,0.0002602375924076584,6.180283375814494e-05,True
joint_24_75pct,left_hand_thumb_2_link,0.0002476687750010887,5.678718022833445e-05,True
joint_24_75pct,left_hip_pitch_link,6.006850115643548e-05,5.122641877509564e-06,True
joint_24_75pct,left_hip_roll_link,6.015687833757763e-05,1.1952831047522321e-05,True
joint_24_75pct,left_hip_yaw_link,3.332000937312528e-05,1.4286365630539068e-05,True
joint_24_75pct,left_knee_link,6.664001874625056e-05,2.146353664868225e-05,True
joint_24_75pct,left_shoulder_pitch_link,3.071798664042438e-05,2.0347774359156983e-05,True
joint_24_75pct,left_shoulder_roll_link,0.00012372618467102964,2.8674595153725626e-05,True
joint_24_75pct,left_shoulder_yaw_link,0.00013216272125572738,3.482726785942526e-05,True
joint_24_75pct,left_wrist_pitch_link,0.00021747528790423906,5.4534687229851446e-05,True
joint_24_75pct,left_wrist_roll_link,0.00023276357876976294,4.00455336570041e-05,True
joint_24_75pct,left_wrist_yaw_link,0.0002086162567138672,6.639702739789028e-05,True
joint_24_75pct,logo_link,6.010125536475571e-05,1.7827317112193638e-05,True
joint_24_75pct,mid360_link,0.0001319526159258266,1.7745352001653195e-05,True
joint_24_75pct,pelvis,0.0,0.0,True
joint_24_75pct,pelvis_contour_link,8.08070082201906e-10,0.0,True
joint_24_75pct,right_ankle_pitch_link,0.0001575670091998324,2.826493702772014e-05,True
joint_24_75pct,right_ankle_roll_link,0.00018816404051966634,3.2845327974765986e-05,True
joint_24_75pct,right_elbow_link,8.024520884654676e-05,8.706816964856284e-06,True
joint_24_75pct,right_hand_camera_base_link,0.00012013700229374392,2.857273126107819e-05,True
joint_24_75pct,right_hand_index_0_link,0.0001497548166084422,2.847050291451707e-05,True
joint_24_75pct,right_hand_index_1_link,0.00020212918469683134,3.167028430738245e-05,True
joint_24_75pct,right_hand_middle_0_link,0.00018189185285171421,2.857273126107819e-05,True
joint_24_75pct,right_hand_middle_1_link,0.00020212918469683134,3.1762215659848187e-05,True
joint_24_75pct,right_hand_palm_link,0.00012013700229374392,3.167028430738245e-05,True
joint_24_75pct,right_hand_thumb_0_link,0.00018189185285171421,2.656320193396619e-05,True
joint_24_75pct,right_hand_thumb_1_link,0.00018189185285171421,1.870524340221738e-05,True
joint_24_75pct,right_hand_thumb_2_link,0.00013657139822709083,3.0064472461725398e-05,True
joint_24_75pct,right_hip_pitch_link,5.960464478502858e-05,1.846994795519987e-05,True
joint_24_75pct,right_hip_roll_link,6.156774833826409e-05,2.2653174724081298e-05,True
joint_24_75pct,right_hip_yaw_link,0.0001341104507446289,2.3783381691638923e-05,True
joint_24_75pct,right_knee_link,0.00017958835949292705,1.1581149199548747e-05,True
joint_24_75pct,right_shoulder_pitch_link,0.00012525596176297854,2.119010463505988e-05,True
joint_24_75pct,right_shoulder_roll_link,0.00013130102938175344,1.601821346280157e-05,True
joint_24_75pct,right_shoulder_yaw_link,0.0001321545174610922,3.4150945850063755e-06,True
joint_24_75pct,right_wrist_pitch_link,6.828569911354542e-05,2.7639067497065907e-05,True
joint_24_75pct,right_wrist_roll_link,0.0001210576058124894,1.0526028440638417e-05,True
joint_24_75pct,right_wrist_yaw_link,0.00013075715880680268,2.328784023135477e-05,True
joint_24_75pct,torso_link,2.3686657006228813e-06,1.790890709046331e-05,True
joint_24_75pct,waist_roll_link,1.4548656717008365e-06,1.2547858734911242e-05,True
joint_24_75pct,waist_yaw_link,9.354256196761179e-07,1.1066171232981565e-05,True
joint_25_25pct,d435_link,0.0002512638576968441,1.366037834002551e-05,True
joint_25_25pct,head_link,6.125093169582486e-05,1.2313298636799906e-05,True
joint_25_25pct,imu_in_pelvis,6.006850114687196e-05,0.0,True
joint_25_25pct,imu_in_torso,0.0001193256480846328,1.2778113880520799e-05,True
joint_25_25pct,left_ankle_pitch_link,0.00020051788131284062,2.486226386113331e-05,True
joint_25_25pct,left_ankle_roll_link,0.0002222253538957869,3.0924996750400395e-05,True
joint_25_25pct,left_elbow_link,6.006850114687196e-05,1.0799477313527668e-05,True
joint_25_25pct,left_hand_camera_base_link,0.0001228781230931777,1.1581149199548747e-05,True
joint_25_25pct,left_hand_index_0_link,7.598131170262075e-05,1.1066171232981565e-05,True
joint_25_25pct,left_hand_index_1_link,0.0001228781230931777,1.5080649355333733e-05,True
joint_25_25pct,left_hand_middle_0_link,0.00012377834115800374,2.0347774359156983e-05,True
joint_25_25pct,left_hand_middle_1_link,0.00012013700229374392,3.2845327974765986e-05,True
joint_25_25pct,left_hand_palm_link,0.0001273155770498146,1.1581149199548747e-05,True
joint_25_25pct,left_hand_thumb_0_link,7.598131170262075e-05,2.049056751003828e-05,True
joint_25_25pct,left_hand_thumb_1_link,6.143906154658885e-05,4.380116760472067e-05,True
joint_25_25pct,left_hand_thumb_2_link,6.537857940340134e-05,5.212915641671018e-05,True
joint_25_25pct,left_hip_pitch_link,7.029017216437026e-05,6.830189170012753e-06,True
joint_25_25pct,left_hip_roll_link,5.960646373703944e-05,1.322660445345283e-05,True
joint_25_25pct,left_hip_yaw_link,6.664001874625056e-05,1.8070981951380422e-05,True
joint_25_25pct,left_knee_link,0.00012065570608304177,2.656320193396619e-05,True
joint_25_25pct,left_shoulder_pitch_link,0.00024011692320472365,1.366037834002551e-05,True
joint_25_25pct,left_shoulder_roll_link,3.1183737661467557e-05,1.4080795695456205e-05,True
joint_25_25pct,left_shoulder_yaw_link,0.00012023645860565896,1.024528375501913e-05,True
joint_25_25pct,left_wrist_pitch_link,2.9802322387695312e-05,1.601821346280157e-05,True
joint_25_25pct,left_wrist_roll_link,6.322027276634104e-05,1.5649929441225527e-05,True
joint_25_25pct,left_wrist_yaw_link,7.450580596923828e-05,1.1326587362040635e-05,True
joint_25_25pct,logo_link,6.163786670142083e-05,1.2778113880520799e-05,True
joint_25_25pct,mid360_link,0.00014066520638989535,1.3004292747236516e-05,True
joint_25_25pct,pelvis,0.0,0.0,True
joint_25_25pct,pelvis_contour_link,8.08070082201906e-10,0.0,True
joint_25_25pct,right_ankle_pitch_link,0.0001575670091998324,2.826493702772014e-05,True
joint_25_25pct,right_ankle_roll_link,0.00018816404051966634,3.2845327974765986e-05,True
joint_25_25pct,right_elbow_link,7.82310962677002e-05,2.0773209379101157e-05,True
joint_25_25pct,right_hand_camera_base_link,0.00016989937798666028,4.54348783573103e-05,True
joint_25_25pct,right_hand_index_0_link,0.00021073424255447018,4.865760801746865e-05,True
joint_25_25pct,right_hand_index_1_link,0.00022302015940987713,6.104332307747159e-05,True
joint_25_25pct,right_hand_middle_0_link,0.0002425733297482089,6.02258490071496e-05,True
joint_25_25pct,right_hand_middle_1_link,0.00022745635393967847,7.126836837747358e-05,True
joint_25_25pct,right_hand_palm_link,0.0001837138534477048,4.581830184999444e-05,True
joint_25_25pct,right_hand_thumb_0_link,0.00021490760299348766,4.140582133719097e-05,True
joint_25_25pct,right_hand_thumb_1_link,0.00020914776396182476,3.3460956626430084e-05,True
joint_25_25pct,right_hand_thumb_2_link,0.00020553341841896954,2.92783370481263e-05,True
joint_25_25pct,right_hip_pitch_link,5.960464478502858e-05,1.846994795519987e-05,True
joint_25_25pct,right_hip_roll_link,6.156774833826409e-05,2.2653174724081298e-05,True
joint_25_25pct,right_hip_yaw_link,0.0001341104507446289,2.3783381691638923e-05,True
joint_25_25pct,right_knee_link,0.00017958835949292705,1.1581149199548747e-05,True
joint_25_25pct,right_shoulder_pitch_link,0.00013350966673130398,1.0799477313527668e-05,True
joint_25_25pct,right_shoulder_roll_link,6.163672539163337e-05,1.707547292503189e-05,True
joint_25_25pct,right_shoulder_yaw_link,0.00012979363453647638,1.4688877218970407e-05,True
joint_25_25pct,right_wrist_pitch_link,0.00012377834115800374,3.4994306073655696e-05,True
joint_25_25pct,right_wrist_roll_link,9.335550730035952e-05,2.7953753927588597e-05,True
joint_25_25pct,right_wrist_yaw_link,0.00013328003749250113,4.607214479993616e-05,True
joint_25_25pct,torso_link,6.028702230843145e-05,1.2891699348793908e-05,True
joint_25_25pct,waist_roll_link,6.0098984282678406e-05,1.2313298636799906e-05,True
joint_25_25pct,waist_yaw_link,5.9693754114143777e-05,8.365239156607494e-06,True
joint_25_75pct,d435_link,0.00019082797281243946,2.836790617393633e-05,True
joint_25_75pct,head_link,0.00012009389195400714,2.805786510332611e-05,True
joint_25_75pct,imu_in_pelvis,6.006850114687196e-05,0.0,True
joint_25_75pct,imu_in_torso,0.0001236926901128562,2.8109776091470028e-05,True
joint_25_75pct,left_ankle_pitch_link,0.0001841665371404331,2.7533372779140136e-05,True
joint_25_75pct,left_ankle_roll_link,0.00019967695002641374,4.847750521061102e-05,True
joint_25_75pct,left_elbow_link,9.983847501320687e-05,2.2781522350186035e-05,True
joint_25_75pct,left_hand_camera_base_link,0.00013493575361575808,5.125486999571503e-05,True
joint_25_75pct,left_hand_index_0_link,0.00014057727354849282,7.0362552184506e-05,True
joint_25_75pct,left_hand_index_1_link,0.00018907453925087332,7.380081820996504e-05,True
joint_25_75pct,left_hand_middle_0_link,0.00017504900879369273,6.094771875399469e-05,True
joint_25_75pct,left_hand_middle_1_link,0.00024027400458748784,7.832413522604772e-05,True
joint_25_75pct,left_hand_palm_link,8.024520884654676e-05,5.268551322555886e-05,True
joint_25_75pct,left_hand_thumb_0_link,0.00013075715880680268,4.7689200557204847e-05,True
joint_25_75pct,left_hand_thumb_1_link,0.00014370159448672763,3.4910886870207484e-05,True
joint_25_75pct,left_hand_thumb_2_link,7.634573255449234e-05,3.3198513698944794e-05,True
joint_25_75pct,left_hip_pitch_link,6.006850115643548e-05,5.122641877509564e-06,True
joint_25_75pct,left_hip_roll_link,6.015687833757763e-05,1.1952831047522321e-05,True
joint_25_75pct,left_hip_yaw_link,3.332000937312528e-05,1.4286365630539068e-05,True
joint_25_75pct,left_knee_link,6.664001874625056e-05,2.146353664868225e-05,True
joint_25_75pct,left_shoulder_pitch_link,9.559771920935077e-05,3.5899126009022366e-05,True
joint_25_75pct,left_shoulder_roll_link,0.00015761624598625485,3.5160550743713264e-05,True
joint_25_75pct,left_shoulder_yaw_link,8.444565553644713e-05,2.3905662095044672e-05,True
joint_25_75pct,left_wrist_pitch_link,0.0001341104507446289,4.5177454878451296e-05,True
joint_25_75pct,left_wrist_roll_link,7.920075813483186e-05,2.8877244990729382e-05,True
joint_25_75pct,left_wrist_yaw_link,0.00013328003749250113,5.4293559944550576e-05,True
joint_25_75pct,logo_link,6.133823684307625e-05,2.8109776091470028e-05,True
joint_25_75pct,mid360_link,0.00026946279646795554,2.805786510332611e-05,True
joint_25_75pct,pelvis,0.0,0.0,True
joint_25_75pct,pelvis_contour_link,8.08070082201906e-10,0.0,True
joint_25_75pct,right_ankle_pitch_link,0.0001575670091998324,2.826493702772014e-05,True
joint_25_75pct,right_ankle_roll_link,0.00018816404051966634,3.2845327974765986e-05,True
joint_25_75pct,right_elbow_link,0.0001362152792422639,3.101913698871303e-05,True
joint_25_75pct,right_hand_camera_base_link,0.00017694148550984138,4.47885455917122e-05,True
joint_25_75pct,right_hand_index_0_link,0.00023466372114455138,5.780495262977683e-05,True
joint_25_75pct,right_hand_index_1_link,0.0002938968378799561,7.682065307205734e-05,True
joint_25_75pct,right_hand_middle_0_link,0.00024073562653964027,5.082642946278661e-05,True
joint_25_75pct,right_hand_middle_1_link,0.0002995096332168844,6.825918966925857e-05,True
joint_25_75pct,right_hand_palm_link,0.00017694148550984138,4.47885455917122e-05,True
joint_25_75pct,right_hand_thumb_0_link,0.0001959941750461743,4.8417322064861746e-05,True
joint_25_75pct,right_hand_thumb_1_link,0.00022152168672261396,3.856184715011519e-05,True
joint_25_75pct,right_hand_thumb_2_link,0.0002044502308072484,3.630295340289845e-05,True
joint_25_75pct,right_hip_pitch_link,5.960464478502858e-05,1.846994795519987e-05,True
joint_25_75pct,right_hip_roll_link,6.156774833826409e-05,2.2653174724081298e-05,True
joint_25_75pct,right_hip_yaw_link,0.0001341104507446289,2.3783381691638923e-05,True
joint_25_75pct,right_knee_link,0.00017958835949292705,1.1581149199548747e-05,True
joint_25_75pct,right_shoulder_pitch_link,0.00015698518267389714,3.073585126505747e-05,True
joint_25_75pct,right_shoulder_roll_link,0.00015585138166782103,2.6781832797797937e-05,True
joint_25_75pct,right_shoulder_yaw_link,0.00013410903596763034,3.157808532191534e-05,True
joint_25_75pct,right_wrist_pitch_link,0.00011638178938488147,3.8028883852184735e-05,True
joint_25_75pct,right_wrist_roll_link,0.00015787497237635471,2.7953753927588597e-05,True
joint_25_75pct,right_wrist_yaw_link,0.00015341684432308378,4.485359797979593e-05,True
joint_25_75pct,torso_link,5.636100967979718e-06,2.8109776091470028e-05,True
joint_25_75pct,waist_roll_link,5.976800060720795e-05,3.288968360331367e-05,True
joint_25_75pct,waist_yaw_link,5.962841710038072e-05,2.8776098462827356e-05,True
joint_26_25pct,d435_link,0.00016217853539467038,1.85487114168054e-05,True
joint_26_25pct,head_link,5.995518589204395e-05,1.916717082078121e-05,True
joint_26_25pct,imu_in_pelvis,6.006850114687196e-05,0.0,True
joint_26_25pct,imu_in_torso,0.00012255299202796802,1.9014441926092303e-05,True
joint_26_25pct,left_ankle_pitch_link,0.00020051788131284062,2.486226386113331e-05,True
joint_26_25pct,left_ankle_roll_link,0.0002222253538957869,3.0924996750400395e-05,True
joint_26_25pct,left_elbow_link,8.653284858395619e-05,1.8070981951380422e-05,True
joint_26_25pct,left_hand_camera_base_link,0.00016989937798666028,5.1566797395176046e-05,True
joint_26_25pct,left_hand_index_0_link,0.00024027400458748784,5.2240901789138136e-05,True
joint_26_25pct,left_hand_index_1_link,0.0002568019619526578,6.151911611412568e-05,True
joint_26_25pct,left_hand_middle_0_link,0.00024755668231600747,5.082642946278661e-05,True
joint_26_25pct,left_hand_middle_1_link,0.0002938968378799561,5.939712522440282e-05,True
joint_26_25pct,left_hand_palm_link,0.00016989937798666028,5.212915641671018e-05,True
joint_26_25pct,left_hand_thumb_0_link,0.00019082797281243946,4.393410013373862e-05,True
joint_26_25pct,left_hand_thumb_1_link,0.0001959941750461743,3.863738463122365e-05,True
joint_26_25pct,left_hand_thumb_2_link,0.00019768624248238801,2.6231839250190885e-05,True
joint_26_25pct,left_hip_pitch_link,7.029017216437026e-05,6.830189170012753e-06,True
joint_26_25pct,left_hip_roll_link,5.960646373703944e-05,1.322660445345283e-05,True
joint_26_25pct,left_hip_yaw_link,6.664001874625056e-05,1.8070981951380422e-05,True
joint_26_25pct,left_knee_link,0.00012065570608304177,2.656320193396619e-05,True
joint_26_25pct,left_shoulder_pitch_link,0.00015719980875334347,1.976628896181796e-05,True
joint_26_25pct,left_shoulder_roll_link,0.00015779940676127107,1.3872179782028061e-05,True
joint_26_25pct,left_shoulder_yaw_link,0.0001519626234052415,1.2313298636799906e-05,True
joint_26_25pct,left_wrist_pitch_link,0.0001737759081973225,3.923644957484402e-05,True
joint_26_25pct,left_wrist_roll_link,0.00013075715880680268,1.9014441926092303e-05,True
joint_26_25pct,left_wrist_yaw_link,0.000137381918091966,5.1792473735516976e-05,True
joint_26_25pct,logo_link,0.00011941934639819691,1.9014441926092303e-05,True
joint_26_25pct,mid360_link,0.00026066497922156703,1.9318692315611754e-05,True
joint_26_25pct,pelvis,0.0,0.0,True
joint_26_25pct,pelvis_contour_link,8.08070082201906e-10,0.0,True
joint_26_25pct,right_ankle_pitch_link,0.0001575670091998324,2.826493702772014e-05,True
joint_26_25pct,right_ankle_roll_link,0.00018816404051966634,3.2845327974765986e-05,True
joint_26_25pct,right_elbow_link,6.150255717746562e-05,2.3036072399967966e-05,True
joint_26_25pct,right_hand_camera_base_link,0.00019371509552001953,2.7953753927588597e-05,True
joint_26_25pct,right_hand_index_0_link,0.00021542358837725164,4.285909689161743e-05,True
joint_26_25pct,right_hand_index_1_link,0.00028115454709698565,5.517254151663637e-05,True
joint_26_25pct,right_hand_middle_0_link,0.0001666000468656264,3.3198513698944794e-05,True
joint_26_25pct,right_hand_middle_1_link,0.00018431718463976653,4.224238708636883e-05,True
joint_26_25pct,right_hand_palm_link,0.00019768624248238801,2.90784825821284e-05,True
joint_26_25pct,right_hand_thumb_0_link,0.00014600096599955427,2.462659727359985e-05,True
joint_26_25pct,right_hand_thumb_1_link,0.0001959941750461743,2.847050291451707e-05,True
joint_26_25pct,right_hand_thumb_2_link,0.000196135738210204,3.0354024625058453e-05,True
joint_26_25pct,right_hip_pitch_link,5.960464478502858e-05,1.846994795519987e-05,True
joint_26_25pct,right_hip_roll_link,6.156774833826409e-05,2.2653174724081298e-05,True
joint_26_25pct,right_hip_yaw_link,0.0001341104507446289,2.3783381691638923e-05,True
joint_26_25pct,right_knee_link,0.00017958835949292705,1.1581149199548747e-05,True
joint_26_25pct,right_shoulder_pitch_link,0.00012750704003030238,1.1581149199548747e-05,True
joint_26_25pct,right_shoulder_roll_link,0.00024576101868423254,2.1327258847706054e-05,True
joint_26_25pct,right_shoulder_yaw_link,0.0001203467003023962,2.1052056881276854e-05,True
joint_26_25pct,right_wrist_pitch_link,0.00013075715880680268,2.0347774359156983e-05,True
joint_26_25pct,right_wrist_roll_link,0.00013075715880680268,1.0526028440638417e-05,True
joint_26_25pct,right_wrist_yaw_link,0.00012377834115800374,2.8776098462827356e-05,True
joint_26_25pct,torso_link,5.969514049460394e-05,1.9014441926092303e-05,True
joint_26_25pct,waist_roll_link,5.9700094125543406e-05,1.366037834002551e-05,True
joint_26_25pct,waist_yaw_link,5.964115688716289e-05,8.189109132934075e-06,True
joint_26_75pct,d435_link,6.981814210858685e-05,2.8776098462827356e-05,True
joint_26_75pct,head_link,0.00011957860002498431,2.805786510332611e-05,True
joint_26_75pct,imu_in_pelvis,6.006850114687196e-05,0.0,True
joint_26_75pct,imu_in_torso,1.1566786419948768e-05,2.7953753927588597e-05,True
joint_26_75pct,left_ankle_pitch_link,0.0001841665371404331,2.7533372779140136e-05,True
joint_26_75pct,left_ankle_roll_link,0.00019967695002641374,4.847750521061102e-05,True
joint_26_75pct,left_elbow_link,5.78320573876054e-05,4.682541780500763e-05,True
joint_26_75pct,left_hand_camera_base_link,0.00028740318897345525,7.63638364166583e-05,True
joint_26_75pct,left_hand_index_0_link,0.00034498682328433473,7.9653008966077e-05,True
joint_26_75pct,left_hand_index_1_link,0.00046861723642100056,9.46110644234323e-05,True
joint_26_75pct,left_hand_middle_0_link,0.00036863436927953307,8.124767688918769e-05,True
joint_26_75pct,left_hand_middle_1_link,0.0004519745972187251,9.61699366874111e-05,True
joint_26_75pct,left_hand_palm_link,0.0002751676039788036,7.63638364166583e-05,True
joint_26_75pct,left_hand_thumb_0_link,0.00031680303253932746,7.320580056099551e-05,True
joint_26_75pct,left_hand_thumb_1_link,0.0002889442358861166,6.56018247311409e-05,True
joint_26_75pct,left_hand_thumb_2_link,0.00028827104154457306,5.1112455522083596e-05,True
joint_26_75pct,left_hip_pitch_link,6.006850115643548e-05,5.122641877509564e-06,True
joint_26_75pct,left_hip_roll_link,6.015687833757763e-05,1.1952831047522321e-05,True
joint_26_75pct,left_hip_yaw_link,3.332000937312528e-05,1.4286365630539068e-05,True
joint_26_75pct,left_knee_link,6.664001874625056e-05,2.146353664868225e-05,True
joint_26_75pct,left_shoulder_pitch_link,6.645859684795141e-05,2.2263692832568138e-05,True
joint_26_75pct,left_shoulder_roll_link,7.832659321138635e-05,2.3783381691638923e-05,True
joint_26_75pct,left_shoulder_yaw_link,6.065238267183304e-05,4.265451769541229e-05,True
joint_26_75pct,left_wrist_pitch_link,0.00017184857420132752,6.070804925011744e-05,True
joint_26_75pct,left_wrist_roll_link,0.00013075715880680268,4.632459679819529e-05,True
joint_26_75pct,left_wrist_yaw_link,0.0002086162567138672,7.674470579390381e-05,True
joint_26_75pct,logo_link,0.00011949402626037077,2.7953753927588597e-05,True
joint_26_75pct,mid360_link,5.415968152337719e-05,2.8161591390912465e-05,True
joint_26_75pct,pelvis,0.0,0.0,True
joint_26_75pct,pelvis_contour_link,8.08070082201906e-10,0.0,True
joint_26_75pct,right_ankle_pitch_link,0.0001575670091998324,2.826493702772014e-05,True
joint_26_75pct,right_ankle_roll_link,0.00018816404051966634,3.2845327974765986e-05,True
joint_26_75pct,right_elbow_link,6.940071851969262e-05,1.961822478742194e-05,True
joint_26_75pct,right_hand_camera_base_link,1.4901161193847656e-05,2.146353664868225e-05,True
joint_26_75pct,right_hand_index_0_link,8.560065398421926e-05,2.8674595153725626e-05,True
joint_26_75pct,right_hand_index_1_link,9.541398640621973e-05,3.3721357103364706e-05,True
joint_26_75pct,right_hand_middle_0_link,5.3726900748371914e-05,3.3198513698944794e-05,True
joint_26_75pct,right_hand_middle_1_link,7.450580596923828e-05,4.4918556157176545e-05,True
joint_26_75pct,right_hand_palm_link,1.4901161193847656e-05,2.173352885506323e-05,True
joint_26_75pct,right_hand_thumb_0_link,2.1073424255447017e-05,2.1052056881276854e-05,True
joint_26_75pct,right_hand_thumb_1_link,6.664001874625056e-05,2.2781522350186035e-05,True
joint_26_75pct,right_hand_thumb_2_link,4.012260442327338e-05,2.6342756612779254e-05,True
joint_26_75pct,right_hip_pitch_link,5.960464478502858e-05,1.846994795519987e-05,True
joint_26_75pct,right_hip_roll_link,6.156774833826409e-05,2.2653174724081298e-05,True
joint_26_75pct,right_hip_yaw_link,0.0001341104507446289,2.3783381691638923e-05,True
joint_26_75pct,right_knee_link,0.00017958835949292705,1.1581149199548747e-05,True
joint_26_75pct,right_shoulder_pitch_link,2.8368043396642874e-05,2.6453208906905703e-05,True
joint_26_75pct,right_shoulder_roll_link,4.645380613510497e-05,2.8776098462827356e-05,True
joint_26_75pct,right_shoulder_yaw_link,5.78320573876054e-05,1.870524340221738e-05,True
joint_26_75pct,right_wrist_pitch_link,6.143906154658885e-05,1.0526028440638417e-05,True
joint_26_75pct,right_wrist_roll_link,1.666000468656264e-05,1.8231616061100753e-05,True
joint_26_75pct,right_wrist_yaw_link,1.4901161193847656e-05,2.173352885506323e-05,True
joint_26_75pct,torso_link,5.667116523679363e-06,2.784925354712232e-05,True
joint_26_75pct,waist_roll_link,3.850294998338536e-06,2.119010463505988e-05,True
joint_26_75pct,waist_yaw_link,2.3964943727538417e-06,1.5649929441225527e-05,True
joint_27_25pct,d435_link,0.00017944340935537726,2.5441881649397815e-05,True
joint_27_25pct,head_link,1.2873124907873748e-05,2.200020789716329e-05,True
joint_27_25pct,imu_in_pelvis,6.006850114687196e-05,0.0,True
joint_27_25pct,imu_in_torso,7.258492982001196e-05,2.200020789716329e-05,True
joint_27_25pct,left_ankle_pitch_link,0.00020051788131284062,2.486226386113331e-05,True
joint_27_25pct,left_ankle_roll_link,0.0002222253538957869,3.0924996750400395e-05,True
joint_27_25pct,left_elbow_link,6.169265196352897e-05,1.4688877218970407e-05,True
joint_27_25pct,left_hand_camera_base_link,0.00010457388198091238,3.4065461496091986e-05,True
joint_27_25pct,left_hand_index_0_link,9.424321830774485e-05,5.03654092392533e-05,True
joint_27_25pct,left_hand_index_1_link,0.00012605580922729246,5.0711567328481214e-05,True
joint_27_25pct,left_hand_middle_0_link,6.36577885249073e-05,5.334548275147371e-05,True
joint_27_25pct,left_hand_middle_1_link,0.00011057274102908245,6.973820486098903e-05,True
joint_27_25pct,left_hand_palm_link,0.00010457388198091238,3.5160550743713264e-05,True
joint_27_25pct,left_hand_thumb_0_link,0.00012128666487410445,1.85487114168054e-05,True
joint_27_25pct,left_hand_thumb_1_link,0.00014694841893997805,1.1581149199548747e-05,True
joint_27_25pct,left_hand_thumb_2_link,0.00012036781326982013,9.659346157805868e-06,True
joint_27_25pct,left_hip_pitch_link,7.029017216437026e-05,6.830189170012753e-06,True
joint_27_25pct,left_hip_roll_link,5.960646373703944e-05,1.322660445345283e-05,True
joint_27_25pct,left_hip_yaw_link,6.664001874625056e-05,1.8070981951380422e-05,True
joint_27_25pct,left_knee_link,0.00012065570608304177,2.656320193396619e-05,True
joint_27_25pct,left_shoulder_pitch_link,4.831758293924184e-05,1.8390847172211968e-05,True
joint_27_25pct,left_shoulder_roll_link,4.511223310925407e-05,2.5211633640790224e-05,True
joint_27_25pct,left_shoulder_yaw_link,6.145240548189645e-05,1.790890709046331e-05,True
joint_27_25pct,left_wrist_pitch_link,6.664001874625056e-05,2.2394272795855996e-05,True
joint_27_25pct,left_wrist_roll_link,6.8690959045983e-05,1.1326587362040635e-05,True
joint_27_25pct,left_wrist_yaw_link,0.0001210576058124894,3.482726785942526e-05,True
joint_27_25pct,logo_link,6.071635141648839e-05,2.200020789716329e-05,True
joint_27_25pct,mid360_link,0.0001666274696823322,2.2066374085348525e-05,True
joint_27_25pct,pelvis,0.0,0.0,True
joint_27_25pct,pelvis_contour_link,8.08070082201906e-10,0.0,True
joint_27_25pct,right_ankle_pitch_link,0.0001575670091998324,2.826493702772014e-05,True
joint_27_25pct,right_ankle_roll_link,0.00018816404051966634,3.2845327974765986e-05,True
joint_27_25pct,right_elbow_link,0.0001372334704689137,2.4148365394514708e-05,True
joint_27_25pct,right_hand_camera_base_link,0.00029839552036674006,4.2311354294880355e-05,True
joint_27_25pct,right_hand_index_0_link,0.0003129243850708008,4.805464038840503e-05,True
joint_27_25pct,right_hand_index_1_link,0.0003554481399618555,6.48418460899035e-05,True
joint_27_25pct,right_hand_middle_0_link,0.00034142849556772706,5.910186013866034e-05,True
joint_27_25pct,right_hand_middle_1_link,0.00041322185468262575,7.399809420533517e-05,True
joint_27_25pct,right_hand_palm_link,0.00029839552036674006,4.2311354294880355e-05,True
joint_27_25pct,right_hand_thumb_0_link,0.0003182017282256875,3.9826504483037906e-05,True
joint_27_25pct,right_hand_thumb_1_link,0.00029839552036674006,2.8776098462827356e-05,True
joint_27_25pct,right_hand_thumb_2_link,0.00030538293021796937,2.6453208906905703e-05,True
joint_27_25pct,right_hip_pitch_link,5.960464478502858e-05,1.846994795519987e-05,True
joint_27_25pct,right_hip_roll_link,6.156774833826409e-05,2.2653174724081298e-05,True
joint_27_25pct,right_hip_yaw_link,0.0001341104507446289,2.3783381691638923e-05,True
joint_27_25pct,right_knee_link,0.00017958835949292705,1.1581149199548747e-05,True
joint_27_25pct,right_shoulder_pitch_link,0.00014520086230483502,1.8231616061100753e-05,True
joint_27_25pct,right_shoulder_roll_link,0.00014866742828957593,1.916717082078121e-05,True
joint_27_25pct,right_shoulder_yaw_link,0.00014003190601317064,1.790890709046331e-05,True
joint_27_25pct,right_wrist_pitch_link,0.00021542358837725164,3.248830293691662e-05,True
joint_27_25pct,right_wrist_roll_link,0.00011638178938488147,2.450791418631552e-05,True
joint_27_25pct,right_wrist_yaw_link,0.00023276357876976294,4.251758470096461e-05,True
joint_27_25pct,torso_link,4.636294462891006e-06,2.1867274910380033e-05,True
joint_27_25pct,waist_roll_link,3.7614398613219883e-06,2.2653174724081298e-05,True
joint_27_25pct,waist_yaw_link,1.7564648726528188e-06,2.119010463505988e-05,True
joint_27_75pct,d435_link,0.00017031748578840686,2.769176357445477e-05,True
joint_27_75pct,head_link,6.296403631665218e-05,2.2909150924997106e-05,True
joint_27_75pct,imu_in_pelvis,6.006850114687196e-05,0.0,True
joint_27_75pct,imu_in_torso,7.372206494899584e-05,2.3036072399967966e-05,True
joint_27_75pct,left_ankle_pitch_link,0.0001841665371404331,2.7533372779140136e-05,True
joint_27_75pct,left_ankle_roll_link,0.00019967695002641374,4.847750521061102e-05,True
joint_27_75pct,left_elbow_link,7.378050059206173e-05,2.4744711127599476e-05,True
joint_27_75pct,left_hand_camera_base_link,0.0001519626234052415,4.040794406345859e-05,True
joint_27_75pct,left_hand_index_0_link,0.00010848209096909342,3.7720952599236896e-05,True
joint_27_75pct,left_hand_index_1_link,8.429369702178807e-05,3.75660404350703e-05,True
joint_27_75pct,left_hand_middle_0_link,0.00014057727354849282,3.938479206830751e-05,True
joint_27_75pct,left_hand_middle_1_link,0.00019082797281243946,3.9532577923636065e-05,True
joint_27_75pct,left_hand_palm_link,9.996002811937584e-05,4.11940254657222e-05,True
joint_27_75pct,left_hand_thumb_0_link,6.143906154658885e-05,3.871277472170378e-05,True
joint_27_75pct,left_hand_thumb_1_link,7.300048299977714e-05,4.105222117067515e-05,True
joint_27_75pct,left_hand_thumb_2_link,8.429369702178807e-05,4.889671318228567e-05,True
joint_27_75pct,left_hip_pitch_link,6.006850115643548e-05,5.122641877509564e-06,True
joint_27_75pct,left_hip_roll_link,6.015687833757763e-05,1.1952831047522321e-05,True
joint_27_75pct,left_hip_yaw_link,3.332000937312528e-05,1.4286365630539068e-05,True
joint_27_75pct,left_knee_link,6.664001874625056e-05,2.146353664868225e-05,True
joint_27_75pct,left_shoulder_pitch_link,8.161247673393684e-05,1.601821346280157e-05,True
joint_27_75pct,left_shoulder_roll_link,6.789032432013028e-05,2.5211633640790224e-05,True
joint_27_75pct,left_shoulder_yaw_link,3.64379957318306e-05,2.3412708902503694e-05,True
joint_27_75pct,left_wrist_pitch_link,6.664001874625056e-05,3.3460956626430084e-05,True
joint_27_75pct,left_wrist_roll_link,4.214684851089403e-05,2.5896236867758322e-05,True
joint_27_75pct,left_wrist_yaw_link,8.688795409866125e-05,4.026337134929288e-05,True
joint_27_75pct,logo_link,1.9532782565940172e-05,2.3036072399967966e-05,True
joint_27_75pct,mid360_link,0.0002008676316358721,2.2781522350186035e-05,True
joint_27_75pct,pelvis,0.0,0.0,True
joint_27_75pct,pelvis_contour_link,8.08070082201906e-10,0.0,True
joint_27_75pct,right_ankle_pitch_link,0.0001575670091998324,2.826493702772014e-05,True
joint_27_75pct,right_ankle_roll_link,0.00018816404051966634,3.2845327974765986e-05,True
joint_27_75pct,right_elbow_link,7.45116265079737e-05,2.4027320194202382e-05,True
joint_27_75pct,right_hand_camera_base_link,0.00016458870496134848,4.1826195783037686e-05,True
joint_27_75pct,right_hand_index_0_link,0.00020914776396182476,5.246367850038212e-05,True
joint_27_75pct,right_hand_index_1_link,0.00023513635751693695,6.770161233415569e-05,True
joint_27_75pct,right_hand_middle_0_link,0.00019824705564454304,4.6638240169164995e-05,True
joint_27_75pct,right_hand_middle_1_link,0.00023466372114455138,5.9298866885454466e-05,True
joint_27_75pct,right_hand_palm_link,0.00013075715880680268,4.126474487480614e-05,True
joint_27_75pct,right_hand_thumb_0_link,0.00013657139822709083,2.7427270755268835e-05,True
joint_27_75pct,right_hand_thumb_1_link,0.00016118070224511576,1.1581149199548747e-05,True
joint_27_75pct,right_hand_thumb_2_link,0.00021912814929861936,1.6555285230907e-05,True
joint_27_75pct,right_hip_pitch_link,5.960464478502858e-05,1.846994795519987e-05,True
joint_27_75pct,right_hip_roll_link,6.156774833826409e-05,2.2653174724081298e-05,True
joint_27_75pct,right_hip_yaw_link,0.0001341104507446289,2.3783381691638923e-05,True
joint_27_75pct,right_knee_link,0.00017958835949292705,1.1581149199548747e-05,True
joint_27_75pct,right_shoulder_pitch_link,9.272350781041951e-05,3.221793787913893e-05,True
joint_27_75pct,right_shoulder_roll_link,0.00010352419212099691,2.6008585494473073e-05,True
joint_27_75pct,right_shoulder_yaw_link,9.658859356223395e-05,2.656320193396619e-05,True
joint_27_75pct,right_wrist_pitch_link,6.322027276634104e-05,3.863738463122365e-05,True
joint_27_75pct,right_wrist_roll_link,6.664001874625056e-05,2.328784023135477e-05,True
joint_27_75pct,right_wrist_yaw_link,0.00010536712127723509,4.161653934608438e-05,True
joint_27_75pct,torso_link,2.8451175298205048e-06,2.2909150924997106e-05,True
joint_27_75pct,waist_roll_link,2.4689578303894375e-06,1.790890709046331e-05,True
joint_27_75pct,waist_yaw_link,1.2036125486380329e-06,1.1066171232981565e-05,True
joint_28_25pct,d435_link,0.00013698992139247725,1.707547292503189e-05,True
joint_28_25pct,head_link,6.038626254332679e-05,1.6199215970291508e-05,True
joint_28_25pct,imu_in_pelvis,6.006850114687196e-05,0.0,True
joint_28_25pct,imu_in_torso,2.9229288597545056e-05,1.637821826586816e-05,True
joint_28_25pct,left_ankle_pitch_link,0.00020051788131284062,2.486226386113331e-05,True
joint_28_25pct,left_ankle_roll_link,0.0002222253538957869,3.0924996750400395e-05,True
joint_28_25pct,left_elbow_link,8.5484049053331e-05,1.7413633929712578e-05,True
joint_28_25pct,left_hand_camera_base_link,0.00013328003749250113,5.0423267281580754e-05,True
joint_28_25pct,left_hand_index_0_link,0.00014600096599955427,4.9841664581221915e-05,True
joint_28_25pct,left_hand_index_1_link,0.00022302015940987713,6.231962813730414e-05,True
joint_28_25pct,left_hand_middle_0_link,0.00020485709734063625,4.9724527722266914e-05,True
joint_28_25pct,left_hand_middle_1_link,0.0002421152116249788,6.217911019494457e-05,True
joint_28_25pct,left_hand_palm_link,0.00013328003749250113,5.024949329906643e-05,True
joint_28_25pct,left_hand_thumb_0_link,0.00013657139822709083,4.24489525582367e-05,True
joint_28_25pct,left_hand_thumb_1_link,0.00018907453925087332,3.073585126505747e-05,True
joint_28_25pct,left_hand_thumb_2_link,0.00014312097960932958,2.567006452828869e-05,True
joint_28_25pct,left_hip_pitch_link,7.029017216437026e-05,6.830189170012753e-06,True
joint_28_25pct,left_hip_roll_link,5.960646373703944e-05,1.322660445345283e-05,True
joint_28_25pct,left_hip_yaw_link,6.664001874625056e-05,1.8070981951380422e-05,True
joint_28_25pct,left_knee_link,0.00012065570608304177,2.656320193396619e-05,True
joint_28_25pct,left_shoulder_pitch_link,0.00012333519426357007,2.091309789151876e-05,True
joint_28_25pct,left_shoulder_roll_link,4.494659946363133e-05,2.3536915126363644e-05,True
joint_28_25pct,left_shoulder_yaw_link,6.548638656679968e-05,1.5080649355333733e-05,True
joint_28_25pct,left_wrist_pitch_link,9.996002811937584e-05,3.457519746892772e-05,True
joint_28_25pct,left_wrist_roll_link,9.570444061357624e-05,1.9318692315611754e-05,True
joint_28_25pct,left_wrist_yaw_link,0.0001210576058124894,5.0423267281580754e-05,True
joint_28_25pct,logo_link,6.0248866904197614e-05,1.637821826586816e-05,True
joint_28_25pct,mid360_link,0.00014027329841363915,1.637821826586816e-05,True
joint_28_25pct,pelvis,0.0,0.0,True
joint_28_25pct,pelvis_contour_link,8.08070082201906e-10,0.0,True
joint_28_25pct,right_ankle_pitch_link,0.0001575670091998324,2.826493702772014e-05,True
joint_28_25pct,right_ankle_roll_link,0.00018816404051966634,3.2845327974765986e-05,True
joint_28_25pct,right_elbow_link,3.632158041000366e-05,4.182619578303746e-06,True
joint_28_25pct,right_hand_camera_base_link,0.00012377834115800374,1.7413633929712578e-05,True
joint_28_25pct,right_hand_index_0_link,0.000155572690202453,1.601821346280157e-05,True
joint_28_25pct,right_hand_index_1_link,0.0001737759081973225,2.6231839250190885e-05,True
joint_28_25pct,right_hand_middle_0_link,9.424321830774485e-05,1.9318692315611754e-05,True
joint_28_25pct,right_hand_middle_1_link,8.940696716308594e-05,2.159895462705536e-05,True
joint_28_25pct,right_hand_palm_link,9.424321830774485e-05,1.7413633929712578e-05,True
joint_28_25pct,right_hand_thumb_0_link,0.00010536712127723509,1.1066171232981565e-05,True
joint_28_25pct,right_hand_thumb_1_link,0.00013657139822709083,2.462659727359985e-05,True
joint_28_25pct,right_hand_thumb_2_link,0.0001497548166084422,2.8978038473417675e-05,True
joint_28_25pct,right_hip_pitch_link,5.960464478502858e-05,1.846994795519987e-05,True
joint_28_25pct,right_hip_roll_link,6.156774833826409e-05,2.2653174724081298e-05,True
joint_28_25pct,right_hip_yaw_link,0.0001341104507446289,2.3783381691638923e-05,True
joint_28_25pct,right_knee_link,0.00017958835949292705,1.1581149199548747e-05,True
joint_28_25pct,right_shoulder_pitch_link,0.00013114206672287134,1.6199215970291508e-05,True
joint_28_25pct,right_shoulder_roll_link,6.364110977477558e-05,1.681739047370585e-05,True
joint_28_25pct,right_shoulder_yaw_link,4.601866896605455e-05,6.830189170012753e-06,True
joint_28_25pct,right_wrist_pitch_link,0.00012377834115800374,1.2778113880520799e-05,True
joint_28_25pct,right_wrist_roll_link,6.143906154658885e-05,6.389056940260397e-06,True
joint_28_25pct,right_wrist_yaw_link,9.657056180250437e-05,1.707547292503189e-05,True
joint_28_25pct,torso_link,4.304126047308931e-06,1.637821826586816e-05,True
joint_28_25pct,waist_roll_link,5.9735572838370864e-05,1.9469034601067064e-05,True
joint_28_25pct,waist_yaw_link,5.964210948186534e-05,1.9986328642111624e-05,True
joint_28_75pct,d435_link,0.0002606904810208217,2.4027320194202382e-05,True
joint_28_75pct,head_link,1.5443474565646635e-05,2.1327258847706054e-05,True
joint_28_75pct,imu_in_pelvis,6.006850114687196e-05,0.0,True
joint_28_75pct,imu_in_torso,0.00012466531928080415,2.119010463505988e-05,True
joint_28_75pct,left_ankle_pitch_link,0.0001841665371404331,2.7533372779140136e-05,True
joint_28_75pct,left_ankle_roll_link,0.00019967695002641374,4.847750521061102e-05,True
joint_28_75pct,left_elbow_link,0.00015093460851728282,1.9469034601067064e-05,True
joint_28_75pct,left_hand_camera_base_link,0.00017441362009524742,4.676310850554372e-05,True
joint_28_75pct,left_hand_index_0_link,0.00020485709734063625,5.383515068798647e-05,True
joint_28_75pct,left_hand_index_1_link,0.0002563692708922215,6.855754533885899e-05,True
joint_28_75pct,left_hand_middle_0_link,0.0001837138534477048,5.246367850038212e-05,True
joint_28_75pct,left_hand_middle_1_link,0.00023324006561187697,6.652863709571243e-05,True
joint_28_75pct,left_hand_palm_link,0.00022549548671277697,4.7011850199182074e-05,True
joint_28_75pct,left_hand_thumb_0_link,0.000155572690202453,4.694978832367688e-05,True
joint_28_75pct,left_hand_thumb_1_link,0.00021950781140709272,4.380116760472067e-05,True
joint_28_75pct,left_hand_thumb_2_link,0.00022302015940987713,3.99726572842234e-05,True
joint_28_75pct,left_hip_pitch_link,6.006850115643548e-05,5.122641877509564e-06,True
joint_28_75pct,left_hip_roll_link,6.015687833757763e-05,1.1952831047522321e-05,True
joint_28_75pct,left_hip_yaw_link,3.332000937312528e-05,1.4286365630539068e-05,True
joint_28_75pct,left_knee_link,6.664001874625056e-05,2.146353664868225e-05,True
joint_28_75pct,left_shoulder_pitch_link,0.00015542461407804856,1.8860476299618384e-05,True
joint_28_75pct,left_shoulder_roll_link,0.00016155030596451278,1.916717082078121e-05,True
joint_28_75pct,left_shoulder_yaw_link,9.087921666504797e-05,1.6730478313214994e-05,True
joint_28_75pct,left_wrist_pitch_link,0.0001497548166084422,3.893806920213427e-05,True
joint_28_75pct,left_wrist_roll_link,0.00014542953145461632,2.5896236867758322e-05,True
joint_28_75pct,left_wrist_yaw_link,0.00016858739404357613,4.6887644301306027e-05,True
joint_28_75pct,logo_link,6.165561928980334e-05,2.119010463505988e-05,True
joint_28_75pct,mid360_link,0.00025724957892467353,2.119010463505988e-05,True
joint_28_75pct,pelvis,0.0,0.0,True
joint_28_75pct,pelvis_contour_link,8.08070082201906e-10,0.0,True
joint_28_75pct,right_ankle_pitch_link,0.0001575670091998324,2.826493702772014e-05,True
joint_28_75pct,right_ankle_roll_link,0.00018816404051966634,3.2845327974765986e-05,True
joint_28_75pct,right_elbow_link,7.300048299977714e-05,2.2653174724081298e-05,True
joint_28_75pct,right_hand_camera_base_link,0.00012013700229374392,4.54348783573103e-05,True
joint_28_75pct,right_hand_index_0_link,0.00013348812510944095,4.657568046270977e-05,True
joint_28_75pct,right_hand_index_1_link,0.00016340398937062404,4.600881536134151e-05,True
joint_28_75pct,right_hand_middle_0_link,8.720681004762371e-05,4.978313060379752e-05,True
joint_28_75pct,right_hand_middle_1_link,7.679882693323606e-05,6.952884322115481e-05,True
joint_28_75pct,right_hand_palm_link,0.00011944189326376765,4.339992707900799e-05,True
joint_28_75pct,right_hand_thumb_0_link,6.322027276634104e-05,3.931069079463687e-05,True
joint_28_75pct,right_hand_thumb_1_link,0.00012036781326982013,2.784925354712232e-05,True
joint_28_75pct,right_hand_thumb_2_link,0.00012737006692050963,2.6672741375736675e-05,True
joint_28_75pct,right_hip_pitch_link,5.960464478502858e-05,1.846994795519987e-05,True
joint_28_75pct,right_hip_roll_link,6.156774833826409e-05,2.2653174724081298e-05,True
joint_28_75pct,right_hip_yaw_link,0.0001341104507446289,2.3783381691638923e-05,True
joint_28_75pct,right_knee_link,0.00017958835949292705,1.1581149199548747e-05,True
joint_28_75pct,right_shoulder_pitch_link,0.00024035358560261296,2.7953753927588597e-05,True
joint_28_75pct,right_shoulder_roll_link,0.00012755617113811125,2.6998693283819223e-05,True
joint_28_75pct,right_shoulder_yaw_link,0.00012241689686560132,2.2394272795855996e-05,True
joint_28_75pct,right_wrist_pitch_link,6.664001874625056e-05,2.5441881649397815e-05,True
joint_28_75pct,right_wrist_roll_link,0.0001228781230931777,1.8860476299618384e-05,True
joint_28_75pct,right_wrist_yaw_link,0.00012377834115800374,4.033572247925316e-05,True
joint_28_75pct,torso_link,5.4962621127165975e-06,2.119010463505988e-05,True
joint_28_75pct,waist_roll_link,5.9701445008786205e-05,1.366037834002551e-05,True
joint_28_75pct,waist_yaw_link,5.967157668002545e-05,8.189109132934075e-06,True
joint_29_25pct,d435_link,0.00014258667237315058,2.784925354712232e-05,True
joint_29_25pct,head_link,0.00012045645746204902,2.61204508945689e-05,True
joint_29_25pct,imu_in_pelvis,6.006850114687196e-05,0.0,True
joint_29_25pct,imu_in_torso,5.207292610739526e-05,2.639804052796836e-05,True
joint_29_25pct,left_ankle_pitch_link,0.00020051788131284062,2.486226386113331e-05,True
joint_29_25pct,left_ankle_roll_link,0.0002222253538957869,3.0924996750400395e-05,True
joint_29_25pct,left_elbow_link,9.071674691055656e-05,2.847050291451707e-05,True
joint_29_25pct,left_hand_camera_base_link,0.00018128044993574082,2.4388653555527325e-05,True
joint_29_25pct,left_hand_index_0_link,0.00018671101460071904,2.805786510332611e-05,True
joint_29_25pct,left_hand_index_1_link,0.00024073562653964027,2.2132342465963154e-05,True
joint_29_25pct,left_hand_middle_0_link,0.0002421152116249788,2.4148365394514708e-05,True
joint_29_25pct,left_hand_middle_1_link,0.00024073562653964027,3.354798136800641e-05,True
joint_29_25pct,left_hand_palm_link,0.00018189185285171421,2.5441881649397815e-05,True
joint_29_25pct,left_hand_thumb_0_link,0.00018189185285171421,1.322660445345283e-05,True
joint_29_25pct,left_hand_thumb_1_link,0.00017881393432617188,1.322660445345283e-05,True
joint_29_25pct,left_hand_thumb_2_link,0.0001884864366154897,2.8674595153725626e-05,True
joint_29_25pct,left_hip_pitch_link,7.029017216437026e-05,6.830189170012753e-06,True
joint_29_25pct,left_hip_roll_link,5.960646373703944e-05,1.322660445345283e-05,True
joint_29_25pct,left_hip_yaw_link,6.664001874625056e-05,1.8070981951380422e-05,True
joint_29_25pct,left_knee_link,0.00012065570608304177,2.656320193396619e-05,True
joint_29_25pct,left_shoulder_pitch_link,8.021821506423516e-05,2.8877244990729382e-05,True
joint_29_25pct,left_shoulder_roll_link,0.00014120703126508448,2.7106472927070668e-05,True
joint_29_25pct,left_shoulder_yaw_link,9.786596509536323e-05,2.578339869758786e-05,True
joint_29_25pct,left_wrist_pitch_link,0.0001800514157652046,2.2653174724081298e-05,True
joint_29_25pct,left_wrist_roll_link,0.0001228781230931777,3.0640840678340816e-05,True
joint_29_25pct,left_wrist_yaw_link,0.0001800514157652046,2.426880686682527e-05,True
joint_29_25pct,logo_link,6.218207446484173e-05,2.639804052796836e-05,True
joint_29_25pct,mid360_link,0.00019118859046162405,2.6342756612779254e-05,True
joint_29_25pct,pelvis,0.0,0.0,True
joint_29_25pct,pelvis_contour_link,8.08070082201906e-10,0.0,True
joint_29_25pct,right_ankle_pitch_link,0.0001575670091998324,2.826493702772014e-05,True
joint_29_25pct,right_ankle_roll_link,0.00018816404051966634,3.2845327974765986e-05,True
joint_29_25pct,right_elbow_link,5.681067705154419e-05,3.129985888245113e-05,True
joint_29_25pct,right_hand_camera_base_link,0.00018907453925087332,5.939712522440282e-05,True
joint_29_25pct,right_hand_index_0_link,0.0002528810910653642,6.948689519729352e-05,True
joint_29_25pct,right_hand_index_1_link,0.000292381895636746,8.305774022338697e-05,True
joint_29_25pct,right_hand_middle_0_link,0.00026320698458933377,6.352443131969697e-05,True
joint_29_25pct,right_hand_middle_1_link,0.00031007307837433833,7.450856734417306e-05,True
joint_29_25pct,right_hand_palm_link,0.00019880628681371115,5.9885998697910103e-05,True
joint_29_25pct,right_hand_thumb_0_link,0.00017943374184954607,4.895630700474638e-05,True
joint_29_25pct,right_hand_thumb_1_link,0.00021900144899933142,3.8334341641562557e-05,True
joint_29_25pct,right_hand_thumb_2_link,0.00016049041769309352,3.465942462776345e-05,True
joint_29_25pct,right_hip_pitch_link,5.960464478502858e-05,1.846994795519987e-05,True
joint_29_25pct,right_hip_roll_link,6.156774833826409e-05,2.2653174724081298e-05,True
joint_29_25pct,right_hip_yaw_link,0.0001341104507446289,2.3783381691638923e-05,True
joint_29_25pct,right_knee_link,0.00017958835949292705,1.1581149199548747e-05,True
joint_29_25pct,right_shoulder_pitch_link,9.641445094352616e-05,2.4979263396122898e-05,True
joint_29_25pct,right_shoulder_roll_link,0.00010298041280035151,2.7427270755268835e-05,True
joint_29_25pct,right_shoulder_yaw_link,7.426978204670058e-05,2.7953753927588597e-05,True
joint_29_25pct,right_wrist_pitch_link,0.00012013700229374392,5.474813104852807e-05,True
joint_29_25pct,right_wrist_roll_link,9.541398640621973e-05,3.967981336035866e-05,True
joint_29_25pct,right_wrist_yaw_link,0.0001475139697881291,5.949522128665402e-05,True
joint_29_25pct,torso_link,6.594026976639066e-06,2.6342756612779254e-05,True
joint_29_25pct,waist_roll_link,5.32880057866082e-06,2.5095717469822522e-05,True
joint_29_25pct,waist_yaw_link,5.336889006279457e-07,2.2653174724081298e-05,True
joint_29_75pct,d435_link,0.00017059226545475888,1.9839906680179257e-05,True
joint_29_75pct,head_link,6.124836795220494e-05,1.85487114168054e-05,True
joint_29_75pct,imu_in_pelvis,6.006850114687196e-05,0.0,True
joint_29_75pct,imu_in_torso,7.377021339655824e-05,1.85487114168054e-05,True
joint_29_75pct,left_ankle_pitch_link,0.0001841665371404331,2.7533372779140136e-05,True
joint_29_75pct,left_ankle_roll_link,0.00019967695002641374,4.847750521061102e-05,True
joint_29_75pct,left_elbow_link,7.805905590877035e-05,7.2445096183544e-06,True
joint_29_75pct,left_hand_camera_base_link,0.00015269146510898468,2.3412708902503694e-05,True
joint_29_75pct,left_hand_index_0_link,0.0001228781230931777,4.069554871831413e-05,True
joint_29_75pct,left_hand_index_1_link,0.00016924465733171324,5.2017170988946486e-05,True
joint_29_75pct,left_hand_middle_0_link,0.0001341104507446289,2.656320193396619e-05,True
joint_29_75pct,left_hand_middle_1_link,0.00016924465733171324,4.251758470096461e-05,True
joint_29_75pct,left_hand_palm_link,0.00011250129990683123,2.3783381691638923e-05,True
joint_29_75pct,left_hand_thumb_0_link,0.0001737759081973225,2.689048165283536e-05,True
joint_29_75pct,left_hand_thumb_1_link,0.00016049041769309352,2.5327019294612925e-05,True
joint_29_75pct,left_hand_thumb_2_link,0.0001284009809763289,3.6543107863314335e-05,True
joint_29_75pct,left_hip_pitch_link,6.006850115643548e-05,5.122641877509564e-06,True
joint_29_75pct,left_hip_roll_link,6.015687833757763e-05,1.1952831047522321e-05,True
joint_29_75pct,left_hip_yaw_link,3.332000937312528e-05,1.4286365630539068e-05,True
joint_29_75pct,left_knee_link,6.664001874625056e-05,2.146353664868225e-05,True
joint_29_75pct,left_shoulder_pitch_link,4.564889418904171e-05,1.5080649355333733e-05,True
joint_29_75pct,left_shoulder_roll_link,0.00012877175522072663,6.389056940260397e-06,True
joint_29_75pct,left_shoulder_yaw_link,6.865977902728495e-05,4.829673078902933e-06,True
joint_29_75pct,left_wrist_pitch_link,0.00013493575361575808,1.5835142153691186e-05,True
joint_29_75pct,left_wrist_roll_link,0.00014057727354849282,9.659346157805868e-06,True
joint_29_75pct,left_wrist_yaw_link,8.940696716308594e-05,2.3905662095044672e-05,True
joint_29_75pct,logo_link,1.4253350227342697e-05,1.85487114168054e-05,True
joint_29_75pct,mid360_link,0.00017643979459391784,1.85487114168054e-05,True
joint_29_75pct,pelvis,0.0,0.0,True
joint_29_75pct,pelvis_contour_link,8.08070082201906e-10,0.0,True
joint_29_75pct,right_ankle_pitch_link,0.0001575670091998324,2.826493702772014e-05,True
joint_29_75pct,right_ankle_roll_link,0.00018816404051966634,3.2845327974765986e-05,True
joint_29_75pct,right_elbow_link,9.129336744983488e-05,3.871277472170378e-05,True
joint_29_75pct,right_hand_camera_base_link,0.00019082797281243946,6.528996369634032e-05,True
joint_29_75pct,right_hand_index_0_link,0.00024027400458748784,7.888055331697582e-05,True
joint_29_75pct,right_hand_index_1_link,0.00029988008435812756,9.710525847419926e-05,True
joint_29_75pct,right_hand_middle_0_link,0.000274763836183932,6.994693985296731e-05,True
joint_29_75pct,right_hand_middle_1_link,0.000340125328615705,8.585414659473088e-05,True
joint_29_75pct,right_hand_palm_link,0.00017943374184954607,6.520058656519047e-05,True
joint_29_75pct,right_hand_thumb_0_link,0.0001959941750461743,6.56018247311409e-05,True
joint_29_75pct,right_hand_thumb_1_link,0.00017441362009524742,5.184873934008893e-05,True
joint_29_75pct,right_hand_thumb_2_link,0.00021086591032273928,4.694978832367688e-05,True
joint_29_75pct,right_hip_pitch_link,5.960464478502858e-05,1.846994795519987e-05,True
joint_29_75pct,right_hip_roll_link,6.156774833826409e-05,2.2653174724081298e-05,True
joint_29_75pct,right_hip_yaw_link,0.0001341104507446289,2.3783381691638923e-05,True
joint_29_75pct,right_knee_link,0.00017958835949292705,1.1581149199548747e-05,True
joint_29_75pct,right_shoulder_pitch_link,8.143131231725748e-05,8.706816964856284e-06,True
joint_29_75pct,right_shoulder_roll_link,8.877489957373389e-05,1.8231616061100753e-05,True
joint_29_75pct,right_shoulder_yaw_link,9.048107071075805e-05,3.139287501286916e-05,True
joint_29_75pct,right_wrist_pitch_link,0.00011638178938488147,4.817583765627192e-05,True
joint_29_75pct,right_wrist_roll_link,8.720681004762371e-05,3.893806920213427e-05,True
joint_29_75pct,right_wrist_yaw_link,0.0001264405455326821,6.53346064117762e-05,True
joint_29_75pct,torso_link,5.990494572215188e-05,1.85487114168054e-05,True
joint_29_75pct,waist_roll_link,5.9823891671763626e-05,1.7413633929712578e-05,True
joint_29_75pct,waist_yaw_link,5.964210948186534e-05,7.82496472061276e-06,True
joint_30_25pct,d435_link,0.00018368552367497253,2.2132342465963154e-05,True
joint_30_25pct,head_link,1.323310568855988e-05,2.159895462705536e-05,True
joint_30_25pct,imu_in_pelvis,6.006850114687196e-05,0.0,True
joint_30_25pct,imu_in_torso,0.00013488612866793373,2.173352885506323e-05,True
joint_30_25pct,left_ankle_pitch_link,0.00020051788131284062,2.486226386113331e-05,True
joint_30_25pct,left_ankle_roll_link,0.0002222253538957869,3.0924996750400395e-05,True
joint_30_25pct,left_elbow_link,6.695814232535173e-05,1.9913252241518875e-05,True
joint_30_25pct,left_hand_camera_base_link,5.3726900748371914e-05,3.0924996750400395e-05,True
joint_30_25pct,left_hand_index_0_link,8.429369702178807e-05,3.646323212220162e-05,True
joint_30_25pct,left_hand_index_1_link,0.00010745380149674383,5.0711567328481214e-05,True
joint_30_25pct,left_hand_middle_0_link,9.064022496787041e-05,3.432127581367766e-05,True
joint_30_25pct,left_hand_middle_1_link,0.00012665987014770508,3.701874316320648e-05,True
joint_30_25pct,left_hand_palm_link,5.3726900748371914e-05,3.0640840678340816e-05,True
joint_30_25pct,left_hand_thumb_0_link,6.143906154658885e-05,3.1762215659848187e-05,True
joint_30_25pct,left_hand_thumb_1_link,6.828569911354542e-05,3.167028430738245e-05,True
joint_30_25pct,left_hand_thumb_2_link,0.00011372817696983923,3.111299238319605e-05,True
joint_30_25pct,left_hip_pitch_link,7.029017216437026e-05,6.830189170012753e-06,True
joint_30_25pct,left_hip_roll_link,5.960646373703944e-05,1.322660445345283e-05,True
joint_30_25pct,left_hip_yaw_link,6.664001874625056e-05,1.8070981951380422e-05,True
joint_30_25pct,left_knee_link,0.00012065570608304177,2.656320193396619e-05,True
joint_30_25pct,left_shoulder_pitch_link,0.00012739496605862057,2.3905662095044672e-05,True
joint_30_25pct,left_shoulder_roll_link,0.00013219334857761711,2.578339869758786e-05,True
joint_30_25pct,left_shoulder_yaw_link,6.241261986035418e-05,2.656320193396619e-05,True
joint_30_25pct,left_wrist_pitch_link,6.664001874625056e-05,2.8776098462827356e-05,True
joint_30_25pct,left_wrist_roll_link,6.828569911354542e-05,3.423621675895667e-05,True
joint_30_25pct,left_wrist_yaw_link,6.143906154658885e-05,3.0449930155107498e-05,True
joint_30_25pct,logo_link,0.00011990514344060523,2.173352885506323e-05,True
joint_30_25pct,mid360_link,0.0002789306068369185,2.173352885506323e-05,True
joint_30_25pct,pelvis,0.0,0.0,True
joint_30_25pct,pelvis_contour_link,8.08070082201906e-10,0.0,True
joint_30_25pct,right_ankle_pitch_link,0.0001575670091998324,2.826493702772014e-05,True
joint_30_25pct,right_ankle_roll_link,0.00018816404051966634,3.2845327974765986e-05,True
joint_30_25pct,right_elbow_link,7.185079724336381e-05,4.452738566513649e-05,True
joint_30_25pct,right_hand_camera_base_link,0.00013075715880680268,7.407685749980353e-05,True
joint_30_25pct,right_hand_index_0_link,0.00022302015940987713,8.642956028592383e-05,True
joint_30_25pct,right_hand_index_1_link,0.00029200193199910854,0.00010270865027687306,True
joint_30_25pct,right_hand_middle_0_link,0.0002682209014892578,7.806311619659003e-05,True
joint_30_25pct,right_hand_middle_1_link,0.0003042903223136386,9.305741096614137e-05,True
joint_30_25pct,right_hand_palm_link,0.0001264405455326821,7.431264650192334e-05,True
joint_30_25pct,right_hand_thumb_0_link,0.00017120130796843851,7.674470579390381e-05,True
joint_30_25pct,right_hand_thumb_1_link,0.00015840151626966373,6.986352069406526e-05,True
joint_30_25pct,right_hand_thumb_2_link,0.00017943374184954607,6.778769197773917e-05,True
joint_30_25pct,right_hip_pitch_link,5.960464478502858e-05,1.846994795519987e-05,True
joint_30_25pct,right_hip_roll_link,6.156774833826409e-05,2.2653174724081298e-05,True
joint_30_25pct,right_hip_yaw_link,0.0001341104507446289,2.3783381691638923e-05,True
joint_30_25pct,right_knee_link,0.00017958835949292705,1.1581149199548747e-05,True
joint_30_25pct,right_shoulder_pitch_link,0.00015394866928745824,1.7413633929712578e-05,True
joint_30_25pct,right_shoulder_roll_link,8.945614632893522e-05,2.4148365394514708e-05,True
joint_30_25pct,right_shoulder_yaw_link,6.116714041805128e-05,3.6622809392810054e-05,True
joint_30_25pct,right_wrist_pitch_link,8.940696716308594e-05,5.845700308936693e-05,True
joint_30_25pct,right_wrist_roll_link,0.00013657139822709083,5.0075116278208596e-05,True
joint_30_25pct,right_wrist_yaw_link,0.00011638178938488147,7.403748632641392e-05,True
joint_30_25pct,torso_link,5.981577896881277e-05,2.173352885506323e-05,True
joint_30_25pct,waist_roll_link,5.973483323219946e-05,2.486226386113331e-05,True
joint_30_25pct,waist_yaw_link,5.96099383105525e-05,1.6555285230907e-05,True
joint_30_75pct,d435_link,0.00018826542449732538,2.1867274910380033e-05,True
joint_30_75pct,head_link,6.122190509234485e-05,2.119010463505988e-05,True
joint_30_75pct,imu_in_pelvis,6.006850114687196e-05,0.0,True
joint_30_75pct,imu_in_torso,0.00018687252024877476,2.146353664868225e-05,True
joint_30_75pct,left_ankle_pitch_link,0.0001841665371404331,2.7533372779140136e-05,True
joint_30_75pct,left_ankle_roll_link,0.00019967695002641374,4.847750521061102e-05,True
joint_30_75pct,left_elbow_link,8.653284858395619e-05,1.4080795695456205e-05,True
joint_30_75pct,left_hand_camera_base_link,0.00011638178938488147,3.678169434442405e-05,True
joint_30_75pct,left_hand_index_0_link,0.00018907453925087332,4.8357064017786255e-05,True
joint_30_75pct,left_hand_index_1_link,0.00023276357876976294,6.443587575827849e-05,True
joint_30_75pct,left_hand_middle_0_link,0.0002112604212575827,2.784925354712232e-05,True
joint_30_75pct,left_hand_middle_1_link,0.00018431718463976653,3.0449930155107498e-05,True
joint_30_75pct,left_hand_palm_link,0.00013075715880680268,3.709742283361091e-05,True
joint_30_75pct,left_hand_thumb_0_link,0.00016858739404357613,2.9772104357351613e-05,True
joint_30_75pct,left_hand_thumb_1_link,0.00014675941767984784,1.183023466776879e-05,True
joint_30_75pct,left_hand_thumb_2_link,0.00016609949476724829,1.322660445345283e-05,True
joint_30_75pct,left_hip_pitch_link,6.006850115643548e-05,5.122641877509564e-06,True
joint_30_75pct,left_hip_roll_link,6.015687833757763e-05,1.1952831047522321e-05,True
joint_30_75pct,left_hip_yaw_link,3.332000937312528e-05,1.4286365630539068e-05,True
joint_30_75pct,left_knee_link,6.664001874625056e-05,2.146353664868225e-05,True
joint_30_75pct,left_shoulder_pitch_link,9.265847892128042e-05,1.9913252241518875e-05,True
joint_30_75pct,left_shoulder_roll_link,0.00014994700320568744,1.2074182697257337e-05,True
joint_30_75pct,left_shoulder_yaw_link,0.0001415459042003786,1.322660445345283e-05,True
joint_30_75pct,left_wrist_pitch_link,0.00011638178938488147,2.826493702772014e-05,True
joint_30_75pct,left_wrist_roll_link,9.996002811937584e-05,2.4027320194202382e-05,True
joint_30_75pct,left_wrist_yaw_link,9.424321830774485e-05,3.646323212220162e-05,True
joint_30_75pct,logo_link,0.00012014504388570679,2.146353664868225e-05,True
joint_30_75pct,mid360_link,0.0001921293853761489,2.1327258847706054e-05,True
joint_30_75pct,pelvis,0.0,0.0,True
joint_30_75pct,pelvis_contour_link,8.08070082201906e-10,0.0,True
joint_30_75pct,right_ankle_pitch_link,0.0001575670091998324,2.826493702772014e-05,True
joint_30_75pct,right_ankle_roll_link,0.00018816404051966634,3.2845327974765986e-05,True
joint_30_75pct,right_elbow_link,8.989072227488202e-05,3.465942462776345e-05,True
joint_30_75pct,right_hand_camera_base_link,0.0002112604212575827,5.973975672455723e-05,True
joint_30_75pct,right_hand_index_0_link,0.00028624195921865916,7.212239927335303e-05,True
joint_30_75pct,right_hand_index_1_link,0.0002935188353596957,8.829852365643091e-05,True
joint_30_75pct,right_hand_middle_0_link,0.000303925246810483,6.502146373618342e-05,True
joint_30_75pct,right_hand_middle_1_link,0.00036378370570342843,7.828690007527401e-05,True
joint_30_75pct,right_hand_palm_link,0.0002112604212575827,6.061191609518828e-05,True
joint_30_75pct,right_hand_thumb_0_link,0.00022152168672261396,5.399738656763882e-05,True
joint_30_75pct,right_hand_thumb_1_link,0.0002086162567138672,3.75660404350703e-05,True
joint_30_75pct,right_hand_thumb_2_link,0.00022500259981366247,3.1762215659848187e-05,True
joint_30_75pct,right_hip_pitch_link,5.960464478502858e-05,1.846994795519987e-05,True
joint_30_75pct,right_hip_roll_link,6.156774833826409e-05,2.2653174724081298e-05,True
joint_30_75pct,right_hip_yaw_link,0.0001341104507446289,2.3783381691638923e-05,True
joint_30_75pct,right_knee_link,0.00017958835949292705,1.1581149199548747e-05,True
joint_30_75pct,right_shoulder_pitch_link,0.00013956787412860083,9.035490975690204e-06,True
joint_30_75pct,right_shoulder_roll_link,0.00013449722270078457,2.5095717469822522e-05,True
joint_30_75pct,right_shoulder_yaw_link,0.00012889110978213662,2.805786510332611e-05,True
joint_30_75pct,right_wrist_pitch_link,0.0001210576058124894,4.7382514414327536e-05,True
joint_30_75pct,right_wrist_roll_link,0.00015787497237635471,3.3460956626430084e-05,True
joint_30_75pct,right_wrist_yaw_link,0.00019428737179048804,6.012894492345132e-05,True
joint_30_75pct,torso_link,5.970640092510175e-05,2.1327258847706054e-05,True
joint_30_75pct,waist_roll_link,5.967608251430114e-05,2.0347774359156983e-05,True
joint_30_75pct,waist_yaw_link,5.9607346552912994e-05,9.195423586105976e-06,True
joint_31_25pct,d435_link,0.00017225188049222368,2.8725391641998546e-05,True
joint_31_25pct,head_link,0.00011981597434108231,2.7953753927588597e-05,True
joint_31_25pct,imu_in_pelvis,6.006850114687196e-05,0.0,True
joint_31_25pct,imu_in_torso,9.232579103473558e-05,2.7953753927588597e-05,True
joint_31_25pct,left_ankle_pitch_link,0.00020051788131284062,2.486226386113331e-05,True
joint_31_25pct,left_ankle_roll_link,0.0002222253538957869,3.0924996750400395e-05,True
joint_31_25pct,left_elbow_link,0.00010956407464930968,9.659346157805868e-06,True
joint_31_25pct,left_hand_camera_base_link,0.000137381918091966,3.221793787913893e-05,True
joint_31_25pct,left_hand_index_0_link,0.00015840151626966373,4.762802131385512e-05,True
joint_31_25pct,left_hand_index_1_link,0.0001519626234052415,6.47068056529599e-05,True
joint_31_25pct,left_hand_middle_0_link,0.00017120130796843851,4.6887644301306027e-05,True
joint_31_25pct,left_hand_middle_1_link,0.0001884864366154897,6.329451948573073e-05,True
joint_31_25pct,left_hand_palm_link,0.00013657139822709083,3.23984319405831e-05,True
joint_31_25pct,left_hand_thumb_0_link,0.00010848209096909342,3.3460956626430084e-05,True
joint_31_25pct,left_hand_thumb_1_link,0.00012377834115800374,3.78752311678545e-05,True
joint_31_25pct,left_hand_thumb_2_link,0.0001837138534477048,4.4658156536027574e-05,True
joint_31_25pct,left_hip_pitch_link,7.029017216437026e-05,6.830189170012753e-06,True
joint_31_25pct,left_hip_roll_link,5.960646373703944e-05,1.322660445345283e-05,True
joint_31_25pct,left_hip_yaw_link,6.664001874625056e-05,1.8070981951380422e-05,True
joint_31_25pct,left_knee_link,0.00012065570608304177,2.656320193396619e-05,True
joint_31_25pct,left_shoulder_pitch_link,0.00014369254705320688,2.689048165283536e-05,True
joint_31_25pct,left_shoulder_roll_link,8.838910677841953e-05,2.1867274910380033e-05,True
joint_31_25pct,left_shoulder_yaw_link,0.00011729581718205707,1.1326587362040635e-05,True
joint_31_25pct,left_wrist_pitch_link,9.996002811937584e-05,1.916717082078121e-05,True
joint_31_25pct,left_wrist_roll_link,0.00012377834115800374,1.3445240826417657e-05,True
joint_31_25pct,left_wrist_yaw_link,0.0001273155770498146,3.2845327974765986e-05,True
joint_31_25pct,logo_link,1.22639126806323e-05,2.7953753927588597e-05,True
joint_31_25pct,mid360_link,0.00018887397836415932,2.805786510332611e-05,True
joint_31_25pct,pelvis,0.0,0.0,True
joint_31_25pct,pelvis_contour_link,8.08070082201906e-10,0.0,True
joint_31_25pct,right_ankle_pitch_link,0.0001575670091998324,2.826493702772014e-05,True
joint_31_25pct,right_ankle_roll_link,0.00018816404051966634,3.2845327974765986e-05,True
joint_31_25pct,right_elbow_link,8.371548747362282e-05,4.459281903719558e-05,True
joint_31_25pct,right_hand_camera_base_link,0.00022940046069533604,7.31260990669659e-05,True
joint_31_25pct,right_hand_index_0_link,0.00030574626518313876,8.636206354756467e-05,True
joint_31_25pct,right_hand_index_1_link,0.00035669533024984074,0.00010372559240678629,True
joint_31_25pct,right_hand_middle_0_link,0.00031007307837433833,7.78012214668666e-05,True
joint_31_25pct,right_hand_middle_1_link,0.00037608830523860344,9.324521622472089e-05,True
joint_31_25pct,right_hand_palm_link,0.00022152168672261396,7.336494379351308e-05,True
joint_31_25pct,right_hand_thumb_0_link,0.00024027400458748784,7.391924698613426e-05,True
joint_31_25pct,right_hand_thumb_1_link,0.00024027400458748784,6.056379229554465e-05,True
joint_31_25pct,right_hand_thumb_2_link,0.00024755668231600747,5.585533098160351e-05,True
joint_31_25pct,right_hip_pitch_link,5.960464478502858e-05,1.846994795519987e-05,True
joint_31_25pct,right_hip_roll_link,6.156774833826409e-05,2.2653174724081298e-05,True
joint_31_25pct,right_hip_yaw_link,0.0001341104507446289,2.3783381691638923e-05,True
joint_31_25pct,right_knee_link,0.00017958835949292705,1.1581149199548747e-05,True
joint_31_25pct,right_shoulder_pitch_link,0.00010423575070946004,2.328784023135477e-05,True
joint_31_25pct,right_shoulder_roll_link,0.0001497003920043917,2.7639067497065907e-05,True
joint_31_25pct,right_shoulder_yaw_link,8.595582658912493e-05,3.717593598563439e-05,True
joint_31_25pct,right_wrist_pitch_link,0.00012013700229374392,6.046742979648907e-05,True
joint_31_25pct,right_wrist_roll_link,0.00011348386266624791,4.5626992864754896e-05,True
joint_31_25pct,right_wrist_yaw_link,0.00014901161193847656,7.34046756912501e-05,True
joint_31_25pct,torso_link,5.991442748169757e-05,2.7953753927588597e-05,True
joint_31_25pct,waist_roll_link,5.98290746188738e-05,3.235340282647963e-05,True
joint_31_25pct,waist_yaw_link,5.966859035009625e-05,2.7427270755268835e-05,True
joint_31_75pct,d435_link,0.0001220423523402301,1.4983666681503321e-05,True
joint_31_75pct,head_link,0.00011936822387036963,1.366037834002551e-05,True
joint_31_75pct,imu_in_pelvis,6.006850114687196e-05,0.0,True
joint_31_75pct,imu_in_torso,6.323784865967658e-05,1.3872179782028061e-05,True
joint_31_75pct,left_ankle_pitch_link,0.0001841665371404331,2.7533372779140136e-05,True
joint_31_75pct,left_ankle_roll_link,0.00019967695002641374,4.847750521061102e-05,True
joint_31_75pct,left_elbow_link,0.00012274040095714442,2.9377754437940875e-05,True
joint_31_75pct,left_hand_camera_base_link,0.0001959941750461743,5.345468549166031e-05,True
joint_31_75pct,left_hand_index_0_link,0.00017694148550984138,5.340011203639979e-05,True
joint_31_75pct,left_hand_index_1_link,0.00019768624248238801,6.524529043507406e-05,True
joint_31_75pct,left_hand_middle_0_link,0.00024073562653964027,6.644092626377558e-05,True
joint_31_75pct,left_hand_middle_1_link,0.0002827296549232345,8.081588812691843e-05,True
joint_31_75pct,left_hand_palm_link,0.00016323404237781946,5.372672127139037e-05,True
joint_31_75pct,left_hand_thumb_0_link,0.00017694148550984138,5.9885998697910103e-05,True
joint_31_75pct,left_hand_thumb_1_link,0.00018907453925087332,4.638749512560077e-05,True
joint_31_75pct,left_hand_thumb_2_link,0.0002476687750010887,3.901287824170972e-05,True
joint_31_75pct,left_hip_pitch_link,6.006850115643548e-05,5.122641877509564e-06,True
joint_31_75pct,left_hip_roll_link,6.015687833757763e-05,1.1952831047522321e-05,True
joint_31_75pct,left_hip_yaw_link,3.332000937312528e-05,1.4286365630539068e-05,True
joint_31_75pct,left_knee_link,6.664001874625056e-05,2.146353664868225e-05,True
joint_31_75pct,left_shoulder_pitch_link,2.7034157091310702e-05,1.790890709046331e-05,True
joint_31_75pct,left_shoulder_roll_link,0.00012312100090626065,2.986987836227836e-05,True
joint_31_75pct,left_shoulder_yaw_link,8.08194873818566e-05,2.4744711127599476e-05,True
joint_31_75pct,left_wrist_pitch_link,0.00010536712127723509,4.24489525582367e-05,True
joint_31_75pct,left_wrist_roll_link,0.00010457388198091238,3.709742283361091e-05,True
joint_31_75pct,left_wrist_yaw_link,0.00013328003749250113,5.39433621553454e-05,True
joint_31_75pct,logo_link,6.61120579508654e-06,1.3872179782028061e-05,True
joint_31_75pct,mid360_link,0.00012343278239790176,1.4080795695456205e-05,True
joint_31_75pct,pelvis,0.0,0.0,True
joint_31_75pct,pelvis_contour_link,8.08070082201906e-10,0.0,True
joint_31_75pct,right_ankle_pitch_link,0.0001575670091998324,2.826493702772014e-05,True
joint_31_75pct,right_ankle_roll_link,0.00018816404051966634,3.2845327974765986e-05,True
joint_31_75pct,right_elbow_link,0.0001853776471398333,2.721382571521845e-05,True
joint_31_75pct,right_hand_camera_base_link,0.00020914776396182476,5.73491903074517e-05,True
joint_31_75pct,right_hand_index_0_link,0.00024934411839666235,7.015505379055722e-05,True
joint_31_75pct,right_hand_index_1_link,0.00029988008435812756,8.934895195970652e-05,True
joint_31_75pct,right_hand_middle_0_link,0.0002682209014892578,6.104332307747159e-05,True
joint_31_75pct,right_hand_middle_1_link,0.0003384893146634265,7.862138158927489e-05,True
joint_31_75pct,right_hand_palm_link,0.00021178529267835462,5.729832627056432e-05,True
joint_31_75pct,right_hand_thumb_0_link,0.0002751676039788036,5.998329526685435e-05,True
joint_31_75pct,right_hand_thumb_1_link,0.00022549548671277697,5.1453588043698123e-05,True
joint_31_75pct,right_hand_thumb_2_link,0.0002211454820581649,5.094103260594708e-05,True
joint_31_75pct,right_hip_pitch_link,5.960464478502858e-05,1.846994795519987e-05,True
joint_31_75pct,right_hip_roll_link,6.156774833826409e-05,2.2653174724081298e-05,True
joint_31_75pct,right_hip_yaw_link,0.0001341104507446289,2.3783381691638923e-05,True
joint_31_75pct,right_knee_link,0.00017958835949292705,1.1581149199548747e-05,True
joint_31_75pct,right_shoulder_pitch_link,5.535130992025376e-05,1.366037834002551e-05,True
joint_31_75pct,right_shoulder_roll_link,0.0001293479005521049,1.5649929441225527e-05,True
joint_31_75pct,right_shoulder_yaw_link,0.0001890476221618136,2.3783381691638923e-05,True
joint_31_75pct,right_wrist_pitch_link,0.00018491854736195292,4.346705771012666e-05,True
joint_31_75pct,right_wrist_roll_link,0.00018326005155218906,2.8978038473417675e-05,True
joint_31_75pct,right_wrist_yaw_link,0.00019880628681371115,5.755219692565517e-05,True
joint_31_75pct,torso_link,5.999811609421028e-05,1.3872179782028061e-05,True
joint_31_75pct,waist_roll_link,5.987280957871589e-05,1.8860476299618384e-05,True
joint_31_75pct,waist_yaw_link,5.966859035009625e-05,1.7413633929712578e-05,True
joint_32_25pct,d435_link,0.00028616922590298405,2.8877244990729382e-05,True
joint_32_25pct,head_link,1.952340886600545e-05,2.5441881649397815e-05,True
joint_32_25pct,imu_in_pelvis,6.006850114687196e-05,0.0,True
joint_32_25pct,imu_in_torso,0.00012263877599337584,2.567006452828869e-05,True
joint_32_25pct,left_ankle_pitch_link,0.00020051788131284062,2.486226386113331e-05,True
joint_32_25pct,left_ankle_roll_link,0.0002222253538957869,3.0924996750400395e-05,True
joint_32_25pct,left_elbow_link,3.0846325981764486e-05,4.333269244982293e-05,True
joint_32_25pct,left_hand_camera_base_link,6.664001874625056e-05,5.835716184981681e-05,True
joint_32_25pct,left_hand_index_0_link,0.00018671101460071904,6.189711731220962e-05,True
joint_32_25pct,left_hand_index_1_link,0.00013657139822709083,6.493171702158565e-05,True
joint_32_25pct,left_hand_middle_0_link,0.00017943374184954607,6.515585202368722e-05,True
joint_32_25pct,left_hand_middle_1_link,0.00018671101460071904,7.324561878562104e-05,True
joint_32_25pct,left_hand_palm_link,6.664001874625056e-05,5.870586331663649e-05,True
joint_32_25pct,left_hand_thumb_0_link,0.0001519626234052415,5.538352714890994e-05,True
joint_32_25pct,left_hand_thumb_1_link,0.0001228781230931777,5.522536349284842e-05,True
joint_32_25pct,left_hand_thumb_2_link,6.705522537231445e-05,5.978854379412121e-05,True
joint_32_25pct,left_hip_pitch_link,7.029017216437026e-05,6.830189170012753e-06,True
joint_32_25pct,left_hip_roll_link,5.960646373703944e-05,1.322660445345283e-05,True
joint_32_25pct,left_hip_yaw_link,6.664001874625056e-05,1.8070981951380422e-05,True
joint_32_25pct,left_knee_link,0.00012065570608304177,2.656320193396619e-05,True
joint_32_25pct,left_shoulder_pitch_link,0.0001586932953124213,3.432127581367766e-05,True
joint_32_25pct,left_shoulder_roll_link,8.979847893580026e-05,4.346705771012666e-05,True
joint_32_25pct,left_shoulder_yaw_link,3.9754085283445974e-05,4.360100889887781e-05,True
joint_32_25pct,left_wrist_pitch_link,6.828569911354542e-05,5.415913646534471e-05,True
joint_32_25pct,left_wrist_roll_link,6.664001874625056e-05,4.5881894249578165e-05,True
joint_32_25pct,left_wrist_yaw_link,6.664001874625056e-05,5.8407103803201764e-05,True
joint_32_25pct,logo_link,0.00012072153178996371,2.567006452828869e-05,True
joint_32_25pct,mid360_link,0.00017893773848343708,2.6008585494473073e-05,True
joint_32_25pct,pelvis,0.0,0.0,True
joint_32_25pct,pelvis_contour_link,8.08070082201906e-10,0.0,True
joint_32_25pct,right_ankle_pitch_link,0.0001575670091998324,2.826493702772014e-05,True
joint_32_25pct,right_ankle_roll_link,0.00018816404051966634,3.2845327974765986e-05,True
joint_32_25pct,right_elbow_link,7.233804922227334e-05,4.5563044700372294e-05,True
joint_32_25pct,right_hand_camera_base_link,0.00015840151626966373,5.6323182781825356e-05,True
joint_32_25pct,right_hand_index_0_link,0.00022302015940987713,7.509326294925018e-05,True
joint_32_25pct,right_hand_index_1_link,0.00027314279645418167,8.892371199313727e-05,True
joint_32_25pct,right_hand_middle_0_link,0.00022152168672261396,6.761542310464204e-05,True
joint_32_25pct,right_hand_middle_1_link,0.0002636284532093127,8.476041854024133e-05,True
joint_32_25pct,right_hand_palm_link,0.00016118070224511576,5.606374711980601e-05,True
joint_32_25pct,right_hand_thumb_0_link,0.00018907453925087332,5.43740545179492e-05,True
joint_32_25pct,right_hand_thumb_1_link,0.00020047462056687042,5.329079746518632e-05,True
joint_32_25pct,right_hand_thumb_2_link,0.0001519626234052415,4.161653934608438e-05,True
joint_32_25pct,right_hip_pitch_link,5.960464478502858e-05,1.846994795519987e-05,True
joint_32_25pct,right_hip_roll_link,6.156774833826409e-05,2.2653174724081298e-05,True
joint_32_25pct,right_hip_yaw_link,0.0001341104507446289,2.3783381691638923e-05,True
joint_32_25pct,right_knee_link,0.00017958835949292705,1.1581149199548747e-05,True
joint_32_25pct,right_shoulder_pitch_link,0.0002599938352203147,3.465942462776345e-05,True
joint_32_25pct,right_shoulder_roll_link,0.00010313136729094344,4.026337134929288e-05,True
joint_32_25pct,right_shoulder_yaw_link,7.772926462356297e-05,4.787226917874394e-05,True
joint_32_25pct,right_wrist_pitch_link,8.024520884654676e-05,4.7259282698739895e-05,True
joint_32_25pct,right_wrist_roll_link,0.00010848209096909342,3.878801828098024e-05,True
joint_32_25pct,right_wrist_yaw_link,0.00010745380149674383,5.6011715788764106e-05,True
joint_32_25pct,torso_link,5.9904443191419756e-05,2.578339869758786e-05,True
joint_32_25pct,waist_roll_link,5.983862735127021e-05,2.8674595153725626e-05,True
joint_32_25pct,waist_yaw_link,5.9683110707952236e-05,2.328784023135477e-05,True
joint_32_75pct,d435_link,0.0001437981357099025,2.3036072399967966e-05,True
joint_32_75pct,head_link,1.6144803385686078e-05,1.916717082078121e-05,True
joint_32_75pct,imu_in_pelvis,6.006850114687196e-05,0.0,True
joint_32_75pct,imu_in_torso,6.78844084744972e-05,1.916717082078121e-05,True
joint_32_75pct,left_ankle_pitch_link,0.0001841665371404331,2.7533372779140136e-05,True
joint_32_75pct,left_ankle_roll_link,0.00019967695002641374,4.847750521061102e-05,True
joint_32_75pct,left_elbow_link,0.00012323055347072403,2.7953753927588597e-05,True
joint_32_75pct,left_hand_camera_base_link,0.00021335215960854818,5.0075116278208596e-05,True
joint_32_75pct,left_hand_index_0_link,0.00021900144899933142,6.497660587383389e-05,True
joint_32_75pct,left_hand_index_1_link,0.00029839552036674006,8.063529373779973e-05,True
joint_32_75pct,left_hand_middle_0_link,0.0002313282295504216,6.310998696625175e-05,True
joint_32_75pct,left_hand_middle_1_link,0.000329514509253144,7.921252812025822e-05,True
joint_32_75pct,left_hand_palm_link,0.00022001300841917695,5.0423267281580754e-05,True
joint_32_75pct,left_hand_thumb_0_link,0.0002086162567138672,4.931235756498162e-05,True
joint_32_75pct,left_hand_thumb_1_link,0.00014057727354849282,4.607214479993616e-05,True
joint_32_75pct,left_hand_thumb_2_link,0.00016118070224511576,4.5881894249578165e-05,True
joint_32_75pct,left_hip_pitch_link,6.006850115643548e-05,5.122641877509564e-06,True
joint_32_75pct,left_hip_roll_link,6.015687833757763e-05,1.1952831047522321e-05,True
joint_32_75pct,left_hip_yaw_link,3.332000937312528e-05,1.4286365630539068e-05,True
joint_32_75pct,left_knee_link,6.664001874625056e-05,2.146353664868225e-05,True
joint_32_75pct,left_shoulder_pitch_link,6.233543851070301e-05,2.774435956405617e-05,True
joint_32_75pct,left_shoulder_roll_link,4.529509734587883e-05,2.9476836521720326e-05,True
joint_32_75pct,left_shoulder_yaw_link,1.1408701539039612e-05,2.6231839250190885e-05,True
joint_32_75pct,left_wrist_pitch_link,0.00013657139822709083,3.779817059734699e-05,True
joint_32_75pct,left_wrist_roll_link,0.0001292627421982398,3.678169434442405e-05,True
joint_32_75pct,left_wrist_yaw_link,0.00019768624248238801,5.0596444439175195e-05,True
joint_32_75pct,logo_link,6.170683785635985e-05,1.916717082078121e-05,True
joint_32_75pct,mid360_link,0.0001700084671824529,1.9318692315611754e-05,True
joint_32_75pct,pelvis,0.0,0.0,True
joint_32_75pct,pelvis_contour_link,8.08070082201906e-10,0.0,True
joint_32_75pct,right_ankle_pitch_link,0.0001575670091998324,2.826493702772014e-05,True
joint_32_75pct,right_ankle_roll_link,0.00018816404051966634,3.2845327974765986e-05,True
joint_32_75pct,right_elbow_link,7.083563830631382e-05,2.5327019294612925e-05,True
joint_32_75pct,right_hand_camera_base_link,0.0001228781230931777,3.221793787913893e-05,True
joint_32_75pct,right_hand_index_0_link,0.00017120130796843851,2.922850154468323e-05,True
joint_32_75pct,right_hand_index_1_link,0.00014057727354849282,3.410823045392212e-05,True
joint_32_75pct,right_hand_middle_0_link,0.0001959941750461743,3.4065461496091986e-05,True
joint_32_75pct,right_hand_middle_1_link,0.00019768624248238801,4.951887148259283e-05,True
joint_32_75pct,right_hand_palm_link,0.000137381918091966,3.23984319405831e-05,True
joint_32_75pct,right_hand_thumb_0_link,0.0001228781230931777,2.3412708902503694e-05,True
joint_32_75pct,right_hand_thumb_1_link,0.00013328003749250113,1.9913252241518875e-05,True
joint_32_75pct,right_hand_thumb_2_link,0.00010323827311807139,1.3872179782028061e-05,True
joint_32_75pct,right_hip_pitch_link,5.960464478502858e-05,1.846994795519987e-05,True
joint_32_75pct,right_hip_roll_link,6.156774833826409e-05,2.2653174724081298e-05,True
joint_32_75pct,right_hip_yaw_link,0.0001341104507446289,2.3783381691638923e-05,True
joint_32_75pct,right_knee_link,0.00017958835949292705,1.1581149199548747e-05,True
joint_32_75pct,right_shoulder_pitch_link,6.914504338673647e-05,1.916717082078121e-05,True
joint_32_75pct,right_shoulder_roll_link,0.00013597958659854247,2.1867274910380033e-05,True
joint_32_75pct,right_shoulder_yaw_link,5.611218512058258e-05,2.3036072399967966e-05,True
joint_32_75pct,right_wrist_pitch_link,7.450580596923828e-05,3.0640840678340816e-05,True
joint_32_75pct,right_wrist_roll_link,0.00010242854867031813,2.4744711127599476e-05,True
joint_32_75pct,right_wrist_yaw_link,9.424321830774485e-05,3.157808532191534e-05,True
joint_32_75pct,torso_link,4.243548567291778e-06,1.916717082078121e-05,True
joint_32_75pct,waist_roll_link,3.2463900729905482e-06,2.049056751003828e-05,True
joint_32_75pct,waist_yaw_link,1.0052593503704093e-06,1.1581149199548747e-05,True
joint_33_25pct,d435_link,0.00024769679024635685,1.961822478742194e-05,True
joint_33_25pct,head_link,0.00011931941804510739,1.448901923670881e-05,True
joint_33_25pct,imu_in_pelvis,6.006850114687196e-05,0.0,True
joint_33_25pct,imu_in_torso,1.4901161193847656e-05,1.4688877218970407e-05,True
joint_33_25pct,left_ankle_pitch_link,0.00020051788131284062,2.486226386113331e-05,True
joint_33_25pct,left_ankle_roll_link,0.0002222253538957869,3.0924996750400395e-05,True
joint_33_25pct,left_elbow_link,8.208857010834033e-05,2.61204508945689e-05,True
joint_33_25pct,left_hand_camera_base_link,0.00017441362009524742,3.449076462624561e-05,True
joint_33_25pct,left_hand_index_0_link,0.00012377834115800374,3.7488344301356744e-05,True
joint_33_25pct,left_hand_index_1_link,0.00017881393432617188,4.694978832367688e-05,True
joint_33_25pct,left_hand_middle_0_link,0.00017694148550984138,4.799392698401182e-05,True
joint_33_25pct,left_hand_middle_1_link,0.00022152168672261396,6.347851557006219e-05,True
joint_33_25pct,left_hand_palm_link,0.00012818463544611076,3.457519746892772e-05,True
joint_33_25pct,left_hand_thumb_0_link,0.00017881393432617188,3.4994306073655696e-05,True
joint_33_25pct,left_hand_thumb_1_link,0.00019082797281243946,3.474344759864636e-05,True
joint_33_25pct,left_hand_thumb_2_link,0.0001399837004248495,4.217330709397059e-05,True
joint_33_25pct,left_hip_pitch_link,7.029017216437026e-05,6.830189170012753e-06,True
joint_33_25pct,left_hip_roll_link,5.960646373703944e-05,1.322660445345283e-05,True
joint_33_25pct,left_hip_yaw_link,6.664001874625056e-05,1.8070981951380422e-05,True
joint_33_25pct,left_knee_link,0.00012065570608304177,2.656320193396619e-05,True
joint_33_25pct,left_shoulder_pitch_link,0.00012082561071252529,2.5327019294612925e-05,True
joint_33_25pct,left_shoulder_roll_link,0.00011932262147437793,3.185388169650561e-05,True
joint_33_25pct,left_shoulder_yaw_link,6.553469200170399e-05,2.7639067497065907e-05,True
joint_33_25pct,left_wrist_pitch_link,0.00010848209096909342,2.555622776104164e-05,True
joint_33_25pct,left_wrist_roll_link,0.00010745380149674383,2.7106472927070668e-05,True
joint_33_25pct,left_wrist_yaw_link,0.00011151007970493857,3.482726785942526e-05,True
joint_33_25pct,logo_link,7.220674743441237e-06,1.4688877218970407e-05,True
joint_33_25pct,mid360_link,0.0001361364720303447,1.4688877218970407e-05,True
joint_33_25pct,pelvis,0.0,0.0,True
joint_33_25pct,pelvis_contour_link,8.08070082201906e-10,0.0,True
joint_33_25pct,right_ankle_pitch_link,0.0001575670091998324,2.826493702772014e-05,True
joint_33_25pct,right_ankle_roll_link,0.00018816404051966634,3.2845327974765986e-05,True
joint_33_25pct,right_elbow_link,5.644306568243265e-05,2.6231839250190885e-05,True
joint_33_25pct,right_hand_camera_base_link,0.000137381918091966,5.268551322555886e-05,True
joint_33_25pct,right_hand_index_0_link,0.00019082797281243946,5.895367304344113e-05,True
joint_33_25pct,right_hand_index_1_link,0.00030574626518313876,7.617268759016448e-05,True
joint_33_25pct,right_hand_middle_0_link,0.0001999200562387517,4.090992534852012e-05,True
joint_33_25pct,right_hand_middle_1_link,0.0002563692708922215,5.030748465512057e-05,True
joint_33_25pct,right_hand_palm_link,0.000137381918091966,5.246367850038212e-05,True
joint_33_25pct,right_hand_thumb_0_link,0.00018189185285171421,5.162330897092325e-05,True
joint_33_25pct,right_hand_thumb_1_link,0.00016858739404357613,4.9430471165477876e-05,True
joint_33_25pct,right_hand_thumb_2_link,0.00015840151626966373,3.717593598563439e-05,True
joint_33_25pct,right_hip_pitch_link,5.960464478502858e-05,1.846994795519987e-05,True
joint_33_25pct,right_hip_roll_link,6.156774833826409e-05,2.2653174724081298e-05,True
joint_33_25pct,right_hip_yaw_link,0.0001341104507446289,2.3783381691638923e-05,True
joint_33_25pct,right_knee_link,0.00017958835949292705,1.1581149199548747e-05,True
joint_33_25pct,right_shoulder_pitch_link,0.00013562619273526836,1.6199215970291508e-05,True
joint_33_25pct,right_shoulder_roll_link,0.00013926808211064455,1.546249837520016e-05,True
joint_33_25pct,right_shoulder_yaw_link,8.767619617471228e-05,2.0632372437402982e-05,True
joint_33_25pct,right_wrist_pitch_link,7.598131170262075e-05,3.4363726387495736e-05,True
joint_33_25pct,right_wrist_roll_link,7.450580596923828e-05,2.5327019294612925e-05,True
joint_33_25pct,right_wrist_yaw_link,9.541398640621973e-05,5.257471286479839e-05,True
joint_33_25pct,torso_link,5.967393472892527e-05,1.448901923670881e-05,True
joint_33_25pct,waist_roll_link,5.9644601156871014e-05,1.7245382313122758e-05,True
joint_33_25pct,waist_yaw_link,5.961535909931595e-05,1.5835142153691186e-05,True
joint_33_75pct,d435_link,0.00015145951025378795,1.707547292503189e-05,True
joint_33_75pct,head_link,9.38883210650725e-06,1.2074182697257337e-05,True
joint_33_75pct,imu_in_pelvis,6.006850114687196e-05,0.0,True
joint_33_75pct,imu_in_torso,0.00011956165273107796,1.2194326777763644e-05,True
joint_33_75pct,left_ankle_pitch_link,0.0001841665371404331,2.7533372779140136e-05,True
joint_33_75pct,left_ankle_roll_link,0.00019967695002641374,4.847750521061102e-05,True
joint_33_75pct,left_elbow_link,3.0846325981764486e-05,2.7533372779140136e-05,True
joint_33_75pct,left_hand_camera_base_link,0.00014901161193847656,5.795607694683581e-05,True
joint_33_75pct,left_hand_index_0_link,0.00021073424255447018,7.187942587327288e-05,True
joint_33_75pct,left_hand_index_1_link,0.00031680303253932746,8.999924403317705e-05,True
joint_33_75pct,left_hand_middle_0_link,0.00023276357876976294,7.212239927335303e-05,True
joint_33_75pct,left_hand_middle_1_link,0.000279967400849699,8.833153862249631e-05,True
joint_33_75pct,left_hand_palm_link,0.0001475139697881291,5.780495262977683e-05,True
joint_33_75pct,left_hand_thumb_0_link,0.00020914776396182476,5.910186013866034e-05,True
joint_33_75pct,left_hand_thumb_1_link,0.00017881393432617188,5.3672424419448395e-05,True
joint_33_75pct,left_hand_thumb_2_link,0.0001838648718484203,5.167975875156225e-05,True
joint_33_75pct,left_hip_pitch_link,6.006850115643548e-05,5.122641877509564e-06,True
joint_33_75pct,left_hip_roll_link,6.015687833757763e-05,1.1952831047522321e-05,True
joint_33_75pct,left_hip_yaw_link,3.332000937312528e-05,1.4286365630539068e-05,True
joint_33_75pct,left_knee_link,6.664001874625056e-05,2.146353664868225e-05,True
joint_33_75pct,left_shoulder_pitch_link,0.00013257899218998762,1.4286365630539068e-05,True
joint_33_75pct,left_shoulder_roll_link,6.182995460721078e-05,2.4744711127599476e-05,True
joint_33_75pct,left_shoulder_yaw_link,6.319293468597392e-05,2.656320193396619e-05,True
joint_33_75pct,left_wrist_pitch_link,8.688795409866125e-05,4.5563044700372294e-05,True
joint_33_75pct,left_wrist_roll_link,6.8690959045983e-05,3.6383181022077855e-05,True
joint_33_75pct,left_wrist_yaw_link,0.00011638178938488147,5.8106808220761566e-05,True
joint_33_75pct,logo_link,6.0152134825846366e-05,1.2194326777763644e-05,True
joint_33_75pct,mid360_link,0.00013758087119360933,1.2313298636799906e-05,True
joint_33_75pct,pelvis,0.0,0.0,True
joint_33_75pct,pelvis_contour_link,8.08070082201906e-10,0.0,True
joint_33_75pct,right_ankle_pitch_link,0.0001575670091998324,2.826493702772014e-05,True
joint_33_75pct,right_ankle_roll_link,0.00018816404051966634,3.2845327974765986e-05,True
joint_33_75pct,right_elbow_link,0.0001378137147628351,3.2036426925603224e-05,True
joint_33_75pct,right_hand_camera_base_link,0.00021542358837725164,5.785537126354833e-05,True
joint_33_75pct,right_hand_index_0_link,0.0002827296549232345,5.9298866885454466e-05,True
joint_33_75pct,right_hand_index_1_link,0.0003491453681546444,7.548054382082797e-05,True
joint_33_75pct,right_hand_middle_0_link,0.0002086162567138672,5.2157115204677214e-05,True
joint_33_75pct,right_hand_middle_1_link,0.0002682209014892578,5.775448998145921e-05,True
joint_33_75pct,right_hand_palm_link,0.00021542358837725164,5.775448998145921e-05,True
joint_33_75pct,right_hand_thumb_0_link,0.0002421152116249788,5.658142889885566e-05,True
joint_33_75pct,right_hand_thumb_1_link,0.00022500259981366247,5.190494395208183e-05,True
joint_33_75pct,right_hand_thumb_2_link,0.00017694148550984138,4.2311354294880355e-05,True
joint_33_75pct,right_hip_pitch_link,5.960464478502858e-05,1.846994795519987e-05,True
joint_33_75pct,right_hip_roll_link,6.156774833826409e-05,2.2653174724081298e-05,True
joint_33_75pct,right_hip_yaw_link,0.0001341104507446289,2.3783381691638923e-05,True
joint_33_75pct,right_knee_link,0.00017958835949292705,1.1581149199548747e-05,True
joint_33_75pct,right_shoulder_pitch_link,0.00013023572278625384,1.3872179782028061e-05,True
joint_33_75pct,right_shoulder_roll_link,0.00013215667670929288,1.6555285230907e-05,True
joint_33_75pct,right_shoulder_yaw_link,7.844777564578952e-05,2.967400819492987e-05,True
joint_33_75pct,right_wrist_pitch_link,0.00015269146510898468,4.937144968632044e-05,True
joint_33_75pct,right_wrist_roll_link,0.00010242854867031813,4.24489525582367e-05,True
joint_33_75pct,right_wrist_yaw_link,0.0001737759081973225,5.780495262977683e-05,True
joint_33_75pct,torso_link,5.9740057372572405e-05,1.2194326777763644e-05,True
joint_33_75pct,waist_roll_link,5.969331755872813e-05,1.3004292747236516e-05,True
joint_33_75pct,waist_yaw_link,5.964764797664423e-05,1.2547858734911242e-05,True
joint_34_25pct,d435_link,0.0001955422584953973,2.2972699315936532e-05,True
joint_34_25pct,head_link,0.00012006330856958322,2.173352885506323e-05,True
joint_34_25pct,imu_in_pelvis,6.006850114687196e-05,0.0,True
joint_34_25pct,imu_in_torso,8.79508318312856e-05,2.1867274910380033e-05,True
joint_34_25pct,left_ankle_pitch_link,0.00020051788131284062,2.486226386113331e-05,True
joint_34_25pct,left_ankle_roll_link,0.0002222253538957869,3.0924996750400395e-05,True
joint_34_25pct,left_elbow_link,0.00015315655664109972,1.3004292747236516e-05,True
joint_34_25pct,left_hand_camera_base_link,0.00018966081829902313,2.996733336300671e-05,True
joint_34_25pct,left_hand_index_0_link,0.00022500259981366247,2.857273126107819e-05,True
joint_34_25pct,left_hand_index_1_link,0.00027957056521316943,4.805464038840503e-05,True
joint_34_25pct,left_hand_middle_0_link,0.0002585254843964796,4.719754618290178e-05,True
joint_34_25pct,left_hand_middle_1_link,0.0002682209014892578,6.648479614393605e-05,True
joint_34_25pct,left_hand_palm_link,0.00018966081829902313,2.996733336300671e-05,True
joint_34_25pct,left_hand_thumb_0_link,0.00020647654623614278,3.7488344301356744e-05,True
joint_34_25pct,left_hand_thumb_1_link,0.00020047462056687042,3.432127581367766e-05,True
joint_34_25pct,left_hand_thumb_2_link,0.00024496439431270355,3.863738463122365e-05,True
joint_34_25pct,left_hip_pitch_link,7.029017216437026e-05,6.830189170012753e-06,True
joint_34_25pct,left_hip_roll_link,5.960646373703944e-05,1.322660445345283e-05,True
joint_34_25pct,left_hip_yaw_link,6.664001874625056e-05,1.8070981951380422e-05,True
joint_34_25pct,left_knee_link,0.00012065570608304177,2.656320193396619e-05,True
joint_34_25pct,left_shoulder_pitch_link,0.00015377126908494495,1.601821346280157e-05,True
joint_34_25pct,left_shoulder_roll_link,0.00015843398877924347,1.183023466776879e-05,True
joint_34_25pct,left_shoulder_yaw_link,0.00015926177668889514,1.5080649355333733e-05,True
joint_34_25pct,left_wrist_pitch_link,0.0001666000468656264,1.758027537185658e-05,True
joint_34_25pct,left_wrist_roll_link,0.00013514129182113003,1.1066171232981565e-05,True
joint_34_25pct,left_wrist_yaw_link,0.0001666000468656264,2.986987836227836e-05,True
joint_34_25pct,logo_link,1.4349754096257331e-05,2.1867274910380033e-05,True
joint_34_25pct,mid360_link,0.00019976345997504651,2.200020789716329e-05,True
joint_34_25pct,pelvis,0.0,0.0,True
joint_34_25pct,pelvis_contour_link,8.08070082201906e-10,0.0,True
joint_34_25pct,right_ankle_pitch_link,0.0001575670091998324,2.826493702772014e-05,True
joint_34_25pct,right_ankle_roll_link,0.00018816404051966634,3.2845327974765986e-05,True
joint_34_25pct,right_elbow_link,3.725290298461914e-05,3.397976208612202e-05,True
joint_34_25pct,right_hand_camera_base_link,0.00014057727354849282,6.735619369104923e-05,True
joint_34_25pct,right_hand_index_0_link,0.0002528810910653642,7.624920462361125e-05,True
joint_34_25pct,right_hand_index_1_link,0.0002751676039788036,9.293199660866136e-05,True
joint_34_25pct,right_hand_middle_0_link,0.0002563692708922215,6.84724335179141e-05,True
joint_34_25pct,right_hand_middle_1_link,0.000303925246810483,8.302262809320939e-05,True
joint_34_25pct,right_hand_palm_link,0.00016118070224511576,6.733454619131256e-05,True
joint_34_25pct,right_hand_thumb_0_link,0.00016118070224511576,6.885460820798852e-05,True
joint_34_25pct,right_hand_thumb_1_link,0.0001999200562387517,7.729363287050735e-05,True
joint_34_25pct,right_hand_thumb_2_link,0.00018128044993574082,8.12656182997827e-05,True
joint_34_25pct,right_hip_pitch_link,5.960464478502858e-05,1.846994795519987e-05,True
joint_34_25pct,right_hip_roll_link,6.156774833826409e-05,2.2653174724081298e-05,True
joint_34_25pct,right_hip_yaw_link,0.0001341104507446289,2.3783381691638923e-05,True
joint_34_25pct,right_knee_link,0.00017958835949292705,1.1581149199548747e-05,True
joint_34_25pct,right_shoulder_pitch_link,9.68914030305378e-05,1.5649929441225527e-05,True
joint_34_25pct,right_shoulder_roll_link,7.468968779104211e-05,1.5080649355333733e-05,True
joint_34_25pct,right_shoulder_yaw_link,6.038275447823375e-05,2.7427270755268835e-05,True
joint_34_25pct,right_wrist_pitch_link,7.300048299977714e-05,5.611573020665263e-05,True
joint_34_25pct,right_wrist_roll_link,7.185079724336381e-05,4.5881894249578165e-05,True
joint_34_25pct,right_wrist_yaw_link,9.996002811937584e-05,6.765853144380266e-05,True
joint_34_25pct,torso_link,5.9846773943481333e-05,2.1867274910380033e-05,True
joint_34_25pct,waist_roll_link,5.9754555329954416e-05,2.335035803573985e-05,True
joint_34_25pct,waist_yaw_link,5.9670308071557674e-05,1.0526028440638417e-05,True
joint_34_75pct,d435_link,0.00016747241313002276,2.166634622491137e-05,True
joint_34_75pct,head_link,0.00011975734235810398,2.0632372437402982e-05,True
joint_34_75pct,imu_in_pelvis,6.006850114687196e-05,0.0,True
joint_34_75pct,imu_in_torso,8.30967315610288e-05,2.0773209379101157e-05,True
joint_34_75pct,left_ankle_pitch_link,0.0001841665371404331,2.7533372779140136e-05,True
joint_34_75pct,left_ankle_roll_link,0.00019967695002641374,4.847750521061102e-05,True
joint_34_75pct,left_elbow_link,0.00018907453925087332,1.3445240826417657e-05,True
joint_34_75pct,left_hand_camera_base_link,0.00022302015940987713,4.4658156536027574e-05,True
joint_34_75pct,left_hand_index_0_link,0.00025981062314156734,4.339992707900799e-05,True
joint_34_75pct,left_hand_index_1_link,0.0002682209014892578,6.255312325322552e-05,True
joint_34_75pct,left_hand_middle_0_link,0.00023513635751693695,6.203827397742663e-05,True
joint_34_75pct,left_hand_middle_1_link,0.00028115454709698565,8.096007359057722e-05,True
joint_34_75pct,left_hand_palm_link,0.00017881393432617188,4.4658156536027574e-05,True
joint_34_75pct,left_hand_thumb_0_link,0.00018907453925087332,4.537065941587485e-05,True
joint_34_75pct,left_hand_thumb_1_link,0.00019314112360500874,3.5243379011007245e-05,True
joint_34_75pct,left_hand_thumb_2_link,0.0001989458489838047,2.90784825821284e-05,True
joint_34_75pct,left_hip_pitch_link,6.006850115643548e-05,5.122641877509564e-06,True
joint_34_75pct,left_hip_roll_link,6.015687833757763e-05,1.1952831047522321e-05,True
joint_34_75pct,left_hip_yaw_link,3.332000937312528e-05,1.4286365630539068e-05,True
joint_34_75pct,left_knee_link,6.664001874625056e-05,2.146353664868225e-05,True
joint_34_75pct,left_shoulder_pitch_link,0.00013384206125357904,1.5649929441225527e-05,True
joint_34_75pct,left_shoulder_roll_link,0.00012944260549592828,1.2547858734911242e-05,True
joint_34_75pct,left_shoulder_yaw_link,0.0001352984459638959,9.035490975690204e-06,True
joint_34_75pct,left_wrist_pitch_link,0.00019428737179048804,2.450791418631552e-05,True
joint_34_75pct,left_wrist_roll_link,0.00014234314243899882,1.527276728333139e-05,True
joint_34_75pct,left_wrist_yaw_link,0.00020212918469683134,4.47885455917122e-05,True
joint_34_75pct,logo_link,1.1531353237726232e-05,2.0773209379101157e-05,True
joint_34_75pct,mid360_link,0.00017756850437320278,2.091309789151876e-05,True
joint_34_75pct,pelvis,0.0,0.0,True
joint_34_75pct,pelvis_contour_link,8.08070082201906e-10,0.0,True
joint_34_75pct,right_ankle_pitch_link,0.0001575670091998324,2.826493702772014e-05,True
joint_34_75pct,right_ankle_roll_link,0.00018816404051966634,3.2845327974765986e-05,True
joint_34_75pct,right_elbow_link,8.242599404109825e-05,3.248830293691662e-05,True
joint_34_75pct,right_hand_camera_base_link,0.0002112604212575827,6.046742979648907e-05,True
joint_34_75pct,right_hand_index_0_link,0.000292381895636746,7.252554606528418e-05,True
joint_34_75pct,right_hand_index_1_link,0.00029988008435812756,8.925099948886361e-05,True
joint_34_75pct,right_hand_middle_0_link,0.000303925246810483,6.595643177244727e-05,True
joint_34_75pct,right_hand_middle_1_link,0.0003199414991376383,8.0381779947917e-05,True
joint_34_75pct,right_hand_palm_link,0.000203224743857769,6.113877790212294e-05,True
joint_34_75pct,right_hand_thumb_0_link,0.00019768624248238801,7.065202614577463e-05,True
joint_34_75pct,right_hand_thumb_1_link,0.00023276357876976294,5.543614808918739e-05,True
joint_34_75pct,right_hand_thumb_2_link,0.00023513635751693695,3.78752311678545e-05,True
joint_34_75pct,right_hip_pitch_link,5.960464478502858e-05,1.846994795519987e-05,True
joint_34_75pct,right_hip_roll_link,6.156774833826409e-05,2.2653174724081298e-05,True
joint_34_75pct,right_hip_yaw_link,0.0001341104507446289,2.3783381691638923e-05,True
joint_34_75pct,right_knee_link,0.00017958835949292705,1.1581149199548747e-05,True
joint_34_75pct,right_shoulder_pitch_link,5.404376981748357e-05,1.5080649355333733e-05,True
joint_34_75pct,right_shoulder_roll_link,0.000128409956006226,2.366046933553761e-05,True
joint_34_75pct,right_shoulder_yaw_link,7.180853384063107e-05,3.148561635232658e-05,True
joint_34_75pct,right_wrist_pitch_link,0.0001497548166084422,5.212915641671018e-05,True
joint_34_75pct,right_wrist_roll_link,0.00011662003280593849,4.346705771012666e-05,True
joint_34_75pct,right_wrist_yaw_link,0.00016049041769309352,6.061191609518828e-05,True
joint_34_75pct,torso_link,5.98737980600073e-05,2.0773209379101157e-05,True
joint_34_75pct,waist_roll_link,5.978167096264225e-05,2.4148365394514708e-05,True
joint_34_75pct,waist_yaw_link,5.9670308071557674e-05,1.831140469640497e-05,True
joint_35_25pct,d435_link,0.0001566505610943284,2.6781832797797937e-05,True
joint_35_25pct,head_link,0.00011999736894619128,2.6231839250190885e-05,True
joint_35_25pct,imu_in_pelvis,6.006850114687196e-05,0.0,True
joint_35_25pct,imu_in_torso,7.923121095123875e-05,2.6342756612779254e-05,True
joint_35_25pct,left_ankle_pitch_link,0.00020051788131284062,2.486226386113331e-05,True
joint_35_25pct,left_ankle_roll_link,0.0002222253538957869,3.0924996750400395e-05,True
joint_35_25pct,left_elbow_link,0.00013096925490533522,2.9178580924908168e-05,True
joint_35_25pct,left_hand_camera_base_link,7.300048299977714e-05,4.8357064017786255e-05,True
joint_35_25pct,left_hand_index_0_link,6.828569911354542e-05,4.931235756498162e-05,True
joint_35_25pct,left_hand_index_1_link,6.143906154658885e-05,6.315617064383128e-05,True
joint_35_25pct,left_hand_middle_0_link,6.143906154658885e-05,4.6638240169164995e-05,True
joint_35_25pct,left_hand_middle_1_link,0.0001228781230931777,4.7011850199182074e-05,True
joint_35_25pct,left_hand_palm_link,3.332000937312528e-05,4.907527754957194e-05,True
joint_35_25pct,left_hand_thumb_0_link,3.332000937312528e-05,3.7643576204733875e-05,True
joint_35_25pct,left_hand_thumb_1_link,6.664001874625056e-05,4.3265353337730534e-05,True
joint_35_25pct,left_hand_thumb_2_link,4.7706993203109864e-05,5.334548275147371e-05,True
joint_35_25pct,left_hip_pitch_link,7.029017216437026e-05,6.830189170012753e-06,True
joint_35_25pct,left_hip_roll_link,5.960646373703944e-05,1.322660445345283e-05,True
joint_35_25pct,left_hip_yaw_link,6.664001874625056e-05,1.8070981951380422e-05,True
joint_35_25pct,left_knee_link,0.00012065570608304177,2.656320193396619e-05,True
joint_35_25pct,left_shoulder_pitch_link,0.0001332873585825489,2.9476836521720326e-05,True
joint_35_25pct,left_shoulder_roll_link,0.0001501241581992289,2.8776098462827356e-05,True
joint_35_25pct,left_shoulder_yaw_link,9.990801986476213e-05,2.7953753927588597e-05,True
joint_35_25pct,left_wrist_pitch_link,3.332000937312528e-05,4.8296730789029686e-05,True
joint_35_25pct,left_wrist_roll_link,7.77863451012265e-05,3.75660404350703e-05,True
joint_35_25pct,left_wrist_yaw_link,3.332000937312528e-05,4.865760801746865e-05,True
joint_35_25pct,logo_link,1.4845517258668345e-05,2.6342756612779254e-05,True
joint_35_25pct,mid360_link,0.00017315619886100963,2.6342756612779254e-05,True
joint_35_25pct,pelvis,0.0,0.0,True
joint_35_25pct,pelvis_contour_link,8.08070082201906e-10,0.0,True
joint_35_25pct,right_ankle_pitch_link,0.0001575670091998324,2.826493702772014e-05,True
joint_35_25pct,right_ankle_roll_link,0.00018816404051966634,3.2845327974765986e-05,True
joint_35_25pct,right_elbow_link,0.00015185128186624472,3.8028883852184735e-05,True
joint_35_25pct,right_hand_camera_base_link,0.000301357335092972,6.47068056529599e-05,True
joint_35_25pct,right_hand_index_0_link,0.00033219898953449657,7.810045803857098e-05,True
joint_35_25pct,right_hand_index_1_link,0.0003998401124775034,9.598785396802574e-05,True
joint_35_25pct,right_hand_middle_0_link,0.0003601028315304092,6.910821719990482e-05,True
joint_35_25pct,right_hand_middle_1_link,0.00042774379534743197,8.482918968221626e-05,True
joint_35_25pct,right_hand_palm_link,0.0002927613661347106,6.506629067272919e-05,True
joint_35_25pct,right_hand_thumb_0_link,0.0002827296549232345,5.9298866885454466e-05,True
joint_35_25pct,right_hand_thumb_1_link,0.0002995096332168844,4.333269244982293e-05,True
joint_35_25pct,right_hand_thumb_2_link,0.0002602375924076584,3.302239302041094e-05,True
joint_35_25pct,right_hip_pitch_link,5.960464478502858e-05,1.846994795519987e-05,True
joint_35_25pct,right_hip_roll_link,6.156774833826409e-05,2.2653174724081298e-05,True
joint_35_25pct,right_hip_yaw_link,0.0001341104507446289,2.3783381691638923e-05,True
joint_35_25pct,right_knee_link,0.00017958835949292705,1.1581149199548747e-05,True
joint_35_25pct,right_shoulder_pitch_link,0.00014939204046373515,2.146353664868225e-05,True
joint_35_25pct,right_shoulder_roll_link,0.00010070912196568826,2.5327019294612925e-05,True
joint_35_25pct,right_shoulder_yaw_link,0.00010447021729485987,3.167028430738245e-05,True
joint_35_25pct,right_wrist_pitch_link,0.00016049041769309352,5.134012905657771e-05,True
joint_35_25pct,right_wrist_roll_link,0.00020047462056687042,3.901287824170972e-05,True
joint_35_25pct,right_wrist_yaw_link,0.00023324006561187697,6.479686388116685e-05,True
joint_35_25pct,torso_link,5.9969222174072835e-05,2.6342756612779254e-05,True
joint_35_25pct,waist_roll_link,5.9843945010425574e-05,2.8623708520629015e-05,True
joint_35_25pct,waist_yaw_link,5.961294363926618e-05,2.4027320194202382e-05,True
joint_35_75pct,d435_link,0.0001293298254671689,2.1121193543184324e-05,True
joint_35_75pct,head_link,0.0001195966688539671,1.9014441926092303e-05,True
joint_35_75pct,imu_in_pelvis,6.006850114687196e-05,0.0,True
joint_35_75pct,imu_in_torso,7.233804922227334e-05,1.9090959104164248e-05,True
joint_35_75pct,left_ankle_pitch_link,0.0001841665371404331,2.7533372779140136e-05,True
joint_35_75pct,left_ankle_roll_link,0.00019967695002641374,4.847750521061102e-05,True
joint_35_75pct,left_elbow_link,0.00020748437324670605,2.146353664868225e-05,True
joint_35_75pct,left_hand_camera_base_link,0.00021335215960854818,4.140582133719097e-05,True
joint_35_75pct,left_hand_index_0_link,0.00030538293021796937,4.1826195783037686e-05,True
joint_35_75pct,left_hand_index_1_link,0.00027028258364226006,5.246367850038212e-05,True
joint_35_75pct,left_hand_middle_0_link,0.0003491453681546444,4.978313060379752e-05,True
joint_35_75pct,left_hand_middle_1_link,0.0002388837865275353,6.037091348628736e-05,True
joint_35_75pct,left_hand_palm_link,0.00027069303579009996,4.1826195783037686e-05,True
joint_35_75pct,left_hand_thumb_0_link,0.0002653076323086747,4.817583765627192e-05,True
joint_35_75pct,left_hand_thumb_1_link,0.0003129243850708008,5.356366559559623e-05,True
joint_35_75pct,left_hand_thumb_2_link,0.00032175813439025257,6.310998696625175e-05,True
joint_35_75pct,left_hip_pitch_link,6.006850115643548e-05,5.122641877509564e-06,True
joint_35_75pct,left_hip_roll_link,6.015687833757763e-05,1.1952831047522321e-05,True
joint_35_75pct,left_hip_yaw_link,3.332000937312528e-05,1.4286365630539068e-05,True
joint_35_75pct,left_knee_link,6.664001874625056e-05,2.146353664868225e-05,True
joint_35_75pct,left_shoulder_pitch_link,0.00012837122687836856,1.8390847172211968e-05,True
joint_35_75pct,left_shoulder_roll_link,0.00013084684891746958,2.119010463505988e-05,True
joint_35_75pct,left_shoulder_yaw_link,0.00014243570431857194,1.9014441926092303e-05,True
joint_35_75pct,left_wrist_pitch_link,0.00019371509552001953,3.886311616015792e-05,True
joint_35_75pct,left_wrist_roll_link,0.00015997074956881915,3.55727635440738e-05,True
joint_35_75pct,left_wrist_yaw_link,0.00019371509552001953,4.1756427267771956e-05,True
joint_35_75pct,logo_link,9.031191437435996e-06,1.9090959104164248e-05,True
joint_35_75pct,mid360_link,0.00013980614032747227,1.916717082078121e-05,True
joint_35_75pct,pelvis,0.0,0.0,True
joint_35_75pct,pelvis_contour_link,8.08070082201906e-10,0.0,True
joint_35_75pct,right_ankle_pitch_link,0.0001575670091998324,2.826493702772014e-05,True
joint_35_75pct,right_ankle_roll_link,0.00018816404051966634,3.2845327974765986e-05,True
joint_35_75pct,right_elbow_link,0.0001341104507446289,3.148561635232658e-05,True
joint_35_75pct,right_hand_camera_base_link,0.00023324006561187697,5.9885998697910103e-05,True
joint_35_75pct,right_hand_index_0_link,0.00027957056521316943,7.256573755967706e-05,True
joint_35_75pct,right_hand_index_1_link,0.0003384893146634265,9.067703166900115e-05,True
joint_35_75pct,right_hand_middle_0_link,0.00027028258364226006,6.384491697133601e-05,True
joint_35_75pct,right_hand_middle_1_link,0.0003384893146634265,8.001822412721146e-05,True
joint_35_75pct,right_hand_palm_link,0.00021542358837725164,5.959315587357721e-05,True
joint_35_75pct,right_hand_thumb_0_link,0.00021542358837725164,6.338658429000641e-05,True
joint_35_75pct,right_hand_thumb_1_link,0.00023276357876976294,5.474813104852807e-05,True
joint_35_75pct,right_hand_thumb_2_link,0.00024027400458748784,5.388928358319936e-05,True
joint_35_75pct,right_hip_pitch_link,5.960464478502858e-05,1.846994795519987e-05,True
joint_35_75pct,right_hip_roll_link,6.156774833826409e-05,2.2653174724081298e-05,True
joint_35_75pct,right_hip_yaw_link,0.0001341104507446289,2.3783381691638923e-05,True
joint_35_75pct,right_knee_link,0.00017958835949292705,1.1581149199548747e-05,True
joint_35_75pct,right_shoulder_pitch_link,6.584432103872051e-05,1.7245382313122758e-05,True
joint_35_75pct,right_shoulder_roll_link,0.00013276697958608492,1.916717082078121e-05,True
joint_35_75pct,right_shoulder_yaw_link,0.0001337166170678568,2.3783381691638923e-05,True
joint_35_75pct,right_wrist_pitch_link,0.00016118070224511576,4.632459679819529e-05,True
joint_35_75pct,right_wrist_roll_link,0.0001519626234052415,3.3286224588127975e-05,True
joint_35_75pct,right_wrist_yaw_link,0.00017504900879369273,5.978854379412121e-05,True
joint_35_75pct,torso_link,6.008609506973153e-05,1.9014441926092303e-05,True
joint_35_75pct,waist_roll_link,5.9939308954238545e-05,2.3844600278602295e-05,True
joint_35_75pct,waist_yaw_link,5.9670308071557674e-05,2.0843270992435696e-05,True
joint_36_25pct,d435_link,0.00017133298182334754,2.4087918828135828e-05,True
joint_36_25pct,head_link,6.156869975915739e-05,2.1867274910380033e-05,True
joint_36_25pct,imu_in_pelvis,6.006850114687196e-05,0.0,True
joint_36_25pct,imu_in_torso,0.000128724817508243,2.1800504449438802e-05,True
joint_36_25pct,left_ankle_pitch_link,0.00020051788131284062,2.486226386113331e-05,True
joint_36_25pct,left_ankle_roll_link,0.0002222253538957869,3.0924996750400395e-05,True
joint_36_25pct,left_elbow_link,6.68025159851808e-05,1.0526028440638417e-05,True
joint_36_25pct,left_hand_camera_base_link,0.00015269146510898468,3.6622809392810054e-05,True
joint_36_25pct,left_hand_index_0_link,0.00022500259981366247,5.212915641671018e-05,True
joint_36_25pct,left_hand_index_1_link,0.0002421152116249788,6.936089891014131e-05,True
joint_36_25pct,left_hand_middle_0_link,0.00021073424255447018,3.678169434442405e-05,True
joint_36_25pct,left_hand_middle_1_link,0.0002528810910653642,4.090992534852012e-05,True
joint_36_25pct,left_hand_palm_link,0.00019428737179048804,3.670233784562458e-05,True
joint_36_25pct,left_hand_thumb_0_link,0.00018189185285171421,3.693989591039986e-05,True
joint_36_25pct,left_hand_thumb_1_link,0.00017881393432617188,3.0449930155107498e-05,True
joint_36_25pct,left_hand_thumb_2_link,0.0002211454820581649,3.6061199636676066e-05,True
joint_36_25pct,left_hip_pitch_link,7.029017216437026e-05,6.830189170012753e-06,True
joint_36_25pct,left_hip_roll_link,5.960646373703944e-05,1.322660445345283e-05,True
joint_36_25pct,left_hip_yaw_link,6.664001874625056e-05,1.8070981951380422e-05,True
joint_36_25pct,left_knee_link,0.00012065570608304177,2.656320193396619e-05,True
joint_36_25pct,left_shoulder_pitch_link,0.00012527229277881928,1.7413633929712578e-05,True
joint_36_25pct,left_shoulder_roll_link,0.0002428789692776471,1.366037834002551e-05,True
joint_36_25pct,left_shoulder_yaw_link,6.665018643046869e-05,4.829673078902933e-06,True
joint_36_25pct,left_wrist_pitch_link,9.541398640621973e-05,2.146353664868225e-05,True
joint_36_25pct,left_wrist_roll_link,8.688795409866125e-05,1.1326587362040635e-05,True
joint_36_25pct,left_wrist_yaw_link,0.0001228781230931777,3.693989591039986e-05,True
joint_36_25pct,logo_link,1.6389625456534453e-05,2.1800504449438802e-05,True
joint_36_25pct,mid360_link,0.00017977646698061068,2.1867274910380033e-05,True
joint_36_25pct,pelvis,0.0,0.0,True
joint_36_25pct,pelvis_contour_link,8.08070082201906e-10,0.0,True
joint_36_25pct,right_ankle_pitch_link,0.0001575670091998324,2.826493702772014e-05,True
joint_36_25pct,right_ankle_roll_link,0.00018816404051966634,3.2845327974765986e-05,True
joint_36_25pct,right_elbow_link,0.00012895370968186092,3.7643576204733875e-05,True
joint_36_25pct,right_hand_camera_base_link,0.00023276357876976294,6.094771875399469e-05,True
joint_36_25pct,right_hand_index_0_link,0.00027957056521316943,7.520965660672863e-05,True
joint_36_25pct,right_hand_index_1_link,0.000347551816394645,9.274355708402941e-05,True
joint_36_25pct,right_hand_middle_0_link,0.0003384893146634265,6.626515630962763e-05,True
joint_36_25pct,right_hand_middle_1_link,0.00034402002038404927,8.181985069704153e-05,True
joint_36_25pct,right_hand_palm_link,0.00024073562653964027,6.17556380019236e-05,True
joint_36_25pct,right_hand_thumb_0_link,0.00026151431761360536,5.538352714890994e-05,True
joint_36_25pct,right_hand_thumb_1_link,0.0002313282295504216,3.733246693472756e-05,True
joint_36_25pct,right_hand_thumb_2_link,0.00023000462413479584,2.450791418631552e-05,True
joint_36_25pct,right_hip_pitch_link,5.960464478502858e-05,1.846994795519987e-05,True
joint_36_25pct,right_hip_roll_link,6.156774833826409e-05,2.2653174724081298e-05,True
joint_36_25pct,right_hip_yaw_link,0.0001341104507446289,2.3783381691638923e-05,True
joint_36_25pct,right_knee_link,0.00017958835949292705,1.1581149199548747e-05,True
joint_36_25pct,right_shoulder_pitch_link,0.00014141508093201696,1.6730478313214994e-05,True
joint_36_25pct,right_shoulder_roll_link,0.00014350618160961738,1.6730478313214994e-05,True
joint_36_25pct,right_shoulder_yaw_link,0.00013040267353940372,2.967400819492987e-05,True
joint_36_25pct,right_wrist_pitch_link,0.00013493575361575808,4.9665855692721344e-05,True
joint_36_25pct,right_wrist_roll_link,0.0001221986075256521,3.670233784562458e-05,True
joint_36_25pct,right_wrist_yaw_link,0.000155572690202453,6.132924184607371e-05,True
joint_36_25pct,torso_link,6.007201361934556e-05,2.1867274910380033e-05,True
joint_36_25pct,waist_roll_link,5.9923313826858565e-05,2.2132342465963154e-05,True
joint_36_25pct,waist_yaw_link,5.964210948186534e-05,1.5556496191597987e-05,True
joint_36_75pct,d435_link,0.0001319852004800504,1.637821826586816e-05,True
joint_36_75pct,head_link,0.00011956442442977928,1.5649929441225527e-05,True
joint_36_75pct,imu_in_pelvis,6.006850114687196e-05,0.0,True
joint_36_75pct,imu_in_torso,6.940735770000337e-05,1.5742808176163252e-05,True
joint_36_75pct,left_ankle_pitch_link,0.0001841665371404331,2.7533372779140136e-05,True
joint_36_75pct,left_ankle_roll_link,0.00019967695002641374,4.847750521061102e-05,True
joint_36_75pct,left_elbow_link,0.0001021741937987691,1.4080795695456205e-05,True
joint_36_75pct,left_hand_camera_base_link,0.00014136482746161726,3.923644957484402e-05,True
joint_36_75pct,left_hand_index_0_link,9.996002811937584e-05,4.651303661396636e-05,True
joint_36_75pct,left_hand_index_1_link,0.00010745380149674383,5.875550887588224e-05,True
joint_36_75pct,left_hand_middle_0_link,0.0001228781230931777,4.11940254657222e-05,True
joint_36_75pct,left_hand_middle_1_link,0.00013328003749250113,6.03950570239397e-05,True
joint_36_75pct,left_hand_palm_link,9.657056180250437e-05,3.908754410569609e-05,True
joint_36_75pct,left_hand_thumb_0_link,9.996002811937584e-05,4.0552001361956704e-05,True
joint_36_75pct,left_hand_thumb_1_link,9.424321830774485e-05,4.498342053198815e-05,True
joint_36_75pct,left_hand_thumb_2_link,9.996002811937584e-05,5.688977684355846e-05,True
joint_36_75pct,left_hip_pitch_link,6.006850115643548e-05,5.122641877509564e-06,True
joint_36_75pct,left_hip_roll_link,6.015687833757763e-05,1.1952831047522321e-05,True
joint_36_75pct,left_hip_yaw_link,3.332000937312528e-05,1.4286365630539068e-05,True
joint_36_75pct,left_knee_link,6.664001874625056e-05,2.146353664868225e-05,True
joint_36_75pct,left_shoulder_pitch_link,0.00012494412713434834,2.252409575471313e-05,True
joint_36_75pct,left_shoulder_roll_link,0.00024093645006396906,2.4388653555527325e-05,True
joint_36_75pct,left_shoulder_yaw_link,0.00013564438343719443,1.5835142153691186e-05,True
joint_36_75pct,left_wrist_pitch_link,9.541398640621973e-05,3.440612458546887e-05,True
joint_36_75pct,left_wrist_roll_link,8.33000234328132e-05,2.996733336300671e-05,True
joint_36_75pct,left_wrist_yaw_link,9.996002811937584e-05,3.923644957484402e-05,True
joint_36_75pct,logo_link,9.814605975718866e-06,1.5742808176163252e-05,True
joint_36_75pct,mid360_link,0.00014035794479870566,1.5649929441225527e-05,True
joint_36_75pct,pelvis,0.0,0.0,True
joint_36_75pct,pelvis_contour_link,8.08070082201906e-10,0.0,True
joint_36_75pct,right_ankle_pitch_link,0.0001575670091998324,2.826493702772014e-05,True
joint_36_75pct,right_ankle_roll_link,0.00018816404051966634,3.2845327974765986e-05,True
joint_36_75pct,right_elbow_link,0.00012712808998776754,4.189584811402282e-05,True
joint_36_75pct,right_hand_camera_base_link,0.00022500259981366247,7.08580692374875e-05,True
joint_36_75pct,right_hand_index_0_link,0.00031574994475270943,8.486355435434988e-05,True
joint_36_75pct,right_hand_index_1_link,0.0003919883500923486,0.00010290717608739884,True
joint_36_75pct,right_hand_middle_0_link,0.00031574994475270943,7.528715240946878e-05,True
joint_36_75pct,right_hand_middle_1_link,0.00037814907850174665,9.154109913657548e-05,True
joint_36_75pct,right_hand_palm_link,0.00023513635751693695,7.094031891025803e-05,True
joint_36_75pct,right_hand_thumb_0_link,0.00023513635751693695,7.200101506512351e-05,True
joint_36_75pct,right_hand_thumb_1_link,0.0002893282151065409,5.9298866885454466e-05,True
joint_36_75pct,right_hand_thumb_2_link,0.0002707955516187287,5.383515068798647e-05,True
joint_36_75pct,right_hip_pitch_link,5.960464478502858e-05,1.846994795519987e-05,True
joint_36_75pct,right_hip_roll_link,6.156774833826409e-05,2.2653174724081298e-05,True
joint_36_75pct,right_hip_yaw_link,0.0001341104507446289,2.3783381691638923e-05,True
joint_36_75pct,right_knee_link,0.00017958835949292705,1.1581149199548747e-05,True
joint_36_75pct,right_shoulder_pitch_link,6.852321353458596e-05,1.3004292747236516e-05,True
joint_36_75pct,right_shoulder_roll_link,0.0001291272689553655,1.4286365630539068e-05,True
joint_36_75pct,right_shoulder_yaw_link,7.38807256818018e-05,3.363478094741179e-05,True
joint_36_75pct,right_wrist_pitch_link,0.0001666000468656264,5.65298740554407e-05,True
joint_36_75pct,right_wrist_roll_link,0.00014136482746161726,4.306270419866663e-05,True
joint_36_75pct,right_wrist_yaw_link,0.0001497548166084422,7.08169085780529e-05,True
joint_36_75pct,torso_link,6.004493355740516e-05,1.5835142153691186e-05,True
joint_36_75pct,waist_roll_link,5.9897251403985025e-05,1.976628896181796e-05,True
joint_36_75pct,waist_yaw_link,5.968202337392764e-05,1.637821826586816e-05,True
joint_37_25pct,d435_link,0.0001827007091522792,2.0347774359156983e-05,True
joint_37_25pct,head_link,6.094428801826803e-05,1.961822478742194e-05,True
joint_37_25pct,imu_in_pelvis,6.006850114687196e-05,0.0,True
joint_37_25pct,imu_in_torso,5.568158351329614e-05,1.976628896181796e-05,True
joint_37_25pct,left_ankle_pitch_link,0.00020051788131284062,2.486226386113331e-05,True
joint_37_25pct,left_ankle_roll_link,0.0002222253538957869,3.0924996750400395e-05,True
joint_37_25pct,left_elbow_link,4.9570513450247286e-05,6.830189170012753e-06,True
joint_37_25pct,left_hand_camera_base_link,5.9604644775390625e-05,2.8674595153725626e-05,True
joint_37_25pct,left_hand_index_0_link,0.00011151007970493857,3.025781511322959e-05,True
joint_37_25pct,left_hand_index_1_link,0.000137381918091966,4.871749432692428e-05,True
joint_37_25pct,left_hand_middle_0_link,0.00013657139822709083,4.472339858182306e-05,True
joint_37_25pct,left_hand_middle_1_link,0.000137381918091966,6.264627762092305e-05,True
joint_37_25pct,left_hand_palm_link,5.9604644775390625e-05,2.857273126107819e-05,True
joint_37_25pct,left_hand_thumb_0_link,8.024520884654676e-05,3.0640840678340816e-05,True
joint_37_25pct,left_hand_thumb_1_link,0.00010745380149674383,3.474344759864636e-05,True
joint_37_25pct,left_hand_thumb_2_link,0.00011756817875846847,1.7745352001653195e-05,True
joint_37_25pct,left_hip_pitch_link,7.029017216437026e-05,6.830189170012753e-06,True
joint_37_25pct,left_hip_roll_link,5.960646373703944e-05,1.322660445345283e-05,True
joint_37_25pct,left_hip_yaw_link,6.664001874625056e-05,1.8070981951380422e-05,True
joint_37_25pct,left_knee_link,0.00012065570608304177,2.656320193396619e-05,True
joint_37_25pct,left_shoulder_pitch_link,0.00013467794006110295,1.690385577616028e-05,True
joint_37_25pct,left_shoulder_roll_link,6.0418328041316404e-05,1.448901923670881e-05,True
joint_37_25pct,left_shoulder_yaw_link,6.138300742005274e-05,8.365239156607494e-06,True
joint_37_25pct,left_wrist_pitch_link,4.470348358154297e-05,2.0059138823654082e-05,True
joint_37_25pct,left_wrist_roll_link,7.450580596923828e-05,8.00910673140078e-06,True
joint_37_25pct,left_wrist_yaw_link,6.143906154658885e-05,2.8674595153725626e-05,True
joint_37_25pct,logo_link,1.1878202763575692e-05,1.976628896181796e-05,True
joint_37_25pct,mid360_link,0.00018702053320652148,1.976628896181796e-05,True
joint_37_25pct,pelvis,0.0,0.0,True
joint_37_25pct,pelvis_contour_link,8.08070082201906e-10,0.0,True
joint_37_25pct,right_ankle_pitch_link,0.0001575670091998324,2.826493702772014e-05,True
joint_37_25pct,right_ankle_roll_link,0.00018816404051966634,3.2845327974765986e-05,True
joint_37_25pct,right_elbow_link,6.006850114687196e-05,4.126474487480614e-05,True
joint_37_25pct,right_hand_camera_base_link,0.00022001300841917695,5.959315587357721e-05,True
joint_37_25pct,right_hand_index_0_link,0.00027028258364226006,7.143182815269646e-05,True
joint_37_25pct,right_hand_index_1_link,0.00029988008435812756,8.676625638081225e-05,True
joint_37_25pct,right_hand_middle_0_link,0.00031007307837433833,6.352443131969697e-05,True
joint_37_25pct,right_hand_middle_1_link,0.00032782554626464844,7.757603656196159e-05,True
joint_37_25pct,right_hand_palm_link,0.0002112604212575827,5.993466672601393e-05,True
joint_37_25pct,right_hand_thumb_0_link,0.0002086162567138672,5.88051125224342e-05,True
joint_37_25pct,right_hand_thumb_1_link,0.0002086162567138672,5.1226418775096056e-05,True
joint_37_25pct,right_hand_thumb_2_link,0.0002044502308072484,5.334548275147371e-05,True
joint_37_25pct,right_hip_pitch_link,5.960464478502858e-05,1.846994795519987e-05,True
joint_37_25pct,right_hip_roll_link,6.156774833826409e-05,2.2653174724081298e-05,True
joint_37_25pct,right_hip_yaw_link,0.0001341104507446289,2.3783381691638923e-05,True
joint_37_25pct,right_knee_link,0.00017958835949292705,1.1581149199548747e-05,True
joint_37_25pct,right_shoulder_pitch_link,0.0001420730789750276,1.366037834002551e-05,True
joint_37_25pct,right_shoulder_roll_link,6.435600931013592e-05,2.986987836227836e-05,True
joint_37_25pct,right_shoulder_yaw_link,4.338466528098909e-05,3.717593598563439e-05,True
joint_37_25pct,right_wrist_pitch_link,0.0001497548166084422,5.345468549166031e-05,True
joint_37_25pct,right_wrist_roll_link,0.00013514129182113003,4.9430471165477876e-05,True
joint_37_25pct,right_wrist_yaw_link,0.00017943374184954607,5.983729108619324e-05,True
joint_37_25pct,torso_link,5.967730545167487e-05,1.976628896181796e-05,True
joint_37_25pct,waist_roll_link,5.966961292125368e-05,2.1121193543184324e-05,True
joint_37_25pct,waist_yaw_link,5.960903731716544e-05,9.659346157805868e-06,True
joint_37_75pct,d435_link,0.00013964870682155016,1.85487114168054e-05,True
joint_37_75pct,head_link,6.0555488736488026e-05,1.601821346280157e-05,True
joint_37_75pct,imu_in_pelvis,6.006850114687196e-05,0.0,True
joint_37_75pct,imu_in_torso,6.329054705455583e-05,1.601821346280157e-05,True
joint_37_75pct,left_ankle_pitch_link,0.0001841665371404331,2.7533372779140136e-05,True
joint_37_75pct,left_ankle_roll_link,0.00019967695002641374,4.847750521061102e-05,True
joint_37_75pct,left_elbow_link,4.416669048882788e-05,1.976628896181796e-05,True
joint_37_75pct,left_hand_camera_base_link,0.0001273155770498146,5.4588126426632306e-05,True
joint_37_75pct,left_hand_index_0_link,0.00012377834115800374,5.73491903074517e-05,True
joint_37_75pct,left_hand_index_1_link,0.00013657139822709083,6.990524271671157e-05,True
joint_37_75pct,left_hand_middle_0_link,0.00014057727354849282,6.227282405399326e-05,True
joint_37_75pct,left_hand_middle_1_link,0.00012377834115800374,7.621095570993103e-05,True
joint_37_75pct,left_hand_palm_link,0.0001210576058124894,5.4588126426632306e-05,True
joint_37_75pct,left_hand_thumb_0_link,2.9802322387695312e-05,5.688977684355846e-05,True
joint_37_75pct,left_hand_thumb_1_link,8.940696716308594e-05,6.273929367455696e-05,True
joint_37_75pct,left_hand_thumb_2_link,7.450580596923828e-05,5.285127822841514e-05,True
joint_37_75pct,left_hip_pitch_link,6.006850115643548e-05,5.122641877509564e-06,True
joint_37_75pct,left_hip_roll_link,6.015687833757763e-05,1.1952831047522321e-05,True
joint_37_75pct,left_hip_yaw_link,3.332000937312528e-05,1.4286365630539068e-05,True
joint_37_75pct,left_knee_link,6.664001874625056e-05,2.146353664868225e-05,True
joint_37_75pct,left_shoulder_pitch_link,1.843614525446073e-05,2.252409575471313e-05,True
joint_37_75pct,left_shoulder_roll_link,0.0001202602145984264,2.774435956405617e-05,True
joint_37_75pct,left_shoulder_yaw_link,6.664001874625056e-05,2.159895462705536e-05,True
joint_37_75pct,left_wrist_pitch_link,5.9604644775390625e-05,4.581830184999444e-05,True
joint_37_75pct,left_wrist_roll_link,6.188917057900187e-05,3.5408454289026025e-05,True
joint_37_75pct,left_wrist_yaw_link,6.143906154658885e-05,5.442765143043729e-05,True
joint_37_75pct,logo_link,9.312124361625856e-06,1.601821346280157e-05,True
joint_37_75pct,mid360_link,0.0001344696451830548,1.601821346280157e-05,True
joint_37_75pct,pelvis,0.0,0.0,True
joint_37_75pct,pelvis_contour_link,8.08070082201906e-10,0.0,True
joint_37_75pct,right_ankle_pitch_link,0.0001575670091998324,2.826493702772014e-05,True
joint_37_75pct,right_ankle_roll_link,0.00018816404051966634,3.2845327974765986e-05,True
joint_37_75pct,right_elbow_link,8.609068504263924e-05,2.3162298399097525e-05,True
joint_37_75pct,right_hand_camera_base_link,0.00017694148550984138,5.274082611557016e-05,True
joint_37_75pct,right_hand_index_0_link,0.00025331974029541016,6.705249271995969e-05,True
joint_37_75pct,right_hand_index_1_link,0.00025981062314156734,8.476041854024133e-05,True
joint_37_75pct,right_hand_middle_0_link,0.00022302015940987713,5.8006364224797126e-05,True
joint_37_75pct,right_hand_middle_1_link,0.00024978897890806515,7.316596066658308e-05,True
joint_37_75pct,right_hand_palm_link,0.00017694148550984138,5.340011203639979e-05,True
joint_37_75pct,right_hand_thumb_0_link,0.00016049041769309352,5.1226418775096056e-05,True
joint_37_75pct,right_hand_thumb_1_link,0.00023276357876976294,3.8410326536028136e-05,True
joint_37_75pct,right_hand_thumb_2_link,0.00019443017766922546,3.5243379011007245e-05,True
joint_37_75pct,right_hip_pitch_link,5.960464478502858e-05,1.846994795519987e-05,True
joint_37_75pct,right_hip_roll_link,6.156774833826409e-05,2.2653174724081298e-05,True
joint_37_75pct,right_hip_yaw_link,0.0001341104507446289,2.3783381691638923e-05,True
joint_37_75pct,right_knee_link,0.00017958835949292705,1.1581149199548747e-05,True
joint_37_75pct,right_shoulder_pitch_link,7.343917813437394e-05,1.5835142153691186e-05,True
joint_37_75pct,right_shoulder_roll_link,0.00013936558637440142,1.601821346280157e-05,True
joint_37_75pct,right_shoulder_yaw_link,9.44547319591553e-05,2.049056751003828e-05,True
joint_37_75pct,right_wrist_pitch_link,0.00013328003749250113,3.75660404350703e-05,True
joint_37_75pct,right_wrist_roll_link,0.00013328003749250113,2.656320193396619e-05,True
joint_37_75pct,right_wrist_yaw_link,0.00016323404237781946,5.312640386793274e-05,True
joint_37_75pct,torso_link,5.979153734017e-05,1.601821346280157e-05,True
joint_37_75pct,waist_roll_link,5.972622273222246e-05,1.9318692315611754e-05,True
joint_37_75pct,waist_yaw_link,5.9621825150301315e-05,1.9014441926092303e-05,True
joint_38_25pct,d435_link,0.00014088543577008459,1.7160637906838783e-05,True
joint_38_25pct,head_link,0.00011939781187253732,1.6555285230907e-05,True
joint_38_25pct,imu_in_pelvis,6.006850114687196e-05,0.0,True
joint_38_25pct,imu_in_torso,7.177568705969138e-05,1.6466989746779842e-05,True
joint_38_25pct,left_ankle_pitch_link,0.00020051788131284062,2.486226386113331e-05,True
joint_38_25pct,left_ankle_roll_link,0.0002222253538957869,3.0924996750400395e-05,True
joint_38_25pct,left_elbow_link,7.925002425724568e-05,1.2547858734911242e-05,True
joint_38_25pct,left_hand_camera_base_link,0.00013075715880680268,2.805786510332611e-05,True
joint_38_25pct,left_hand_index_0_link,0.00020485709734063625,2.6781832797797937e-05,True
joint_38_25pct,left_hand_index_1_link,0.0002388837865275353,4.279101250090702e-05,True
joint_38_25pct,left_hand_middle_0_link,0.00019082797281243946,4.2311354294880355e-05,True
joint_38_25pct,left_hand_middle_1_link,0.0001999200562387517,6.02258490071496e-05,True
joint_38_25pct,left_hand_palm_link,0.00013075715880680268,2.836790617393633e-05,True
joint_38_25pct,left_hand_thumb_0_link,0.00019082797281243946,3.4910886870207484e-05,True
joint_38_25pct,left_hand_thumb_1_link,0.00017881393432617188,3.5980254080869636e-05,True
joint_38_25pct,left_hand_thumb_2_link,0.0001666000468656264,4.5177454878451296e-05,True
joint_38_25pct,left_hip_pitch_link,7.029017216437026e-05,6.830189170012753e-06,True
joint_38_25pct,left_hip_roll_link,5.960646373703944e-05,1.322660445345283e-05,True
joint_38_25pct,left_hip_yaw_link,6.664001874625056e-05,1.8070981951380422e-05,True
joint_38_25pct,left_knee_link,0.00012065570608304177,2.656320193396619e-05,True
joint_38_25pct,left_shoulder_pitch_link,0.0001302528560387719,1.4688877218970407e-05,True
joint_38_25pct,left_shoulder_roll_link,0.00014065095354583187,1.2778113880520799e-05,True
joint_38_25pct,left_shoulder_yaw_link,9.567788540448631e-05,1.5649929441225527e-05,True
joint_38_25pct,left_wrist_pitch_link,8.688795409866125e-05,2.049056751003828e-05,True
joint_38_25pct,left_wrist_roll_link,6.8690959045983e-05,1.4286365630539068e-05,True
joint_38_25pct,left_wrist_yaw_link,0.00014600096599955427,2.805786510332611e-05,True
joint_38_25pct,logo_link,7.365027481360114e-06,1.6466989746779842e-05,True
joint_38_25pct,mid360_link,0.00014829347836871275,1.6730478313214994e-05,True
joint_38_25pct,pelvis,0.0,0.0,True
joint_38_25pct,pelvis_contour_link,8.08070082201906e-10,0.0,True
joint_38_25pct,right_ankle_pitch_link,0.0001575670091998324,2.826493702772014e-05,True
joint_38_25pct,right_ankle_roll_link,0.00018816404051966634,3.2845327974765986e-05,True
joint_38_25pct,right_elbow_link,8.641248290809705e-05,3.449076462624561e-05,True
joint_38_25pct,right_hand_camera_base_link,0.00017694148550984138,6.80452775491618e-05,True
joint_38_25pct,right_hand_index_0_link,0.00028115454709698565,8.309283751640633e-05,True
joint_38_25pct,right_hand_index_1_link,0.00031680303253932746,9.877242333783353e-05,True
joint_38_25pct,right_hand_middle_0_link,0.00030683368864616755,7.248533228561063e-05,True
joint_38_25pct,right_hand_middle_1_link,0.0003465921684984269,8.773536844509567e-05,True
joint_38_25pct,right_hand_palm_link,0.00018431718463976653,6.838721577049782e-05,True
joint_38_25pct,right_hand_thumb_0_link,0.00020267770452403193,6.329451948573073e-05,True
joint_38_25pct,right_hand_thumb_1_link,0.00020485709734063625,4.805464038840503e-05,True
joint_38_25pct,right_hand_thumb_2_link,0.00021073424255447018,4.210411376255389e-05,True
joint_38_25pct,right_hip_pitch_link,5.960464478502858e-05,1.846994795519987e-05,True
joint_38_25pct,right_hip_roll_link,6.156774833826409e-05,2.2653174724081298e-05,True
joint_38_25pct,right_hip_yaw_link,0.0001341104507446289,2.3783381691638923e-05,True
joint_38_25pct,right_knee_link,0.00017958835949292705,1.1581149199548747e-05,True
joint_38_25pct,right_shoulder_pitch_link,4.480408035338781e-05,1.2313298636799906e-05,True
joint_38_25pct,right_shoulder_roll_link,4.389414286133448e-05,2.146353664868225e-05,True
joint_38_25pct,right_shoulder_yaw_link,7.035040603641878e-05,3.248830293691662e-05,True
joint_38_25pct,right_wrist_pitch_link,0.00012013700229374392,5.432040472243043e-05,True
joint_38_25pct,right_wrist_roll_link,0.00010873764395211953,3.78752311678545e-05,True
joint_38_25pct,right_wrist_yaw_link,0.00015269146510898468,6.830189170012851e-05,True
joint_38_25pct,torso_link,5.987436605864715e-05,1.6555285230907e-05,True
joint_38_25pct,waist_roll_link,5.978946980313834e-05,2.0347774359156983e-05,True
joint_38_25pct,waist_yaw_link,5.966859035009625e-05,1.9090959104164248e-05,True
joint_38_75pct,d435_link,9.83504860285229e-05,2.119010463505988e-05,True
joint_38_75pct,head_link,9.414729366450052e-06,1.707547292503189e-05,True
joint_38_75pct,imu_in_pelvis,6.006850114687196e-05,0.0,True
joint_38_75pct,imu_in_torso,3.5738555780788744e-05,1.7413633929712578e-05,True
joint_38_75pct,left_ankle_pitch_link,0.0001841665371404331,2.7533372779140136e-05,True
joint_38_75pct,left_ankle_roll_link,0.00019967695002641374,4.847750521061102e-05,True
joint_38_75pct,left_elbow_link,0.00013034524051041085,1.2778113880520799e-05,True
joint_38_75pct,left_hand_camera_base_link,0.00016458870496134848,3.8410326536028136e-05,True
joint_38_75pct,left_hand_index_0_link,0.00024073562653964027,3.7643576204733875e-05,True
joint_38_75pct,left_hand_index_1_link,0.00030538293021796937,5.246367850038212e-05,True
joint_38_75pct,left_hand_middle_0_link,0.00028778922432404707,5.361807258331028e-05,True
joint_38_75pct,left_hand_middle_1_link,0.0003674277068954096,7.011348042169715e-05,True
joint_38_75pct,left_hand_palm_link,0.00016924465733171324,3.848616141051972e-05,True
joint_38_75pct,left_hand_thumb_0_link,0.00028624195921865916,3.2845327974765986e-05,True
joint_38_75pct,left_hand_thumb_1_link,0.00020914776396182476,2.1052056881276854e-05,True
joint_38_75pct,left_hand_thumb_2_link,0.00021912814929861936,1.7245382313122758e-05,True
joint_38_75pct,left_hip_pitch_link,6.006850115643548e-05,5.122641877509564e-06,True
joint_38_75pct,left_hip_roll_link,6.015687833757763e-05,1.1952831047522321e-05,True
joint_38_75pct,left_hip_yaw_link,3.332000937312528e-05,1.4286365630539068e-05,True
joint_38_75pct,left_knee_link,6.664001874625056e-05,2.146353664868225e-05,True
joint_38_75pct,left_shoulder_pitch_link,2.4253293425408963e-05,1.5080649355333733e-05,True
joint_38_75pct,left_shoulder_roll_link,0.00011938172734084515,1.7245382313122758e-05,True
joint_38_75pct,left_shoulder_yaw_link,0.00012294185559155412,1.3445240826417657e-05,True
joint_38_75pct,left_wrist_pitch_link,0.00019880628681371115,2.847050291451707e-05,True
joint_38_75pct,left_wrist_roll_link,0.00019556887072930766,1.546249837520016e-05,True
joint_38_75pct,left_wrist_yaw_link,0.00015269146510898468,3.8410326536028136e-05,True
joint_38_75pct,logo_link,8.040456562750437e-06,1.7413633929712578e-05,True
joint_38_75pct,mid360_link,0.00014758723284557726,1.7413633929712578e-05,True
joint_38_75pct,pelvis,0.0,0.0,True
joint_38_75pct,pelvis_contour_link,8.08070082201906e-10,0.0,True
joint_38_75pct,right_ankle_pitch_link,0.0001575670091998324,2.826493702772014e-05,True
joint_38_75pct,right_ankle_roll_link,0.00018816404051966634,3.2845327974765986e-05,True
joint_38_75pct,right_elbow_link,0.0001066923401625431,2.4979263396122898e-05,True
joint_38_75pct,right_hand_camera_base_link,0.00018966081829902313,5.517254151663637e-05,True
joint_38_75pct,right_hand_index_0_link,0.00024027400458748784,6.128168135668217e-05,True
joint_38_75pct,right_hand_index_1_link,0.0002719206749036112,9.939040073259534e-05,True
joint_38_75pct,right_hand_middle_0_link,0.00024027400458748784,6.301751807121513e-05,True
joint_38_75pct,right_hand_middle_1_link,0.00027028258364226006,7.913887628832089e-05,True
joint_38_75pct,right_hand_palm_link,0.0001800514157652046,5.585533098160351e-05,True
joint_38_75pct,right_hand_thumb_0_link,0.0002086162567138672,4.81152771827327e-05,True
joint_38_75pct,right_hand_thumb_1_link,0.00014901161193847656,2.9476836521720326e-05,True
joint_38_75pct,right_hand_thumb_2_link,0.00013514129182113003,1.9913252241518875e-05,True
joint_38_75pct,right_hip_pitch_link,5.960464478502858e-05,1.846994795519987e-05,True
joint_38_75pct,right_hip_roll_link,6.156774833826409e-05,2.2653174724081298e-05,True
joint_38_75pct,right_hip_yaw_link,0.0001341104507446289,2.3783381691638923e-05,True
joint_38_75pct,right_knee_link,0.00017958835949292705,1.1581149199548747e-05,True
joint_38_75pct,right_shoulder_pitch_link,0.00014702824516657669,1.366037834002551e-05,True
joint_38_75pct,right_shoulder_roll_link,0.00014496683355375256,1.546249837520016e-05,True
joint_38_75pct,right_shoulder_yaw_link,0.00010778430623770713,1.8231616061100753e-05,True
joint_38_75pct,right_wrist_pitch_link,0.00012013700229374392,4.2994942230332055e-05,True
joint_38_75pct,right_wrist_roll_link,0.0001341104507446289,2.8776098462827356e-05,True
joint_38_75pct,right_wrist_yaw_link,0.000155572690202453,5.538352714890994e-05,True
joint_38_75pct,torso_link,5.980211924879775e-05,1.7245382313122758e-05,True
joint_38_75pct,waist_roll_link,4.4796203744094785e-06,1.976628896181796e-05,True
joint_38_75pct,waist_yaw_link,1.4312076902397623e-06,2.020397203172922e-05,True
joint_39_25pct,d435_link,0.0002475917167315345,2.328784023135477e-05,True
joint_39_25pct,head_link,0.0001192909186297761,2.2394272795855996e-05,True
joint_39_25pct,imu_in_pelvis,6.006850114687196e-05,0.0,True
joint_39_25pct,imu_in_torso,7.657827832054986e-05,2.252409575471313e-05,True
joint_39_25pct,left_ankle_pitch_link,0.00020051788131284062,2.486226386113331e-05,True
joint_39_25pct,left_ankle_roll_link,0.0002222253538957869,3.0924996750400395e-05,True
joint_39_25pct,left_elbow_link,0.0001477137498029086,2.2394272795855996e-05,True
joint_39_25pct,left_hand_camera_base_link,0.00020267770452403193,4.8357064017786255e-05,True
joint_39_25pct,left_hand_index_0_link,0.0002563692708922215,4.607214479993616e-05,True
joint_39_25pct,left_hand_index_1_link,0.0002751676039788036,6.17556380019236e-05,True
joint_39_25pct,left_hand_middle_0_link,0.00028115454709698565,6.217911019494457e-05,True
joint_39_25pct,left_hand_middle_1_link,0.00032544627290728023,7.87325596531904e-05,True
joint_39_25pct,left_hand_palm_link,0.0002086162567138672,4.8357064017786255e-05,True
joint_39_25pct,left_hand_thumb_0_link,0.00023513635751693695,5.053878465470131e-05,True
joint_39_25pct,left_hand_thumb_1_link,0.0002682209014892578,4.8417322064861746e-05,True
joint_39_25pct,left_hand_thumb_2_link,0.0002563692708922215,5.024949329906643e-05,True
joint_39_25pct,left_hip_pitch_link,7.029017216437026e-05,6.830189170012753e-06,True
joint_39_25pct,left_hip_roll_link,5.960646373703944e-05,1.322660445345283e-05,True
joint_39_25pct,left_hip_yaw_link,6.664001874625056e-05,1.8070981951380422e-05,True
joint_39_25pct,left_knee_link,0.00012065570608304177,2.656320193396619e-05,True
joint_39_25pct,left_shoulder_pitch_link,0.0001309267473682628,2.146353664868225e-05,True
joint_39_25pct,left_shoulder_roll_link,0.00014385087471366085,2.857273126107819e-05,True
joint_39_25pct,left_shoulder_yaw_link,0.00012153692693190468,2.450791418631552e-05,True
joint_39_25pct,left_wrist_pitch_link,0.0001666000468656264,3.440612458546887e-05,True
joint_39_25pct,left_wrist_roll_link,0.00015359765386647212,2.805786510332611e-05,True
joint_39_25pct,left_wrist_yaw_link,0.0002112604212575827,4.8357064017786255e-05,True
joint_39_25pct,logo_link,4.9254968084665305e-06,2.252409575471313e-05,True
joint_39_25pct,mid360_link,0.00014741158652517027,2.2653174724081298e-05,True
joint_39_25pct,pelvis,0.0,0.0,True
joint_39_25pct,pelvis_contour_link,8.08070082201906e-10,0.0,True
joint_39_25pct,right_ankle_pitch_link,0.0001575670091998324,2.826493702772014e-05,True
joint_39_25pct,right_ankle_roll_link,0.00018816404051966634,3.2845327974765986e-05,True
joint_39_25pct,right_elbow_link,9.778443536465383e-05,3.5899126009022366e-05,True
joint_39_25pct,right_hand_camera_base_link,0.00023934808975769594,5.2296684935611804e-05,True
joint_39_25pct,right_hand_index_0_link,0.0003086375471533534,6.434531229010985e-05,True
joint_39_25pct,right_hand_index_1_link,0.00037371922147227683,8.245880066619352e-05,True
joint_39_25pct,right_hand_middle_0_link,0.0003478711107352004,7.08992060010325e-05,True
joint_39_25pct,right_hand_middle_1_link,0.00036863436927953307,9.318265652883271e-05,True
joint_39_25pct,right_hand_palm_link,0.00026151431761360536,5.268551322555886e-05,True
joint_39_25pct,right_hand_thumb_0_link,0.0002515605541487654,5.795607694683581e-05,True
joint_39_25pct,right_hand_thumb_1_link,0.00027028258364226006,5.274082611557016e-05,True
joint_39_25pct,right_hand_thumb_2_link,0.00027028258364226006,5.496074594977659e-05,True
joint_39_25pct,right_hip_pitch_link,5.960464478502858e-05,1.846994795519987e-05,True
joint_39_25pct,right_hip_roll_link,6.156774833826409e-05,2.2653174724081298e-05,True
joint_39_25pct,right_hip_yaw_link,0.0001341104507446289,2.3783381691638923e-05,True
joint_39_25pct,right_knee_link,0.00017958835949292705,1.1581149199548747e-05,True
joint_39_25pct,right_shoulder_pitch_link,0.00012634897724151916,2.4027320194202382e-05,True
joint_39_25pct,right_shoulder_roll_link,0.0001308614943075644,2.6781832797797937e-05,True
joint_39_25pct,right_shoulder_yaw_link,9.50520231046313e-05,2.847050291451707e-05,True
joint_39_25pct,right_wrist_pitch_link,0.00017184857420132752,4.5563044700372294e-05,True
joint_39_25pct,right_wrist_roll_link,0.0001521451611568193,3.5077526895278204e-05,True
joint_39_25pct,right_wrist_yaw_link,0.0002240135726090209,5.24080731021394e-05,True
joint_39_25pct,torso_link,5.997412122909219e-05,2.2394272795855996e-05,True
joint_39_25pct,waist_roll_link,5.993124642987763e-05,2.7586270758317984e-05,True
joint_39_25pct,waist_yaw_link,5.964672277699311e-05,2.7052636780725834e-05,True
joint_39_75pct,d435_link,0.00025395580204016946,1.7245382313122758e-05,True
joint_39_75pct,head_link,1.1176469499268088e-05,1.2074182697257337e-05,True
joint_39_75pct,imu_in_pelvis,6.006850114687196e-05,0.0,True
joint_39_75pct,imu_in_torso,0.00012175796087240628,1.2313298636799906e-05,True
joint_39_75pct,left_ankle_pitch_link,0.0001841665371404331,2.7533372779140136e-05,True
joint_39_75pct,left_ankle_roll_link,0.00019967695002641374,4.847750521061102e-05,True
joint_39_75pct,left_elbow_link,4.917524301426145e-05,1.2547858734911242e-05,True
joint_39_75pct,left_hand_camera_base_link,0.00013978528260658472,3.354798136800641e-05,True
joint_39_75pct,left_hand_index_0_link,0.00017881393432617188,3.27564365317364e-05,True
joint_39_75pct,left_hand_index_1_link,0.00018907453925087332,4.954830320672627e-05,True
joint_39_75pct,left_hand_middle_0_link,0.00018907453925087332,4.978313060379752e-05,True
joint_39_75pct,left_hand_middle_1_link,0.00022500259981366247,6.718281838756885e-05,True
joint_39_75pct,left_hand_palm_link,0.00013075715880680268,3.3460956626430084e-05,True
joint_39_75pct,left_hand_thumb_0_link,0.0001837138534477048,3.465942462776345e-05,True
joint_39_75pct,left_hand_thumb_1_link,0.00011250129990683123,3.185388169650561e-05,True
joint_39_75pct,left_hand_thumb_2_link,0.0001284009809763289,3.423621675895667e-05,True
joint_39_75pct,left_hip_pitch_link,6.006850115643548e-05,5.122641877509564e-06,True
joint_39_75pct,left_hip_roll_link,6.015687833757763e-05,1.1952831047522321e-05,True
joint_39_75pct,left_hip_yaw_link,3.332000937312528e-05,1.4286365630539068e-05,True
joint_39_75pct,left_knee_link,6.664001874625056e-05,2.146353664868225e-05,True
joint_39_75pct,left_shoulder_pitch_link,0.00012413332743763548,7.636383641665691e-06,True
joint_39_75pct,left_shoulder_roll_link,2.6806901587406173e-05,9.659346157805868e-06,True
joint_39_75pct,left_shoulder_yaw_link,2.6381109283834166e-05,1.1326587362040635e-05,True
joint_39_75pct,left_wrist_pitch_link,0.00010536712127723509,2.3536915126363644e-05,True
joint_39_75pct,left_wrist_roll_link,0.00014057727354849282,1.3445240826417657e-05,True
joint_39_75pct,left_wrist_yaw_link,0.00010745380149674383,3.3893845988869204e-05,True
joint_39_75pct,logo_link,0.0001196097918528801,1.2313298636799906e-05,True
joint_39_75pct,mid360_link,0.00014519669684575598,1.2778113880520799e-05,True
joint_39_75pct,pelvis,0.0,0.0,True
joint_39_75pct,pelvis_contour_link,8.08070082201906e-10,0.0,True
joint_39_75pct,right_ankle_pitch_link,0.0001575670091998324,2.826493702772014e-05,True
joint_39_75pct,right_ankle_roll_link,0.00018816404051966634,3.2845327974765986e-05,True
joint_39_75pct,right_elbow_link,0.00012787299748014583,2.0632372437402982e-05,True
joint_39_75pct,right_hand_camera_base_link,9.424321830774485e-05,4.406663165691147e-05,True
joint_39_75pct,right_hand_index_0_link,0.0001519626234052415,5.1226418775096056e-05,True
joint_39_75pct,right_hand_index_1_link,0.00014600096599955427,6.405009666567262e-05,True
joint_39_75pct,right_hand_middle_0_link,0.00014057727354849282,5.048105901090034e-05,True
joint_39_75pct,right_hand_middle_1_link,0.0001497548166084422,7.795098334072192e-05,True
joint_39_75pct,right_hand_palm_link,0.00010848209096909342,4.413274817069726e-05,True
joint_39_75pct,right_hand_thumb_0_link,9.424321830774485e-05,3.573631734226578e-05,True
joint_39_75pct,right_hand_thumb_1_link,0.00011151007970493857,3.54907040033065e-05,True
joint_39_75pct,right_hand_thumb_2_link,6.006850114687196e-05,3.3198513698944794e-05,True
joint_39_75pct,right_hip_pitch_link,5.960464478502858e-05,1.846994795519987e-05,True
joint_39_75pct,right_hip_roll_link,6.156774833826409e-05,2.2653174724081298e-05,True
joint_39_75pct,right_hip_yaw_link,0.0001341104507446289,2.3783381691638923e-05,True
joint_39_75pct,right_knee_link,0.00017958835949292705,1.1581149199548747e-05,True
joint_39_75pct,right_shoulder_pitch_link,0.0002530168646833008,1.322660445345283e-05,True
joint_39_75pct,right_shoulder_roll_link,0.00025092852588654393,1.448901923670881e-05,True
joint_39_75pct,right_shoulder_yaw_link,0.00012718798805100008,1.527276728333139e-05,True
joint_39_75pct,right_wrist_pitch_link,4.470348358154297e-05,4.210411376255389e-05,True
joint_39_75pct,right_wrist_roll_link,0.0001273155770498146,3.157808532191534e-05,True
joint_39_75pct,right_wrist_yaw_link,6.143906154658885e-05,4.452738566513649e-05,True
joint_39_75pct,torso_link,5.984749412704844e-05,1.2547858734911242e-05,True
joint_39_75pct,waist_roll_link,5.9787681163837536e-05,1.2547858734911242e-05,True
joint_39_75pct,waist_yaw_link,5.9683110707952236e-05,1.2778113880520799e-05,True
joint_40_25pct,d435_link,0.0002014758778063947,2.847050291451707e-05,True
joint_40_25pct,head_link,1.4673392160222671e-05,2.4027320194202382e-05,True
joint_40_25pct,imu_in_pelvis,6.006850114687196e-05,0.0,True
joint_40_25pct,imu_in_torso,7.817702761234139e-05,2.4027320194202382e-05,True
joint_40_25pct,left_ankle_pitch_link,0.00020051788131284062,2.486226386113331e-05,True
joint_40_25pct,left_ankle_roll_link,0.0002222253538957869,3.0924996750400395e-05,True
joint_40_25pct,left_elbow_link,0.0001002416367314284,2.3162298399097525e-05,True
joint_40_25pct,left_hand_camera_base_link,2.9802322387695312e-05,3.257792601184328e-05,True
joint_40_25pct,left_hand_index_0_link,0.00010745380149674383,3.257792601184328e-05,True
joint_40_25pct,left_hand_index_1_link,0.00014901161193847656,3.337370496129498e-05,True
joint_40_25pct,left_hand_middle_0_link,0.0001228781230931777,3.5077526895278204e-05,True
joint_40_25pct,left_hand_middle_1_link,0.00013075715880680268,4.5112869491778434e-05,True
joint_40_25pct,left_hand_palm_link,3.332000937312528e-05,3.3110570461814085e-05,True
joint_40_25pct,left_hand_thumb_0_link,6.664001874625056e-05,1.707547292503189e-05,True
joint_40_25pct,left_hand_thumb_1_link,5.9604644775390625e-05,2.4979263396122898e-05,True
joint_40_25pct,left_hand_thumb_2_link,6.664001874625056e-05,3.945875418428828e-05,True
joint_40_25pct,left_hip_pitch_link,7.029017216437026e-05,6.830189170012753e-06,True
joint_40_25pct,left_hip_roll_link,5.960646373703944e-05,1.322660445345283e-05,True
joint_40_25pct,left_hip_yaw_link,6.664001874625056e-05,1.8070981951380422e-05,True
joint_40_25pct,left_knee_link,0.00012065570608304177,2.656320193396619e-05,True
joint_40_25pct,left_shoulder_pitch_link,0.00014335736327848478,2.784925354712232e-05,True
joint_40_25pct,left_shoulder_roll_link,9.39077262430052e-05,2.4979263396122898e-05,True
joint_40_25pct,left_shoulder_yaw_link,0.0001338500825144613,2.2909150924997106e-05,True
joint_40_25pct,left_wrist_pitch_link,6.828569911354542e-05,2.986987836227836e-05,True
joint_40_25pct,left_wrist_roll_link,8.462232866585662e-05,2.2653174724081298e-05,True
joint_40_25pct,left_wrist_yaw_link,4.712160915387242e-05,3.380771155232065e-05,True
joint_40_25pct,logo_link,1.5229226708801488e-05,2.4027320194202382e-05,True
joint_40_25pct,mid360_link,0.00019474776990554443,2.4148365394514708e-05,True
joint_40_25pct,pelvis,0.0,0.0,True
joint_40_25pct,pelvis_contour_link,8.08070082201906e-10,0.0,True
joint_40_25pct,right_ankle_pitch_link,0.0001575670091998324,2.826493702772014e-05,True
joint_40_25pct,right_ankle_roll_link,0.00018816404051966634,3.2845327974765986e-05,True
joint_40_25pct,right_elbow_link,4.2729339551010956e-05,3.5980254080869636e-05,True
joint_40_25pct,right_hand_camera_base_link,0.00014901161193847656,6.128168135668217e-05,True
joint_40_25pct,right_hand_index_0_link,0.000279967400849699,6.250649400839046e-05,True
joint_40_25pct,right_hand_index_1_link,0.0003125693941623424,7.328541537578123e-05,True
joint_40_25pct,right_hand_middle_0_link,0.00029085906290923265,6.28785597586261e-05,True
joint_40_25pct,right_hand_middle_1_link,0.0003182017282256875,7.454768972405144e-05,True
joint_40_25pct,right_hand_palm_link,0.00016118070224511576,6.104332307747159e-05,True
joint_40_25pct,right_hand_thumb_0_link,0.00018189185285171421,6.189711731220962e-05,True
joint_40_25pct,right_hand_thumb_1_link,0.00016924465733171324,6.132924184607371e-05,True
joint_40_25pct,right_hand_thumb_2_link,0.00021400163496054816,4.847750521061102e-05,True
joint_40_25pct,right_hip_pitch_link,5.960464478502858e-05,1.846994795519987e-05,True
joint_40_25pct,right_hip_roll_link,6.156774833826409e-05,2.2653174724081298e-05,True
joint_40_25pct,right_hip_yaw_link,0.0001341104507446289,2.3783381691638923e-05,True
joint_40_25pct,right_knee_link,0.00017958835949292705,1.1581149199548747e-05,True
joint_40_25pct,right_shoulder_pitch_link,0.00016660470459067632,1.85487114168054e-05,True
joint_40_25pct,right_shoulder_roll_link,0.00012556513055815715,3.0877819000961514e-05,True
joint_40_25pct,right_shoulder_yaw_link,6.978125111500597e-05,3.248830293691662e-05,True
joint_40_25pct,right_wrist_pitch_link,9.996002811937584e-05,5.580310532176688e-05,True
joint_40_25pct,right_wrist_roll_link,0.00011151007970493857,4.907527754957194e-05,True
joint_40_25pct,right_wrist_yaw_link,0.00013978528260658472,6.128168135668217e-05,True
joint_40_25pct,torso_link,5.9668448569514e-05,2.4027320194202382e-05,True
joint_40_25pct,waist_roll_link,5.963100765276016e-05,2.2263692832568138e-05,True
joint_40_25pct,waist_yaw_link,5.9611266817064423e-05,1.7245382313122758e-05,True
joint_40_75pct,d435_link,0.0001961092029008476,2.689048165283536e-05,True
joint_40_75pct,head_link,0.00012040011680991868,2.61204508945689e-05,True
joint_40_75pct,imu_in_pelvis,6.006850114687196e-05,0.0,True
joint_40_75pct,imu_in_torso,7.210423335429838e-05,2.617620432170639e-05,True
joint_40_75pct,left_ankle_pitch_link,0.0001841665371404331,2.7533372779140136e-05,True
joint_40_75pct,left_ankle_roll_link,0.00019967695002641374,4.847750521061102e-05,True
joint_40_75pct,left_elbow_link,0.0001201514409696321,1.916717082078121e-05,True
joint_40_75pct,left_hand_camera_base_link,0.00015269146510898468,2.567006452828869e-05,True
joint_40_75pct,left_hand_index_0_link,0.0001737759081973225,2.4744711127599476e-05,True
joint_40_75pct,left_hand_index_1_link,0.00022940046069533604,4.168654198487156e-05,True
joint_40_75pct,left_hand_middle_0_link,0.0001959941750461743,4.1476179623003484e-05,True
joint_40_75pct,left_hand_middle_1_link,0.00023513635751693695,5.959315587357721e-05,True
joint_40_75pct,left_hand_palm_link,0.00014057727354849282,2.6231839250190885e-05,True
joint_40_75pct,left_hand_thumb_0_link,0.00017881393432617188,3.101913698871303e-05,True
joint_40_75pct,left_hand_thumb_1_link,0.00014675941767984784,2.784925354712232e-05,True
joint_40_75pct,left_hand_thumb_2_link,0.00019443017766922546,3.573631734226578e-05,True
joint_40_75pct,left_hip_pitch_link,6.006850115643548e-05,5.122641877509564e-06,True
joint_40_75pct,left_hip_roll_link,6.015687833757763e-05,1.1952831047522321e-05,True
joint_40_75pct,left_hip_yaw_link,3.332000937312528e-05,1.4286365630539068e-05,True
joint_40_75pct,left_knee_link,6.664001874625056e-05,2.146353664868225e-05,True
joint_40_75pct,left_shoulder_pitch_link,0.000128667859997279,2.4027320194202382e-05,True
joint_40_75pct,left_shoulder_roll_link,0.0001381920189886475,1.6555285230907e-05,True
joint_40_75pct,left_shoulder_yaw_link,0.00014872470848463086,1.4688877218970407e-05,True
joint_40_75pct,left_wrist_pitch_link,0.00011348386266624791,2.486226386113331e-05,True
joint_40_75pct,left_wrist_roll_link,0.00011348386266624791,2.366046933553761e-05,True
joint_40_75pct,left_wrist_yaw_link,0.00013657139822709083,2.6231839250190885e-05,True
joint_40_75pct,logo_link,6.212766457601895e-05,2.617620432170639e-05,True
joint_40_75pct,mid360_link,0.0002056809642633653,2.61204508945689e-05,True
joint_40_75pct,pelvis,0.0,0.0,True
joint_40_75pct,pelvis_contour_link,8.08070082201906e-10,0.0,True
joint_40_75pct,right_ankle_pitch_link,0.0001575670091998324,2.826493702772014e-05,True
joint_40_75pct,right_ankle_roll_link,0.00018816404051966634,3.2845327974765986e-05,True
joint_40_75pct,right_elbow_link,0.00018550159630368126,4.419876578152893e-05,True
joint_40_75pct,right_hand_camera_base_link,0.00022152168672261396,6.885460820798852e-05,True
joint_40_75pct,right_hand_index_0_link,0.000329514509253144,8.174854798136557e-05,True
joint_40_75pct,right_hand_index_1_link,0.00033219898953449657,9.683464412972565e-05,True
joint_40_75pct,right_hand_middle_0_link,0.00032098083538618704,7.260590680579781e-05,True
joint_40_75pct,right_hand_middle_1_link,0.0003554481399618555,8.465715707830068e-05,True
joint_40_75pct,right_hand_palm_link,0.00023276357876976294,6.8981529252492e-05,True
joint_40_75pct,right_hand_thumb_0_link,0.00022302015940987713,6.613302226726503e-05,True
joint_40_75pct,right_hand_thumb_1_link,0.0002112604212575827,6.961266343630635e-05,True
joint_40_75pct,right_hand_thumb_2_link,0.0002211454820581649,5.683850168501638e-05,True
joint_40_75pct,right_hip_pitch_link,5.960464478502858e-05,1.846994795519987e-05,True
joint_40_75pct,right_hip_roll_link,6.156774833826409e-05,2.2653174724081298e-05,True
joint_40_75pct,right_hip_yaw_link,0.0001341104507446289,2.3783381691638923e-05,True
joint_40_75pct,right_knee_link,0.00017958835949292705,1.1581149199548747e-05,True
joint_40_75pct,right_shoulder_pitch_link,0.00016046563726756938,2.0347774359156983e-05,True
joint_40_75pct,right_shoulder_roll_link,0.00015258705352358116,3.266730320588777e-05,True
joint_40_75pct,right_shoulder_yaw_link,0.00013798869709485205,4.13353432923341e-05,True
joint_40_75pct,right_wrist_pitch_link,0.00020485709734063625,6.429998272316635e-05,True
joint_40_75pct,right_wrist_roll_link,0.00019768624248238801,5.590750785517761e-05,True
joint_40_75pct,right_wrist_yaw_link,0.00022745635393967847,6.885460820798852e-05,True
joint_40_75pct,torso_link,8.661257852073425e-06,2.6231839250190885e-05,True
joint_40_75pct,waist_roll_link,6.876456635449815e-06,2.9377754437940875e-05,True
joint_40_75pct,waist_yaw_link,1.864709725123384e-06,1.7245382313122758e-05,True
joint_41_25pct,d435_link,0.000238912831914782,1.3445240826417657e-05,True
joint_41_25pct,head_link,0.00011927553103819672,1.1581149199548747e-05,True
joint_41_25pct,imu_in_pelvis,6.006850114687196e-05,0.0,True
joint_41_25pct,imu_in_torso,6.609479255952937e-05,1.1581149199548747e-05,True
joint_41_25pct,left_ankle_pitch_link,0.00020051788131284062,2.486226386113331e-05,True
joint_41_25pct,left_ankle_roll_link,0.0002222253538957869,3.0924996750400395e-05,True
joint_41_25pct,left_elbow_link,0.0001410208138134159,1.690385577616028e-05,True
joint_41_25pct,left_hand_camera_base_link,0.00011638178938488147,4.1826195783037686e-05,True
joint_41_25pct,left_hand_index_0_link,0.000137381918091966,5.212915641671018e-05,True
joint_41_25pct,left_hand_index_1_link,0.00017184857420132752,6.705249271995969e-05,True
joint_41_25pct,left_hand_middle_0_link,0.00016118070224511576,5.1055378502021736e-05,True
joint_41_25pct,left_hand_middle_1_link,0.0001959941750461743,6.674740992259067e-05,True
joint_41_25pct,left_hand_palm_link,0.00010745380149674383,4.1826195783037686e-05,True
joint_41_25pct,left_hand_thumb_0_link,0.0001228781230931777,4.7011850199182074e-05,True
joint_41_25pct,left_hand_thumb_1_link,0.00013978528260658472,4.847750521061102e-05,True
joint_41_25pct,left_hand_thumb_2_link,0.0001737759081973225,4.847750521061102e-05,True
joint_41_25pct,left_hip_pitch_link,7.029017216437026e-05,6.830189170012753e-06,True
joint_41_25pct,left_hip_roll_link,5.960646373703944e-05,1.322660445345283e-05,True
joint_41_25pct,left_hip_yaw_link,6.664001874625056e-05,1.8070981951380422e-05,True
joint_41_25pct,left_knee_link,0.00012065570608304177,2.656320193396619e-05,True
joint_41_25pct,left_shoulder_pitch_link,0.00012521039592220637,1.448901923670881e-05,True
joint_41_25pct,left_shoulder_roll_link,0.0001315379356476959,2.1327258847706054e-05,True
joint_41_25pct,left_shoulder_yaw_link,0.00013704392698245162,1.790890709046331e-05,True
joint_41_25pct,left_wrist_pitch_link,8.940696716308594e-05,3.380771155232065e-05,True
joint_41_25pct,left_wrist_roll_link,0.00014234314243899882,2.4979263396122898e-05,True
joint_41_25pct,left_wrist_yaw_link,7.598131170262075e-05,4.1965384839240304e-05,True
joint_41_25pct,logo_link,4.635693114020286e-06,1.1581149199548747e-05,True
joint_41_25pct,mid360_link,0.00012298860239940527,1.183023466776879e-05,True
joint_41_25pct,pelvis,0.0,0.0,True
joint_41_25pct,pelvis_contour_link,8.08070082201906e-10,0.0,True
joint_41_25pct,right_ankle_pitch_link,0.0001575670091998324,2.826493702772014e-05,True
joint_41_25pct,right_ankle_roll_link,0.00018816404051966634,3.2845327974765986e-05,True
joint_41_25pct,right_elbow_link,7.459888009168501e-05,3.0545534566662854e-05,True
joint_41_25pct,right_hand_camera_base_link,0.00015910086411284374,6.366197987046671e-05,True
joint_41_25pct,right_hand_index_0_link,0.0002421152116249788,7.674470579390381e-05,True
joint_41_25pct,right_hand_index_1_link,0.0002827296549232345,9.445684905698213e-05,True
joint_41_25pct,right_hand_middle_0_link,0.00021490760299348766,6.860006165013248e-05,True
joint_41_25pct,right_hand_middle_1_link,0.00028115454709698565,8.354776064136861e-05,True
joint_41_25pct,right_hand_palm_link,0.00015910086411284374,6.338658429000641e-05,True
joint_41_25pct,right_hand_thumb_0_link,0.00020047462056687042,6.648479614393605e-05,True
joint_41_25pct,right_hand_thumb_1_link,0.0001999200562387517,5.7905745997744334e-05,True
joint_41_25pct,right_hand_thumb_2_link,0.00022549548671277697,5.688977684355846e-05,True
joint_41_25pct,right_hip_pitch_link,5.960464478502858e-05,1.846994795519987e-05,True
joint_41_25pct,right_hip_roll_link,6.156774833826409e-05,2.2653174724081298e-05,True
joint_41_25pct,right_hip_yaw_link,0.0001341104507446289,2.3783381691638923e-05,True
joint_41_25pct,right_knee_link,0.00017958835949292705,1.1581149199548747e-05,True
joint_41_25pct,right_shoulder_pitch_link,6.845077537298118e-05,1.2313298636799906e-05,True
joint_41_25pct,right_shoulder_roll_link,6.312670902586493e-05,1.637821826586816e-05,True
joint_41_25pct,right_shoulder_yaw_link,7.765381924239064e-05,2.173352885506323e-05,True
joint_41_25pct,right_wrist_pitch_link,9.541398640621973e-05,4.877730711105492e-05,True
joint_41_25pct,right_wrist_roll_link,8.059035112255788e-05,3.5326013072886896e-05,True
joint_41_25pct,right_wrist_yaw_link,0.0001210576058124894,6.36161633982704e-05,True
joint_41_25pct,torso_link,5.99947866129302e-05,1.1581149199548747e-05,True
joint_41_25pct,waist_roll_link,5.992286838300621e-05,1.6989881043060962e-05,True
joint_41_25pct,waist_yaw_link,5.964672277699311e-05,1.546249837520016e-05,True
joint_41_75pct,d435_link,0.0001231601480753462,1.758027537185658e-05,True
joint_41_75pct,head_link,1.1631178168354064e-05,1.690385577616028e-05,True
joint_41_75pct,imu_in_pelvis,6.006850114687196e-05,0.0,True
joint_41_75pct,imu_in_torso,4.992846728157491e-05,1.7245382313122758e-05,True
joint_41_75pct,left_ankle_pitch_link,0.0001841665371404331,2.7533372779140136e-05,True
joint_41_75pct,left_ankle_roll_link,0.00019967695002641374,4.847750521061102e-05,True
joint_41_75pct,left_elbow_link,6.228731053771811e-05,1.790890709046331e-05,True
joint_41_75pct,left_hand_camera_base_link,0.0001210576058124894,3.8410326536028136e-05,True
joint_41_75pct,left_hand_index_0_link,0.00020047462056687042,5.506674555828067e-05,True
joint_41_75pct,left_hand_index_1_link,0.00022152168672261396,7.407685749980353e-05,True
joint_41_75pct,left_hand_middle_0_link,0.00022500259981366247,5.527813499413222e-05,True
joint_41_75pct,left_hand_middle_1_link,0.0002568019619526578,7.399809420533517e-05,True
joint_41_75pct,left_hand_palm_link,0.00011638178938488147,3.795213526971423e-05,True
joint_41_75pct,left_hand_thumb_0_link,0.00016118070224511576,3.967981336035866e-05,True
joint_41_75pct,left_hand_thumb_1_link,0.00016118070224511576,2.90784825821284e-05,True
joint_41_75pct,left_hand_thumb_2_link,0.00017120130796843851,1.2074182697257337e-05,True
joint_41_75pct,left_hip_pitch_link,6.006850115643548e-05,5.122641877509564e-06,True
joint_41_75pct,left_hip_roll_link,6.015687833757763e-05,1.1952831047522321e-05,True
joint_41_75pct,left_hip_yaw_link,3.332000937312528e-05,1.4286365630539068e-05,True
joint_41_75pct,left_knee_link,6.664001874625056e-05,2.146353664868225e-05,True
joint_41_75pct,left_shoulder_pitch_link,0.00012365658280883885,1.4688877218970407e-05,True
joint_41_75pct,left_shoulder_roll_link,0.00012466476800308897,1.2547858734911242e-05,True
joint_41_75pct,left_shoulder_yaw_link,0.00012323055347072403,1.85487114168054e-05,True
joint_41_75pct,left_wrist_pitch_link,0.00013075715880680268,2.3412708902503694e-05,True
joint_41_75pct,left_wrist_roll_link,8.688795409866125e-05,1.448901923670881e-05,True
joint_41_75pct,left_wrist_yaw_link,8.024520884654676e-05,3.863738463122365e-05,True
joint_41_75pct,logo_link,1.1244542789359382e-05,1.7245382313122758e-05,True
joint_41_75pct,mid360_link,0.0001722762616720138,1.707547292503189e-05,True
joint_41_75pct,pelvis,0.0,0.0,True
joint_41_75pct,pelvis_contour_link,8.08070082201906e-10,0.0,True
joint_41_75pct,right_ankle_pitch_link,0.0001575670091998324,2.826493702772014e-05,True
joint_41_75pct,right_ankle_roll_link,0.00018816404051966634,3.2845327974765986e-05,True
joint_41_75pct,right_elbow_link,1.8083013444158807e-05,3.733246693472756e-05,True
joint_41_75pct,right_hand_camera_base_link,0.00017504900879369273,5.383515068798647e-05,True
joint_41_75pct,right_hand_index_0_link,0.00021696418193818684,6.687833010707703e-05,True
joint_41_75pct,right_hand_index_1_link,0.00024755668231600747,8.206892235598114e-05,True
joint_41_75pct,right_hand_middle_0_link,0.00023324006561187697,6.008043427019458e-05,True
joint_41_75pct,right_hand_middle_1_link,0.00026193850981067043,7.272628142307983e-05,True
joint_41_75pct,right_hand_palm_link,0.00017504900879369273,5.4481195615968745e-05,True
joint_41_75pct,right_hand_thumb_0_link,0.00017694148550984138,5.1566797395176046e-05,True
joint_41_75pct,right_hand_thumb_1_link,0.00016391277313232422,4.105222117067515e-05,True
joint_41_75pct,right_hand_thumb_2_link,0.0001666000468656264,4.048003679528797e-05,True
joint_41_75pct,right_hip_pitch_link,5.960464478502858e-05,1.846994795519987e-05,True
joint_41_75pct,right_hip_roll_link,6.156774833826409e-05,2.2653174724081298e-05,True
joint_41_75pct,right_hip_yaw_link,0.0001341104507446289,2.3783381691638923e-05,True
joint_41_75pct,right_knee_link,0.00017958835949292705,1.1581149199548747e-05,True
joint_41_75pct,right_shoulder_pitch_link,5.968900465954202e-05,1.3872179782028061e-05,True
joint_41_75pct,right_shoulder_roll_link,0.00012296485060228174,1.8860476299618384e-05,True
joint_41_75pct,right_shoulder_yaw_link,2.216940227689586e-05,2.805786510332611e-05,True
joint_41_75pct,right_wrist_pitch_link,0.0001210576058124894,5.290641781381176e-05,True
joint_41_75pct,right_wrist_roll_link,7.598131170262075e-05,4.333269244982293e-05,True
joint_41_75pct,right_wrist_yaw_link,0.00013328003749250113,5.4212945854141716e-05,True
joint_41_75pct,torso_link,5.9758625796054285e-05,1.707547292503189e-05,True
joint_41_75pct,waist_roll_link,3.1208256228570595e-06,1.9318692315611754e-05,True
joint_41_75pct,waist_yaw_link,1.864709725123384e-06,1.1326587362040635e-05,True
joint_42_25pct,d435_link,0.00011978995197127407,6.389056940260397e-06,True
joint_42_25pct,head_link,5.975202218199042e-05,5.399738656763832e-06,True
joint_42_25pct,imu_in_pelvis,6.006850114687196e-05,0.0,True
joint_42_25pct,imu_in_torso,6.493303949816499e-05,4.829673078902933e-06,True
joint_42_25pct,left_ankle_pitch_link,0.00020051788131284062,2.486226386113331e-05,True
joint_42_25pct,left_ankle_roll_link,0.0002222253538957869,3.0924996750400395e-05,True
joint_42_25pct,left_elbow_link,9.541853155265108e-05,2.8776098462827356e-05,True
joint_42_25pct,left_hand_camera_base_link,0.00016458870496134848,4.638749512560077e-05,True
joint_42_25pct,left_hand_index_0_link,0.0002669762502188819,4.847750521061102e-05,True
joint_42_25pct,left_hand_index_1_link,0.00018189185285171421,5.709441698939539e-05,True
joint_42_25pct,left_hand_middle_0_link,0.00020047462056687042,5.780495262977683e-05,True
joint_42_25pct,left_hand_middle_1_link,0.0002457562461863554,7.143182815269646e-05,True
joint_42_25pct,left_hand_palm_link,0.00016458870496134848,4.626161295289102e-05,True
joint_42_25pct,left_hand_thumb_0_link,0.00017881393432617188,5.076903087930035e-05,True
joint_42_25pct,left_hand_thumb_1_link,0.00016924465733171324,5.065403858922616e-05,True
joint_42_25pct,left_hand_thumb_2_link,0.00022708998105120914,5.569850709424504e-05,True
joint_42_25pct,left_hip_pitch_link,7.029017216437026e-05,6.830189170012753e-06,True
joint_42_25pct,left_hip_roll_link,5.960646373703944e-05,1.322660445345283e-05,True
joint_42_25pct,left_hip_yaw_link,6.664001874625056e-05,1.8070981951380422e-05,True
joint_42_25pct,left_knee_link,0.00012065570608304177,2.656320193396619e-05,True
joint_42_25pct,left_shoulder_pitch_link,0.0001199029151448384,1.2313298636799906e-05,True
joint_42_25pct,left_shoulder_roll_link,2.3443372377415333e-05,2.3162298399097525e-05,True
joint_42_25pct,left_shoulder_yaw_link,7.51001548187269e-05,2.2394272795855996e-05,True
joint_42_25pct,left_wrist_pitch_link,0.0001475139697881291,3.573631734226578e-05,True
joint_42_25pct,left_wrist_roll_link,0.00011250129990683123,3.8334341641562557e-05,True
joint_42_25pct,left_wrist_yaw_link,0.00014370159448672763,4.626161295289102e-05,True
joint_42_25pct,logo_link,5.357569253360236e-06,4.829673078902933e-06,True
joint_42_25pct,mid360_link,0.00012097660622964935,5.915117333884393e-06,True
joint_42_25pct,pelvis,0.0,0.0,True
joint_42_25pct,pelvis_contour_link,8.08070082201906e-10,0.0,True
joint_42_25pct,right_ankle_pitch_link,0.0001575670091998324,2.826493702772014e-05,True
joint_42_25pct,right_ankle_roll_link,0.00018816404051966634,3.2845327974765986e-05,True
joint_42_25pct,right_elbow_link,8.2378627313286e-05,2.6672741375736675e-05,True
joint_42_25pct,right_hand_camera_base_link,0.00020047462056687042,4.682541780500763e-05,True
joint_42_25pct,right_hand_index_0_link,0.00024027400458748784,5.780495262977683e-05,True
joint_42_25pct,right_hand_index_1_link,0.00026656007498500225,7.336494379351308e-05,True
joint_42_25pct,right_hand_middle_0_link,0.00027028258364226006,5.2796081055937076e-05,True
joint_42_25pct,right_hand_middle_1_link,0.000292381895636746,6.617709626233869e-05,True
joint_42_25pct,right_hand_palm_link,0.00020047462056687042,4.6887644301306027e-05,True
joint_42_25pct,right_hand_thumb_0_link,0.0001999200562387517,4.366783040766156e-05,True
joint_42_25pct,right_hand_thumb_1_link,0.00020267770452403193,3.2036426925603224e-05,True
joint_42_25pct,right_hand_thumb_2_link,0.00019097336557472193,2.5896236867758322e-05,True
joint_42_25pct,right_hip_pitch_link,5.960464478502858e-05,1.846994795519987e-05,True
joint_42_25pct,right_hip_roll_link,6.156774833826409e-05,2.2653174724081298e-05,True
joint_42_25pct,right_hip_yaw_link,0.0001341104507446289,2.3783381691638923e-05,True
joint_42_25pct,right_knee_link,0.00017958835949292705,1.1581149199548747e-05,True
joint_42_25pct,right_shoulder_pitch_link,0.00012137052790047965,1.2547858734911242e-05,True
joint_42_25pct,right_shoulder_roll_link,4.54378858051884e-05,1.0799477313527668e-05,True
joint_42_25pct,right_shoulder_yaw_link,7.010570890178057e-05,2.6453208906905703e-05,True
joint_42_25pct,right_wrist_pitch_link,0.00012818463544611076,4.3265353337730534e-05,True
joint_42_25pct,right_wrist_roll_link,0.0001257802770743827,3.337370496129498e-05,True
joint_42_25pct,right_wrist_yaw_link,0.00016924465733171324,4.7011850199182074e-05,True
joint_42_25pct,torso_link,6.005381644235132e-05,4.829673078902933e-06,True
joint_42_25pct,waist_roll_link,5.990546435151709e-05,1.0799477313527668e-05,True
joint_42_25pct,waist_yaw_link,5.964210948186534e-05,9.195423586105976e-06,True
joint_42_75pct,d435_link,0.000158445315943187,2.1052056881276854e-05,True
joint_42_75pct,head_link,0.00011974923740979852,2.1052056881276854e-05,True
joint_42_75pct,imu_in_pelvis,6.006850114687196e-05,0.0,True
joint_42_75pct,imu_in_torso,8.136723146435615e-05,2.091309789151876e-05,True
joint_42_75pct,left_ankle_pitch_link,0.0001841665371404331,2.7533372779140136e-05,True
joint_42_75pct,left_ankle_roll_link,0.00019967695002641374,4.847750521061102e-05,True
joint_42_75pct,left_elbow_link,0.0001313429008620236,1.3872179782028061e-05,True
joint_42_75pct,left_hand_camera_base_link,0.00016858739404357613,2.784925354712232e-05,True
joint_42_75pct,left_hand_index_0_link,0.00016118070224511576,2.7533372779140136e-05,True
joint_42_75pct,left_hand_index_1_link,0.00018907453925087332,3.8334341641562557e-05,True
joint_42_75pct,left_hand_middle_0_link,0.00020267770452403193,3.848616141051972e-05,True
joint_42_75pct,left_hand_middle_1_link,0.00016323404237781946,5.4051356982478166e-05,True
joint_42_75pct,left_hand_palm_link,0.00016858739404357613,2.774435956405617e-05,True
joint_42_75pct,left_hand_thumb_0_link,0.00013328003749250113,2.8674595153725626e-05,True
joint_42_75pct,left_hand_thumb_1_link,0.00016858739404357613,3.363478094741179e-05,True
joint_42_75pct,left_hand_thumb_2_link,0.00022549548671277697,4.346705771012666e-05,True
joint_42_75pct,left_hip_pitch_link,6.006850115643548e-05,5.122641877509564e-06,True
joint_42_75pct,left_hip_roll_link,6.015687833757763e-05,1.1952831047522321e-05,True
joint_42_75pct,left_hip_yaw_link,3.332000937312528e-05,1.4286365630539068e-05,True
joint_42_75pct,left_knee_link,6.664001874625056e-05,2.146353664868225e-05,True
joint_42_75pct,left_shoulder_pitch_link,0.0001349950015109066,1.961822478742194e-05,True
joint_42_75pct,left_shoulder_roll_link,0.00013213941663354678,2.1867274910380033e-05,True
joint_42_75pct,left_shoulder_yaw_link,0.00010721238077879261,1.4286365630539068e-05,True
joint_42_75pct,left_wrist_pitch_link,0.0001519626234052415,2.200020789716329e-05,True
joint_42_75pct,left_wrist_roll_link,0.00010975390570354636,2.0059138823654082e-05,True
joint_42_75pct,left_wrist_yaw_link,0.00021950781140709272,2.805786510332611e-05,True
joint_42_75pct,logo_link,1.153154705608352e-05,2.091309789151876e-05,True
joint_42_75pct,mid360_link,0.00016974563147978712,2.119010463505988e-05,True
joint_42_75pct,pelvis,0.0,0.0,True
joint_42_75pct,pelvis_contour_link,8.08070082201906e-10,0.0,True
joint_42_75pct,right_ankle_pitch_link,0.0001575670091998324,2.826493702772014e-05,True
joint_42_75pct,right_ankle_roll_link,0.00018816404051966634,3.2845327974765986e-05,True
joint_42_75pct,right_elbow_link,5.926168810551254e-05,2.4388653555527325e-05,True
joint_42_75pct,right_hand_camera_base_link,0.0001341104507446289,4.485359797979593e-05,True
joint_42_75pct,right_hand_index_0_link,0.00020267770452403193,5.688977684355846e-05,True
joint_42_75pct,right_hand_index_1_link,0.00019082797281243946,7.296643490470553e-05,True
joint_42_75pct,right_hand_middle_0_link,0.0001999200562387517,5.094103260594708e-05,True
joint_42_75pct,right_hand_middle_1_link,0.00022940046069533604,6.402733139156957e-05,True
joint_42_75pct,right_hand_palm_link,0.0001341104507446289,4.498342053198815e-05,True
joint_42_75pct,right_hand_thumb_0_link,9.541398640621973e-05,4.24489525582367e-05,True
joint_42_75pct,right_hand_thumb_1_link,0.0001264405455326821,3.99726572842234e-05,True
joint_42_75pct,right_hand_thumb_2_link,9.996002811937584e-05,3.931069079463687e-05,True
joint_42_75pct,right_hip_pitch_link,5.960464478502858e-05,1.846994795519987e-05,True
joint_42_75pct,right_hip_roll_link,6.156774833826409e-05,2.2653174724081298e-05,True
joint_42_75pct,right_hip_yaw_link,0.0001341104507446289,2.3783381691638923e-05,True
joint_42_75pct,right_knee_link,0.00017958835949292705,1.1581149199548747e-05,True
joint_42_75pct,right_shoulder_pitch_link,7.127358730339993e-05,1.5649929441225527e-05,True
joint_42_75pct,right_shoulder_roll_link,0.0001274433667922081,1.8231616061100753e-05,True
joint_42_75pct,right_shoulder_yaw_link,5.0952288020693405e-05,2.0773209379101157e-05,True
joint_42_75pct,right_wrist_pitch_link,9.996002811937584e-05,3.622254809177215e-05,True
joint_42_75pct,right_wrist_roll_link,7.598131170262075e-05,3.5077526895278204e-05,True
joint_42_75pct,right_wrist_yaw_link,0.00011151007970493857,4.498342053198815e-05,True
joint_42_75pct,torso_link,5.988552006273844e-05,2.091309789151876e-05,True
joint_42_75pct,waist_roll_link,5.978116907411794e-05,2.492083229061081e-05,True
joint_42_75pct,waist_yaw_link,5.968202337392764e-05,2.0561592220437876e-05,True
spread_0,d435_link,0.00017504900879369273,1.799012704043476e-05,True
spread_0,head_link,6.165221793495902e-05,1.7413633929712578e-05,True
spread_0,imu_in_pelvis,6.006850114687196e-05,0.0,True
spread_0,imu_in_torso,6.336416562338938e-05,2.0059138823654082e-05,True
spread_0,left_ankle_pitch_link,0.00034635184106735764,4.011827764730832e-05,True
spread_0,left_ankle_roll_link,0.0004164334718132651,3.8410326536028136e-05,True
spread_0,left_elbow_link,9.424321830774485e-05,4.719754618290178e-05,True
spread_0,left_hand_camera_base_link,6.006850114687196e-05,3.9753226583827984e-05,True
spread_0,left_hand_index_0_link,0.00013698992139247725,4.5945398631873294e-05,True
spread_0,left_hand_index_1_link,0.0001341104507446289,6.329451948573073e-05,True
spread_0,left_hand_middle_0_link,0.0001497548166084422,3.837235289695137e-05,True
spread_0,left_hand_middle_1_link,0.0001341104507446289,4.161653934608438e-05,True
spread_0,left_hand_palm_link,6.01280347622485e-05,3.886311616015792e-05,True
spread_0,left_hand_thumb_0_link,0.00010750323082304078,3.741048680443488e-05,True
spread_0,left_hand_thumb_1_link,0.00011276312818873905,6.273929367455696e-05,True
spread_0,left_hand_thumb_2_link,9.071674691055656e-05,6.05156302264597e-05,True
spread_0,left_hip_pitch_link,7.029017216437026e-05,1.7663006536443394e-05,True
spread_0,left_hip_roll_link,7.497580559022252e-05,2.153135209933322e-05,True
spread_0,left_hip_yaw_link,8.095545251705024e-05,3.474344759864636e-05,True
spread_0,left_knee_link,0.0001299587156065733,3.5408454289026025e-05,True
spread_0,left_shoulder_pitch_link,0.00013587099481252496,2.0632372437402982e-05,True
spread_0,left_shoulder_roll_link,9.071674691055656e-05,3.55727635440738e-05,True
spread_0,left_shoulder_yaw_link,5.8190894692440736e-05,4.279101250090702e-05,True
spread_0,left_wrist_pitch_link,7.739649218784022e-05,2.6008585494473073e-05,True
spread_0,left_wrist_roll_link,0.0001292627421982398,4.3265353337730534e-05,True
spread_0,left_wrist_yaw_link,4.616524410183393e-05,3.741048680443488e-05,True
spread_0,logo_link,9.86718577352217e-06,2.0059138823654082e-05,True
spread_0,mid360_link,0.0001445201392566474,2.3474894161838314e-05,True
spread_0,pelvis,0.0,0.0,True
spread_0,pelvis_contour_link,8.08070082201906e-10,0.0,True
spread_0,right_ankle_pitch_link,0.0001497548166084422,3.199088827155914e-05,True
spread_0,right_ankle_roll_link,0.0001228781230931777,1.2663509647306442e-05,True
spread_0,right_elbow_link,0.00010745380149674383,3.5980254080869636e-05,True
spread_0,right_hand_camera_base_link,0.00023572582035595737,4.651303661396636e-05,True
spread_0,right_hand_index_0_link,0.00020553341841896954,6.407285385120707e-05,True
spread_0,right_hand_index_1_link,0.00019317704681253692,7.232425357033631e-05,True
spread_0,right_hand_middle_0_link,0.000279967400849699,5.329079746518632e-05,True
spread_0,right_hand_middle_1_link,0.0002985408225833385,6.33405686147655e-05,True
spread_0,right_hand_palm_link,0.00022903719766347703,4.5945398631873294e-05,True
spread_0,right_hand_thumb_0_link,0.0001341104507446289,4.990012989701831e-05,True
spread_0,right_hand_thumb_1_link,0.00017441362009524742,4.549900665790247e-05,True
spread_0,right_hand_thumb_2_link,0.0001884864366154897,4.8357064017786255e-05,True
spread_0,right_hip_pitch_link,2.303990807318033e-05,2.07029106685954e-05,True
spread_0,right_hip_roll_link,6.728765319357977e-05,1.5835142153691186e-05,True
spread_0,right_hip_yaw_link,6.50593981019146e-05,3.101913698871303e-05,True
spread_0,right_knee_link,0.0001284009809763289,2.8316468405101647e-05,True
spread_0,right_shoulder_pitch_link,3.7990655851310374e-05,1.8390847172211968e-05,True
spread_0,right_shoulder_roll_link,3.332000937312528e-05,2.2909150924997106e-05,True
spread_0,right_shoulder_yaw_link,8.024520884654676e-05,2.2781522350186035e-05,True
spread_0,right_wrist_pitch_link,0.0001519626234052415,4.172149925892638e-05,True
spread_0,right_wrist_roll_link,0.0001228781230931777,4.54348783573103e-05,True
spread_0,right_wrist_yaw_link,0.00017694148550984138,4.537065941587485e-05,True
spread_0,torso_link,5.991171773817819e-05,1.7245382313122758e-05,True
spread_0,waist_roll_link,5.974998672435225e-05,1.6555285230907e-05,True
spread_0,waist_yaw_link,5.9617831367970786e-05,1.4080795695456205e-05,True
spread_1,d435_link,0.00032985126407710695,3.315457123931616e-05,True
spread_1,head_link,6.90750093787486e-05,3.449076462624561e-05,True
spread_1,imu_in_pelvis,6.006850114687196e-05,0.0,True
spread_1,imu_in_torso,9.215859231988327e-05,3.453300685227411e-05,True
spread_1,left_ankle_pitch_link,0.00013328003749250113,1.637821826586816e-05,True
spread_1,left_ankle_roll_link,0.00016049041769309352,8.53773646251594e-06,True
spread_1,left_elbow_link,8.170199468531202e-05,4.829673078902933e-06,True
spread_1,left_hand_camera_base_link,0.00011638178938488147,5.246367850038212e-05,True
spread_1,left_hand_index_0_link,0.00012377834115800374,6.104332307747159e-05,True
spread_1,left_hand_index_1_link,0.0001519626234052415,7.921252812025822e-05,True
spread_1,left_hand_middle_0_link,9.541398640621973e-05,5.301652494189108e-05,True
spread_1,left_hand_middle_1_link,0.00021073424255447018,6.493171702158565e-05,True
spread_1,left_hand_palm_link,0.00011151007970493857,4.7011850199182074e-05,True
spread_1,left_hand_thumb_0_link,0.00012818463544611076,4.3867684222547034e-05,True
spread_1,left_hand_thumb_1_link,0.00011372817696983923,4.2586106235672334e-05,True
spread_1,left_hand_thumb_2_link,6.143906154658885e-05,2.119010463505988e-05,True
spread_1,left_hip_pitch_link,6.0097406526462515e-05,2.1327258847706054e-05,True
spread_1,left_hip_roll_link,6.244724472701629e-05,2.857273126107819e-05,True
spread_1,left_hip_yaw_link,7.598131170262075e-05,7.636383641665691e-06,True
spread_1,left_knee_link,0.00011151007970493857,1.8390847172211968e-05,True
spread_1,left_shoulder_pitch_link,8.180941272710017e-05,2.1867274910380033e-05,True
spread_1,left_shoulder_roll_link,0.00014481991169918451,2.119010463505988e-05,True
spread_1,left_shoulder_yaw_link,0.0001361420323745543,3.4150945850063755e-06,True
spread_1,left_wrist_pitch_link,7.77863451012265e-05,2.9772104357351613e-05,True
spread_1,left_wrist_roll_link,7.459888009168501e-05,1.8860476299618384e-05,True
spread_1,left_wrist_yaw_link,7.77863451012265e-05,4.9724527722266914e-05,True
spread_1,logo_link,2.9244122036001797e-05,3.453300685227411e-05,True
spread_1,mid360_link,0.00023731736634950048,3.440612458546887e-05,True
spread_1,pelvis,0.0,0.0,True
spread_1,pelvis_contour_link,8.08070082201906e-10,0.0,True
spread_1,right_ankle_pitch_link,0.00022075341158762408,2.774435956405617e-05,True
spread_1,right_ankle_roll_link,0.00017879695628572257,2.119010463505988e-05,True
spread_1,right_elbow_link,0.0002538669859975699,4.719754618290178e-05,True
spread_1,right_hand_camera_base_link,0.000340125328615705,6.479686388116685e-05,True
spread_1,right_hand_index_0_link,0.00044429455744849364,5.024949329906643e-05,True
spread_1,right_hand_index_1_link,0.00047145164071191474,4.694978832367688e-05,True
spread_1,right_hand_middle_0_link,0.000404532908216066,4.1826195783037686e-05,True
spread_1,right_hand_middle_1_link,0.0004331601218506287,4.373454982076026e-05,True
spread_1,right_hand_palm_link,0.00033659806841839906,6.33405686147655e-05,True
spread_1,right_hand_thumb_0_link,0.0003725290298461914,2.7953753927588597e-05,True
spread_1,right_hand_thumb_1_link,0.00037814907850174665,3.5160550743713264e-05,True
spread_1,right_hand_thumb_2_link,0.00032098083538618704,4.0552001361956704e-05,True
spread_1,right_hip_pitch_link,6.155196226629001e-05,7.636383641665691e-06,True
spread_1,right_hip_roll_link,6.155189738369846e-05,1.0933637455190003e-05,True
spread_1,right_hip_yaw_link,3.960037906741593e-05,2.3036072399967966e-05,True
spread_1,right_knee_link,9.778443536465383e-05,2.3412708902503694e-05,True
spread_1,right_shoulder_pitch_link,0.00018008995004403325,3.0064472461725398e-05,True
spread_1,right_shoulder_roll_link,0.00018685961073613841,2.7427270755268835e-05,True
spread_1,right_shoulder_yaw_link,0.0002563692708922215,5.8006364224797126e-05,True
spread_1,right_wrist_pitch_link,0.0003108106834235214,4.154641875820248e-05,True
spread_1,right_wrist_roll_link,0.0002652831116659428,3.908754410569609e-05,True
spread_1,right_wrist_yaw_link,0.00032382181006820096,6.259971776490284e-05,True
spread_1,torso_link,5.994394375229757e-05,3.465942462776345e-05,True
spread_1,waist_roll_link,5.9702399243675675e-05,1.7827317112193638e-05,True
spread_1,waist_yaw_link,5.9623749660622975e-05,1.690385577616028e-05,True
spread_2,d435_link,0.00031347825357930996,3.630295340289845e-05,True
spread_2,head_link,6.75834810604406e-05,3.8334341641562557e-05,True
spread_2,imu_in_pelvis,6.006850114687196e-05,0.0,True
spread_2,imu_in_torso,0.00010595815370476165,3.967981336035866e-05,True
spread_2,left_ankle_pitch_link,0.00018907453925087332,3.0924996750400395e-05,True
spread_2,left_ankle_roll_link,0.0002515605541487654,3.2933979493559765e-05,True
spread_2,left_elbow_link,0.00021542358837725164,6.757228726414025e-05,True
spread_2,left_hand_camera_base_link,0.00038857474358097607,8.547975606466461e-05,True
spread_2,left_hand_index_0_link,0.0002827296549232345,7.43910767575276e-05,True
spread_2,left_hand_index_1_link,0.0003616410821530699,8.034549839339526e-05,True
spread_2,left_hand_middle_0_link,0.00028115454709698565,7.372175999958062e-05,True
spread_2,left_hand_middle_1_link,0.0003725290298461914,7.110453283116481e-05,True
spread_2,left_hand_palm_link,0.0002682209014892578,7.913887628832089e-05,True
spread_2,left_hand_thumb_0_link,0.00036983709472390583,7.08992060010325e-05,True
spread_2,left_hand_thumb_1_link,0.00037814907850174665,8.009106731400942e-05,True
spread_2,left_hand_thumb_2_link,0.00036378370570342843,6.825918966925857e-05,True
spread_2,left_hip_pitch_link,3.799044565235602e-05,4.517745487845101e-06,True
spread_2,left_hip_roll_link,4.5051375860153974e-05,1.637821826586816e-05,True
spread_2,left_hip_yaw_link,6.828569911354542e-05,2.805786510332611e-05,True
spread_2,left_knee_link,6.143906154658885e-05,3.440612458546887e-05,True
spread_2,left_shoulder_pitch_link,0.00017237268837182632,6.132924184607371e-05,True
spread_2,left_shoulder_roll_link,0.00020298559555150984,5.356366559559623e-05,True
spread_2,left_shoulder_yaw_link,0.000316890631886374,8.977217763849478e-05,True
spread_2,left_wrist_pitch_link,0.00029839552036674006,7.91020246559207e-05,True
spread_2,left_wrist_roll_link,0.0004042583693936627,4.498342053198815e-05,True
spread_2,left_wrist_yaw_link,0.00038857474358097607,7.994531456844801e-05,True
spread_2,logo_link,3.4168244018860425e-05,3.967981336035866e-05,True
spread_2,mid360_link,0.00030117307501148786,3.9532577923636065e-05,True
spread_2,pelvis,0.0,0.0,True
spread_2,pelvis_contour_link,8.08070082201906e-10,0.0,True
spread_2,right_ankle_pitch_link,0.00045358373455278283,7.342453357763834e-05,True
spread_2,right_ankle_roll_link,0.00047572992713286195,6.468427150439115e-05,True
spread_2,right_elbow_link,0.0002086162567138672,7.443026089338013e-05,True
spread_2,right_hand_camera_base_link,2.9802322387695312e-05,8.16414771456569e-05,True
spread_2,right_hand_index_0_link,0.00024073562653964027,8.622691156561574e-05,True
spread_2,right_hand_index_1_link,0.0002563692708922215,9.815055509914612e-05,True
spread_2,right_hand_middle_0_link,0.0002563692708922215,9.433329524470361e-05,True
spread_2,right_hand_middle_1_link,0.00028740318897345525,9.077344533969087e-05,True
spread_2,right_hand_palm_link,0.0,8.344299851785414e-05,True
spread_2,right_hand_thumb_0_link,0.0001228781230931777,9.198593875318189e-05,True
spread_2,right_hand_thumb_1_link,0.00013328003749250113,8.703467544857628e-05,True
spread_2,right_hand_thumb_2_link,0.00013657139822709083,7.869551775057404e-05,True
spread_2,right_hip_pitch_link,6.369829084081532e-05,2.2909150924997106e-05,True
spread_2,right_hip_roll_link,7.061220263477809e-05,2.9575586669422044e-05,True
spread_2,right_hip_yaw_link,4.712160915387242e-05,4.9958526792246095e-05,True
spread_2,right_knee_link,0.00017967527344609326,6.770161233415569e-05,True
spread_2,right_shoulder_pitch_link,0.00015359765386647212,6.278575002573892e-05,True
spread_2,right_shoulder_roll_link,0.0002088821793925194,6.061191609518828e-05,True
spread_2,right_shoulder_yaw_link,0.00019082797281243946,8.139109743662953e-05,True
spread_2,right_wrist_pitch_link,0.00011920928955078125,8.70011683538028e-05,True
spread_2,right_wrist_roll_link,0.00018128044993574082,7.93963587878188e-05,True
spread_2,right_wrist_yaw_link,9.424321830774485e-05,8.510371852181074e-05,True
spread_2,torso_link,2.5184484725799338e-06,4.033572247925316e-05,True
spread_2,waist_roll_link,6.005767051280607e-05,3.157808532191534e-05,True
spread_2,waist_yaw_link,5.966691293956358e-05,8.00910673140078e-06,True
spread_3,d435_link,0.0001497548166084422,1.527276728333139e-05,True
spread_3,head_link,8.147342745230037e-05,1.1581149199548747e-05,True
spread_3,imu_in_pelvis,6.006850114687196e-05,0.0,True
spread_3,imu_in_torso,6.166452675032187e-05,1.3004292747236516e-05,True
spread_3,left_ankle_pitch_link,7.300048299977714e-05,1.9014441926092303e-05,True
spread_3,left_ankle_roll_link,8.429369702178807e-05,3.931069079463687e-05,True
spread_3,left_elbow_link,0.0001375838019894018,5.65298740554407e-05,True
spread_3,left_hand_camera_base_link,0.00035521380427659205,7.670670395656812e-05,True
spread_3,left_hand_index_0_link,0.00045783196376971054,8.537736462516137e-05,True
spread_3,left_hand_index_1_link,0.0006172750943067068,8.288203082366094e-05,True
spread_3,left_hand_middle_0_link,0.0005521478448405535,8.776859524744007e-05,True
spread_3,left_hand_middle_1_link,0.0004901553453027762,9.150924213225718e-05,True
spread_3,left_hand_palm_link,0.00035886748369909214,7.571196146291255e-05,True
spread_3,left_hand_thumb_0_link,0.00041509831777763724,8.941419399246679e-05,True
spread_3,left_hand_thumb_1_link,0.00034882724019049484,8.252948974961361e-05,True
spread_3,left_hand_thumb_2_link,0.0003978916979676094,6.872745277499224e-05,True
spread_3,left_hip_pitch_link,6.018384029654468e-05,1.916717082078121e-05,True
spread_3,left_hip_roll_link,0.00012061256596864817,2.173352885506323e-05,True
spread_3,left_hip_yaw_link,6.006850114687196e-05,6.389056940260397e-06,True
spread_3,left_knee_link,6.36577885249073e-05,1.2074182697257337e-05,True
spread_3,left_shoulder_pitch_link,0.0001469602234480856,5.482795825648816e-05,True
spread_3,left_shoulder_roll_link,8.576262319997949e-05,6.1234083927088e-05,True
spread_3,left_shoulder_yaw_link,0.0001362662103635958,5.2796081055937076e-05,True
spread_3,left_wrist_pitch_link,0.000284710657660447,7.391924698613426e-05,True
spread_3,left_wrist_roll_link,0.0002767282068840438,5.1396889857834046e-05,True
spread_3,left_wrist_yaw_link,0.00035669533024984074,7.536456852494493e-05,True
spread_3,logo_link,0.00012096084142451383,1.3004292747236516e-05,True
spread_3,mid360_link,0.00014901161193847656,1.2074182697257337e-05,True
spread_3,pelvis,0.0,0.0,True
spread_3,pelvis_contour_link,8.08070082201906e-10,0.0,True
spread_3,right_ankle_pitch_link,0.0001284963613678681,9.035490975690204e-06,True
spread_3,right_ankle_roll_link,0.00014995161118044504,1.846994795519987e-05,True
spread_3,right_elbow_link,9.424321830774485e-05,3.23984319405831e-05,True
spread_3,right_hand_camera_base_link,2.9802322387695312e-05,5.590750785517761e-05,True
spread_3,right_hand_index_0_link,9.541398640621973e-05,6.027424262605257e-05,True
spread_3,right_hand_index_1_link,8.940696716308594e-05,5.830717711957461e-05,True
spread_3,right_hand_middle_0_link,9.424321830774485e-05,4.78113241900896e-05,True
spread_3,right_hand_middle_1_link,9.541398640621973e-05,4.990012989701831e-05,True
spread_3,right_hand_palm_link,3.332000937312528e-05,5.345468549166031e-05,True
spread_3,right_hand_thumb_0_link,6.143906154658885e-05,4.306270419866663e-05,True
spread_3,right_hand_thumb_1_link,8.024520884654676e-05,3.0354024625058453e-05,True
spread_3,right_hand_thumb_2_link,6.322027276634104e-05,3.878801828098024e-05,True
spread_3,right_hip_pitch_link,6.0097340083055166e-05,1.2891699348793908e-05,True
spread_3,right_hip_roll_link,5.587935447692871e-06,1.5649929441225527e-05,True
spread_3,right_hip_yaw_link,6.674406255472047e-05,1.5556496191597987e-05,True
spread_3,right_knee_link,0.0001411806386831194,0.0,True
spread_3,right_shoulder_pitch_link,3.0719530773294425e-05,1.1066171232981565e-05,True
spread_3,right_shoulder_roll_link,6.705522537231445e-05,1.637821826586816e-05,True
spread_3,right_shoulder_yaw_link,2.9802322387695312e-05,2.784925354712232e-05,True
spread_3,right_wrist_pitch_link,4.712160915387242e-05,5.268551322555886e-05,True
spread_3,right_wrist_roll_link,6.143906154658885e-05,5.9249676609974653e-05,True
spread_3,right_wrist_yaw_link,7.300048299977714e-05,5.548871912811274e-05,True
spread_3,torso_link,1.679611280269123e-05,1.3004292747236516e-05,True
spread_3,waist_roll_link,5.993865874320236e-05,1.3115919625095422e-05,True
spread_3,waist_yaw_link,5.962695120854417e-05,1.3004292747236516e-05,True
spread_4,d435_link,0.00016989937798666028,2.486226386113331e-05,True
spread_4,head_link,0.0001224098113499375,2.396656833922184e-05,True
spread_4,imu_in_pelvis,6.006850114687196e-05,0.0,True
spread_4,imu_in_torso,5.1425537810767156e-05,2.3036072399967966e-05,True
spread_4,left_ankle_pitch_link,0.00019082797281243946,2.328784023135477e-05,True
spread_4,left_ankle_roll_link,0.0001999200562387517,3.397976208612202e-05,True
spread_4,left_elbow_link,0.00011231611245633167,6.622114092362886e-05,True
spread_4,left_hand_camera_base_link,0.00024131141216608354,7.08992060010325e-05,True
spread_4,left_hand_index_0_link,0.00032791020102300325,8.288203082366094e-05,True
spread_4,left_hand_index_1_link,0.000365306457046606,7.423413338279959e-05,True
spread_4,left_hand_middle_0_link,0.0003154861235579868,8.721873437373702e-05,True
spread_4,left_hand_middle_1_link,0.0003308594720240611,9.665381363741933e-05,True
spread_4,left_hand_palm_link,0.00023771906098043644,7.228392780552281e-05,True
spread_4,left_hand_thumb_0_link,0.0003003425057343598,7.450856734417306e-05,True
spread_4,left_hand_thumb_1_link,0.00028115454709698565,7.044538040880943e-05,True
spread_4,left_hand_thumb_2_link,0.0003129243850708008,6.28785597586261e-05,True
spread_4,left_hip_pitch_link,6.0097340083055166e-05,2.1052056881276854e-05,True
spread_4,left_hip_roll_link,0.00011922384057793959,3.2845327974765986e-05,True
spread_4,left_hip_yaw_link,0.00018189185285171421,2.7953753927588597e-05,True
spread_4,left_knee_link,0.00019082797281243946,2.2263692832568138e-05,True
spread_4,left_shoulder_pitch_link,0.00012036781326982013,3.6061199636676066e-05,True
spread_4,left_shoulder_roll_link,0.00015787497237635471,5.340011203639979e-05,True
spread_4,left_shoulder_yaw_link,0.00015787497237635471,5.378096330567109e-05,True
spread_4,left_wrist_pitch_link,0.0002252491780792322,8.813326331382457e-05,True
spread_4,left_wrist_roll_link,0.0001999200562387517,7.143182815269646e-05,True
spread_4,left_wrist_yaw_link,0.00023430861821050028,7.167631886690317e-05,True
spread_4,logo_link,1.895104138657882e-05,2.3036072399967966e-05,True
spread_4,mid360_link,0.00020553341841896954,2.426880686682527e-05,True
spread_4,pelvis,0.0,0.0,True
spread_4,pelvis_contour_link,8.08070082201906e-10,0.0,True
spread_4,right_ankle_pitch_link,0.00013657139822709083,1.7745352001653195e-05,True
spread_4,right_ankle_roll_link,0.00016609949476724829,2.0632372437402982e-05,True
spread_4,right_elbow_link,0.00030282737959774693,6.329451948573073e-05,True
spread_4,right_hand_camera_base_link,0.0006454542508889301,4.913465479760482e-05,True
spread_4,right_hand_index_0_link,0.0006201909116404283,5.329079746518632e-05,True
spread_4,right_hand_index_1_link,0.0006490376264634833,4.292707329736469e-05,True
spread_4,right_hand_middle_0_link,0.0006230485378846387,4.1123184440875915e-05,True
spread_4,right_hand_middle_1_link,0.0006172750943067068,3.3721357103364706e-05,True
spread_4,right_hand_palm_link,0.0005333740976151045,4.762802131385512e-05,True
spread_4,right_hand_thumb_0_link,0.000645413935615207,4.762802131385512e-05,True
spread_4,right_hand_thumb_1_link,0.0004181793923261523,5.329079746518632e-05,True
spread_4,right_hand_thumb_2_link,0.0005256224877970597,7.224357953120653e-05,True
spread_4,right_hip_pitch_link,6.109910771038716e-05,2.366046933553761e-05,True
spread_4,right_hip_roll_link,3.725290298461914e-06,2.9918645543096362e-05,True
spread_4,right_hip_yaw_link,7.028863677424641e-05,3.288968360331367e-05,True
spread_4,right_knee_link,0.00014156103134155273,1.6989881043060962e-05,True
spread_4,right_shoulder_pitch_link,9.996002811937584e-05,4.9430471165477876e-05,True
spread_4,right_shoulder_roll_link,0.00016676656369566463,5.246367850038212e-05,True
spread_4,right_shoulder_yaw_link,0.00018966081829902313,5.770398320312215e-05,True
spread_4,right_wrist_pitch_link,0.0005438923835754395,4.978313060379752e-05,True
spread_4,right_wrist_roll_link,0.00044180435208009247,6.23663970955846e-05,True
spread_4,right_wrist_yaw_link,0.0005233222870882923,5.263014220319253e-05,True
spread_4,torso_link,3.6813757151462827e-06,2.3162298399097525e-05,True
spread_4,waist_roll_link,5.9892260665868104e-05,1.2891699348793908e-05,True
spread_4,waist_yaw_link,5.961612607802121e-05,8.365239156607494e-06,True
