study,set,metric,scope,family,role,item,position,count,expected,deviation,seed_label
B,confirmatory,label_index,all,K,action,ADD_ONE,1,16,16,0,DEMO-o4.4.1-example
B,confirmatory,label_index,all,K,action,ADD_ONE,2,16,16,0,DEMO-o4.4.1-example
B,confirmatory,label_index,all,K,action,ADD_ONE,3,16,16,0,DEMO-o4.4.1-example
B,confirmatory,label_index,all,K,action,ADD_ONE,4,16,16,0,DEMO-o4.4.1-example
B,confirmatory,label_index,all,K,action,REMOVE_ONE,1,16,16,0,DEMO-o4.4.1-example
B,confirmatory,label_index,all,K,action,REMOVE_ONE,2,16,16,0,DEMO-o4.4.1-example
B,confirmatory,label_index,all,K,action,REMOVE_ONE,3,16,16,0,DEMO-o4.4.1-example
B,confirmatory,label_index,all,K,action,REMOVE_ONE,4,16,16,0,DEMO-o4.4.1-example
B,confirmatory,label_index,all,K,action,FLIP_CARD,1,16,16,0,DEMO-o4.4.1-example
B,confirmatory,label_index,all,K,action,FLIP_CARD,2,16,16,0,DEMO-o4.4.1-example
B,confirmatory,label_index,all,K,action,FLIP_CARD,3,16,16,0,DEMO-o4.4.1-example
B,confirmatory,label_index,all,K,action,FLIP_CARD,4,16,16,0,DEMO-o4.4.1-example
B,confirmatory,label_index,all,K,action,ALIGN_ARROW,1,16,16,0,DEMO-o4.4.1-example
B,confirmatory,label_index,all,K,action,ALIGN_ARROW,2,16,16,0,DEMO-o4.4.1-example
B,confirmatory,label_index,all,K,action,ALIGN_ARROW,3,16,16,0,DEMO-o4.4.1-example
B,confirmatory,label_index,all,K,action,ALIGN_ARROW,4,16,16,0,DEMO-o4.4.1-example
B,confirmatory,label_index,all,K,referent,A,1,16,16,0,DEMO-o4.4.1-example
B,confirmatory,label_index,all,K,referent,A,2,16,16,0,DEMO-o4.4.1-example
B,confirmatory,label_index,all,K,referent,A,3,16,16,0,DEMO-o4.4.1-example
B,confirmatory,label_index,all,K,referent,A,4,16,16,0,DEMO-o4.4.1-example
B,confirmatory,label_index,all,K,referent,B,1,16,16,0,DEMO-o4.4.1-example
B,confirmatory,label_index,all,K,referent,B,2,16,16,0,DEMO-o4.4.1-example
B,confirmatory,label_index,all,K,referent,B,3,16,16,0,DEMO-o4.4.1-example
B,confirmatory,label_index,all,K,referent,B,4,16,16,0,DEMO-o4.4.1-example
B,confirmatory,label_index,all,K,referent,C,1,16,16,0,DEMO-o4.4.1-example
B,confirmatory,label_index,all,K,referent,C,2,16,16,0,DEMO-o4.4.1-example
B,confirmatory,label_index,all,K,referent,C,3,16,16,0,DEMO-o4.4.1-example
B,confirmatory,label_index,all,K,referent,C,4,16,16,0,DEMO-o4.4.1-example
B,confirmatory,label_index,all,K,referent,D,1,16,16,0,DEMO-o4.4.1-example
B,confirmatory,label_index,all,K,referent,D,2,16,16,0,DEMO-o4.4.1-example
B,confirmatory,label_index,all,K,referent,D,3,16,16,0,DEMO-o4.4.1-example
B,confirmatory,label_index,all,K,referent,D,4,16,16,0,DEMO-o4.4.1-example
B,confirmatory,label_index,all,Q,action,SCAN,1,16,16,0,DEMO-o4.4.1-example
B,confirmatory,label_index,all,Q,action,SCAN,2,16,16,0,DEMO-o4.4.1-example
B,confirmatory,label_index,all,Q,action,SCAN,3,16,16,0,DEMO-o4.4.1-example
B,confirmatory,label_index,all,Q,action,SCAN,4,16,16,0,DEMO-o4.4.1-example
B,confirmatory,label_index,all,Q,action,TAG,1,16,16,0,DEMO-o4.4.1-example
B,confirmatory,label_index,all,Q,action,TAG,2,16,16,0,DEMO-o4.4.1-example
B,confirmatory,label_index,all,Q,action,TAG,3,16,16,0,DEMO-o4.4.1-example
B,confirmatory,label_index,all,Q,action,TAG,4,16,16,0,DEMO-o4.4.1-example
B,confirmatory,label_index,all,Q,action,CLOSE,1,16,16,0,DEMO-o4.4.1-example
B,confirmatory,label_index,all,Q,action,CLOSE,2,16,16,0,DEMO-o4.4.1-example
B,confirmatory,label_index,all,Q,action,CLOSE,3,16,16,0,DEMO-o4.4.1-example
B,confirmatory,label_index,all,Q,action,CLOSE,4,16,16,0,DEMO-o4.4.1-example
B,confirmatory,label_index,all,Q,action,QUARANTINE,1,16,16,0,DEMO-o4.4.1-example
B,confirmatory,label_index,all,Q,action,QUARANTINE,2,16,16,0,DEMO-o4.4.1-example
B,confirmatory,label_index,all,Q,action,QUARANTINE,3,16,16,0,DEMO-o4.4.1-example
B,confirmatory,label_index,all,Q,action,QUARANTINE,4,16,16,0,DEMO-o4.4.1-example
B,confirmatory,label_index,all,Q,referent,E,1,16,16,0,DEMO-o4.4.1-example
B,confirmatory,label_index,all,Q,referent,E,2,16,16,0,DEMO-o4.4.1-example
B,confirmatory,label_index,all,Q,referent,E,3,16,16,0,DEMO-o4.4.1-example
B,confirmatory,label_index,all,Q,referent,E,4,16,16,0,DEMO-o4.4.1-example
B,confirmatory,label_index,all,Q,referent,F,1,16,16,0,DEMO-o4.4.1-example
B,confirmatory,label_index,all,Q,referent,F,2,16,16,0,DEMO-o4.4.1-example
B,confirmatory,label_index,all,Q,referent,F,3,16,16,0,DEMO-o4.4.1-example
B,confirmatory,label_index,all,Q,referent,F,4,16,16,0,DEMO-o4.4.1-example
B,confirmatory,label_index,all,Q,referent,G,1,16,16,0,DEMO-o4.4.1-example
B,confirmatory,label_index,all,Q,referent,G,2,16,16,0,DEMO-o4.4.1-example
B,confirmatory,label_index,all,Q,referent,G,3,16,16,0,DEMO-o4.4.1-example
B,confirmatory,label_index,all,Q,referent,G,4,16,16,0,DEMO-o4.4.1-example
B,confirmatory,label_index,all,Q,referent,H,1,16,16,0,DEMO-o4.4.1-example
B,confirmatory,label_index,all,Q,referent,H,2,16,16,0,DEMO-o4.4.1-example
B,confirmatory,label_index,all,Q,referent,H,3,16,16,0,DEMO-o4.4.1-example
B,confirmatory,label_index,all,Q,referent,H,4,16,16,0,DEMO-o4.4.1-example
B,confirmatory,wave1_position,all,K,,K-a1,1,8,8,0,DEMO-o4.4.1-example
B,confirmatory,wave1_position,all,K,,K-a1,2,8,8,0,DEMO-o4.4.1-example
B,confirmatory,wave1_position,all,K,,K-a1,3,8,8,0,DEMO-o4.4.1-example
B,confirmatory,wave1_position,all,K,,K-a1,4,8,8,0,DEMO-o4.4.1-example
B,confirmatory,wave1_position,all,K,,K-a1,5,8,8,0,DEMO-o4.4.1-example
B,confirmatory,wave1_position,all,K,,K-a1,6,8,8,0,DEMO-o4.4.1-example
B,confirmatory,wave1_position,all,K,,K-a1,7,8,8,0,DEMO-o4.4.1-example
B,confirmatory,wave1_position,all,K,,K-a1,8,8,8,0,DEMO-o4.4.1-example
B,confirmatory,wave1_position,all,K,,K-a2,1,8,8,0,DEMO-o4.4.1-example
B,confirmatory,wave1_position,all,K,,K-a2,2,8,8,0,DEMO-o4.4.1-example
B,confirmatory,wave1_position,all,K,,K-a2,3,8,8,0,DEMO-o4.4.1-example
B,confirmatory,wave1_position,all,K,,K-a2,4,8,8,0,DEMO-o4.4.1-example
B,confirmatory,wave1_position,all,K,,K-a2,5,8,8,0,DEMO-o4.4.1-example
B,confirmatory,wave1_position,all,K,,K-a2,6,8,8,0,DEMO-o4.4.1-example
B,confirmatory,wave1_position,all,K,,K-a2,7,8,8,0,DEMO-o4.4.1-example
B,confirmatory,wave1_position,all,K,,K-a2,8,8,8,0,DEMO-o4.4.1-example
B,confirmatory,wave1_position,all,K,,K-r1,1,8,8,0,DEMO-o4.4.1-example
B,confirmatory,wave1_position,all,K,,K-r1,2,8,8,0,DEMO-o4.4.1-example
B,confirmatory,wave1_position,all,K,,K-r1,3,8,8,0,DEMO-o4.4.1-example
B,confirmatory,wave1_position,all,K,,K-r1,4,8,8,0,DEMO-o4.4.1-example
B,confirmatory,wave1_position,all,K,,K-r1,5,8,8,0,DEMO-o4.4.1-example
B,confirmatory,wave1_position,all,K,,K-r1,6,8,8,0,DEMO-o4.4.1-example
B,confirmatory,wave1_position,all,K,,K-r1,7,8,8,0,DEMO-o4.4.1-example
B,confirmatory,wave1_position,all,K,,K-r1,8,8,8,0,DEMO-o4.4.1-example
B,confirmatory,wave1_position,all,K,,K-r2,1,8,8,0,DEMO-o4.4.1-example
B,confirmatory,wave1_position,all,K,,K-r2,2,8,8,0,DEMO-o4.4.1-example
B,confirmatory,wave1_position,all,K,,K-r2,3,8,8,0,DEMO-o4.4.1-example
B,confirmatory,wave1_position,all,K,,K-r2,4,8,8,0,DEMO-o4.4.1-example
B,confirmatory,wave1_position,all,K,,K-r2,5,8,8,0,DEMO-o4.4.1-example
B,confirmatory,wave1_position,all,K,,K-r2,6,8,8,0,DEMO-o4.4.1-example
B,confirmatory,wave1_position,all,K,,K-r2,7,8,8,0,DEMO-o4.4.1-example
B,confirmatory,wave1_position,all,K,,K-r2,8,8,8,0,DEMO-o4.4.1-example
B,confirmatory,wave1_position,all,Q,,Q-a1,1,8,8,0,DEMO-o4.4.1-example
B,confirmatory,wave1_position,all,Q,,Q-a1,2,8,8,0,DEMO-o4.4.1-example
B,confirmatory,wave1_position,all,Q,,Q-a1,3,8,8,0,DEMO-o4.4.1-example
B,confirmatory,wave1_position,all,Q,,Q-a1,4,8,8,0,DEMO-o4.4.1-example
B,confirmatory,wave1_position,all,Q,,Q-a1,5,8,8,0,DEMO-o4.4.1-example
B,confirmatory,wave1_position,all,Q,,Q-a1,6,8,8,0,DEMO-o4.4.1-example
B,confirmatory,wave1_position,all,Q,,Q-a1,7,8,8,0,DEMO-o4.4.1-example
B,confirmatory,wave1_position,all,Q,,Q-a1,8,8,8,0,DEMO-o4.4.1-example
B,confirmatory,wave1_position,all,Q,,Q-a2,1,8,8,0,DEMO-o4.4.1-example
B,confirmatory,wave1_position,all,Q,,Q-a2,2,8,8,0,DEMO-o4.4.1-example
B,confirmatory,wave1_position,all,Q,,Q-a2,3,8,8,0,DEMO-o4.4.1-example
B,confirmatory,wave1_position,all,Q,,Q-a2,4,8,8,0,DEMO-o4.4.1-example
B,confirmatory,wave1_position,all,Q,,Q-a2,5,8,8,0,DEMO-o4.4.1-example
B,confirmatory,wave1_position,all,Q,,Q-a2,6,8,8,0,DEMO-o4.4.1-example
B,confirmatory,wave1_position,all,Q,,Q-a2,7,8,8,0,DEMO-o4.4.1-example
B,confirmatory,wave1_position,all,Q,,Q-a2,8,8,8,0,DEMO-o4.4.1-example
B,confirmatory,wave1_position,all,Q,,Q-r1,1,8,8,0,DEMO-o4.4.1-example
B,confirmatory,wave1_position,all,Q,,Q-r1,2,8,8,0,DEMO-o4.4.1-example
B,confirmatory,wave1_position,all,Q,,Q-r1,3,8,8,0,DEMO-o4.4.1-example
B,confirmatory,wave1_position,all,Q,,Q-r1,4,8,8,0,DEMO-o4.4.1-example
B,confirmatory,wave1_position,all,Q,,Q-r1,5,8,8,0,DEMO-o4.4.1-example
B,confirmatory,wave1_position,all,Q,,Q-r1,6,8,8,0,DEMO-o4.4.1-example
B,confirmatory,wave1_position,all,Q,,Q-r1,7,8,8,0,DEMO-o4.4.1-example
B,confirmatory,wave1_position,all,Q,,Q-r1,8,8,8,0,DEMO-o4.4.1-example
B,confirmatory,wave1_position,all,Q,,Q-r2,1,8,8,0,DEMO-o4.4.1-example
B,confirmatory,wave1_position,all,Q,,Q-r2,2,8,8,0,DEMO-o4.4.1-example
B,confirmatory,wave1_position,all,Q,,Q-r2,3,8,8,0,DEMO-o4.4.1-example
B,confirmatory,wave1_position,all,Q,,Q-r2,4,8,8,0,DEMO-o4.4.1-example
B,confirmatory,wave1_position,all,Q,,Q-r2,5,8,8,0,DEMO-o4.4.1-example
B,confirmatory,wave1_position,all,Q,,Q-r2,6,8,8,0,DEMO-o4.4.1-example
B,confirmatory,wave1_position,all,Q,,Q-r2,7,8,8,0,DEMO-o4.4.1-example
B,confirmatory,wave1_position,all,Q,,Q-r2,8,8,8,0,DEMO-o4.4.1-example
B,confirmatory,wave2_position,all,K,,K-a3,1,16,16,0,DEMO-o4.4.1-example
B,confirmatory,wave2_position,all,K,,K-a3,2,16,16,0,DEMO-o4.4.1-example
B,confirmatory,wave2_position,all,K,,K-a3,3,16,16,0,DEMO-o4.4.1-example
B,confirmatory,wave2_position,all,K,,K-a3,4,16,16,0,DEMO-o4.4.1-example
B,confirmatory,wave2_position,all,K,,K-r3,1,16,16,0,DEMO-o4.4.1-example
B,confirmatory,wave2_position,all,K,,K-r3,2,16,16,0,DEMO-o4.4.1-example
B,confirmatory,wave2_position,all,K,,K-r3,3,16,16,0,DEMO-o4.4.1-example
B,confirmatory,wave2_position,all,K,,K-r3,4,16,16,0,DEMO-o4.4.1-example
B,confirmatory,wave2_position,all,Q,,Q-a3,1,16,16,0,DEMO-o4.4.1-example
B,confirmatory,wave2_position,all,Q,,Q-a3,2,16,16,0,DEMO-o4.4.1-example
B,confirmatory,wave2_position,all,Q,,Q-a3,3,16,16,0,DEMO-o4.4.1-example
B,confirmatory,wave2_position,all,Q,,Q-a3,4,16,16,0,DEMO-o4.4.1-example
B,confirmatory,wave2_position,all,Q,,Q-r3,1,16,16,0,DEMO-o4.4.1-example
B,confirmatory,wave2_position,all,Q,,Q-r3,2,16,16,0,DEMO-o4.4.1-example
B,confirmatory,wave2_position,all,Q,,Q-r3,3,16,16,0,DEMO-o4.4.1-example
B,confirmatory,wave2_position,all,Q,,Q-r3,4,16,16,0,DEMO-o4.4.1-example
B,confirmatory,wave3_position,all,K,,K-a4,1,16,16,0,DEMO-o4.4.1-example
B,confirmatory,wave3_position,all,K,,K-a4,2,16,16,0,DEMO-o4.4.1-example
B,confirmatory,wave3_position,all,K,,K-a4,3,16,16,0,DEMO-o4.4.1-example
B,confirmatory,wave3_position,all,K,,K-a4,4,16,16,0,DEMO-o4.4.1-example
B,confirmatory,wave3_position,all,K,,K-r4,1,16,16,0,DEMO-o4.4.1-example
B,confirmatory,wave3_position,all,K,,K-r4,2,16,16,0,DEMO-o4.4.1-example
B,confirmatory,wave3_position,all,K,,K-r4,3,16,16,0,DEMO-o4.4.1-example
B,confirmatory,wave3_position,all,K,,K-r4,4,16,16,0,DEMO-o4.4.1-example
B,confirmatory,wave3_position,all,Q,,Q-a4,1,16,16,0,DEMO-o4.4.1-example
B,confirmatory,wave3_position,all,Q,,Q-a4,2,16,16,0,DEMO-o4.4.1-example
B,confirmatory,wave3_position,all,Q,,Q-a4,3,16,16,0,DEMO-o4.4.1-example
B,confirmatory,wave3_position,all,Q,,Q-a4,4,16,16,0,DEMO-o4.4.1-example
B,confirmatory,wave3_position,all,Q,,Q-r4,1,16,16,0,DEMO-o4.4.1-example
B,confirmatory,wave3_position,all,Q,,Q-r4,2,16,16,0,DEMO-o4.4.1-example
B,confirmatory,wave3_position,all,Q,,Q-r4,3,16,16,0,DEMO-o4.4.1-example
B,confirmatory,wave3_position,all,Q,,Q-r4,4,16,16,0,DEMO-o4.4.1-example
B,confirmatory,message_cell,all,K,,ADD_ONE+A,a1-r1,4,4,0,DEMO-o4.4.1-example
B,confirmatory,message_cell,all,K,,ADD_ONE+A,a1-r2,4,4,0,DEMO-o4.4.1-example
B,confirmatory,message_cell,all,K,,ADD_ONE+A,a1-r3,4,4,0,DEMO-o4.4.1-example
B,confirmatory,message_cell,all,K,,ADD_ONE+A,a1-r4,4,4,0,DEMO-o4.4.1-example
B,confirmatory,message_cell,all,K,,ADD_ONE+A,a2-r1,4,4,0,DEMO-o4.4.1-example
B,confirmatory,message_cell,all,K,,ADD_ONE+A,a2-r2,4,4,0,DEMO-o4.4.1-example
B,confirmatory,message_cell,all,K,,ADD_ONE+A,a2-r3,4,4,0,DEMO-o4.4.1-example
B,confirmatory,message_cell,all,K,,ADD_ONE+A,a2-r4,4,4,0,DEMO-o4.4.1-example
B,confirmatory,message_cell,all,K,,ADD_ONE+A,a3-r1,4,4,0,DEMO-o4.4.1-example
B,confirmatory,message_cell,all,K,,ADD_ONE+A,a3-r2,4,4,0,DEMO-o4.4.1-example
B,confirmatory,message_cell,all,K,,ADD_ONE+A,a3-r3,4,4,0,DEMO-o4.4.1-example
B,confirmatory,message_cell,all,K,,ADD_ONE+A,a3-r4,4,4,0,DEMO-o4.4.1-example
B,confirmatory,message_cell,all,K,,ADD_ONE+A,a4-r1,4,4,0,DEMO-o4.4.1-example
B,confirmatory,message_cell,all,K,,ADD_ONE+A,a4-r2,4,4,0,DEMO-o4.4.1-example
B,confirmatory,message_cell,all,K,,ADD_ONE+A,a4-r3,4,4,0,DEMO-o4.4.1-example
B,confirmatory,message_cell,all,K,,ADD_ONE+A,a4-r4,4,4,0,DEMO-o4.4.1-example
B,confirmatory,message_cell,all,K,,ADD_ONE+B,a1-r1,4,4,0,DEMO-o4.4.1-example
B,confirmatory,message_cell,all,K,,ADD_ONE+B,a1-r2,4,4,0,DEMO-o4.4.1-example
B,confirmatory,message_cell,all,K,,ADD_ONE+B,a1-r3,4,4,0,DEMO-o4.4.1-example
B,confirmatory,message_cell,all,K,,ADD_ONE+B,a1-r4,4,4,0,DEMO-o4.4.1-example
B,confirmatory,message_cell,all,K,,ADD_ONE+B,a2-r1,4,4,0,DEMO-o4.4.1-example
B,confirmatory,message_cell,all,K,,ADD_ONE+B,a2-r2,4,4,0,DEMO-o4.4.1-example
B,confirmatory,message_cell,all,K,,ADD_ONE+B,a2-r3,4,4,0,DEMO-o4.4.1-example
B,confirmatory,message_cell,all,K,,ADD_ONE+B,a2-r4,4,4,0,DEMO-o4.4.1-example
B,confirmatory,message_cell,all,K,,ADD_ONE+B,a3-r1,4,4,0,DEMO-o4.4.1-example
B,confirmatory,message_cell,all,K,,ADD_ONE+B,a3-r2,4,4,0,DEMO-o4.4.1-example
B,confirmatory,message_cell,all,K,,ADD_ONE+B,a3-r3,4,4,0,DEMO-o4.4.1-example
B,confirmatory,message_cell,all,K,,ADD_ONE+B,a3-r4,4,4,0,DEMO-o4.4.1-example
B,confirmatory,message_cell,all,K,,ADD_ONE+B,a4-r1,4,4,0,DEMO-o4.4.1-example
B,confirmatory,message_cell,all,K,,ADD_ONE+B,a4-r2,4,4,0,DEMO-o4.4.1-example
B,confirmatory,message_cell,all,K,,ADD_ONE+B,a4-r3,4,4,0,DEMO-o4.4.1-example
B,confirmatory,message_cell,all,K,,ADD_ONE+B,a4-r4,4,4,0,DEMO-o4.4.1-example
B,confirmatory,message_cell,all,K,,ADD_ONE+C,a1-r1,4,4,0,DEMO-o4.4.1-example
B,confirmatory,message_cell,all,K,,ADD_ONE+C,a1-r2,4,4,0,DEMO-o4.4.1-example
B,confirmatory,message_cell,all,K,,ADD_ONE+C,a1-r3,4,4,0,DEMO-o4.4.1-example
B,confirmatory,message_cell,all,K,,ADD_ONE+C,a1-r4,4,4,0,DEMO-o4.4.1-example
B,confirmatory,message_cell,all,K,,ADD_ONE+C,a2-r1,4,4,0,DEMO-o4.4.1-example
B,confirmatory,message_cell,all,K,,ADD_ONE+C,a2-r2,4,4,0,DEMO-o4.4.1-example
B,confirmatory,message_cell,all,K,,ADD_ONE+C,a2-r3,4,4,0,DEMO-o4.4.1-example
B,confirmatory,message_cell,all,K,,ADD_ONE+C,a2-r4,4,4,0,DEMO-o4.4.1-example
B,confirmatory,message_cell,all,K,,ADD_ONE+C,a3-r1,4,4,0,DEMO-o4.4.1-example
B,confirmatory,message_cell,all,K,,ADD_ONE+C,a3-r2,4,4,0,DEMO-o4.4.1-example
B,confirmatory,message_cell,all,K,,ADD_ONE+C,a3-r3,4,4,0,DEMO-o4.4.1-example
B,confirmatory,message_cell,all,K,,ADD_ONE+C,a3-r4,4,4,0,DEMO-o4.4.1-example
B,confirmatory,message_cell,all,K,,ADD_ONE+C,a4-r1,4,4,0,DEMO-o4.4.1-example
B,confirmatory,message_cell,all,K,,ADD_ONE+C,a4-r2,4,4,0,DEMO-o4.4.1-example
B,confirmatory,message_cell,all,K,,ADD_ONE+C,a4-r3,4,4,0,DEMO-o4.4.1-example
B,confirmatory,message_cell,all,K,,ADD_ONE+C,a4-r4,4,4,0,DEMO-o4.4.1-example
B,confirmatory,message_cell,all,K,,ADD_ONE+D,a1-r1,4,4,0,DEMO-o4.4.1-example
B,confirmatory,message_cell,all,K,,ADD_ONE+D,a1-r2,4,4,0,DEMO-o4.4.1-example
B,confirmatory,message_cell,all,K,,ADD_ONE+D,a1-r3,4,4,0,DEMO-o4.4.1-example
B,confirmatory,message_cell,all,K,,ADD_ONE+D,a1-r4,4,4,0,DEMO-o4.4.1-example
B,confirmatory,message_cell,all,K,,ADD_ONE+D,a2-r1,4,4,0,DEMO-o4.4.1-example
B,confirmatory,message_cell,all,K,,ADD_ONE+D,a2-r2,4,4,0,DEMO-o4.4.1-example
B,confirmatory,message_cell,all,K,,ADD_ONE+D,a2-r3,4,4,0,DEMO-o4.4.1-example
B,confirmatory,message_cell,all,K,,ADD_ONE+D,a2-r4,4,4,0,DEMO-o4.4.1-example
B,confirmatory,message_cell,all,K,,ADD_ONE+D,a3-r1,4,4,0,DEMO-o4.4.1-example
B,confirmatory,message_cell,all,K,,ADD_ONE+D,a3-r2,4,4,0,DEMO-o4.4.1-example
B,confirmatory,message_cell,all,K,,ADD_ONE+D,a3-r3,4,4,0,DEMO-o4.4.1-example
B,confirmatory,message_cell,all,K,,ADD_ONE+D,a3-r4,4,4,0,DEMO-o4.4.1-example
B,confirmatory,message_cell,all,K,,ADD_ONE+D,a4-r1,4,4,0,DEMO-o4.4.1-example
B,confirmatory,message_cell,all,K,,ADD_ONE+D,a4-r2,4,4,0,DEMO-o4.4.1-example
B,confirmatory,message_cell,all,K,,ADD_ONE+D,a4-r3,4,4,0,DEMO-o4.4.1-example
B,confirmatory,message_cell,all,K,,ADD_ONE+D,a4-r4,4,4,0,DEMO-o4.4.1-example
B,confirmatory,message_cell,all,K,,REMOVE_ONE+A,a1-r1,4,4,0,DEMO-o4.4.1-example
B,confirmatory,message_cell,all,K,,REMOVE_ONE+A,a1-r2,4,4,0,DEMO-o4.4.1-example
B,confirmatory,message_cell,all,K,,REMOVE_ONE+A,a1-r3,4,4,0,DEMO-o4.4.1-example
B,confirmatory,message_cell,all,K,,REMOVE_ONE+A,a1-r4,4,4,0,DEMO-o4.4.1-example
B,confirmatory,message_cell,all,K,,REMOVE_ONE+A,a2-r1,4,4,0,DEMO-o4.4.1-example
B,confirmatory,message_cell,all,K,,REMOVE_ONE+A,a2-r2,4,4,0,DEMO-o4.4.1-example
B,confirmatory,message_cell,all,K,,REMOVE_ONE+A,a2-r3,4,4,0,DEMO-o4.4.1-example
B,confirmatory,message_cell,all,K,,REMOVE_ONE+A,a2-r4,4,4,0,DEMO-o4.4.1-example
B,confirmatory,message_cell,all,K,,REMOVE_ONE+A,a3-r1,4,4,0,DEMO-o4.4.1-example
B,confirmatory,message_cell,all,K,,REMOVE_ONE+A,a3-r2,4,4,0,DEMO-o4.4.1-example
B,confirmatory,message_cell,all,K,,REMOVE_ONE+A,a3-r3,4,4,0,DEMO-o4.4.1-example
B,confirmatory,message_cell,all,K,,REMOVE_ONE+A,a3-r4,4,4,0,DEMO-o4.4.1-example
B,confirmatory,message_cell,all,K,,REMOVE_ONE+A,a4-r1,4,4,0,DEMO-o4.4.1-example
B,confirmatory,message_cell,all,K,,REMOVE_ONE+A,a4-r2,4,4,0,DEMO-o4.4.1-example
B,confirmatory,message_cell,all,K,,REMOVE_ONE+A,a4-r3,4,4,0,DEMO-o4.4.1-example
B,confirmatory,message_cell,all,K,,REMOVE_ONE+A,a4-r4,4,4,0,DEMO-o4.4.1-example
B,confirmatory,message_cell,all,K,,REMOVE_ONE+B,a1-r1,4,4,0,DEMO-o4.4.1-example
B,confirmatory,message_cell,all,K,,REMOVE_ONE+B,a1-r2,4,4,0,DEMO-o4.4.1-example
B,confirmatory,message_cell,all,K,,REMOVE_ONE+B,a1-r3,4,4,0,DEMO-o4.4.1-example
B,confirmatory,message_cell,all,K,,REMOVE_ONE+B,a1-r4,4,4,0,DEMO-o4.4.1-example
B,confirmatory,message_cell,all,K,,REMOVE_ONE+B,a2-r1,4,4,0,DEMO-o4.4.1-example
B,confirmatory,message_cell,all,K,,REMOVE_ONE+B,a2-r2,4,4,0,DEMO-o4.4.1-example
B,confirmatory,message_cell,all,K,,REMOVE_ONE+B,a2-r3,4,4,0,DEMO-o4.4.1-example
B,confirmatory,message_cell,all,K,,REMOVE_ONE+B,a2-r4,4,4,0,DEMO-o4.4.1-example
B,confirmatory,message_cell,all,K,,REMOVE_ONE+B,a3-r1,4,4,0,DEMO-o4.4.1-example
B,confirmatory,message_cell,all,K,,REMOVE_ONE+B,a3-r2,4,4,0,DEMO-o4.4.1-example
B,confirmatory,message_cell,all,K,,REMOVE_ONE+B,a3-r3,4,4,0,DEMO-o4.4.1-example
B,confirmatory,message_cell,all,K,,REMOVE_ONE+B,a3-r4,4,4,0,DEMO-o4.4.1-example
B,confirmatory,message_cell,all,K,,REMOVE_ONE+B,a4-r1,4,4,0,DEMO-o4.4.1-example
B,confirmatory,message_cell,all,K,,REMOVE_ONE+B,a4-r2,4,4,0,DEMO-o4.4.1-example
B,confirmatory,message_cell,all,K,,REMOVE_ONE+B,a4-r3,4,4,0,DEMO-o4.4.1-example
B,confirmatory,message_cell,all,K,,REMOVE_ONE+B,a4-r4,4,4,0,DEMO-o4.4.1-example
B,confirmatory,message_cell,all,K,,REMOVE_ONE+C,a1-r1,4,4,0,DEMO-o4.4.1-example
B,confirmatory,message_cell,all,K,,REMOVE_ONE+C,a1-r2,4,4,0,DEMO-o4.4.1-example
B,confirmatory,message_cell,all,K,,REMOVE_ONE+C,a1-r3,4,4,0,DEMO-o4.4.1-example
B,confirmatory,message_cell,all,K,,REMOVE_ONE+C,a1-r4,4,4,0,DEMO-o4.4.1-example
B,confirmatory,message_cell,all,K,,REMOVE_ONE+C,a2-r1,4,4,0,DEMO-o4.4.1-example
B,confirmatory,message_cell,all,K,,REMOVE_ONE+C,a2-r2,4,4,0,DEMO-o4.4.1-example
B,confirmatory,message_cell,all,K,,REMOVE_ONE+C,a2-r3,4,4,0,DEMO-o4.4.1-example
B,confirmatory,message_cell,all,K,,REMOVE_ONE+C,a2-r4,4,4,0,DEMO-o4.4.1-example
B,confirmatory,message_cell,all,K,,REMOVE_ONE+C,a3-r1,4,4,0,DEMO-o4.4.1-example
B,confirmatory,message_cell,all,K,,REMOVE_ONE+C,a3-r2,4,4,0,DEMO-o4.4.1-example
B,confirmatory,message_cell,all,K,,REMOVE_ONE+C,a3-r3,4,4,0,DEMO-o4.4.1-example
B,confirmatory,message_cell,all,K,,REMOVE_ONE+C,a3-r4,4,4,0,DEMO-o4.4.1-example
B,confirmatory,message_cell,all,K,,REMOVE_ONE+C,a4-r1,4,4,0,DEMO-o4.4.1-example
B,confirmatory,message_cell,all,K,,REMOVE_ONE+C,a4-r2,4,4,0,DEMO-o4.4.1-example
B,confirmatory,message_cell,all,K,,REMOVE_ONE+C,a4-r3,4,4,0,DEMO-o4.4.1-example
B,confirmatory,message_cell,all,K,,REMOVE_ONE+C,a4-r4,4,4,0,DEMO-o4.4.1-example
B,confirmatory,message_cell,all,K,,REMOVE_ONE+D,a1-r1,4,4,0,DEMO-o4.4.1-example
B,confirmatory,message_cell,all,K,,REMOVE_ONE+D,a1-r2,4,4,0,DEMO-o4.4.1-example
B,confirmatory,message_cell,all,K,,REMOVE_ONE+D,a1-r3,4,4,0,DEMO-o4.4.1-example
B,confirmatory,message_cell,all,K,,REMOVE_ONE+D,a1-r4,4,4,0,DEMO-o4.4.1-example
B,confirmatory,message_cell,all,K,,REMOVE_ONE+D,a2-r1,4,4,0,DEMO-o4.4.1-example
B,confirmatory,message_cell,all,K,,REMOVE_ONE+D,a2-r2,4,4,0,DEMO-o4.4.1-example
B,confirmatory,message_cell,all,K,,REMOVE_ONE+D,a2-r3,4,4,0,DEMO-o4.4.1-example
B,confirmatory,message_cell,all,K,,REMOVE_ONE+D,a2-r4,4,4,0,DEMO-o4.4.1-example
B,confirmatory,message_cell,all,K,,REMOVE_ONE+D,a3-r1,4,4,0,DEMO-o4.4.1-example
B,confirmatory,message_cell,all,K,,REMOVE_ONE+D,a3-r2,4,4,0,DEMO-o4.4.1-example
B,confirmatory,message_cell,all,K,,REMOVE_ONE+D,a3-r3,4,4,0,DEMO-o4.4.1-example
B,confirmatory,message_cell,all,K,,REMOVE_ONE+D,a3-r4,4,4,0,DEMO-o4.4.1-example
B,confirmatory,message_cell,all,K,,REMOVE_ONE+D,a4-r1,4,4,0,DEMO-o4.4.1-example
B,confirmatory,message_cell,all,K,,REMOVE_ONE+D,a4-r2,4,4,0,DEMO-o4.4.1-example
B,confirmatory,message_cell,all,K,,REMOVE_ONE+D,a4-r3,4,4,0,DEMO-o4.4.1-example
B,confirmatory,message_cell,all,K,,REMOVE_ONE+D,a4-r4,4,4,0,DEMO-o4.4.1-example
B,confirmatory,message_cell,all,K,,FLIP_CARD+A,a1-r1,4,4,0,DEMO-o4.4.1-example
B,confirmatory,message_cell,all,K,,FLIP_CARD+A,a1-r2,4,4,0,DEMO-o4.4.1-example
B,confirmatory,message_cell,all,K,,FLIP_CARD+A,a1-r3,4,4,0,DEMO-o4.4.1-example
B,confirmatory,message_cell,all,K,,FLIP_CARD+A,a1-r4,4,4,0,DEMO-o4.4.1-example
B,confirmatory,message_cell,all,K,,FLIP_CARD+A,a2-r1,4,4,0,DEMO-o4.4.1-example
B,confirmatory,message_cell,all,K,,FLIP_CARD+A,a2-r2,4,4,0,DEMO-o4.4.1-example
B,confirmatory,message_cell,all,K,,FLIP_CARD+A,a2-r3,4,4,0,DEMO-o4.4.1-example
B,confirmatory,message_cell,all,K,,FLIP_CARD+A,a2-r4,4,4,0,DEMO-o4.4.1-example
B,confirmatory,message_cell,all,K,,FLIP_CARD+A,a3-r1,4,4,0,DEMO-o4.4.1-example
B,confirmatory,message_cell,all,K,,FLIP_CARD+A,a3-r2,4,4,0,DEMO-o4.4.1-example
B,confirmatory,message_cell,all,K,,FLIP_CARD+A,a3-r3,4,4,0,DEMO-o4.4.1-example
B,confirmatory,message_cell,all,K,,FLIP_CARD+A,a3-r4,4,4,0,DEMO-o4.4.1-example
B,confirmatory,message_cell,all,K,,FLIP_CARD+A,a4-r1,4,4,0,DEMO-o4.4.1-example
B,confirmatory,message_cell,all,K,,FLIP_CARD+A,a4-r2,4,4,0,DEMO-o4.4.1-example
B,confirmatory,message_cell,all,K,,FLIP_CARD+A,a4-r3,4,4,0,DEMO-o4.4.1-example
B,confirmatory,message_cell,all,K,,FLIP_CARD+A,a4-r4,4,4,0,DEMO-o4.4.1-example
B,confirmatory,message_cell,all,K,,FLIP_CARD+B,a1-r1,4,4,0,DEMO-o4.4.1-example
B,confirmatory,message_cell,all,K,,FLIP_CARD+B,a1-r2,4,4,0,DEMO-o4.4.1-example
B,confirmatory,message_cell,all,K,,FLIP_CARD+B,a1-r3,4,4,0,DEMO-o4.4.1-example
B,confirmatory,message_cell,all,K,,FLIP_CARD+B,a1-r4,4,4,0,DEMO-o4.4.1-example
B,confirmatory,message_cell,all,K,,FLIP_CARD+B,a2-r1,4,4,0,DEMO-o4.4.1-example
B,confirmatory,message_cell,all,K,,FLIP_CARD+B,a2-r2,4,4,0,DEMO-o4.4.1-example
B,confirmatory,message_cell,all,K,,FLIP_CARD+B,a2-r3,4,4,0,DEMO-o4.4.1-example
B,confirmatory,message_cell,all,K,,FLIP_CARD+B,a2-r4,4,4,0,DEMO-o4.4.1-example
B,confirmatory,message_cell,all,K,,FLIP_CARD+B,a3-r1,4,4,0,DEMO-o4.4.1-example
B,confirmatory,message_cell,all,K,,FLIP_CARD+B,a3-r2,4,4,0,DEMO-o4.4.1-example
B,confirmatory,message_cell,all,K,,FLIP_CARD+B,a3-r3,4,4,0,DEMO-o4.4.1-example
B,confirmatory,message_cell,all,K,,FLIP_CARD+B,a3-r4,4,4,0,DEMO-o4.4.1-example
B,confirmatory,message_cell,all,K,,FLIP_CARD+B,a4-r1,4,4,0,DEMO-o4.4.1-example
B,confirmatory,message_cell,all,K,,FLIP_CARD+B,a4-r2,4,4,0,DEMO-o4.4.1-example
B,confirmatory,message_cell,all,K,,FLIP_CARD+B,a4-r3,4,4,0,DEMO-o4.4.1-example
B,confirmatory,message_cell,all,K,,FLIP_CARD+B,a4-r4,4,4,0,DEMO-o4.4.1-example
B,confirmatory,message_cell,all,K,,FLIP_CARD+C,a1-r1,4,4,0,DEMO-o4.4.1-example
B,confirmatory,message_cell,all,K,,FLIP_CARD+C,a1-r2,4,4,0,DEMO-o4.4.1-example
B,confirmatory,message_cell,all,K,,FLIP_CARD+C,a1-r3,4,4,0,DEMO-o4.4.1-example
B,confirmatory,message_cell,all,K,,FLIP_CARD+C,a1-r4,4,4,0,DEMO-o4.4.1-example
B,confirmatory,message_cell,all,K,,FLIP_CARD+C,a2-r1,4,4,0,DEMO-o4.4.1-example
B,confirmatory,message_cell,all,K,,FLIP_CARD+C,a2-r2,4,4,0,DEMO-o4.4.1-example
B,confirmatory,message_cell,all,K,,FLIP_CARD+C,a2-r3,4,4,0,DEMO-o4.4.1-example
B,confirmatory,message_cell,all,K,,FLIP_CARD+C,a2-r4,4,4,0,DEMO-o4.4.1-example
B,confirmatory,message_cell,all,K,,FLIP_CARD+C,a3-r1,4,4,0,DEMO-o4.4.1-example
B,confirmatory,message_cell,all,K,,FLIP_CARD+C,a3-r2,4,4,0,DEMO-o4.4.1-example
B,confirmatory,message_cell,all,K,,FLIP_CARD+C,a3-r3,4,4,0,DEMO-o4.4.1-example
B,confirmatory,message_cell,all,K,,FLIP_CARD+C,a3-r4,4,4,0,DEMO-o4.4.1-example
B,confirmatory,message_cell,all,K,,FLIP_CARD+C,a4-r1,4,4,0,DEMO-o4.4.1-example
B,confirmatory,message_cell,all,K,,FLIP_CARD+C,a4-r2,4,4,0,DEMO-o4.4.1-example
B,confirmatory,message_cell,all,K,,FLIP_CARD+C,a4-r3,4,4,0,DEMO-o4.4.1-example
B,confirmatory,message_cell,all,K,,FLIP_CARD+C,a4-r4,4,4,0,DEMO-o4.4.1-example
B,confirmatory,message_cell,all,K,,FLIP_CARD+D,a1-r1,4,4,0,DEMO-o4.4.1-example
B,confirmatory,message_cell,all,K,,FLIP_CARD+D,a1-r2,4,4,0,DEMO-o4.4.1-example
B,confirmatory,message_cell,all,K,,FLIP_CARD+D,a1-r3,4,4,0,DEMO-o4.4.1-example
B,confirmatory,message_cell,all,K,,FLIP_CARD+D,a1-r4,4,4,0,DEMO-o4.4.1-example
B,confirmatory,message_cell,all,K,,FLIP_CARD+D,a2-r1,4,4,0,DEMO-o4.4.1-example
B,confirmatory,message_cell,all,K,,FLIP_CARD+D,a2-r2,4,4,0,DEMO-o4.4.1-example
B,confirmatory,message_cell,all,K,,FLIP_CARD+D,a2-r3,4,4,0,DEMO-o4.4.1-example
B,confirmatory,message_cell,all,K,,FLIP_CARD+D,a2-r4,4,4,0,DEMO-o4.4.1-example
B,confirmatory,message_cell,all,K,,FLIP_CARD+D,a3-r1,4,4,0,DEMO-o4.4.1-example
B,confirmatory,message_cell,all,K,,FLIP_CARD+D,a3-r2,4,4,0,DEMO-o4.4.1-example
B,confirmatory,message_cell,all,K,,FLIP_CARD+D,a3-r3,4,4,0,DEMO-o4.4.1-example
B,confirmatory,message_cell,all,K,,FLIP_CARD+D,a3-r4,4,4,0,DEMO-o4.4.1-example
B,confirmatory,message_cell,all,K,,FLIP_CARD+D,a4-r1,4,4,0,DEMO-o4.4.1-example
B,confirmatory,message_cell,all,K,,FLIP_CARD+D,a4-r2,4,4,0,DEMO-o4.4.1-example
B,confirmatory,message_cell,all,K,,FLIP_CARD+D,a4-r3,4,4,0,DEMO-o4.4.1-example
B,confirmatory,message_cell,all,K,,FLIP_CARD+D,a4-r4,4,4,0,DEMO-o4.4.1-example
B,confirmatory,message_cell,all,K,,ALIGN_ARROW+A,a1-r1,4,4,0,DEMO-o4.4.1-example
B,confirmatory,message_cell,all,K,,ALIGN_ARROW+A,a1-r2,4,4,0,DEMO-o4.4.1-example
B,confirmatory,message_cell,all,K,,ALIGN_ARROW+A,a1-r3,4,4,0,DEMO-o4.4.1-example
B,confirmatory,message_cell,all,K,,ALIGN_ARROW+A,a1-r4,4,4,0,DEMO-o4.4.1-example
B,confirmatory,message_cell,all,K,,ALIGN_ARROW+A,a2-r1,4,4,0,DEMO-o4.4.1-example
B,confirmatory,message_cell,all,K,,ALIGN_ARROW+A,a2-r2,4,4,0,DEMO-o4.4.1-example
B,confirmatory,message_cell,all,K,,ALIGN_ARROW+A,a2-r3,4,4,0,DEMO-o4.4.1-example
B,confirmatory,message_cell,all,K,,ALIGN_ARROW+A,a2-r4,4,4,0,DEMO-o4.4.1-example
B,confirmatory,message_cell,all,K,,ALIGN_ARROW+A,a3-r1,4,4,0,DEMO-o4.4.1-example
B,confirmatory,message_cell,all,K,,ALIGN_ARROW+A,a3-r2,4,4,0,DEMO-o4.4.1-example
B,confirmatory,message_cell,all,K,,ALIGN_ARROW+A,a3-r3,4,4,0,DEMO-o4.4.1-example
B,confirmatory,message_cell,all,K,,ALIGN_ARROW+A,a3-r4,4,4,0,DEMO-o4.4.1-example
B,confirmatory,message_cell,all,K,,ALIGN_ARROW+A,a4-r1,4,4,0,DEMO-o4.4.1-example
B,confirmatory,message_cell,all,K,,ALIGN_ARROW+A,a4-r2,4,4,0,DEMO-o4.4.1-example
B,confirmatory,message_cell,all,K,,ALIGN_ARROW+A,a4-r3,4,4,0,DEMO-o4.4.1-example
B,confirmatory,message_cell,all,K,,ALIGN_ARROW+A,a4-r4,4,4,0,DEMO-o4.4.1-example
B,confirmatory,message_cell,all,K,,ALIGN_ARROW+B,a1-r1,4,4,0,DEMO-o4.4.1-example
B,confirmatory,message_cell,all,K,,ALIGN_ARROW+B,a1-r2,4,4,0,DEMO-o4.4.1-example
B,confirmatory,message_cell,all,K,,ALIGN_ARROW+B,a1-r3,4,4,0,DEMO-o4.4.1-example
B,confirmatory,message_cell,all,K,,ALIGN_ARROW+B,a1-r4,4,4,0,DEMO-o4.4.1-example
B,confirmatory,message_cell,all,K,,ALIGN_ARROW+B,a2-r1,4,4,0,DEMO-o4.4.1-example
B,confirmatory,message_cell,all,K,,ALIGN_ARROW+B,a2-r2,4,4,0,DEMO-o4.4.1-example
B,confirmatory,message_cell,all,K,,ALIGN_ARROW+B,a2-r3,4,4,0,DEMO-o4.4.1-example
B,confirmatory,message_cell,all,K,,ALIGN_ARROW+B,a2-r4,4,4,0,DEMO-o4.4.1-example
B,confirmatory,message_cell,all,K,,ALIGN_ARROW+B,a3-r1,4,4,0,DEMO-o4.4.1-example
B,confirmatory,message_cell,all,K,,ALIGN_ARROW+B,a3-r2,4,4,0,DEMO-o4.4.1-example
B,confirmatory,message_cell,all,K,,ALIGN_ARROW+B,a3-r3,4,4,0,DEMO-o4.4.1-example
B,confirmatory,message_cell,all,K,,ALIGN_ARROW+B,a3-r4,4,4,0,DEMO-o4.4.1-example
B,confirmatory,message_cell,all,K,,ALIGN_ARROW+B,a4-r1,4,4,0,DEMO-o4.4.1-example
B,confirmatory,message_cell,all,K,,ALIGN_ARROW+B,a4-r2,4,4,0,DEMO-o4.4.1-example
B,confirmatory,message_cell,all,K,,ALIGN_ARROW+B,a4-r3,4,4,0,DEMO-o4.4.1-example
B,confirmatory,message_cell,all,K,,ALIGN_ARROW+B,a4-r4,4,4,0,DEMO-o4.4.1-example
B,confirmatory,message_cell,all,K,,ALIGN_ARROW+C,a1-r1,4,4,0,DEMO-o4.4.1-example
B,confirmatory,message_cell,all,K,,ALIGN_ARROW+C,a1-r2,4,4,0,DEMO-o4.4.1-example
B,confirmatory,message_cell,all,K,,ALIGN_ARROW+C,a1-r3,4,4,0,DEMO-o4.4.1-example
B,confirmatory,message_cell,all,K,,ALIGN_ARROW+C,a1-r4,4,4,0,DEMO-o4.4.1-example
B,confirmatory,message_cell,all,K,,ALIGN_ARROW+C,a2-r1,4,4,0,DEMO-o4.4.1-example
B,confirmatory,message_cell,all,K,,ALIGN_ARROW+C,a2-r2,4,4,0,DEMO-o4.4.1-example
B,confirmatory,message_cell,all,K,,ALIGN_ARROW+C,a2-r3,4,4,0,DEMO-o4.4.1-example
B,confirmatory,message_cell,all,K,,ALIGN_ARROW+C,a2-r4,4,4,0,DEMO-o4.4.1-example
B,confirmatory,message_cell,all,K,,ALIGN_ARROW+C,a3-r1,4,4,0,DEMO-o4.4.1-example
B,confirmatory,message_cell,all,K,,ALIGN_ARROW+C,a3-r2,4,4,0,DEMO-o4.4.1-example
B,confirmatory,message_cell,all,K,,ALIGN_ARROW+C,a3-r3,4,4,0,DEMO-o4.4.1-example
B,confirmatory,message_cell,all,K,,ALIGN_ARROW+C,a3-r4,4,4,0,DEMO-o4.4.1-example
B,confirmatory,message_cell,all,K,,ALIGN_ARROW+C,a4-r1,4,4,0,DEMO-o4.4.1-example
B,confirmatory,message_cell,all,K,,ALIGN_ARROW+C,a4-r2,4,4,0,DEMO-o4.4.1-example
B,confirmatory,message_cell,all,K,,ALIGN_ARROW+C,a4-r3,4,4,0,DEMO-o4.4.1-example
B,confirmatory,message_cell,all,K,,ALIGN_ARROW+C,a4-r4,4,4,0,DEMO-o4.4.1-example
B,confirmatory,message_cell,all,K,,ALIGN_ARROW+D,a1-r1,4,4,0,DEMO-o4.4.1-example
B,confirmatory,message_cell,all,K,,ALIGN_ARROW+D,a1-r2,4,4,0,DEMO-o4.4.1-example
B,confirmatory,message_cell,all,K,,ALIGN_ARROW+D,a1-r3,4,4,0,DEMO-o4.4.1-example
B,confirmatory,message_cell,all,K,,ALIGN_ARROW+D,a1-r4,4,4,0,DEMO-o4.4.1-example
B,confirmatory,message_cell,all,K,,ALIGN_ARROW+D,a2-r1,4,4,0,DEMO-o4.4.1-example
B,confirmatory,message_cell,all,K,,ALIGN_ARROW+D,a2-r2,4,4,0,DEMO-o4.4.1-example
B,confirmatory,message_cell,all,K,,ALIGN_ARROW+D,a2-r3,4,4,0,DEMO-o4.4.1-example
B,confirmatory,message_cell,all,K,,ALIGN_ARROW+D,a2-r4,4,4,0,DEMO-o4.4.1-example
B,confirmatory,message_cell,all,K,,ALIGN_ARROW+D,a3-r1,4,4,0,DEMO-o4.4.1-example
B,confirmatory,message_cell,all,K,,ALIGN_ARROW+D,a3-r2,4,4,0,DEMO-o4.4.1-example
B,confirmatory,message_cell,all,K,,ALIGN_ARROW+D,a3-r3,4,4,0,DEMO-o4.4.1-example
B,confirmatory,message_cell,all,K,,ALIGN_ARROW+D,a3-r4,4,4,0,DEMO-o4.4.1-example
B,confirmatory,message_cell,all,K,,ALIGN_ARROW+D,a4-r1,4,4,0,DEMO-o4.4.1-example
B,confirmatory,message_cell,all,K,,ALIGN_ARROW+D,a4-r2,4,4,0,DEMO-o4.4.1-example
B,confirmatory,message_cell,all,K,,ALIGN_ARROW+D,a4-r3,4,4,0,DEMO-o4.4.1-example
B,confirmatory,message_cell,all,K,,ALIGN_ARROW+D,a4-r4,4,4,0,DEMO-o4.4.1-example
B,confirmatory,message_heldout,all,K,,ADD_ONE+A,,28,28,0,DEMO-o4.4.1-example
B,confirmatory,message_heldout,all,K,,ADD_ONE+B,,28,28,0,DEMO-o4.4.1-example
B,confirmatory,message_heldout,all,K,,ADD_ONE+C,,28,28,0,DEMO-o4.4.1-example
B,confirmatory,message_heldout,all,K,,ADD_ONE+D,,28,28,0,DEMO-o4.4.1-example
B,confirmatory,message_heldout,all,K,,REMOVE_ONE+A,,28,28,0,DEMO-o4.4.1-example
B,confirmatory,message_heldout,all,K,,REMOVE_ONE+B,,28,28,0,DEMO-o4.4.1-example
B,confirmatory,message_heldout,all,K,,REMOVE_ONE+C,,28,28,0,DEMO-o4.4.1-example
B,confirmatory,message_heldout,all,K,,REMOVE_ONE+D,,28,28,0,DEMO-o4.4.1-example
B,confirmatory,message_heldout,all,K,,FLIP_CARD+A,,28,28,0,DEMO-o4.4.1-example
B,confirmatory,message_heldout,all,K,,FLIP_CARD+B,,28,28,0,DEMO-o4.4.1-example
B,confirmatory,message_heldout,all,K,,FLIP_CARD+C,,28,28,0,DEMO-o4.4.1-example
B,confirmatory,message_heldout,all,K,,FLIP_CARD+D,,28,28,0,DEMO-o4.4.1-example
B,confirmatory,message_heldout,all,K,,ALIGN_ARROW+A,,28,28,0,DEMO-o4.4.1-example
B,confirmatory,message_heldout,all,K,,ALIGN_ARROW+B,,28,28,0,DEMO-o4.4.1-example
B,confirmatory,message_heldout,all,K,,ALIGN_ARROW+C,,28,28,0,DEMO-o4.4.1-example
B,confirmatory,message_heldout,all,K,,ALIGN_ARROW+D,,28,28,0,DEMO-o4.4.1-example
B,confirmatory,message_novel,all,K,,ADD_ONE+A,V1,4,4,0,DEMO-o4.4.1-example
B,confirmatory,message_novel,all,K,,ADD_ONE+A,V2,4,4,0,DEMO-o4.4.1-example
B,confirmatory,message_novel,all,K,,ADD_ONE+A,V3,4,4,0,DEMO-o4.4.1-example
B,confirmatory,message_novel,all,K,,ADD_ONE+A,W1,8,8,0,DEMO-o4.4.1-example
B,confirmatory,message_novel,all,K,,ADD_ONE+A,W4,8,8,0,DEMO-o4.4.1-example
B,confirmatory,message_novel,all,K,,ADD_ONE+B,V1,4,4,0,DEMO-o4.4.1-example
B,confirmatory,message_novel,all,K,,ADD_ONE+B,V2,4,4,0,DEMO-o4.4.1-example
B,confirmatory,message_novel,all,K,,ADD_ONE+B,V3,4,4,0,DEMO-o4.4.1-example
B,confirmatory,message_novel,all,K,,ADD_ONE+B,W1,8,8,0,DEMO-o4.4.1-example
B,confirmatory,message_novel,all,K,,ADD_ONE+B,W4,8,8,0,DEMO-o4.4.1-example
B,confirmatory,message_novel,all,K,,ADD_ONE+C,V1,4,4,0,DEMO-o4.4.1-example
B,confirmatory,message_novel,all,K,,ADD_ONE+C,V2,4,4,0,DEMO-o4.4.1-example
B,confirmatory,message_novel,all,K,,ADD_ONE+C,V3,4,4,0,DEMO-o4.4.1-example
B,confirmatory,message_novel,all,K,,ADD_ONE+C,W1,8,8,0,DEMO-o4.4.1-example
B,confirmatory,message_novel,all,K,,ADD_ONE+C,W4,8,8,0,DEMO-o4.4.1-example
B,confirmatory,message_novel,all,K,,ADD_ONE+D,V1,4,4,0,DEMO-o4.4.1-example
B,confirmatory,message_novel,all,K,,ADD_ONE+D,V2,4,4,0,DEMO-o4.4.1-example
B,confirmatory,message_novel,all,K,,ADD_ONE+D,V3,4,4,0,DEMO-o4.4.1-example
B,confirmatory,message_novel,all,K,,ADD_ONE+D,W1,8,8,0,DEMO-o4.4.1-example
B,confirmatory,message_novel,all,K,,ADD_ONE+D,W4,8,8,0,DEMO-o4.4.1-example
B,confirmatory,message_novel,all,K,,REMOVE_ONE+A,V1,4,4,0,DEMO-o4.4.1-example
B,confirmatory,message_novel,all,K,,REMOVE_ONE+A,V2,4,4,0,DEMO-o4.4.1-example
B,confirmatory,message_novel,all,K,,REMOVE_ONE+A,V3,4,4,0,DEMO-o4.4.1-example
B,confirmatory,message_novel,all,K,,REMOVE_ONE+A,W1,8,8,0,DEMO-o4.4.1-example
B,confirmatory,message_novel,all,K,,REMOVE_ONE+A,W4,8,8,0,DEMO-o4.4.1-example
B,confirmatory,message_novel,all,K,,REMOVE_ONE+B,V1,4,4,0,DEMO-o4.4.1-example
B,confirmatory,message_novel,all,K,,REMOVE_ONE+B,V2,4,4,0,DEMO-o4.4.1-example
B,confirmatory,message_novel,all,K,,REMOVE_ONE+B,V3,4,4,0,DEMO-o4.4.1-example
B,confirmatory,message_novel,all,K,,REMOVE_ONE+B,W1,8,8,0,DEMO-o4.4.1-example
B,confirmatory,message_novel,all,K,,REMOVE_ONE+B,W4,8,8,0,DEMO-o4.4.1-example
B,confirmatory,message_novel,all,K,,REMOVE_ONE+C,V1,4,4,0,DEMO-o4.4.1-example
B,confirmatory,message_novel,all,K,,REMOVE_ONE+C,V2,4,4,0,DEMO-o4.4.1-example
B,confirmatory,message_novel,all,K,,REMOVE_ONE+C,V3,4,4,0,DEMO-o4.4.1-example
B,confirmatory,message_novel,all,K,,REMOVE_ONE+C,W1,8,8,0,DEMO-o4.4.1-example
B,confirmatory,message_novel,all,K,,REMOVE_ONE+C,W4,8,8,0,DEMO-o4.4.1-example
B,confirmatory,message_novel,all,K,,REMOVE_ONE+D,V1,4,4,0,DEMO-o4.4.1-example
B,confirmatory,message_novel,all,K,,REMOVE_ONE+D,V2,4,4,0,DEMO-o4.4.1-example
B,confirmatory,message_novel,all,K,,REMOVE_ONE+D,V3,4,4,0,DEMO-o4.4.1-example
B,confirmatory,message_novel,all,K,,REMOVE_ONE+D,W1,8,8,0,DEMO-o4.4.1-example
B,confirmatory,message_novel,all,K,,REMOVE_ONE+D,W4,8,8,0,DEMO-o4.4.1-example
B,confirmatory,message_novel,all,K,,FLIP_CARD+A,V1,4,4,0,DEMO-o4.4.1-example
B,confirmatory,message_novel,all,K,,FLIP_CARD+A,V2,4,4,0,DEMO-o4.4.1-example
B,confirmatory,message_novel,all,K,,FLIP_CARD+A,V3,4,4,0,DEMO-o4.4.1-example
B,confirmatory,message_novel,all,K,,FLIP_CARD+A,W1,8,8,0,DEMO-o4.4.1-example
B,confirmatory,message_novel,all,K,,FLIP_CARD+A,W4,8,8,0,DEMO-o4.4.1-example
B,confirmatory,message_novel,all,K,,FLIP_CARD+B,V1,4,4,0,DEMO-o4.4.1-example
B,confirmatory,message_novel,all,K,,FLIP_CARD+B,V2,4,4,0,DEMO-o4.4.1-example
B,confirmatory,message_novel,all,K,,FLIP_CARD+B,V3,4,4,0,DEMO-o4.4.1-example
B,confirmatory,message_novel,all,K,,FLIP_CARD+B,W1,8,8,0,DEMO-o4.4.1-example
B,confirmatory,message_novel,all,K,,FLIP_CARD+B,W4,8,8,0,DEMO-o4.4.1-example
B,confirmatory,message_novel,all,K,,FLIP_CARD+C,V1,4,4,0,DEMO-o4.4.1-example
B,confirmatory,message_novel,all,K,,FLIP_CARD+C,V2,4,4,0,DEMO-o4.4.1-example
B,confirmatory,message_novel,all,K,,FLIP_CARD+C,V3,4,4,0,DEMO-o4.4.1-example
B,confirmatory,message_novel,all,K,,FLIP_CARD+C,W1,8,8,0,DEMO-o4.4.1-example
B,confirmatory,message_novel,all,K,,FLIP_CARD+C,W4,8,8,0,DEMO-o4.4.1-example
B,confirmatory,message_novel,all,K,,FLIP_CARD+D,V1,4,4,0,DEMO-o4.4.1-example
B,confirmatory,message_novel,all,K,,FLIP_CARD+D,V2,4,4,0,DEMO-o4.4.1-example
B,confirmatory,message_novel,all,K,,FLIP_CARD+D,V3,4,4,0,DEMO-o4.4.1-example
B,confirmatory,message_novel,all,K,,FLIP_CARD+D,W1,8,8,0,DEMO-o4.4.1-example
B,confirmatory,message_novel,all,K,,FLIP_CARD+D,W4,8,8,0,DEMO-o4.4.1-example
B,confirmatory,message_novel,all,K,,ALIGN_ARROW+A,V1,4,4,0,DEMO-o4.4.1-example
B,confirmatory,message_novel,all,K,,ALIGN_ARROW+A,V2,4,4,0,DEMO-o4.4.1-example
B,confirmatory,message_novel,all,K,,ALIGN_ARROW+A,V3,4,4,0,DEMO-o4.4.1-example
B,confirmatory,message_novel,all,K,,ALIGN_ARROW+A,W1,8,8,0,DEMO-o4.4.1-example
B,confirmatory,message_novel,all,K,,ALIGN_ARROW+A,W4,8,8,0,DEMO-o4.4.1-example
B,confirmatory,message_novel,all,K,,ALIGN_ARROW+B,V1,4,4,0,DEMO-o4.4.1-example
B,confirmatory,message_novel,all,K,,ALIGN_ARROW+B,V2,4,4,0,DEMO-o4.4.1-example
B,confirmatory,message_novel,all,K,,ALIGN_ARROW+B,V3,4,4,0,DEMO-o4.4.1-example
B,confirmatory,message_novel,all,K,,ALIGN_ARROW+B,W1,8,8,0,DEMO-o4.4.1-example
B,confirmatory,message_novel,all,K,,ALIGN_ARROW+B,W4,8,8,0,DEMO-o4.4.1-example
B,confirmatory,message_novel,all,K,,ALIGN_ARROW+C,V1,4,4,0,DEMO-o4.4.1-example
B,confirmatory,message_novel,all,K,,ALIGN_ARROW+C,V2,4,4,0,DEMO-o4.4.1-example
B,confirmatory,message_novel,all,K,,ALIGN_ARROW+C,V3,4,4,0,DEMO-o4.4.1-example
B,confirmatory,message_novel,all,K,,ALIGN_ARROW+C,W1,8,8,0,DEMO-o4.4.1-example
B,confirmatory,message_novel,all,K,,ALIGN_ARROW+C,W4,8,8,0,DEMO-o4.4.1-example
B,confirmatory,message_novel,all,K,,ALIGN_ARROW+D,V1,4,4,0,DEMO-o4.4.1-example
B,confirmatory,message_novel,all,K,,ALIGN_ARROW+D,V2,4,4,0,DEMO-o4.4.1-example
B,confirmatory,message_novel,all,K,,ALIGN_ARROW+D,V3,4,4,0,DEMO-o4.4.1-example
B,confirmatory,message_novel,all,K,,ALIGN_ARROW+D,W1,8,8,0,DEMO-o4.4.1-example
B,confirmatory,message_novel,all,K,,ALIGN_ARROW+D,W4,8,8,0,DEMO-o4.4.1-example
B,confirmatory,message_cell,all,Q,,SCAN+E,a1-r1,4,4,0,DEMO-o4.4.1-example
B,confirmatory,message_cell,all,Q,,SCAN+E,a1-r2,4,4,0,DEMO-o4.4.1-example
B,confirmatory,message_cell,all,Q,,SCAN+E,a1-r3,4,4,0,DEMO-o4.4.1-example
B,confirmatory,message_cell,all,Q,,SCAN+E,a1-r4,4,4,0,DEMO-o4.4.1-example
B,confirmatory,message_cell,all,Q,,SCAN+E,a2-r1,4,4,0,DEMO-o4.4.1-example
B,confirmatory,message_cell,all,Q,,SCAN+E,a2-r2,4,4,0,DEMO-o4.4.1-example
B,confirmatory,message_cell,all,Q,,SCAN+E,a2-r3,4,4,0,DEMO-o4.4.1-example
B,confirmatory,message_cell,all,Q,,SCAN+E,a2-r4,4,4,0,DEMO-o4.4.1-example
B,confirmatory,message_cell,all,Q,,SCAN+E,a3-r1,4,4,0,DEMO-o4.4.1-example
B,confirmatory,message_cell,all,Q,,SCAN+E,a3-r2,4,4,0,DEMO-o4.4.1-example
B,confirmatory,message_cell,all,Q,,SCAN+E,a3-r3,4,4,0,DEMO-o4.4.1-example
B,confirmatory,message_cell,all,Q,,SCAN+E,a3-r4,4,4,0,DEMO-o4.4.1-example
B,confirmatory,message_cell,all,Q,,SCAN+E,a4-r1,4,4,0,DEMO-o4.4.1-example
B,confirmatory,message_cell,all,Q,,SCAN+E,a4-r2,4,4,0,DEMO-o4.4.1-example
B,confirmatory,message_cell,all,Q,,SCAN+E,a4-r3,4,4,0,DEMO-o4.4.1-example
B,confirmatory,message_cell,all,Q,,SCAN+E,a4-r4,4,4,0,DEMO-o4.4.1-example
B,confirmatory,message_cell,all,Q,,SCAN+F,a1-r1,4,4,0,DEMO-o4.4.1-example
B,confirmatory,message_cell,all,Q,,SCAN+F,a1-r2,4,4,0,DEMO-o4.4.1-example
B,confirmatory,message_cell,all,Q,,SCAN+F,a1-r3,4,4,0,DEMO-o4.4.1-example
B,confirmatory,message_cell,all,Q,,SCAN+F,a1-r4,4,4,0,DEMO-o4.4.1-example
B,confirmatory,message_cell,all,Q,,SCAN+F,a2-r1,4,4,0,DEMO-o4.4.1-example
B,confirmatory,message_cell,all,Q,,SCAN+F,a2-r2,4,4,0,DEMO-o4.4.1-example
B,confirmatory,message_cell,all,Q,,SCAN+F,a2-r3,4,4,0,DEMO-o4.4.1-example
B,confirmatory,message_cell,all,Q,,SCAN+F,a2-r4,4,4,0,DEMO-o4.4.1-example
B,confirmatory,message_cell,all,Q,,SCAN+F,a3-r1,4,4,0,DEMO-o4.4.1-example
B,confirmatory,message_cell,all,Q,,SCAN+F,a3-r2,4,4,0,DEMO-o4.4.1-example
B,confirmatory,message_cell,all,Q,,SCAN+F,a3-r3,4,4,0,DEMO-o4.4.1-example
B,confirmatory,message_cell,all,Q,,SCAN+F,a3-r4,4,4,0,DEMO-o4.4.1-example
B,confirmatory,message_cell,all,Q,,SCAN+F,a4-r1,4,4,0,DEMO-o4.4.1-example
B,confirmatory,message_cell,all,Q,,SCAN+F,a4-r2,4,4,0,DEMO-o4.4.1-example
B,confirmatory,message_cell,all,Q,,SCAN+F,a4-r3,4,4,0,DEMO-o4.4.1-example
B,confirmatory,message_cell,all,Q,,SCAN+F,a4-r4,4,4,0,DEMO-o4.4.1-example
B,confirmatory,message_cell,all,Q,,SCAN+G,a1-r1,4,4,0,DEMO-o4.4.1-example
B,confirmatory,message_cell,all,Q,,SCAN+G,a1-r2,4,4,0,DEMO-o4.4.1-example
B,confirmatory,message_cell,all,Q,,SCAN+G,a1-r3,4,4,0,DEMO-o4.4.1-example
B,confirmatory,message_cell,all,Q,,SCAN+G,a1-r4,4,4,0,DEMO-o4.4.1-example
B,confirmatory,message_cell,all,Q,,SCAN+G,a2-r1,4,4,0,DEMO-o4.4.1-example
B,confirmatory,message_cell,all,Q,,SCAN+G,a2-r2,4,4,0,DEMO-o4.4.1-example
B,confirmatory,message_cell,all,Q,,SCAN+G,a2-r3,4,4,0,DEMO-o4.4.1-example
B,confirmatory,message_cell,all,Q,,SCAN+G,a2-r4,4,4,0,DEMO-o4.4.1-example
B,confirmatory,message_cell,all,Q,,SCAN+G,a3-r1,4,4,0,DEMO-o4.4.1-example
B,confirmatory,message_cell,all,Q,,SCAN+G,a3-r2,4,4,0,DEMO-o4.4.1-example
B,confirmatory,message_cell,all,Q,,SCAN+G,a3-r3,4,4,0,DEMO-o4.4.1-example
B,confirmatory,message_cell,all,Q,,SCAN+G,a3-r4,4,4,0,DEMO-o4.4.1-example
B,confirmatory,message_cell,all,Q,,SCAN+G,a4-r1,4,4,0,DEMO-o4.4.1-example
B,confirmatory,message_cell,all,Q,,SCAN+G,a4-r2,4,4,0,DEMO-o4.4.1-example
B,confirmatory,message_cell,all,Q,,SCAN+G,a4-r3,4,4,0,DEMO-o4.4.1-example
B,confirmatory,message_cell,all,Q,,SCAN+G,a4-r4,4,4,0,DEMO-o4.4.1-example
B,confirmatory,message_cell,all,Q,,SCAN+H,a1-r1,4,4,0,DEMO-o4.4.1-example
B,confirmatory,message_cell,all,Q,,SCAN+H,a1-r2,4,4,0,DEMO-o4.4.1-example
B,confirmatory,message_cell,all,Q,,SCAN+H,a1-r3,4,4,0,DEMO-o4.4.1-example
B,confirmatory,message_cell,all,Q,,SCAN+H,a1-r4,4,4,0,DEMO-o4.4.1-example
B,confirmatory,message_cell,all,Q,,SCAN+H,a2-r1,4,4,0,DEMO-o4.4.1-example
B,confirmatory,message_cell,all,Q,,SCAN+H,a2-r2,4,4,0,DEMO-o4.4.1-example
B,confirmatory,message_cell,all,Q,,SCAN+H,a2-r3,4,4,0,DEMO-o4.4.1-example
B,confirmatory,message_cell,all,Q,,SCAN+H,a2-r4,4,4,0,DEMO-o4.4.1-example
B,confirmatory,message_cell,all,Q,,SCAN+H,a3-r1,4,4,0,DEMO-o4.4.1-example
B,confirmatory,message_cell,all,Q,,SCAN+H,a3-r2,4,4,0,DEMO-o4.4.1-example
B,confirmatory,message_cell,all,Q,,SCAN+H,a3-r3,4,4,0,DEMO-o4.4.1-example
B,confirmatory,message_cell,all,Q,,SCAN+H,a3-r4,4,4,0,DEMO-o4.4.1-example
B,confirmatory,message_cell,all,Q,,SCAN+H,a4-r1,4,4,0,DEMO-o4.4.1-example
B,confirmatory,message_cell,all,Q,,SCAN+H,a4-r2,4,4,0,DEMO-o4.4.1-example
B,confirmatory,message_cell,all,Q,,SCAN+H,a4-r3,4,4,0,DEMO-o4.4.1-example
B,confirmatory,message_cell,all,Q,,SCAN+H,a4-r4,4,4,0,DEMO-o4.4.1-example
B,confirmatory,message_cell,all,Q,,TAG+E,a1-r1,4,4,0,DEMO-o4.4.1-example
B,confirmatory,message_cell,all,Q,,TAG+E,a1-r2,4,4,0,DEMO-o4.4.1-example
B,confirmatory,message_cell,all,Q,,TAG+E,a1-r3,4,4,0,DEMO-o4.4.1-example
B,confirmatory,message_cell,all,Q,,TAG+E,a1-r4,4,4,0,DEMO-o4.4.1-example
B,confirmatory,message_cell,all,Q,,TAG+E,a2-r1,4,4,0,DEMO-o4.4.1-example
B,confirmatory,message_cell,all,Q,,TAG+E,a2-r2,4,4,0,DEMO-o4.4.1-example
B,confirmatory,message_cell,all,Q,,TAG+E,a2-r3,4,4,0,DEMO-o4.4.1-example
B,confirmatory,message_cell,all,Q,,TAG+E,a2-r4,4,4,0,DEMO-o4.4.1-example
B,confirmatory,message_cell,all,Q,,TAG+E,a3-r1,4,4,0,DEMO-o4.4.1-example
B,confirmatory,message_cell,all,Q,,TAG+E,a3-r2,4,4,0,DEMO-o4.4.1-example
B,confirmatory,message_cell,all,Q,,TAG+E,a3-r3,4,4,0,DEMO-o4.4.1-example
B,confirmatory,message_cell,all,Q,,TAG+E,a3-r4,4,4,0,DEMO-o4.4.1-example
B,confirmatory,message_cell,all,Q,,TAG+E,a4-r1,4,4,0,DEMO-o4.4.1-example
B,confirmatory,message_cell,all,Q,,TAG+E,a4-r2,4,4,0,DEMO-o4.4.1-example
B,confirmatory,message_cell,all,Q,,TAG+E,a4-r3,4,4,0,DEMO-o4.4.1-example
B,confirmatory,message_cell,all,Q,,TAG+E,a4-r4,4,4,0,DEMO-o4.4.1-example
B,confirmatory,message_cell,all,Q,,TAG+F,a1-r1,4,4,0,DEMO-o4.4.1-example
B,confirmatory,message_cell,all,Q,,TAG+F,a1-r2,4,4,0,DEMO-o4.4.1-example
B,confirmatory,message_cell,all,Q,,TAG+F,a1-r3,4,4,0,DEMO-o4.4.1-example
B,confirmatory,message_cell,all,Q,,TAG+F,a1-r4,4,4,0,DEMO-o4.4.1-example
B,confirmatory,message_cell,all,Q,,TAG+F,a2-r1,4,4,0,DEMO-o4.4.1-example
B,confirmatory,message_cell,all,Q,,TAG+F,a2-r2,4,4,0,DEMO-o4.4.1-example
B,confirmatory,message_cell,all,Q,,TAG+F,a2-r3,4,4,0,DEMO-o4.4.1-example
B,confirmatory,message_cell,all,Q,,TAG+F,a2-r4,4,4,0,DEMO-o4.4.1-example
B,confirmatory,message_cell,all,Q,,TAG+F,a3-r1,4,4,0,DEMO-o4.4.1-example
B,confirmatory,message_cell,all,Q,,TAG+F,a3-r2,4,4,0,DEMO-o4.4.1-example
B,confirmatory,message_cell,all,Q,,TAG+F,a3-r3,4,4,0,DEMO-o4.4.1-example
B,confirmatory,message_cell,all,Q,,TAG+F,a3-r4,4,4,0,DEMO-o4.4.1-example
B,confirmatory,message_cell,all,Q,,TAG+F,a4-r1,4,4,0,DEMO-o4.4.1-example
B,confirmatory,message_cell,all,Q,,TAG+F,a4-r2,4,4,0,DEMO-o4.4.1-example
B,confirmatory,message_cell,all,Q,,TAG+F,a4-r3,4,4,0,DEMO-o4.4.1-example
B,confirmatory,message_cell,all,Q,,TAG+F,a4-r4,4,4,0,DEMO-o4.4.1-example
B,confirmatory,message_cell,all,Q,,TAG+G,a1-r1,4,4,0,DEMO-o4.4.1-example
B,confirmatory,message_cell,all,Q,,TAG+G,a1-r2,4,4,0,DEMO-o4.4.1-example
B,confirmatory,message_cell,all,Q,,TAG+G,a1-r3,4,4,0,DEMO-o4.4.1-example
B,confirmatory,message_cell,all,Q,,TAG+G,a1-r4,4,4,0,DEMO-o4.4.1-example
B,confirmatory,message_cell,all,Q,,TAG+G,a2-r1,4,4,0,DEMO-o4.4.1-example
B,confirmatory,message_cell,all,Q,,TAG+G,a2-r2,4,4,0,DEMO-o4.4.1-example
B,confirmatory,message_cell,all,Q,,TAG+G,a2-r3,4,4,0,DEMO-o4.4.1-example
B,confirmatory,message_cell,all,Q,,TAG+G,a2-r4,4,4,0,DEMO-o4.4.1-example
B,confirmatory,message_cell,all,Q,,TAG+G,a3-r1,4,4,0,DEMO-o4.4.1-example
B,confirmatory,message_cell,all,Q,,TAG+G,a3-r2,4,4,0,DEMO-o4.4.1-example
B,confirmatory,message_cell,all,Q,,TAG+G,a3-r3,4,4,0,DEMO-o4.4.1-example
B,confirmatory,message_cell,all,Q,,TAG+G,a3-r4,4,4,0,DEMO-o4.4.1-example
B,confirmatory,message_cell,all,Q,,TAG+G,a4-r1,4,4,0,DEMO-o4.4.1-example
B,confirmatory,message_cell,all,Q,,TAG+G,a4-r2,4,4,0,DEMO-o4.4.1-example
B,confirmatory,message_cell,all,Q,,TAG+G,a4-r3,4,4,0,DEMO-o4.4.1-example
B,confirmatory,message_cell,all,Q,,TAG+G,a4-r4,4,4,0,DEMO-o4.4.1-example
B,confirmatory,message_cell,all,Q,,TAG+H,a1-r1,4,4,0,DEMO-o4.4.1-example
B,confirmatory,message_cell,all,Q,,TAG+H,a1-r2,4,4,0,DEMO-o4.4.1-example
B,confirmatory,message_cell,all,Q,,TAG+H,a1-r3,4,4,0,DEMO-o4.4.1-example
B,confirmatory,message_cell,all,Q,,TAG+H,a1-r4,4,4,0,DEMO-o4.4.1-example
B,confirmatory,message_cell,all,Q,,TAG+H,a2-r1,4,4,0,DEMO-o4.4.1-example
B,confirmatory,message_cell,all,Q,,TAG+H,a2-r2,4,4,0,DEMO-o4.4.1-example
B,confirmatory,message_cell,all,Q,,TAG+H,a2-r3,4,4,0,DEMO-o4.4.1-example
B,confirmatory,message_cell,all,Q,,TAG+H,a2-r4,4,4,0,DEMO-o4.4.1-example
B,confirmatory,message_cell,all,Q,,TAG+H,a3-r1,4,4,0,DEMO-o4.4.1-example
B,confirmatory,message_cell,all,Q,,TAG+H,a3-r2,4,4,0,DEMO-o4.4.1-example
B,confirmatory,message_cell,all,Q,,TAG+H,a3-r3,4,4,0,DEMO-o4.4.1-example
B,confirmatory,message_cell,all,Q,,TAG+H,a3-r4,4,4,0,DEMO-o4.4.1-example
B,confirmatory,message_cell,all,Q,,TAG+H,a4-r1,4,4,0,DEMO-o4.4.1-example
B,confirmatory,message_cell,all,Q,,TAG+H,a4-r2,4,4,0,DEMO-o4.4.1-example
B,confirmatory,message_cell,all,Q,,TAG+H,a4-r3,4,4,0,DEMO-o4.4.1-example
B,confirmatory,message_cell,all,Q,,TAG+H,a4-r4,4,4,0,DEMO-o4.4.1-example
B,confirmatory,message_cell,all,Q,,CLOSE+E,a1-r1,4,4,0,DEMO-o4.4.1-example
B,confirmatory,message_cell,all,Q,,CLOSE+E,a1-r2,4,4,0,DEMO-o4.4.1-example
B,confirmatory,message_cell,all,Q,,CLOSE+E,a1-r3,4,4,0,DEMO-o4.4.1-example
B,confirmatory,message_cell,all,Q,,CLOSE+E,a1-r4,4,4,0,DEMO-o4.4.1-example
B,confirmatory,message_cell,all,Q,,CLOSE+E,a2-r1,4,4,0,DEMO-o4.4.1-example
B,confirmatory,message_cell,all,Q,,CLOSE+E,a2-r2,4,4,0,DEMO-o4.4.1-example
B,confirmatory,message_cell,all,Q,,CLOSE+E,a2-r3,4,4,0,DEMO-o4.4.1-example
B,confirmatory,message_cell,all,Q,,CLOSE+E,a2-r4,4,4,0,DEMO-o4.4.1-example
B,confirmatory,message_cell,all,Q,,CLOSE+E,a3-r1,4,4,0,DEMO-o4.4.1-example
B,confirmatory,message_cell,all,Q,,CLOSE+E,a3-r2,4,4,0,DEMO-o4.4.1-example
B,confirmatory,message_cell,all,Q,,CLOSE+E,a3-r3,4,4,0,DEMO-o4.4.1-example
B,confirmatory,message_cell,all,Q,,CLOSE+E,a3-r4,4,4,0,DEMO-o4.4.1-example
B,confirmatory,message_cell,all,Q,,CLOSE+E,a4-r1,4,4,0,DEMO-o4.4.1-example
B,confirmatory,message_cell,all,Q,,CLOSE+E,a4-r2,4,4,0,DEMO-o4.4.1-example
B,confirmatory,message_cell,all,Q,,CLOSE+E,a4-r3,4,4,0,DEMO-o4.4.1-example
B,confirmatory,message_cell,all,Q,,CLOSE+E,a4-r4,4,4,0,DEMO-o4.4.1-example
B,confirmatory,message_cell,all,Q,,CLOSE+F,a1-r1,4,4,0,DEMO-o4.4.1-example
B,confirmatory,message_cell,all,Q,,CLOSE+F,a1-r2,4,4,0,DEMO-o4.4.1-example
B,confirmatory,message_cell,all,Q,,CLOSE+F,a1-r3,4,4,0,DEMO-o4.4.1-example
B,confirmatory,message_cell,all,Q,,CLOSE+F,a1-r4,4,4,0,DEMO-o4.4.1-example
B,confirmatory,message_cell,all,Q,,CLOSE+F,a2-r1,4,4,0,DEMO-o4.4.1-example
B,confirmatory,message_cell,all,Q,,CLOSE+F,a2-r2,4,4,0,DEMO-o4.4.1-example
B,confirmatory,message_cell,all,Q,,CLOSE+F,a2-r3,4,4,0,DEMO-o4.4.1-example
B,confirmatory,message_cell,all,Q,,CLOSE+F,a2-r4,4,4,0,DEMO-o4.4.1-example
B,confirmatory,message_cell,all,Q,,CLOSE+F,a3-r1,4,4,0,DEMO-o4.4.1-example
B,confirmatory,message_cell,all,Q,,CLOSE+F,a3-r2,4,4,0,DEMO-o4.4.1-example
B,confirmatory,message_cell,all,Q,,CLOSE+F,a3-r3,4,4,0,DEMO-o4.4.1-example
B,confirmatory,message_cell,all,Q,,CLOSE+F,a3-r4,4,4,0,DEMO-o4.4.1-example
B,confirmatory,message_cell,all,Q,,CLOSE+F,a4-r1,4,4,0,DEMO-o4.4.1-example
B,confirmatory,message_cell,all,Q,,CLOSE+F,a4-r2,4,4,0,DEMO-o4.4.1-example
B,confirmatory,message_cell,all,Q,,CLOSE+F,a4-r3,4,4,0,DEMO-o4.4.1-example
B,confirmatory,message_cell,all,Q,,CLOSE+F,a4-r4,4,4,0,DEMO-o4.4.1-example
B,confirmatory,message_cell,all,Q,,CLOSE+G,a1-r1,4,4,0,DEMO-o4.4.1-example
B,confirmatory,message_cell,all,Q,,CLOSE+G,a1-r2,4,4,0,DEMO-o4.4.1-example
B,confirmatory,message_cell,all,Q,,CLOSE+G,a1-r3,4,4,0,DEMO-o4.4.1-example
B,confirmatory,message_cell,all,Q,,CLOSE+G,a1-r4,4,4,0,DEMO-o4.4.1-example
B,confirmatory,message_cell,all,Q,,CLOSE+G,a2-r1,4,4,0,DEMO-o4.4.1-example
B,confirmatory,message_cell,all,Q,,CLOSE+G,a2-r2,4,4,0,DEMO-o4.4.1-example
B,confirmatory,message_cell,all,Q,,CLOSE+G,a2-r3,4,4,0,DEMO-o4.4.1-example
B,confirmatory,message_cell,all,Q,,CLOSE+G,a2-r4,4,4,0,DEMO-o4.4.1-example
B,confirmatory,message_cell,all,Q,,CLOSE+G,a3-r1,4,4,0,DEMO-o4.4.1-example
B,confirmatory,message_cell,all,Q,,CLOSE+G,a3-r2,4,4,0,DEMO-o4.4.1-example
B,confirmatory,message_cell,all,Q,,CLOSE+G,a3-r3,4,4,0,DEMO-o4.4.1-example
B,confirmatory,message_cell,all,Q,,CLOSE+G,a3-r4,4,4,0,DEMO-o4.4.1-example
B,confirmatory,message_cell,all,Q,,CLOSE+G,a4-r1,4,4,0,DEMO-o4.4.1-example
B,confirmatory,message_cell,all,Q,,CLOSE+G,a4-r2,4,4,0,DEMO-o4.4.1-example
B,confirmatory,message_cell,all,Q,,CLOSE+G,a4-r3,4,4,0,DEMO-o4.4.1-example
B,confirmatory,message_cell,all,Q,,CLOSE+G,a4-r4,4,4,0,DEMO-o4.4.1-example
B,confirmatory,message_cell,all,Q,,CLOSE+H,a1-r1,4,4,0,DEMO-o4.4.1-example
B,confirmatory,message_cell,all,Q,,CLOSE+H,a1-r2,4,4,0,DEMO-o4.4.1-example
B,confirmatory,message_cell,all,Q,,CLOSE+H,a1-r3,4,4,0,DEMO-o4.4.1-example
B,confirmatory,message_cell,all,Q,,CLOSE+H,a1-r4,4,4,0,DEMO-o4.4.1-example
B,confirmatory,message_cell,all,Q,,CLOSE+H,a2-r1,4,4,0,DEMO-o4.4.1-example
B,confirmatory,message_cell,all,Q,,CLOSE+H,a2-r2,4,4,0,DEMO-o4.4.1-example
B,confirmatory,message_cell,all,Q,,CLOSE+H,a2-r3,4,4,0,DEMO-o4.4.1-example
B,confirmatory,message_cell,all,Q,,CLOSE+H,a2-r4,4,4,0,DEMO-o4.4.1-example
B,confirmatory,message_cell,all,Q,,CLOSE+H,a3-r1,4,4,0,DEMO-o4.4.1-example
B,confirmatory,message_cell,all,Q,,CLOSE+H,a3-r2,4,4,0,DEMO-o4.4.1-example
B,confirmatory,message_cell,all,Q,,CLOSE+H,a3-r3,4,4,0,DEMO-o4.4.1-example
B,confirmatory,message_cell,all,Q,,CLOSE+H,a3-r4,4,4,0,DEMO-o4.4.1-example
B,confirmatory,message_cell,all,Q,,CLOSE+H,a4-r1,4,4,0,DEMO-o4.4.1-example
B,confirmatory,message_cell,all,Q,,CLOSE+H,a4-r2,4,4,0,DEMO-o4.4.1-example
B,confirmatory,message_cell,all,Q,,CLOSE+H,a4-r3,4,4,0,DEMO-o4.4.1-example
B,confirmatory,message_cell,all,Q,,CLOSE+H,a4-r4,4,4,0,DEMO-o4.4.1-example
B,confirmatory,message_cell,all,Q,,QUARANTINE+E,a1-r1,4,4,0,DEMO-o4.4.1-example
B,confirmatory,message_cell,all,Q,,QUARANTINE+E,a1-r2,4,4,0,DEMO-o4.4.1-example
B,confirmatory,message_cell,all,Q,,QUARANTINE+E,a1-r3,4,4,0,DEMO-o4.4.1-example
B,confirmatory,message_cell,all,Q,,QUARANTINE+E,a1-r4,4,4,0,DEMO-o4.4.1-example
B,confirmatory,message_cell,all,Q,,QUARANTINE+E,a2-r1,4,4,0,DEMO-o4.4.1-example
B,confirmatory,message_cell,all,Q,,QUARANTINE+E,a2-r2,4,4,0,DEMO-o4.4.1-example
B,confirmatory,message_cell,all,Q,,QUARANTINE+E,a2-r3,4,4,0,DEMO-o4.4.1-example
B,confirmatory,message_cell,all,Q,,QUARANTINE+E,a2-r4,4,4,0,DEMO-o4.4.1-example
B,confirmatory,message_cell,all,Q,,QUARANTINE+E,a3-r1,4,4,0,DEMO-o4.4.1-example
B,confirmatory,message_cell,all,Q,,QUARANTINE+E,a3-r2,4,4,0,DEMO-o4.4.1-example
B,confirmatory,message_cell,all,Q,,QUARANTINE+E,a3-r3,4,4,0,DEMO-o4.4.1-example
B,confirmatory,message_cell,all,Q,,QUARANTINE+E,a3-r4,4,4,0,DEMO-o4.4.1-example
B,confirmatory,message_cell,all,Q,,QUARANTINE+E,a4-r1,4,4,0,DEMO-o4.4.1-example
B,confirmatory,message_cell,all,Q,,QUARANTINE+E,a4-r2,4,4,0,DEMO-o4.4.1-example
B,confirmatory,message_cell,all,Q,,QUARANTINE+E,a4-r3,4,4,0,DEMO-o4.4.1-example
B,confirmatory,message_cell,all,Q,,QUARANTINE+E,a4-r4,4,4,0,DEMO-o4.4.1-example
B,confirmatory,message_cell,all,Q,,QUARANTINE+F,a1-r1,4,4,0,DEMO-o4.4.1-example
B,confirmatory,message_cell,all,Q,,QUARANTINE+F,a1-r2,4,4,0,DEMO-o4.4.1-example
B,confirmatory,message_cell,all,Q,,QUARANTINE+F,a1-r3,4,4,0,DEMO-o4.4.1-example
B,confirmatory,message_cell,all,Q,,QUARANTINE+F,a1-r4,4,4,0,DEMO-o4.4.1-example
B,confirmatory,message_cell,all,Q,,QUARANTINE+F,a2-r1,4,4,0,DEMO-o4.4.1-example
B,confirmatory,message_cell,all,Q,,QUARANTINE+F,a2-r2,4,4,0,DEMO-o4.4.1-example
B,confirmatory,message_cell,all,Q,,QUARANTINE+F,a2-r3,4,4,0,DEMO-o4.4.1-example
B,confirmatory,message_cell,all,Q,,QUARANTINE+F,a2-r4,4,4,0,DEMO-o4.4.1-example
B,confirmatory,message_cell,all,Q,,QUARANTINE+F,a3-r1,4,4,0,DEMO-o4.4.1-example
B,confirmatory,message_cell,all,Q,,QUARANTINE+F,a3-r2,4,4,0,DEMO-o4.4.1-example
B,confirmatory,message_cell,all,Q,,QUARANTINE+F,a3-r3,4,4,0,DEMO-o4.4.1-example
B,confirmatory,message_cell,all,Q,,QUARANTINE+F,a3-r4,4,4,0,DEMO-o4.4.1-example
B,confirmatory,message_cell,all,Q,,QUARANTINE+F,a4-r1,4,4,0,DEMO-o4.4.1-example
B,confirmatory,message_cell,all,Q,,QUARANTINE+F,a4-r2,4,4,0,DEMO-o4.4.1-example
B,confirmatory,message_cell,all,Q,,QUARANTINE+F,a4-r3,4,4,0,DEMO-o4.4.1-example
B,confirmatory,message_cell,all,Q,,QUARANTINE+F,a4-r4,4,4,0,DEMO-o4.4.1-example
B,confirmatory,message_cell,all,Q,,QUARANTINE+G,a1-r1,4,4,0,DEMO-o4.4.1-example
B,confirmatory,message_cell,all,Q,,QUARANTINE+G,a1-r2,4,4,0,DEMO-o4.4.1-example
B,confirmatory,message_cell,all,Q,,QUARANTINE+G,a1-r3,4,4,0,DEMO-o4.4.1-example
B,confirmatory,message_cell,all,Q,,QUARANTINE+G,a1-r4,4,4,0,DEMO-o4.4.1-example
B,confirmatory,message_cell,all,Q,,QUARANTINE+G,a2-r1,4,4,0,DEMO-o4.4.1-example
B,confirmatory,message_cell,all,Q,,QUARANTINE+G,a2-r2,4,4,0,DEMO-o4.4.1-example
B,confirmatory,message_cell,all,Q,,QUARANTINE+G,a2-r3,4,4,0,DEMO-o4.4.1-example
B,confirmatory,message_cell,all,Q,,QUARANTINE+G,a2-r4,4,4,0,DEMO-o4.4.1-example
B,confirmatory,message_cell,all,Q,,QUARANTINE+G,a3-r1,4,4,0,DEMO-o4.4.1-example
B,confirmatory,message_cell,all,Q,,QUARANTINE+G,a3-r2,4,4,0,DEMO-o4.4.1-example
B,confirmatory,message_cell,all,Q,,QUARANTINE+G,a3-r3,4,4,0,DEMO-o4.4.1-example
B,confirmatory,message_cell,all,Q,,QUARANTINE+G,a3-r4,4,4,0,DEMO-o4.4.1-example
B,confirmatory,message_cell,all,Q,,QUARANTINE+G,a4-r1,4,4,0,DEMO-o4.4.1-example
B,confirmatory,message_cell,all,Q,,QUARANTINE+G,a4-r2,4,4,0,DEMO-o4.4.1-example
B,confirmatory,message_cell,all,Q,,QUARANTINE+G,a4-r3,4,4,0,DEMO-o4.4.1-example
B,confirmatory,message_cell,all,Q,,QUARANTINE+G,a4-r4,4,4,0,DEMO-o4.4.1-example
B,confirmatory,message_cell,all,Q,,QUARANTINE+H,a1-r1,4,4,0,DEMO-o4.4.1-example
B,confirmatory,message_cell,all,Q,,QUARANTINE+H,a1-r2,4,4,0,DEMO-o4.4.1-example
B,confirmatory,message_cell,all,Q,,QUARANTINE+H,a1-r3,4,4,0,DEMO-o4.4.1-example
B,confirmatory,message_cell,all,Q,,QUARANTINE+H,a1-r4,4,4,0,DEMO-o4.4.1-example
B,confirmatory,message_cell,all,Q,,QUARANTINE+H,a2-r1,4,4,0,DEMO-o4.4.1-example
B,confirmatory,message_cell,all,Q,,QUARANTINE+H,a2-r2,4,4,0,DEMO-o4.4.1-example
B,confirmatory,message_cell,all,Q,,QUARANTINE+H,a2-r3,4,4,0,DEMO-o4.4.1-example
B,confirmatory,message_cell,all,Q,,QUARANTINE+H,a2-r4,4,4,0,DEMO-o4.4.1-example
B,confirmatory,message_cell,all,Q,,QUARANTINE+H,a3-r1,4,4,0,DEMO-o4.4.1-example
B,confirmatory,message_cell,all,Q,,QUARANTINE+H,a3-r2,4,4,0,DEMO-o4.4.1-example
B,confirmatory,message_cell,all,Q,,QUARANTINE+H,a3-r3,4,4,0,DEMO-o4.4.1-example
B,confirmatory,message_cell,all,Q,,QUARANTINE+H,a3-r4,4,4,0,DEMO-o4.4.1-example
B,confirmatory,message_cell,all,Q,,QUARANTINE+H,a4-r1,4,4,0,DEMO-o4.4.1-example
B,confirmatory,message_cell,all,Q,,QUARANTINE+H,a4-r2,4,4,0,DEMO-o4.4.1-example
B,confirmatory,message_cell,all,Q,,QUARANTINE+H,a4-r3,4,4,0,DEMO-o4.4.1-example
B,confirmatory,message_cell,all,Q,,QUARANTINE+H,a4-r4,4,4,0,DEMO-o4.4.1-example
B,confirmatory,message_heldout,all,Q,,SCAN+E,,28,28,0,DEMO-o4.4.1-example
B,confirmatory,message_heldout,all,Q,,SCAN+F,,28,28,0,DEMO-o4.4.1-example
B,confirmatory,message_heldout,all,Q,,SCAN+G,,28,28,0,DEMO-o4.4.1-example
B,confirmatory,message_heldout,all,Q,,SCAN+H,,28,28,0,DEMO-o4.4.1-example
B,confirmatory,message_heldout,all,Q,,TAG+E,,28,28,0,DEMO-o4.4.1-example
B,confirmatory,message_heldout,all,Q,,TAG+F,,28,28,0,DEMO-o4.4.1-example
B,confirmatory,message_heldout,all,Q,,TAG+G,,28,28,0,DEMO-o4.4.1-example
B,confirmatory,message_heldout,all,Q,,TAG+H,,28,28,0,DEMO-o4.4.1-example
B,confirmatory,message_heldout,all,Q,,CLOSE+E,,28,28,0,DEMO-o4.4.1-example
B,confirmatory,message_heldout,all,Q,,CLOSE+F,,28,28,0,DEMO-o4.4.1-example
B,confirmatory,message_heldout,all,Q,,CLOSE+G,,28,28,0,DEMO-o4.4.1-example
B,confirmatory,message_heldout,all,Q,,CLOSE+H,,28,28,0,DEMO-o4.4.1-example
B,confirmatory,message_heldout,all,Q,,QUARANTINE+E,,28,28,0,DEMO-o4.4.1-example
B,confirmatory,message_heldout,all,Q,,QUARANTINE+F,,28,28,0,DEMO-o4.4.1-example
B,confirmatory,message_heldout,all,Q,,QUARANTINE+G,,28,28,0,DEMO-o4.4.1-example
B,confirmatory,message_heldout,all,Q,,QUARANTINE+H,,28,28,0,DEMO-o4.4.1-example
B,confirmatory,message_novel,all,Q,,SCAN+E,V1,4,4,0,DEMO-o4.4.1-example
B,confirmatory,message_novel,all,Q,,SCAN+E,V2,4,4,0,DEMO-o4.4.1-example
B,confirmatory,message_novel,all,Q,,SCAN+E,V3,4,4,0,DEMO-o4.4.1-example
B,confirmatory,message_novel,all,Q,,SCAN+E,W1,8,8,0,DEMO-o4.4.1-example
B,confirmatory,message_novel,all,Q,,SCAN+E,W4,8,8,0,DEMO-o4.4.1-example
B,confirmatory,message_novel,all,Q,,SCAN+F,V1,4,4,0,DEMO-o4.4.1-example
B,confirmatory,message_novel,all,Q,,SCAN+F,V2,4,4,0,DEMO-o4.4.1-example
B,confirmatory,message_novel,all,Q,,SCAN+F,V3,4,4,0,DEMO-o4.4.1-example
B,confirmatory,message_novel,all,Q,,SCAN+F,W1,8,8,0,DEMO-o4.4.1-example
B,confirmatory,message_novel,all,Q,,SCAN+F,W4,8,8,0,DEMO-o4.4.1-example
B,confirmatory,message_novel,all,Q,,SCAN+G,V1,4,4,0,DEMO-o4.4.1-example
B,confirmatory,message_novel,all,Q,,SCAN+G,V2,4,4,0,DEMO-o4.4.1-example
B,confirmatory,message_novel,all,Q,,SCAN+G,V3,4,4,0,DEMO-o4.4.1-example
B,confirmatory,message_novel,all,Q,,SCAN+G,W1,8,8,0,DEMO-o4.4.1-example
B,confirmatory,message_novel,all,Q,,SCAN+G,W4,8,8,0,DEMO-o4.4.1-example
B,confirmatory,message_novel,all,Q,,SCAN+H,V1,4,4,0,DEMO-o4.4.1-example
B,confirmatory,message_novel,all,Q,,SCAN+H,V2,4,4,0,DEMO-o4.4.1-example
B,confirmatory,message_novel,all,Q,,SCAN+H,V3,4,4,0,DEMO-o4.4.1-example
B,confirmatory,message_novel,all,Q,,SCAN+H,W1,8,8,0,DEMO-o4.4.1-example
B,confirmatory,message_novel,all,Q,,SCAN+H,W4,8,8,0,DEMO-o4.4.1-example
B,confirmatory,message_novel,all,Q,,TAG+E,V1,4,4,0,DEMO-o4.4.1-example
B,confirmatory,message_novel,all,Q,,TAG+E,V2,4,4,0,DEMO-o4.4.1-example
B,confirmatory,message_novel,all,Q,,TAG+E,V3,4,4,0,DEMO-o4.4.1-example
B,confirmatory,message_novel,all,Q,,TAG+E,W1,8,8,0,DEMO-o4.4.1-example
B,confirmatory,message_novel,all,Q,,TAG+E,W4,8,8,0,DEMO-o4.4.1-example
B,confirmatory,message_novel,all,Q,,TAG+F,V1,4,4,0,DEMO-o4.4.1-example
B,confirmatory,message_novel,all,Q,,TAG+F,V2,4,4,0,DEMO-o4.4.1-example
B,confirmatory,message_novel,all,Q,,TAG+F,V3,4,4,0,DEMO-o4.4.1-example
B,confirmatory,message_novel,all,Q,,TAG+F,W1,8,8,0,DEMO-o4.4.1-example
B,confirmatory,message_novel,all,Q,,TAG+F,W4,8,8,0,DEMO-o4.4.1-example
B,confirmatory,message_novel,all,Q,,TAG+G,V1,4,4,0,DEMO-o4.4.1-example
B,confirmatory,message_novel,all,Q,,TAG+G,V2,4,4,0,DEMO-o4.4.1-example
B,confirmatory,message_novel,all,Q,,TAG+G,V3,4,4,0,DEMO-o4.4.1-example
B,confirmatory,message_novel,all,Q,,TAG+G,W1,8,8,0,DEMO-o4.4.1-example
B,confirmatory,message_novel,all,Q,,TAG+G,W4,8,8,0,DEMO-o4.4.1-example
B,confirmatory,message_novel,all,Q,,TAG+H,V1,4,4,0,DEMO-o4.4.1-example
B,confirmatory,message_novel,all,Q,,TAG+H,V2,4,4,0,DEMO-o4.4.1-example
B,confirmatory,message_novel,all,Q,,TAG+H,V3,4,4,0,DEMO-o4.4.1-example
B,confirmatory,message_novel,all,Q,,TAG+H,W1,8,8,0,DEMO-o4.4.1-example
B,confirmatory,message_novel,all,Q,,TAG+H,W4,8,8,0,DEMO-o4.4.1-example
B,confirmatory,message_novel,all,Q,,CLOSE+E,V1,4,4,0,DEMO-o4.4.1-example
B,confirmatory,message_novel,all,Q,,CLOSE+E,V2,4,4,0,DEMO-o4.4.1-example
B,confirmatory,message_novel,all,Q,,CLOSE+E,V3,4,4,0,DEMO-o4.4.1-example
B,confirmatory,message_novel,all,Q,,CLOSE+E,W1,8,8,0,DEMO-o4.4.1-example
B,confirmatory,message_novel,all,Q,,CLOSE+E,W4,8,8,0,DEMO-o4.4.1-example
B,confirmatory,message_novel,all,Q,,CLOSE+F,V1,4,4,0,DEMO-o4.4.1-example
B,confirmatory,message_novel,all,Q,,CLOSE+F,V2,4,4,0,DEMO-o4.4.1-example
B,confirmatory,message_novel,all,Q,,CLOSE+F,V3,4,4,0,DEMO-o4.4.1-example
B,confirmatory,message_novel,all,Q,,CLOSE+F,W1,8,8,0,DEMO-o4.4.1-example
B,confirmatory,message_novel,all,Q,,CLOSE+F,W4,8,8,0,DEMO-o4.4.1-example
B,confirmatory,message_novel,all,Q,,CLOSE+G,V1,4,4,0,DEMO-o4.4.1-example
B,confirmatory,message_novel,all,Q,,CLOSE+G,V2,4,4,0,DEMO-o4.4.1-example
B,confirmatory,message_novel,all,Q,,CLOSE+G,V3,4,4,0,DEMO-o4.4.1-example
B,confirmatory,message_novel,all,Q,,CLOSE+G,W1,8,8,0,DEMO-o4.4.1-example
B,confirmatory,message_novel,all,Q,,CLOSE+G,W4,8,8,0,DEMO-o4.4.1-example
B,confirmatory,message_novel,all,Q,,CLOSE+H,V1,4,4,0,DEMO-o4.4.1-example
B,confirmatory,message_novel,all,Q,,CLOSE+H,V2,4,4,0,DEMO-o4.4.1-example
B,confirmatory,message_novel,all,Q,,CLOSE+H,V3,4,4,0,DEMO-o4.4.1-example
B,confirmatory,message_novel,all,Q,,CLOSE+H,W1,8,8,0,DEMO-o4.4.1-example
B,confirmatory,message_novel,all,Q,,CLOSE+H,W4,8,8,0,DEMO-o4.4.1-example
B,confirmatory,message_novel,all,Q,,QUARANTINE+E,V1,4,4,0,DEMO-o4.4.1-example
B,confirmatory,message_novel,all,Q,,QUARANTINE+E,V2,4,4,0,DEMO-o4.4.1-example
B,confirmatory,message_novel,all,Q,,QUARANTINE+E,V3,4,4,0,DEMO-o4.4.1-example
B,confirmatory,message_novel,all,Q,,QUARANTINE+E,W1,8,8,0,DEMO-o4.4.1-example
B,confirmatory,message_novel,all,Q,,QUARANTINE+E,W4,8,8,0,DEMO-o4.4.1-example
B,confirmatory,message_novel,all,Q,,QUARANTINE+F,V1,4,4,0,DEMO-o4.4.1-example
B,confirmatory,message_novel,all,Q,,QUARANTINE+F,V2,4,4,0,DEMO-o4.4.1-example
B,confirmatory,message_novel,all,Q,,QUARANTINE+F,V3,4,4,0,DEMO-o4.4.1-example
B,confirmatory,message_novel,all,Q,,QUARANTINE+F,W1,8,8,0,DEMO-o4.4.1-example
B,confirmatory,message_novel,all,Q,,QUARANTINE+F,W4,8,8,0,DEMO-o4.4.1-example
B,confirmatory,message_novel,all,Q,,QUARANTINE+G,V1,4,4,0,DEMO-o4.4.1-example
B,confirmatory,message_novel,all,Q,,QUARANTINE+G,V2,4,4,0,DEMO-o4.4.1-example
B,confirmatory,message_novel,all,Q,,QUARANTINE+G,V3,4,4,0,DEMO-o4.4.1-example
B,confirmatory,message_novel,all,Q,,QUARANTINE+G,W1,8,8,0,DEMO-o4.4.1-example
B,confirmatory,message_novel,all,Q,,QUARANTINE+G,W4,8,8,0,DEMO-o4.4.1-example
B,confirmatory,message_novel,all,Q,,QUARANTINE+H,V1,4,4,0,DEMO-o4.4.1-example
B,confirmatory,message_novel,all,Q,,QUARANTINE+H,V2,4,4,0,DEMO-o4.4.1-example
B,confirmatory,message_novel,all,Q,,QUARANTINE+H,V3,4,4,0,DEMO-o4.4.1-example
B,confirmatory,message_novel,all,Q,,QUARANTINE+H,W1,8,8,0,DEMO-o4.4.1-example
B,confirmatory,message_novel,all,Q,,QUARANTINE+H,W4,8,8,0,DEMO-o4.4.1-example
B,confirmatory,wave1_label_position,all,K,action,ADD_ONE,1,2,4,-2,DEMO-o4.4.1-example
B,confirmatory,wave1_label_position,all,K,action,ADD_ONE,2,2,4,-2,DEMO-o4.4.1-example
B,confirmatory,wave1_label_position,all,K,action,ADD_ONE,3,2,4,-2,DEMO-o4.4.1-example
B,confirmatory,wave1_label_position,all,K,action,ADD_ONE,4,2,4,-2,DEMO-o4.4.1-example
B,confirmatory,wave1_label_position,all,K,action,ADD_ONE,5,8,4,4,DEMO-o4.4.1-example
B,confirmatory,wave1_label_position,all,K,action,ADD_ONE,6,8,4,4,DEMO-o4.4.1-example
B,confirmatory,wave1_label_position,all,K,action,ADD_ONE,7,4,4,0,DEMO-o4.4.1-example
B,confirmatory,wave1_label_position,all,K,action,ADD_ONE,8,4,4,0,DEMO-o4.4.1-example
B,confirmatory,wave1_label_position,all,K,action,REMOVE_ONE,1,8,4,4,DEMO-o4.4.1-example
B,confirmatory,wave1_label_position,all,K,action,REMOVE_ONE,2,8,4,4,DEMO-o4.4.1-example
B,confirmatory,wave1_label_position,all,K,action,REMOVE_ONE,3,4,4,0,DEMO-o4.4.1-example
B,confirmatory,wave1_label_position,all,K,action,REMOVE_ONE,4,4,4,0,DEMO-o4.4.1-example
B,confirmatory,wave1_label_position,all,K,action,REMOVE_ONE,5,2,4,-2,DEMO-o4.4.1-example
B,confirmatory,wave1_label_position,all,K,action,REMOVE_ONE,6,2,4,-2,DEMO-o4.4.1-example
B,confirmatory,wave1_label_position,all,K,action,REMOVE_ONE,7,2,4,-2,DEMO-o4.4.1-example
B,confirmatory,wave1_label_position,all,K,action,REMOVE_ONE,8,2,4,-2,DEMO-o4.4.1-example
B,confirmatory,wave1_label_position,all,K,action,FLIP_CARD,1,4,4,0,DEMO-o4.4.1-example
B,confirmatory,wave1_label_position,all,K,action,FLIP_CARD,2,4,4,0,DEMO-o4.4.1-example
B,confirmatory,wave1_label_position,all,K,action,FLIP_CARD,3,4,4,0,DEMO-o4.4.1-example
B,confirmatory,wave1_label_position,all,K,action,FLIP_CARD,4,4,4,0,DEMO-o4.4.1-example
B,confirmatory,wave1_label_position,all,K,action,FLIP_CARD,5,2,4,-2,DEMO-o4.4.1-example
B,confirmatory,wave1_label_position,all,K,action,FLIP_CARD,6,2,4,-2,DEMO-o4.4.1-example
B,confirmatory,wave1_label_position,all,K,action,FLIP_CARD,7,6,4,2,DEMO-o4.4.1-example
B,confirmatory,wave1_label_position,all,K,action,FLIP_CARD,8,6,4,2,DEMO-o4.4.1-example
B,confirmatory,wave1_label_position,all,K,action,ALIGN_ARROW,1,2,4,-2,DEMO-o4.4.1-example
B,confirmatory,wave1_label_position,all,K,action,ALIGN_ARROW,2,2,4,-2,DEMO-o4.4.1-example
B,confirmatory,wave1_label_position,all,K,action,ALIGN_ARROW,3,6,4,2,DEMO-o4.4.1-example
B,confirmatory,wave1_label_position,all,K,action,ALIGN_ARROW,4,6,4,2,DEMO-o4.4.1-example
B,confirmatory,wave1_label_position,all,K,action,ALIGN_ARROW,5,4,4,0,DEMO-o4.4.1-example
B,confirmatory,wave1_label_position,all,K,action,ALIGN_ARROW,6,4,4,0,DEMO-o4.4.1-example
B,confirmatory,wave1_label_position,all,K,action,ALIGN_ARROW,7,4,4,0,DEMO-o4.4.1-example
B,confirmatory,wave1_label_position,all,K,action,ALIGN_ARROW,8,4,4,0,DEMO-o4.4.1-example
B,confirmatory,wave1_label_position,all,K,referent,A,1,4,4,0,DEMO-o4.4.1-example
B,confirmatory,wave1_label_position,all,K,referent,A,2,4,4,0,DEMO-o4.4.1-example
B,confirmatory,wave1_label_position,all,K,referent,A,3,2,4,-2,DEMO-o4.4.1-example
B,confirmatory,wave1_label_position,all,K,referent,A,4,6,4,2,DEMO-o4.4.1-example
B,confirmatory,wave1_label_position,all,K,referent,A,5,4,4,0,DEMO-o4.4.1-example
B,confirmatory,wave1_label_position,all,K,referent,A,6,4,4,0,DEMO-o4.4.1-example
B,confirmatory,wave1_label_position,all,K,referent,A,7,6,4,2,DEMO-o4.4.1-example
B,confirmatory,wave1_label_position,all,K,referent,A,8,2,4,-2,DEMO-o4.4.1-example
B,confirmatory,wave1_label_position,all,K,referent,B,1,6,4,2,DEMO-o4.4.1-example
B,confirmatory,wave1_label_position,all,K,referent,B,2,2,4,-2,DEMO-o4.4.1-example
B,confirmatory,wave1_label_position,all,K,referent,B,3,4,4,0,DEMO-o4.4.1-example
B,confirmatory,wave1_label_position,all,K,referent,B,4,4,4,0,DEMO-o4.4.1-example
B,confirmatory,wave1_label_position,all,K,referent,B,5,2,4,-2,DEMO-o4.4.1-example
B,confirmatory,wave1_label_position,all,K,referent,B,6,6,4,2,DEMO-o4.4.1-example
B,confirmatory,wave1_label_position,all,K,referent,B,7,4,4,0,DEMO-o4.4.1-example
B,confirmatory,wave1_label_position,all,K,referent,B,8,4,4,0,DEMO-o4.4.1-example
B,confirmatory,wave1_label_position,all,K,referent,C,1,2,4,-2,DEMO-o4.4.1-example
B,confirmatory,wave1_label_position,all,K,referent,C,2,6,4,2,DEMO-o4.4.1-example
B,confirmatory,wave1_label_position,all,K,referent,C,3,4,4,0,DEMO-o4.4.1-example
B,confirmatory,wave1_label_position,all,K,referent,C,4,4,4,0,DEMO-o4.4.1-example
B,confirmatory,wave1_label_position,all,K,referent,C,5,6,4,2,DEMO-o4.4.1-example
B,confirmatory,wave1_label_position,all,K,referent,C,6,2,4,-2,DEMO-o4.4.1-example
B,confirmatory,wave1_label_position,all,K,referent,C,7,4,4,0,DEMO-o4.4.1-example
B,confirmatory,wave1_label_position,all,K,referent,C,8,4,4,0,DEMO-o4.4.1-example
B,confirmatory,wave1_label_position,all,K,referent,D,1,4,4,0,DEMO-o4.4.1-example
B,confirmatory,wave1_label_position,all,K,referent,D,2,4,4,0,DEMO-o4.4.1-example
B,confirmatory,wave1_label_position,all,K,referent,D,3,6,4,2,DEMO-o4.4.1-example
B,confirmatory,wave1_label_position,all,K,referent,D,4,2,4,-2,DEMO-o4.4.1-example
B,confirmatory,wave1_label_position,all,K,referent,D,5,4,4,0,DEMO-o4.4.1-example
B,confirmatory,wave1_label_position,all,K,referent,D,6,4,4,0,DEMO-o4.4.1-example
B,confirmatory,wave1_label_position,all,K,referent,D,7,2,4,-2,DEMO-o4.4.1-example
B,confirmatory,wave1_label_position,all,K,referent,D,8,6,4,2,DEMO-o4.4.1-example
B,confirmatory,wave1_label_position,all,Q,action,SCAN,1,2,4,-2,DEMO-o4.4.1-example
B,confirmatory,wave1_label_position,all,Q,action,SCAN,2,2,4,-2,DEMO-o4.4.1-example
B,confirmatory,wave1_label_position,all,Q,action,SCAN,3,10,4,6,DEMO-o4.4.1-example
B,confirmatory,wave1_label_position,all,Q,action,SCAN,4,10,4,6,DEMO-o4.4.1-example
B,confirmatory,wave1_label_position,all,Q,action,SCAN,5,4,4,0,DEMO-o4.4.1-example
B,confirmatory,wave1_label_position,all,Q,action,SCAN,6,4,4,0,DEMO-o4.4.1-example
B,confirmatory,wave1_label_position,all,Q,action,SCAN,7,0,4,-4,DEMO-o4.4.1-example
B,confirmatory,wave1_label_position,all,Q,action,SCAN,8,0,4,-4,DEMO-o4.4.1-example
B,confirmatory,wave1_label_position,all,Q,action,TAG,1,2,4,-2,DEMO-o4.4.1-example
B,confirmatory,wave1_label_position,all,Q,action,TAG,2,2,4,-2,DEMO-o4.4.1-example
B,confirmatory,wave1_label_position,all,Q,action,TAG,3,2,4,-2,DEMO-o4.4.1-example
B,confirmatory,wave1_label_position,all,Q,action,TAG,4,2,4,-2,DEMO-o4.4.1-example
B,confirmatory,wave1_label_position,all,Q,action,TAG,5,8,4,4,DEMO-o4.4.1-example
B,confirmatory,wave1_label_position,all,Q,action,TAG,6,8,4,4,DEMO-o4.4.1-example
B,confirmatory,wave1_label_position,all,Q,action,TAG,7,4,4,0,DEMO-o4.4.1-example
B,confirmatory,wave1_label_position,all,Q,action,TAG,8,4,4,0,DEMO-o4.4.1-example
B,confirmatory,wave1_label_position,all,Q,action,CLOSE,1,6,4,2,DEMO-o4.4.1-example
B,confirmatory,wave1_label_position,all,Q,action,CLOSE,2,6,4,2,DEMO-o4.4.1-example
B,confirmatory,wave1_label_position,all,Q,action,CLOSE,3,2,4,-2,DEMO-o4.4.1-example
B,confirmatory,wave1_label_position,all,Q,action,CLOSE,4,2,4,-2,DEMO-o4.4.1-example
B,confirmatory,wave1_label_position,all,Q,action,CLOSE,5,4,4,0,DEMO-o4.4.1-example
B,confirmatory,wave1_label_position,all,Q,action,CLOSE,6,4,4,0,DEMO-o4.4.1-example
B,confirmatory,wave1_label_position,all,Q,action,CLOSE,7,4,4,0,DEMO-o4.4.1-example
B,confirmatory,wave1_label_position,all,Q,action,CLOSE,8,4,4,0,DEMO-o4.4.1-example
B,confirmatory,wave1_label_position,all,Q,action,QUARANTINE,1,6,4,2,DEMO-o4.4.1-example
B,confirmatory,wave1_label_position,all,Q,action,QUARANTINE,2,6,4,2,DEMO-o4.4.1-example
B,confirmatory,wave1_label_position,all,Q,action,QUARANTINE,3,2,4,-2,DEMO-o4.4.1-example
B,confirmatory,wave1_label_position,all,Q,action,QUARANTINE,4,2,4,-2,DEMO-o4.4.1-example
B,confirmatory,wave1_label_position,all,Q,action,QUARANTINE,5,0,4,-4,DEMO-o4.4.1-example
B,confirmatory,wave1_label_position,all,Q,action,QUARANTINE,6,0,4,-4,DEMO-o4.4.1-example
B,confirmatory,wave1_label_position,all,Q,action,QUARANTINE,7,8,4,4,DEMO-o4.4.1-example
B,confirmatory,wave1_label_position,all,Q,action,QUARANTINE,8,8,4,4,DEMO-o4.4.1-example
B,confirmatory,wave1_label_position,all,Q,referent,E,1,2,4,-2,DEMO-o4.4.1-example
B,confirmatory,wave1_label_position,all,Q,referent,E,2,6,4,2,DEMO-o4.4.1-example
B,confirmatory,wave1_label_position,all,Q,referent,E,3,4,4,0,DEMO-o4.4.1-example
B,confirmatory,wave1_label_position,all,Q,referent,E,4,4,4,0,DEMO-o4.4.1-example
B,confirmatory,wave1_label_position,all,Q,referent,E,5,6,4,2,DEMO-o4.4.1-example
B,confirmatory,wave1_label_position,all,Q,referent,E,6,2,4,-2,DEMO-o4.4.1-example
B,confirmatory,wave1_label_position,all,Q,referent,E,7,4,4,0,DEMO-o4.4.1-example
B,confirmatory,wave1_label_position,all,Q,referent,E,8,4,4,0,DEMO-o4.4.1-example
B,confirmatory,wave1_label_position,all,Q,referent,F,1,4,4,0,DEMO-o4.4.1-example
B,confirmatory,wave1_label_position,all,Q,referent,F,2,4,4,0,DEMO-o4.4.1-example
B,confirmatory,wave1_label_position,all,Q,referent,F,3,2,4,-2,DEMO-o4.4.1-example
B,confirmatory,wave1_label_position,all,Q,referent,F,4,6,4,2,DEMO-o4.4.1-example
B,confirmatory,wave1_label_position,all,Q,referent,F,5,4,4,0,DEMO-o4.4.1-example
B,confirmatory,wave1_label_position,all,Q,referent,F,6,4,4,0,DEMO-o4.4.1-example
B,confirmatory,wave1_label_position,all,Q,referent,F,7,6,4,2,DEMO-o4.4.1-example
B,confirmatory,wave1_label_position,all,Q,referent,F,8,2,4,-2,DEMO-o4.4.1-example
B,confirmatory,wave1_label_position,all,Q,referent,G,1,6,4,2,DEMO-o4.4.1-example
B,confirmatory,wave1_label_position,all,Q,referent,G,2,2,4,-2,DEMO-o4.4.1-example
B,confirmatory,wave1_label_position,all,Q,referent,G,3,4,4,0,DEMO-o4.4.1-example
B,confirmatory,wave1_label_position,all,Q,referent,G,4,4,4,0,DEMO-o4.4.1-example
B,confirmatory,wave1_label_position,all,Q,referent,G,5,2,4,-2,DEMO-o4.4.1-example
B,confirmatory,wave1_label_position,all,Q,referent,G,6,6,4,2,DEMO-o4.4.1-example
B,confirmatory,wave1_label_position,all,Q,referent,G,7,4,4,0,DEMO-o4.4.1-example
B,confirmatory,wave1_label_position,all,Q,referent,G,8,4,4,0,DEMO-o4.4.1-example
B,confirmatory,wave1_label_position,all,Q,referent,H,1,4,4,0,DEMO-o4.4.1-example
B,confirmatory,wave1_label_position,all,Q,referent,H,2,4,4,0,DEMO-o4.4.1-example
B,confirmatory,wave1_label_position,all,Q,referent,H,3,6,4,2,DEMO-o4.4.1-example
B,confirmatory,wave1_label_position,all,Q,referent,H,4,2,4,-2,DEMO-o4.4.1-example
B,confirmatory,wave1_label_position,all,Q,referent,H,5,4,4,0,DEMO-o4.4.1-example
B,confirmatory,wave1_label_position,all,Q,referent,H,6,4,4,0,DEMO-o4.4.1-example
B,confirmatory,wave1_label_position,all,Q,referent,H,7,2,4,-2,DEMO-o4.4.1-example
B,confirmatory,wave1_label_position,all,Q,referent,H,8,6,4,2,DEMO-o4.4.1-example
B,confirmatory,wave2_label_position,all,K,action,ADD_ONE,1,4,4,0,DEMO-o4.4.1-example
B,confirmatory,wave2_label_position,all,K,action,ADD_ONE,2,4,4,0,DEMO-o4.4.1-example
B,confirmatory,wave2_label_position,all,K,action,ADD_ONE,3,4,4,0,DEMO-o4.4.1-example
B,confirmatory,wave2_label_position,all,K,action,ADD_ONE,4,4,4,0,DEMO-o4.4.1-example
B,confirmatory,wave2_label_position,all,K,action,REMOVE_ONE,1,4,4,0,DEMO-o4.4.1-example
B,confirmatory,wave2_label_position,all,K,action,REMOVE_ONE,2,4,4,0,DEMO-o4.4.1-example
B,confirmatory,wave2_label_position,all,K,action,REMOVE_ONE,3,4,4,0,DEMO-o4.4.1-example
B,confirmatory,wave2_label_position,all,K,action,REMOVE_ONE,4,4,4,0,DEMO-o4.4.1-example
B,confirmatory,wave2_label_position,all,K,action,FLIP_CARD,1,4,4,0,DEMO-o4.4.1-example
B,confirmatory,wave2_label_position,all,K,action,FLIP_CARD,2,4,4,0,DEMO-o4.4.1-example
B,confirmatory,wave2_label_position,all,K,action,FLIP_CARD,3,4,4,0,DEMO-o4.4.1-example
B,confirmatory,wave2_label_position,all,K,action,FLIP_CARD,4,4,4,0,DEMO-o4.4.1-example
B,confirmatory,wave2_label_position,all,K,action,ALIGN_ARROW,1,4,4,0,DEMO-o4.4.1-example
B,confirmatory,wave2_label_position,all,K,action,ALIGN_ARROW,2,4,4,0,DEMO-o4.4.1-example
B,confirmatory,wave2_label_position,all,K,action,ALIGN_ARROW,3,4,4,0,DEMO-o4.4.1-example
B,confirmatory,wave2_label_position,all,K,action,ALIGN_ARROW,4,4,4,0,DEMO-o4.4.1-example
B,confirmatory,wave2_label_position,all,K,referent,A,1,4,4,0,DEMO-o4.4.1-example
B,confirmatory,wave2_label_position,all,K,referent,A,2,4,4,0,DEMO-o4.4.1-example
B,confirmatory,wave2_label_position,all,K,referent,A,3,4,4,0,DEMO-o4.4.1-example
B,confirmatory,wave2_label_position,all,K,referent,A,4,4,4,0,DEMO-o4.4.1-example
B,confirmatory,wave2_label_position,all,K,referent,B,1,4,4,0,DEMO-o4.4.1-example
B,confirmatory,wave2_label_position,all,K,referent,B,2,4,4,0,DEMO-o4.4.1-example
B,confirmatory,wave2_label_position,all,K,referent,B,3,4,4,0,DEMO-o4.4.1-example
B,confirmatory,wave2_label_position,all,K,referent,B,4,4,4,0,DEMO-o4.4.1-example
B,confirmatory,wave2_label_position,all,K,referent,C,1,4,4,0,DEMO-o4.4.1-example
B,confirmatory,wave2_label_position,all,K,referent,C,2,4,4,0,DEMO-o4.4.1-example
B,confirmatory,wave2_label_position,all,K,referent,C,3,4,4,0,DEMO-o4.4.1-example
B,confirmatory,wave2_label_position,all,K,referent,C,4,4,4,0,DEMO-o4.4.1-example
B,confirmatory,wave2_label_position,all,K,referent,D,1,4,4,0,DEMO-o4.4.1-example
B,confirmatory,wave2_label_position,all,K,referent,D,2,4,4,0,DEMO-o4.4.1-example
B,confirmatory,wave2_label_position,all,K,referent,D,3,4,4,0,DEMO-o4.4.1-example
B,confirmatory,wave2_label_position,all,K,referent,D,4,4,4,0,DEMO-o4.4.1-example
B,confirmatory,wave2_label_position,all,Q,action,SCAN,1,4,4,0,DEMO-o4.4.1-example
B,confirmatory,wave2_label_position,all,Q,action,SCAN,2,4,4,0,DEMO-o4.4.1-example
B,confirmatory,wave2_label_position,all,Q,action,SCAN,3,4,4,0,DEMO-o4.4.1-example
B,confirmatory,wave2_label_position,all,Q,action,SCAN,4,4,4,0,DEMO-o4.4.1-example
B,confirmatory,wave2_label_position,all,Q,action,TAG,1,4,4,0,DEMO-o4.4.1-example
B,confirmatory,wave2_label_position,all,Q,action,TAG,2,4,4,0,DEMO-o4.4.1-example
B,confirmatory,wave2_label_position,all,Q,action,TAG,3,4,4,0,DEMO-o4.4.1-example
B,confirmatory,wave2_label_position,all,Q,action,TAG,4,4,4,0,DEMO-o4.4.1-example
B,confirmatory,wave2_label_position,all,Q,action,CLOSE,1,4,4,0,DEMO-o4.4.1-example
B,confirmatory,wave2_label_position,all,Q,action,CLOSE,2,4,4,0,DEMO-o4.4.1-example
B,confirmatory,wave2_label_position,all,Q,action,CLOSE,3,4,4,0,DEMO-o4.4.1-example
B,confirmatory,wave2_label_position,all,Q,action,CLOSE,4,4,4,0,DEMO-o4.4.1-example
B,confirmatory,wave2_label_position,all,Q,action,QUARANTINE,1,4,4,0,DEMO-o4.4.1-example
B,confirmatory,wave2_label_position,all,Q,action,QUARANTINE,2,4,4,0,DEMO-o4.4.1-example
B,confirmatory,wave2_label_position,all,Q,action,QUARANTINE,3,4,4,0,DEMO-o4.4.1-example
B,confirmatory,wave2_label_position,all,Q,action,QUARANTINE,4,4,4,0,DEMO-o4.4.1-example
B,confirmatory,wave2_label_position,all,Q,referent,E,1,4,4,0,DEMO-o4.4.1-example
B,confirmatory,wave2_label_position,all,Q,referent,E,2,4,4,0,DEMO-o4.4.1-example
B,confirmatory,wave2_label_position,all,Q,referent,E,3,4,4,0,DEMO-o4.4.1-example
B,confirmatory,wave2_label_position,all,Q,referent,E,4,4,4,0,DEMO-o4.4.1-example
B,confirmatory,wave2_label_position,all,Q,referent,F,1,4,4,0,DEMO-o4.4.1-example
B,confirmatory,wave2_label_position,all,Q,referent,F,2,4,4,0,DEMO-o4.4.1-example
B,confirmatory,wave2_label_position,all,Q,referent,F,3,4,4,0,DEMO-o4.4.1-example
B,confirmatory,wave2_label_position,all,Q,referent,F,4,4,4,0,DEMO-o4.4.1-example
B,confirmatory,wave2_label_position,all,Q,referent,G,1,4,4,0,DEMO-o4.4.1-example
B,confirmatory,wave2_label_position,all,Q,referent,G,2,4,4,0,DEMO-o4.4.1-example
B,confirmatory,wave2_label_position,all,Q,referent,G,3,4,4,0,DEMO-o4.4.1-example
B,confirmatory,wave2_label_position,all,Q,referent,G,4,4,4,0,DEMO-o4.4.1-example
B,confirmatory,wave2_label_position,all,Q,referent,H,1,4,4,0,DEMO-o4.4.1-example
B,confirmatory,wave2_label_position,all,Q,referent,H,2,4,4,0,DEMO-o4.4.1-example
B,confirmatory,wave2_label_position,all,Q,referent,H,3,4,4,0,DEMO-o4.4.1-example
B,confirmatory,wave2_label_position,all,Q,referent,H,4,4,4,0,DEMO-o4.4.1-example
B,confirmatory,wave3_label_position,all,K,action,ADD_ONE,1,4,4,0,DEMO-o4.4.1-example
B,confirmatory,wave3_label_position,all,K,action,ADD_ONE,2,4,4,0,DEMO-o4.4.1-example
B,confirmatory,wave3_label_position,all,K,action,ADD_ONE,3,4,4,0,DEMO-o4.4.1-example
B,confirmatory,wave3_label_position,all,K,action,ADD_ONE,4,4,4,0,DEMO-o4.4.1-example
B,confirmatory,wave3_label_position,all,K,action,REMOVE_ONE,1,4,4,0,DEMO-o4.4.1-example
B,confirmatory,wave3_label_position,all,K,action,REMOVE_ONE,2,4,4,0,DEMO-o4.4.1-example
B,confirmatory,wave3_label_position,all,K,action,REMOVE_ONE,3,4,4,0,DEMO-o4.4.1-example
B,confirmatory,wave3_label_position,all,K,action,REMOVE_ONE,4,4,4,0,DEMO-o4.4.1-example
B,confirmatory,wave3_label_position,all,K,action,FLIP_CARD,1,4,4,0,DEMO-o4.4.1-example
B,confirmatory,wave3_label_position,all,K,action,FLIP_CARD,2,4,4,0,DEMO-o4.4.1-example
B,confirmatory,wave3_label_position,all,K,action,FLIP_CARD,3,4,4,0,DEMO-o4.4.1-example
B,confirmatory,wave3_label_position,all,K,action,FLIP_CARD,4,4,4,0,DEMO-o4.4.1-example
B,confirmatory,wave3_label_position,all,K,action,ALIGN_ARROW,1,4,4,0,DEMO-o4.4.1-example
B,confirmatory,wave3_label_position,all,K,action,ALIGN_ARROW,2,4,4,0,DEMO-o4.4.1-example
B,confirmatory,wave3_label_position,all,K,action,ALIGN_ARROW,3,4,4,0,DEMO-o4.4.1-example
B,confirmatory,wave3_label_position,all,K,action,ALIGN_ARROW,4,4,4,0,DEMO-o4.4.1-example
B,confirmatory,wave3_label_position,all,K,referent,A,1,4,4,0,DEMO-o4.4.1-example
B,confirmatory,wave3_label_position,all,K,referent,A,2,4,4,0,DEMO-o4.4.1-example
B,confirmatory,wave3_label_position,all,K,referent,A,3,4,4,0,DEMO-o4.4.1-example
B,confirmatory,wave3_label_position,all,K,referent,A,4,4,4,0,DEMO-o4.4.1-example
B,confirmatory,wave3_label_position,all,K,referent,B,1,4,4,0,DEMO-o4.4.1-example
B,confirmatory,wave3_label_position,all,K,referent,B,2,4,4,0,DEMO-o4.4.1-example
B,confirmatory,wave3_label_position,all,K,referent,B,3,4,4,0,DEMO-o4.4.1-example
B,confirmatory,wave3_label_position,all,K,referent,B,4,4,4,0,DEMO-o4.4.1-example
B,confirmatory,wave3_label_position,all,K,referent,C,1,4,4,0,DEMO-o4.4.1-example
B,confirmatory,wave3_label_position,all,K,referent,C,2,4,4,0,DEMO-o4.4.1-example
B,confirmatory,wave3_label_position,all,K,referent,C,3,4,4,0,DEMO-o4.4.1-example
B,confirmatory,wave3_label_position,all,K,referent,C,4,4,4,0,DEMO-o4.4.1-example
B,confirmatory,wave3_label_position,all,K,referent,D,1,4,4,0,DEMO-o4.4.1-example
B,confirmatory,wave3_label_position,all,K,referent,D,2,4,4,0,DEMO-o4.4.1-example
B,confirmatory,wave3_label_position,all,K,referent,D,3,4,4,0,DEMO-o4.4.1-example
B,confirmatory,wave3_label_position,all,K,referent,D,4,4,4,0,DEMO-o4.4.1-example
B,confirmatory,wave3_label_position,all,Q,action,SCAN,1,4,4,0,DEMO-o4.4.1-example
B,confirmatory,wave3_label_position,all,Q,action,SCAN,2,4,4,0,DEMO-o4.4.1-example
B,confirmatory,wave3_label_position,all,Q,action,SCAN,3,4,4,0,DEMO-o4.4.1-example
B,confirmatory,wave3_label_position,all,Q,action,SCAN,4,4,4,0,DEMO-o4.4.1-example
B,confirmatory,wave3_label_position,all,Q,action,TAG,1,4,4,0,DEMO-o4.4.1-example
B,confirmatory,wave3_label_position,all,Q,action,TAG,2,4,4,0,DEMO-o4.4.1-example
B,confirmatory,wave3_label_position,all,Q,action,TAG,3,4,4,0,DEMO-o4.4.1-example
B,confirmatory,wave3_label_position,all,Q,action,TAG,4,4,4,0,DEMO-o4.4.1-example
B,confirmatory,wave3_label_position,all,Q,action,CLOSE,1,4,4,0,DEMO-o4.4.1-example
B,confirmatory,wave3_label_position,all,Q,action,CLOSE,2,4,4,0,DEMO-o4.4.1-example
B,confirmatory,wave3_label_position,all,Q,action,CLOSE,3,4,4,0,DEMO-o4.4.1-example
B,confirmatory,wave3_label_position,all,Q,action,CLOSE,4,4,4,0,DEMO-o4.4.1-example
B,confirmatory,wave3_label_position,all,Q,action,QUARANTINE,1,4,4,0,DEMO-o4.4.1-example
B,confirmatory,wave3_label_position,all,Q,action,QUARANTINE,2,4,4,0,DEMO-o4.4.1-example
B,confirmatory,wave3_label_position,all,Q,action,QUARANTINE,3,4,4,0,DEMO-o4.4.1-example
B,confirmatory,wave3_label_position,all,Q,action,QUARANTINE,4,4,4,0,DEMO-o4.4.1-example
B,confirmatory,wave3_label_position,all,Q,referent,E,1,4,4,0,DEMO-o4.4.1-example
B,confirmatory,wave3_label_position,all,Q,referent,E,2,4,4,0,DEMO-o4.4.1-example
B,confirmatory,wave3_label_position,all,Q,referent,E,3,4,4,0,DEMO-o4.4.1-example
B,confirmatory,wave3_label_position,all,Q,referent,E,4,4,4,0,DEMO-o4.4.1-example
B,confirmatory,wave3_label_position,all,Q,referent,F,1,4,4,0,DEMO-o4.4.1-example
B,confirmatory,wave3_label_position,all,Q,referent,F,2,4,4,0,DEMO-o4.4.1-example
B,confirmatory,wave3_label_position,all,Q,referent,F,3,4,4,0,DEMO-o4.4.1-example
B,confirmatory,wave3_label_position,all,Q,referent,F,4,4,4,0,DEMO-o4.4.1-example
B,confirmatory,wave3_label_position,all,Q,referent,G,1,4,4,0,DEMO-o4.4.1-example
B,confirmatory,wave3_label_position,all,Q,referent,G,2,4,4,0,DEMO-o4.4.1-example
B,confirmatory,wave3_label_position,all,Q,referent,G,3,4,4,0,DEMO-o4.4.1-example
B,confirmatory,wave3_label_position,all,Q,referent,G,4,4,4,0,DEMO-o4.4.1-example
B,confirmatory,wave3_label_position,all,Q,referent,H,1,4,4,0,DEMO-o4.4.1-example
B,confirmatory,wave3_label_position,all,Q,referent,H,2,4,4,0,DEMO-o4.4.1-example
B,confirmatory,wave3_label_position,all,Q,referent,H,3,4,4,0,DEMO-o4.4.1-example
B,confirmatory,wave3_label_position,all,Q,referent,H,4,4,4,0,DEMO-o4.4.1-example
B,confirmatory,family_first,all,,,K,,32,32,0,DEMO-o4.4.1-example
B,confirmatory,family_first,all,,,Q,,32,32,0,DEMO-o4.4.1-example
B,confirmatory,swap_w1_w4,all,,,0,,32,32,0,DEMO-o4.4.1-example
B,confirmatory,swap_w1_w4,all,,,1,,32,32,0,DEMO-o4.4.1-example
B,confirmatory,sq_arm,all,,,SQ-1,,32,32,0,DEMO-o4.4.1-example
B,confirmatory,sq_arm,all,,,SQ-2,,32,32,0,DEMO-o4.4.1-example
B,confirmatory,label_index,all+spares,K,action,ADD_ONE,1,18,18,0,DEMO-o4.4.1-example
B,confirmatory,label_index,all+spares,K,action,ADD_ONE,2,18,18,0,DEMO-o4.4.1-example
B,confirmatory,label_index,all+spares,K,action,ADD_ONE,3,18,18,0,DEMO-o4.4.1-example
B,confirmatory,label_index,all+spares,K,action,ADD_ONE,4,18,18,0,DEMO-o4.4.1-example
B,confirmatory,label_index,all+spares,K,action,REMOVE_ONE,1,18,18,0,DEMO-o4.4.1-example
B,confirmatory,label_index,all+spares,K,action,REMOVE_ONE,2,18,18,0,DEMO-o4.4.1-example
B,confirmatory,label_index,all+spares,K,action,REMOVE_ONE,3,18,18,0,DEMO-o4.4.1-example
B,confirmatory,label_index,all+spares,K,action,REMOVE_ONE,4,18,18,0,DEMO-o4.4.1-example
B,confirmatory,label_index,all+spares,K,action,FLIP_CARD,1,18,18,0,DEMO-o4.4.1-example
B,confirmatory,label_index,all+spares,K,action,FLIP_CARD,2,18,18,0,DEMO-o4.4.1-example
B,confirmatory,label_index,all+spares,K,action,FLIP_CARD,3,18,18,0,DEMO-o4.4.1-example
B,confirmatory,label_index,all+spares,K,action,FLIP_CARD,4,18,18,0,DEMO-o4.4.1-example
B,confirmatory,label_index,all+spares,K,action,ALIGN_ARROW,1,18,18,0,DEMO-o4.4.1-example
B,confirmatory,label_index,all+spares,K,action,ALIGN_ARROW,2,18,18,0,DEMO-o4.4.1-example
B,confirmatory,label_index,all+spares,K,action,ALIGN_ARROW,3,18,18,0,DEMO-o4.4.1-example
B,confirmatory,label_index,all+spares,K,action,ALIGN_ARROW,4,18,18,0,DEMO-o4.4.1-example
B,confirmatory,label_index,all+spares,K,referent,A,1,18,18,0,DEMO-o4.4.1-example
B,confirmatory,label_index,all+spares,K,referent,A,2,18,18,0,DEMO-o4.4.1-example
B,confirmatory,label_index,all+spares,K,referent,A,3,18,18,0,DEMO-o4.4.1-example
B,confirmatory,label_index,all+spares,K,referent,A,4,18,18,0,DEMO-o4.4.1-example
B,confirmatory,label_index,all+spares,K,referent,B,1,18,18,0,DEMO-o4.4.1-example
B,confirmatory,label_index,all+spares,K,referent,B,2,18,18,0,DEMO-o4.4.1-example
B,confirmatory,label_index,all+spares,K,referent,B,3,18,18,0,DEMO-o4.4.1-example
B,confirmatory,label_index,all+spares,K,referent,B,4,18,18,0,DEMO-o4.4.1-example
B,confirmatory,label_index,all+spares,K,referent,C,1,18,18,0,DEMO-o4.4.1-example
B,confirmatory,label_index,all+spares,K,referent,C,2,18,18,0,DEMO-o4.4.1-example
B,confirmatory,label_index,all+spares,K,referent,C,3,18,18,0,DEMO-o4.4.1-example
B,confirmatory,label_index,all+spares,K,referent,C,4,18,18,0,DEMO-o4.4.1-example
B,confirmatory,label_index,all+spares,K,referent,D,1,18,18,0,DEMO-o4.4.1-example
B,confirmatory,label_index,all+spares,K,referent,D,2,18,18,0,DEMO-o4.4.1-example
B,confirmatory,label_index,all+spares,K,referent,D,3,18,18,0,DEMO-o4.4.1-example
B,confirmatory,label_index,all+spares,K,referent,D,4,18,18,0,DEMO-o4.4.1-example
B,confirmatory,label_index,all+spares,Q,action,SCAN,1,18,18,0,DEMO-o4.4.1-example
B,confirmatory,label_index,all+spares,Q,action,SCAN,2,18,18,0,DEMO-o4.4.1-example
B,confirmatory,label_index,all+spares,Q,action,SCAN,3,18,18,0,DEMO-o4.4.1-example
B,confirmatory,label_index,all+spares,Q,action,SCAN,4,18,18,0,DEMO-o4.4.1-example
B,confirmatory,label_index,all+spares,Q,action,TAG,1,18,18,0,DEMO-o4.4.1-example
B,confirmatory,label_index,all+spares,Q,action,TAG,2,18,18,0,DEMO-o4.4.1-example
B,confirmatory,label_index,all+spares,Q,action,TAG,3,18,18,0,DEMO-o4.4.1-example
B,confirmatory,label_index,all+spares,Q,action,TAG,4,18,18,0,DEMO-o4.4.1-example
B,confirmatory,label_index,all+spares,Q,action,CLOSE,1,18,18,0,DEMO-o4.4.1-example
B,confirmatory,label_index,all+spares,Q,action,CLOSE,2,18,18,0,DEMO-o4.4.1-example
B,confirmatory,label_index,all+spares,Q,action,CLOSE,3,18,18,0,DEMO-o4.4.1-example
B,confirmatory,label_index,all+spares,Q,action,CLOSE,4,18,18,0,DEMO-o4.4.1-example
B,confirmatory,label_index,all+spares,Q,action,QUARANTINE,1,18,18,0,DEMO-o4.4.1-example
B,confirmatory,label_index,all+spares,Q,action,QUARANTINE,2,18,18,0,DEMO-o4.4.1-example
B,confirmatory,label_index,all+spares,Q,action,QUARANTINE,3,18,18,0,DEMO-o4.4.1-example
B,confirmatory,label_index,all+spares,Q,action,QUARANTINE,4,18,18,0,DEMO-o4.4.1-example
B,confirmatory,label_index,all+spares,Q,referent,E,1,18,18,0,DEMO-o4.4.1-example
B,confirmatory,label_index,all+spares,Q,referent,E,2,18,18,0,DEMO-o4.4.1-example
B,confirmatory,label_index,all+spares,Q,referent,E,3,18,18,0,DEMO-o4.4.1-example
B,confirmatory,label_index,all+spares,Q,referent,E,4,18,18,0,DEMO-o4.4.1-example
B,confirmatory,label_index,all+spares,Q,referent,F,1,18,18,0,DEMO-o4.4.1-example
B,confirmatory,label_index,all+spares,Q,referent,F,2,18,18,0,DEMO-o4.4.1-example
B,confirmatory,label_index,all+spares,Q,referent,F,3,18,18,0,DEMO-o4.4.1-example
B,confirmatory,label_index,all+spares,Q,referent,F,4,18,18,0,DEMO-o4.4.1-example
B,confirmatory,label_index,all+spares,Q,referent,G,1,18,18,0,DEMO-o4.4.1-example
B,confirmatory,label_index,all+spares,Q,referent,G,2,18,18,0,DEMO-o4.4.1-example
B,confirmatory,label_index,all+spares,Q,referent,G,3,18,18,0,DEMO-o4.4.1-example
B,confirmatory,label_index,all+spares,Q,referent,G,4,18,18,0,DEMO-o4.4.1-example
B,confirmatory,label_index,all+spares,Q,referent,H,1,18,18,0,DEMO-o4.4.1-example
B,confirmatory,label_index,all+spares,Q,referent,H,2,18,18,0,DEMO-o4.4.1-example
B,confirmatory,label_index,all+spares,Q,referent,H,3,18,18,0,DEMO-o4.4.1-example
B,confirmatory,label_index,all+spares,Q,referent,H,4,18,18,0,DEMO-o4.4.1-example
B,confirmatory,wave1_position,all+spares,K,,K-a1,1,9,9,0,DEMO-o4.4.1-example
B,confirmatory,wave1_position,all+spares,K,,K-a1,2,9,9,0,DEMO-o4.4.1-example
B,confirmatory,wave1_position,all+spares,K,,K-a1,3,9,9,0,DEMO-o4.4.1-example
B,confirmatory,wave1_position,all+spares,K,,K-a1,4,9,9,0,DEMO-o4.4.1-example
B,confirmatory,wave1_position,all+spares,K,,K-a1,5,9,9,0,DEMO-o4.4.1-example
B,confirmatory,wave1_position,all+spares,K,,K-a1,6,9,9,0,DEMO-o4.4.1-example
B,confirmatory,wave1_position,all+spares,K,,K-a1,7,9,9,0,DEMO-o4.4.1-example
B,confirmatory,wave1_position,all+spares,K,,K-a1,8,9,9,0,DEMO-o4.4.1-example
B,confirmatory,wave1_position,all+spares,K,,K-a2,1,9,9,0,DEMO-o4.4.1-example
B,confirmatory,wave1_position,all+spares,K,,K-a2,2,9,9,0,DEMO-o4.4.1-example
B,confirmatory,wave1_position,all+spares,K,,K-a2,3,9,9,0,DEMO-o4.4.1-example
B,confirmatory,wave1_position,all+spares,K,,K-a2,4,9,9,0,DEMO-o4.4.1-example
B,confirmatory,wave1_position,all+spares,K,,K-a2,5,9,9,0,DEMO-o4.4.1-example
B,confirmatory,wave1_position,all+spares,K,,K-a2,6,9,9,0,DEMO-o4.4.1-example
B,confirmatory,wave1_position,all+spares,K,,K-a2,7,9,9,0,DEMO-o4.4.1-example
B,confirmatory,wave1_position,all+spares,K,,K-a2,8,9,9,0,DEMO-o4.4.1-example
B,confirmatory,wave1_position,all+spares,K,,K-r1,1,9,9,0,DEMO-o4.4.1-example
B,confirmatory,wave1_position,all+spares,K,,K-r1,2,9,9,0,DEMO-o4.4.1-example
B,confirmatory,wave1_position,all+spares,K,,K-r1,3,9,9,0,DEMO-o4.4.1-example
B,confirmatory,wave1_position,all+spares,K,,K-r1,4,9,9,0,DEMO-o4.4.1-example
B,confirmatory,wave1_position,all+spares,K,,K-r1,5,9,9,0,DEMO-o4.4.1-example
B,confirmatory,wave1_position,all+spares,K,,K-r1,6,9,9,0,DEMO-o4.4.1-example
B,confirmatory,wave1_position,all+spares,K,,K-r1,7,9,9,0,DEMO-o4.4.1-example
B,confirmatory,wave1_position,all+spares,K,,K-r1,8,9,9,0,DEMO-o4.4.1-example
B,confirmatory,wave1_position,all+spares,K,,K-r2,1,9,9,0,DEMO-o4.4.1-example
B,confirmatory,wave1_position,all+spares,K,,K-r2,2,9,9,0,DEMO-o4.4.1-example
B,confirmatory,wave1_position,all+spares,K,,K-r2,3,9,9,0,DEMO-o4.4.1-example
B,confirmatory,wave1_position,all+spares,K,,K-r2,4,9,9,0,DEMO-o4.4.1-example
B,confirmatory,wave1_position,all+spares,K,,K-r2,5,9,9,0,DEMO-o4.4.1-example
B,confirmatory,wave1_position,all+spares,K,,K-r2,6,9,9,0,DEMO-o4.4.1-example
B,confirmatory,wave1_position,all+spares,K,,K-r2,7,9,9,0,DEMO-o4.4.1-example
B,confirmatory,wave1_position,all+spares,K,,K-r2,8,9,9,0,DEMO-o4.4.1-example
B,confirmatory,wave1_position,all+spares,Q,,Q-a1,1,9,9,0,DEMO-o4.4.1-example
B,confirmatory,wave1_position,all+spares,Q,,Q-a1,2,9,9,0,DEMO-o4.4.1-example
B,confirmatory,wave1_position,all+spares,Q,,Q-a1,3,9,9,0,DEMO-o4.4.1-example
B,confirmatory,wave1_position,all+spares,Q,,Q-a1,4,9,9,0,DEMO-o4.4.1-example
B,confirmatory,wave1_position,all+spares,Q,,Q-a1,5,9,9,0,DEMO-o4.4.1-example
B,confirmatory,wave1_position,all+spares,Q,,Q-a1,6,9,9,0,DEMO-o4.4.1-example
B,confirmatory,wave1_position,all+spares,Q,,Q-a1,7,9,9,0,DEMO-o4.4.1-example
B,confirmatory,wave1_position,all+spares,Q,,Q-a1,8,9,9,0,DEMO-o4.4.1-example
B,confirmatory,wave1_position,all+spares,Q,,Q-a2,1,9,9,0,DEMO-o4.4.1-example
B,confirmatory,wave1_position,all+spares,Q,,Q-a2,2,9,9,0,DEMO-o4.4.1-example
B,confirmatory,wave1_position,all+spares,Q,,Q-a2,3,9,9,0,DEMO-o4.4.1-example
B,confirmatory,wave1_position,all+spares,Q,,Q-a2,4,9,9,0,DEMO-o4.4.1-example
B,confirmatory,wave1_position,all+spares,Q,,Q-a2,5,9,9,0,DEMO-o4.4.1-example
B,confirmatory,wave1_position,all+spares,Q,,Q-a2,6,9,9,0,DEMO-o4.4.1-example
B,confirmatory,wave1_position,all+spares,Q,,Q-a2,7,9,9,0,DEMO-o4.4.1-example
B,confirmatory,wave1_position,all+spares,Q,,Q-a2,8,9,9,0,DEMO-o4.4.1-example
B,confirmatory,wave1_position,all+spares,Q,,Q-r1,1,9,9,0,DEMO-o4.4.1-example
B,confirmatory,wave1_position,all+spares,Q,,Q-r1,2,9,9,0,DEMO-o4.4.1-example
B,confirmatory,wave1_position,all+spares,Q,,Q-r1,3,9,9,0,DEMO-o4.4.1-example
B,confirmatory,wave1_position,all+spares,Q,,Q-r1,4,9,9,0,DEMO-o4.4.1-example
B,confirmatory,wave1_position,all+spares,Q,,Q-r1,5,9,9,0,DEMO-o4.4.1-example
B,confirmatory,wave1_position,all+spares,Q,,Q-r1,6,9,9,0,DEMO-o4.4.1-example
B,confirmatory,wave1_position,all+spares,Q,,Q-r1,7,9,9,0,DEMO-o4.4.1-example
B,confirmatory,wave1_position,all+spares,Q,,Q-r1,8,9,9,0,DEMO-o4.4.1-example
B,confirmatory,wave1_position,all+spares,Q,,Q-r2,1,9,9,0,DEMO-o4.4.1-example
B,confirmatory,wave1_position,all+spares,Q,,Q-r2,2,9,9,0,DEMO-o4.4.1-example
B,confirmatory,wave1_position,all+spares,Q,,Q-r2,3,9,9,0,DEMO-o4.4.1-example
B,confirmatory,wave1_position,all+spares,Q,,Q-r2,4,9,9,0,DEMO-o4.4.1-example
B,confirmatory,wave1_position,all+spares,Q,,Q-r2,5,9,9,0,DEMO-o4.4.1-example
B,confirmatory,wave1_position,all+spares,Q,,Q-r2,6,9,9,0,DEMO-o4.4.1-example
B,confirmatory,wave1_position,all+spares,Q,,Q-r2,7,9,9,0,DEMO-o4.4.1-example
B,confirmatory,wave1_position,all+spares,Q,,Q-r2,8,9,9,0,DEMO-o4.4.1-example
B,confirmatory,wave2_position,all+spares,K,,K-a3,1,18,18,0,DEMO-o4.4.1-example
B,confirmatory,wave2_position,all+spares,K,,K-a3,2,18,18,0,DEMO-o4.4.1-example
B,confirmatory,wave2_position,all+spares,K,,K-a3,3,18,18,0,DEMO-o4.4.1-example
B,confirmatory,wave2_position,all+spares,K,,K-a3,4,18,18,0,DEMO-o4.4.1-example
B,confirmatory,wave2_position,all+spares,K,,K-r3,1,18,18,0,DEMO-o4.4.1-example
B,confirmatory,wave2_position,all+spares,K,,K-r3,2,18,18,0,DEMO-o4.4.1-example
B,confirmatory,wave2_position,all+spares,K,,K-r3,3,18,18,0,DEMO-o4.4.1-example
B,confirmatory,wave2_position,all+spares,K,,K-r3,4,18,18,0,DEMO-o4.4.1-example
B,confirmatory,wave2_position,all+spares,Q,,Q-a3,1,18,18,0,DEMO-o4.4.1-example
B,confirmatory,wave2_position,all+spares,Q,,Q-a3,2,18,18,0,DEMO-o4.4.1-example
B,confirmatory,wave2_position,all+spares,Q,,Q-a3,3,18,18,0,DEMO-o4.4.1-example
B,confirmatory,wave2_position,all+spares,Q,,Q-a3,4,18,18,0,DEMO-o4.4.1-example
B,confirmatory,wave2_position,all+spares,Q,,Q-r3,1,18,18,0,DEMO-o4.4.1-example
B,confirmatory,wave2_position,all+spares,Q,,Q-r3,2,18,18,0,DEMO-o4.4.1-example
B,confirmatory,wave2_position,all+spares,Q,,Q-r3,3,18,18,0,DEMO-o4.4.1-example
B,confirmatory,wave2_position,all+spares,Q,,Q-r3,4,18,18,0,DEMO-o4.4.1-example
B,confirmatory,wave3_position,all+spares,K,,K-a4,1,18,18,0,DEMO-o4.4.1-example
B,confirmatory,wave3_position,all+spares,K,,K-a4,2,18,18,0,DEMO-o4.4.1-example
B,confirmatory,wave3_position,all+spares,K,,K-a4,3,18,18,0,DEMO-o4.4.1-example
B,confirmatory,wave3_position,all+spares,K,,K-a4,4,18,18,0,DEMO-o4.4.1-example
B,confirmatory,wave3_position,all+spares,K,,K-r4,1,18,18,0,DEMO-o4.4.1-example
B,confirmatory,wave3_position,all+spares,K,,K-r4,2,18,18,0,DEMO-o4.4.1-example
B,confirmatory,wave3_position,all+spares,K,,K-r4,3,18,18,0,DEMO-o4.4.1-example
B,confirmatory,wave3_position,all+spares,K,,K-r4,4,18,18,0,DEMO-o4.4.1-example
B,confirmatory,wave3_position,all+spares,Q,,Q-a4,1,18,18,0,DEMO-o4.4.1-example
B,confirmatory,wave3_position,all+spares,Q,,Q-a4,2,18,18,0,DEMO-o4.4.1-example
B,confirmatory,wave3_position,all+spares,Q,,Q-a4,3,18,18,0,DEMO-o4.4.1-example
B,confirmatory,wave3_position,all+spares,Q,,Q-a4,4,18,18,0,DEMO-o4.4.1-example
B,confirmatory,wave3_position,all+spares,Q,,Q-r4,1,18,18,0,DEMO-o4.4.1-example
B,confirmatory,wave3_position,all+spares,Q,,Q-r4,2,18,18,0,DEMO-o4.4.1-example
B,confirmatory,wave3_position,all+spares,Q,,Q-r4,3,18,18,0,DEMO-o4.4.1-example
B,confirmatory,wave3_position,all+spares,Q,,Q-r4,4,18,18,0,DEMO-o4.4.1-example
B,confirmatory,family_first,all+spares,,,K,,36,36,0,DEMO-o4.4.1-example
B,confirmatory,family_first,all+spares,,,Q,,36,36,0,DEMO-o4.4.1-example
B,confirmatory,swap_w1_w4,all+spares,,,0,,36,36,0,DEMO-o4.4.1-example
B,confirmatory,swap_w1_w4,all+spares,,,1,,36,36,0,DEMO-o4.4.1-example
B,confirmatory,sq_arm,all+spares,,,SQ-1,,36,36,0,DEMO-o4.4.1-example
B,confirmatory,sq_arm,all+spares,,,SQ-2,,36,36,0,DEMO-o4.4.1-example
B,confirmatory,label_index,sq_arm=SQ-1,K,action,ADD_ONE,1,8,8,0,DEMO-o4.4.1-example
B,confirmatory,label_index,sq_arm=SQ-1,K,action,ADD_ONE,2,8,8,0,DEMO-o4.4.1-example
B,confirmatory,label_index,sq_arm=SQ-1,K,action,ADD_ONE,3,8,8,0,DEMO-o4.4.1-example
B,confirmatory,label_index,sq_arm=SQ-1,K,action,ADD_ONE,4,8,8,0,DEMO-o4.4.1-example
B,confirmatory,label_index,sq_arm=SQ-1,K,action,REMOVE_ONE,1,8,8,0,DEMO-o4.4.1-example
B,confirmatory,label_index,sq_arm=SQ-1,K,action,REMOVE_ONE,2,8,8,0,DEMO-o4.4.1-example
B,confirmatory,label_index,sq_arm=SQ-1,K,action,REMOVE_ONE,3,8,8,0,DEMO-o4.4.1-example
B,confirmatory,label_index,sq_arm=SQ-1,K,action,REMOVE_ONE,4,8,8,0,DEMO-o4.4.1-example
B,confirmatory,label_index,sq_arm=SQ-1,K,action,FLIP_CARD,1,8,8,0,DEMO-o4.4.1-example
B,confirmatory,label_index,sq_arm=SQ-1,K,action,FLIP_CARD,2,8,8,0,DEMO-o4.4.1-example
B,confirmatory,label_index,sq_arm=SQ-1,K,action,FLIP_CARD,3,8,8,0,DEMO-o4.4.1-example
B,confirmatory,label_index,sq_arm=SQ-1,K,action,FLIP_CARD,4,8,8,0,DEMO-o4.4.1-example
B,confirmatory,label_index,sq_arm=SQ-1,K,action,ALIGN_ARROW,1,8,8,0,DEMO-o4.4.1-example
B,confirmatory,label_index,sq_arm=SQ-1,K,action,ALIGN_ARROW,2,8,8,0,DEMO-o4.4.1-example
B,confirmatory,label_index,sq_arm=SQ-1,K,action,ALIGN_ARROW,3,8,8,0,DEMO-o4.4.1-example
B,confirmatory,label_index,sq_arm=SQ-1,K,action,ALIGN_ARROW,4,8,8,0,DEMO-o4.4.1-example
B,confirmatory,label_index,sq_arm=SQ-1,K,referent,A,1,8,8,0,DEMO-o4.4.1-example
B,confirmatory,label_index,sq_arm=SQ-1,K,referent,A,2,8,8,0,DEMO-o4.4.1-example
B,confirmatory,label_index,sq_arm=SQ-1,K,referent,A,3,8,8,0,DEMO-o4.4.1-example
B,confirmatory,label_index,sq_arm=SQ-1,K,referent,A,4,8,8,0,DEMO-o4.4.1-example
B,confirmatory,label_index,sq_arm=SQ-1,K,referent,B,1,8,8,0,DEMO-o4.4.1-example
B,confirmatory,label_index,sq_arm=SQ-1,K,referent,B,2,8,8,0,DEMO-o4.4.1-example
B,confirmatory,label_index,sq_arm=SQ-1,K,referent,B,3,8,8,0,DEMO-o4.4.1-example
B,confirmatory,label_index,sq_arm=SQ-1,K,referent,B,4,8,8,0,DEMO-o4.4.1-example
B,confirmatory,label_index,sq_arm=SQ-1,K,referent,C,1,8,8,0,DEMO-o4.4.1-example
B,confirmatory,label_index,sq_arm=SQ-1,K,referent,C,2,8,8,0,DEMO-o4.4.1-example
B,confirmatory,label_index,sq_arm=SQ-1,K,referent,C,3,8,8,0,DEMO-o4.4.1-example
B,confirmatory,label_index,sq_arm=SQ-1,K,referent,C,4,8,8,0,DEMO-o4.4.1-example
B,confirmatory,label_index,sq_arm=SQ-1,K,referent,D,1,8,8,0,DEMO-o4.4.1-example
B,confirmatory,label_index,sq_arm=SQ-1,K,referent,D,2,8,8,0,DEMO-o4.4.1-example
B,confirmatory,label_index,sq_arm=SQ-1,K,referent,D,3,8,8,0,DEMO-o4.4.1-example
B,confirmatory,label_index,sq_arm=SQ-1,K,referent,D,4,8,8,0,DEMO-o4.4.1-example
B,confirmatory,label_index,sq_arm=SQ-1,Q,action,SCAN,1,8,8,0,DEMO-o4.4.1-example
B,confirmatory,label_index,sq_arm=SQ-1,Q,action,SCAN,2,8,8,0,DEMO-o4.4.1-example
B,confirmatory,label_index,sq_arm=SQ-1,Q,action,SCAN,3,8,8,0,DEMO-o4.4.1-example
B,confirmatory,label_index,sq_arm=SQ-1,Q,action,SCAN,4,8,8,0,DEMO-o4.4.1-example
B,confirmatory,label_index,sq_arm=SQ-1,Q,action,TAG,1,8,8,0,DEMO-o4.4.1-example
B,confirmatory,label_index,sq_arm=SQ-1,Q,action,TAG,2,8,8,0,DEMO-o4.4.1-example
B,confirmatory,label_index,sq_arm=SQ-1,Q,action,TAG,3,8,8,0,DEMO-o4.4.1-example
B,confirmatory,label_index,sq_arm=SQ-1,Q,action,TAG,4,8,8,0,DEMO-o4.4.1-example
B,confirmatory,label_index,sq_arm=SQ-1,Q,action,CLOSE,1,8,8,0,DEMO-o4.4.1-example
B,confirmatory,label_index,sq_arm=SQ-1,Q,action,CLOSE,2,8,8,0,DEMO-o4.4.1-example
B,confirmatory,label_index,sq_arm=SQ-1,Q,action,CLOSE,3,8,8,0,DEMO-o4.4.1-example
B,confirmatory,label_index,sq_arm=SQ-1,Q,action,CLOSE,4,8,8,0,DEMO-o4.4.1-example
B,confirmatory,label_index,sq_arm=SQ-1,Q,action,QUARANTINE,1,8,8,0,DEMO-o4.4.1-example
B,confirmatory,label_index,sq_arm=SQ-1,Q,action,QUARANTINE,2,8,8,0,DEMO-o4.4.1-example
B,confirmatory,label_index,sq_arm=SQ-1,Q,action,QUARANTINE,3,8,8,0,DEMO-o4.4.1-example
B,confirmatory,label_index,sq_arm=SQ-1,Q,action,QUARANTINE,4,8,8,0,DEMO-o4.4.1-example
B,confirmatory,label_index,sq_arm=SQ-1,Q,referent,E,1,8,8,0,DEMO-o4.4.1-example
B,confirmatory,label_index,sq_arm=SQ-1,Q,referent,E,2,8,8,0,DEMO-o4.4.1-example
B,confirmatory,label_index,sq_arm=SQ-1,Q,referent,E,3,8,8,0,DEMO-o4.4.1-example
B,confirmatory,label_index,sq_arm=SQ-1,Q,referent,E,4,8,8,0,DEMO-o4.4.1-example
B,confirmatory,label_index,sq_arm=SQ-1,Q,referent,F,1,8,8,0,DEMO-o4.4.1-example
B,confirmatory,label_index,sq_arm=SQ-1,Q,referent,F,2,8,8,0,DEMO-o4.4.1-example
B,confirmatory,label_index,sq_arm=SQ-1,Q,referent,F,3,8,8,0,DEMO-o4.4.1-example
B,confirmatory,label_index,sq_arm=SQ-1,Q,referent,F,4,8,8,0,DEMO-o4.4.1-example
B,confirmatory,label_index,sq_arm=SQ-1,Q,referent,G,1,8,8,0,DEMO-o4.4.1-example
B,confirmatory,label_index,sq_arm=SQ-1,Q,referent,G,2,8,8,0,DEMO-o4.4.1-example
B,confirmatory,label_index,sq_arm=SQ-1,Q,referent,G,3,8,8,0,DEMO-o4.4.1-example
B,confirmatory,label_index,sq_arm=SQ-1,Q,referent,G,4,8,8,0,DEMO-o4.4.1-example
B,confirmatory,label_index,sq_arm=SQ-1,Q,referent,H,1,8,8,0,DEMO-o4.4.1-example
B,confirmatory,label_index,sq_arm=SQ-1,Q,referent,H,2,8,8,0,DEMO-o4.4.1-example
B,confirmatory,label_index,sq_arm=SQ-1,Q,referent,H,3,8,8,0,DEMO-o4.4.1-example
B,confirmatory,label_index,sq_arm=SQ-1,Q,referent,H,4,8,8,0,DEMO-o4.4.1-example
B,confirmatory,wave1_position,sq_arm=SQ-1,K,,K-a1,1,4,4,0,DEMO-o4.4.1-example
B,confirmatory,wave1_position,sq_arm=SQ-1,K,,K-a1,2,4,4,0,DEMO-o4.4.1-example
B,confirmatory,wave1_position,sq_arm=SQ-1,K,,K-a1,3,4,4,0,DEMO-o4.4.1-example
B,confirmatory,wave1_position,sq_arm=SQ-1,K,,K-a1,4,4,4,0,DEMO-o4.4.1-example
B,confirmatory,wave1_position,sq_arm=SQ-1,K,,K-a1,5,4,4,0,DEMO-o4.4.1-example
B,confirmatory,wave1_position,sq_arm=SQ-1,K,,K-a1,6,4,4,0,DEMO-o4.4.1-example
B,confirmatory,wave1_position,sq_arm=SQ-1,K,,K-a1,7,4,4,0,DEMO-o4.4.1-example
B,confirmatory,wave1_position,sq_arm=SQ-1,K,,K-a1,8,4,4,0,DEMO-o4.4.1-example
B,confirmatory,wave1_position,sq_arm=SQ-1,K,,K-a2,1,4,4,0,DEMO-o4.4.1-example
B,confirmatory,wave1_position,sq_arm=SQ-1,K,,K-a2,2,4,4,0,DEMO-o4.4.1-example
B,confirmatory,wave1_position,sq_arm=SQ-1,K,,K-a2,3,4,4,0,DEMO-o4.4.1-example
B,confirmatory,wave1_position,sq_arm=SQ-1,K,,K-a2,4,4,4,0,DEMO-o4.4.1-example
B,confirmatory,wave1_position,sq_arm=SQ-1,K,,K-a2,5,4,4,0,DEMO-o4.4.1-example
B,confirmatory,wave1_position,sq_arm=SQ-1,K,,K-a2,6,4,4,0,DEMO-o4.4.1-example
B,confirmatory,wave1_position,sq_arm=SQ-1,K,,K-a2,7,4,4,0,DEMO-o4.4.1-example
B,confirmatory,wave1_position,sq_arm=SQ-1,K,,K-a2,8,4,4,0,DEMO-o4.4.1-example
B,confirmatory,wave1_position,sq_arm=SQ-1,K,,K-r1,1,4,4,0,DEMO-o4.4.1-example
B,confirmatory,wave1_position,sq_arm=SQ-1,K,,K-r1,2,4,4,0,DEMO-o4.4.1-example
B,confirmatory,wave1_position,sq_arm=SQ-1,K,,K-r1,3,4,4,0,DEMO-o4.4.1-example
B,confirmatory,wave1_position,sq_arm=SQ-1,K,,K-r1,4,4,4,0,DEMO-o4.4.1-example
B,confirmatory,wave1_position,sq_arm=SQ-1,K,,K-r1,5,4,4,0,DEMO-o4.4.1-example
B,confirmatory,wave1_position,sq_arm=SQ-1,K,,K-r1,6,4,4,0,DEMO-o4.4.1-example
B,confirmatory,wave1_position,sq_arm=SQ-1,K,,K-r1,7,4,4,0,DEMO-o4.4.1-example
B,confirmatory,wave1_position,sq_arm=SQ-1,K,,K-r1,8,4,4,0,DEMO-o4.4.1-example
B,confirmatory,wave1_position,sq_arm=SQ-1,K,,K-r2,1,4,4,0,DEMO-o4.4.1-example
B,confirmatory,wave1_position,sq_arm=SQ-1,K,,K-r2,2,4,4,0,DEMO-o4.4.1-example
B,confirmatory,wave1_position,sq_arm=SQ-1,K,,K-r2,3,4,4,0,DEMO-o4.4.1-example
B,confirmatory,wave1_position,sq_arm=SQ-1,K,,K-r2,4,4,4,0,DEMO-o4.4.1-example
B,confirmatory,wave1_position,sq_arm=SQ-1,K,,K-r2,5,4,4,0,DEMO-o4.4.1-example
B,confirmatory,wave1_position,sq_arm=SQ-1,K,,K-r2,6,4,4,0,DEMO-o4.4.1-example
B,confirmatory,wave1_position,sq_arm=SQ-1,K,,K-r2,7,4,4,0,DEMO-o4.4.1-example
B,confirmatory,wave1_position,sq_arm=SQ-1,K,,K-r2,8,4,4,0,DEMO-o4.4.1-example
B,confirmatory,wave1_position,sq_arm=SQ-1,Q,,Q-a1,1,4,4,0,DEMO-o4.4.1-example
B,confirmatory,wave1_position,sq_arm=SQ-1,Q,,Q-a1,2,4,4,0,DEMO-o4.4.1-example
B,confirmatory,wave1_position,sq_arm=SQ-1,Q,,Q-a1,3,4,4,0,DEMO-o4.4.1-example
B,confirmatory,wave1_position,sq_arm=SQ-1,Q,,Q-a1,4,4,4,0,DEMO-o4.4.1-example
B,confirmatory,wave1_position,sq_arm=SQ-1,Q,,Q-a1,5,4,4,0,DEMO-o4.4.1-example
B,confirmatory,wave1_position,sq_arm=SQ-1,Q,,Q-a1,6,4,4,0,DEMO-o4.4.1-example
B,confirmatory,wave1_position,sq_arm=SQ-1,Q,,Q-a1,7,4,4,0,DEMO-o4.4.1-example
B,confirmatory,wave1_position,sq_arm=SQ-1,Q,,Q-a1,8,4,4,0,DEMO-o4.4.1-example
B,confirmatory,wave1_position,sq_arm=SQ-1,Q,,Q-a2,1,4,4,0,DEMO-o4.4.1-example
B,confirmatory,wave1_position,sq_arm=SQ-1,Q,,Q-a2,2,4,4,0,DEMO-o4.4.1-example
B,confirmatory,wave1_position,sq_arm=SQ-1,Q,,Q-a2,3,4,4,0,DEMO-o4.4.1-example
B,confirmatory,wave1_position,sq_arm=SQ-1,Q,,Q-a2,4,4,4,0,DEMO-o4.4.1-example
B,confirmatory,wave1_position,sq_arm=SQ-1,Q,,Q-a2,5,4,4,0,DEMO-o4.4.1-example
B,confirmatory,wave1_position,sq_arm=SQ-1,Q,,Q-a2,6,4,4,0,DEMO-o4.4.1-example
B,confirmatory,wave1_position,sq_arm=SQ-1,Q,,Q-a2,7,4,4,0,DEMO-o4.4.1-example
B,confirmatory,wave1_position,sq_arm=SQ-1,Q,,Q-a2,8,4,4,0,DEMO-o4.4.1-example
B,confirmatory,wave1_position,sq_arm=SQ-1,Q,,Q-r1,1,4,4,0,DEMO-o4.4.1-example
B,confirmatory,wave1_position,sq_arm=SQ-1,Q,,Q-r1,2,4,4,0,DEMO-o4.4.1-example
B,confirmatory,wave1_position,sq_arm=SQ-1,Q,,Q-r1,3,4,4,0,DEMO-o4.4.1-example
B,confirmatory,wave1_position,sq_arm=SQ-1,Q,,Q-r1,4,4,4,0,DEMO-o4.4.1-example
B,confirmatory,wave1_position,sq_arm=SQ-1,Q,,Q-r1,5,4,4,0,DEMO-o4.4.1-example
B,confirmatory,wave1_position,sq_arm=SQ-1,Q,,Q-r1,6,4,4,0,DEMO-o4.4.1-example
B,confirmatory,wave1_position,sq_arm=SQ-1,Q,,Q-r1,7,4,4,0,DEMO-o4.4.1-example
B,confirmatory,wave1_position,sq_arm=SQ-1,Q,,Q-r1,8,4,4,0,DEMO-o4.4.1-example
B,confirmatory,wave1_position,sq_arm=SQ-1,Q,,Q-r2,1,4,4,0,DEMO-o4.4.1-example
B,confirmatory,wave1_position,sq_arm=SQ-1,Q,,Q-r2,2,4,4,0,DEMO-o4.4.1-example
B,confirmatory,wave1_position,sq_arm=SQ-1,Q,,Q-r2,3,4,4,0,DEMO-o4.4.1-example
B,confirmatory,wave1_position,sq_arm=SQ-1,Q,,Q-r2,4,4,4,0,DEMO-o4.4.1-example
B,confirmatory,wave1_position,sq_arm=SQ-1,Q,,Q-r2,5,4,4,0,DEMO-o4.4.1-example
B,confirmatory,wave1_position,sq_arm=SQ-1,Q,,Q-r2,6,4,4,0,DEMO-o4.4.1-example
B,confirmatory,wave1_position,sq_arm=SQ-1,Q,,Q-r2,7,4,4,0,DEMO-o4.4.1-example
B,confirmatory,wave1_position,sq_arm=SQ-1,Q,,Q-r2,8,4,4,0,DEMO-o4.4.1-example
B,confirmatory,wave2_position,sq_arm=SQ-1,K,,K-a3,1,8,8,0,DEMO-o4.4.1-example
B,confirmatory,wave2_position,sq_arm=SQ-1,K,,K-a3,2,8,8,0,DEMO-o4.4.1-example
B,confirmatory,wave2_position,sq_arm=SQ-1,K,,K-a3,3,8,8,0,DEMO-o4.4.1-example
B,confirmatory,wave2_position,sq_arm=SQ-1,K,,K-a3,4,8,8,0,DEMO-o4.4.1-example
B,confirmatory,wave2_position,sq_arm=SQ-1,K,,K-r3,1,8,8,0,DEMO-o4.4.1-example
B,confirmatory,wave2_position,sq_arm=SQ-1,K,,K-r3,2,8,8,0,DEMO-o4.4.1-example
B,confirmatory,wave2_position,sq_arm=SQ-1,K,,K-r3,3,8,8,0,DEMO-o4.4.1-example
B,confirmatory,wave2_position,sq_arm=SQ-1,K,,K-r3,4,8,8,0,DEMO-o4.4.1-example
B,confirmatory,wave2_position,sq_arm=SQ-1,Q,,Q-a3,1,8,8,0,DEMO-o4.4.1-example
B,confirmatory,wave2_position,sq_arm=SQ-1,Q,,Q-a3,2,8,8,0,DEMO-o4.4.1-example
B,confirmatory,wave2_position,sq_arm=SQ-1,Q,,Q-a3,3,8,8,0,DEMO-o4.4.1-example
B,confirmatory,wave2_position,sq_arm=SQ-1,Q,,Q-a3,4,8,8,0,DEMO-o4.4.1-example
B,confirmatory,wave2_position,sq_arm=SQ-1,Q,,Q-r3,1,8,8,0,DEMO-o4.4.1-example
B,confirmatory,wave2_position,sq_arm=SQ-1,Q,,Q-r3,2,8,8,0,DEMO-o4.4.1-example
B,confirmatory,wave2_position,sq_arm=SQ-1,Q,,Q-r3,3,8,8,0,DEMO-o4.4.1-example
B,confirmatory,wave2_position,sq_arm=SQ-1,Q,,Q-r3,4,8,8,0,DEMO-o4.4.1-example
B,confirmatory,wave3_position,sq_arm=SQ-1,K,,K-a4,1,8,8,0,DEMO-o4.4.1-example
B,confirmatory,wave3_position,sq_arm=SQ-1,K,,K-a4,2,8,8,0,DEMO-o4.4.1-example
B,confirmatory,wave3_position,sq_arm=SQ-1,K,,K-a4,3,8,8,0,DEMO-o4.4.1-example
B,confirmatory,wave3_position,sq_arm=SQ-1,K,,K-a4,4,8,8,0,DEMO-o4.4.1-example
B,confirmatory,wave3_position,sq_arm=SQ-1,K,,K-r4,1,8,8,0,DEMO-o4.4.1-example
B,confirmatory,wave3_position,sq_arm=SQ-1,K,,K-r4,2,8,8,0,DEMO-o4.4.1-example
B,confirmatory,wave3_position,sq_arm=SQ-1,K,,K-r4,3,8,8,0,DEMO-o4.4.1-example
B,confirmatory,wave3_position,sq_arm=SQ-1,K,,K-r4,4,8,8,0,DEMO-o4.4.1-example
B,confirmatory,wave3_position,sq_arm=SQ-1,Q,,Q-a4,1,8,8,0,DEMO-o4.4.1-example
B,confirmatory,wave3_position,sq_arm=SQ-1,Q,,Q-a4,2,8,8,0,DEMO-o4.4.1-example
B,confirmatory,wave3_position,sq_arm=SQ-1,Q,,Q-a4,3,8,8,0,DEMO-o4.4.1-example
B,confirmatory,wave3_position,sq_arm=SQ-1,Q,,Q-a4,4,8,8,0,DEMO-o4.4.1-example
B,confirmatory,wave3_position,sq_arm=SQ-1,Q,,Q-r4,1,8,8,0,DEMO-o4.4.1-example
B,confirmatory,wave3_position,sq_arm=SQ-1,Q,,Q-r4,2,8,8,0,DEMO-o4.4.1-example
B,confirmatory,wave3_position,sq_arm=SQ-1,Q,,Q-r4,3,8,8,0,DEMO-o4.4.1-example
B,confirmatory,wave3_position,sq_arm=SQ-1,Q,,Q-r4,4,8,8,0,DEMO-o4.4.1-example
B,confirmatory,family_first,sq_arm=SQ-1,,,K,,16,16,0,DEMO-o4.4.1-example
B,confirmatory,family_first,sq_arm=SQ-1,,,Q,,16,16,0,DEMO-o4.4.1-example
B,confirmatory,swap_w1_w4,sq_arm=SQ-1,,,0,,16,16,0,DEMO-o4.4.1-example
B,confirmatory,swap_w1_w4,sq_arm=SQ-1,,,1,,16,16,0,DEMO-o4.4.1-example
B,confirmatory,label_index,sq_arm=SQ-2,K,action,ADD_ONE,1,8,8,0,DEMO-o4.4.1-example
B,confirmatory,label_index,sq_arm=SQ-2,K,action,ADD_ONE,2,8,8,0,DEMO-o4.4.1-example
B,confirmatory,label_index,sq_arm=SQ-2,K,action,ADD_ONE,3,8,8,0,DEMO-o4.4.1-example
B,confirmatory,label_index,sq_arm=SQ-2,K,action,ADD_ONE,4,8,8,0,DEMO-o4.4.1-example
B,confirmatory,label_index,sq_arm=SQ-2,K,action,REMOVE_ONE,1,8,8,0,DEMO-o4.4.1-example
B,confirmatory,label_index,sq_arm=SQ-2,K,action,REMOVE_ONE,2,8,8,0,DEMO-o4.4.1-example
B,confirmatory,label_index,sq_arm=SQ-2,K,action,REMOVE_ONE,3,8,8,0,DEMO-o4.4.1-example
B,confirmatory,label_index,sq_arm=SQ-2,K,action,REMOVE_ONE,4,8,8,0,DEMO-o4.4.1-example
B,confirmatory,label_index,sq_arm=SQ-2,K,action,FLIP_CARD,1,8,8,0,DEMO-o4.4.1-example
B,confirmatory,label_index,sq_arm=SQ-2,K,action,FLIP_CARD,2,8,8,0,DEMO-o4.4.1-example
B,confirmatory,label_index,sq_arm=SQ-2,K,action,FLIP_CARD,3,8,8,0,DEMO-o4.4.1-example
B,confirmatory,label_index,sq_arm=SQ-2,K,action,FLIP_CARD,4,8,8,0,DEMO-o4.4.1-example
B,confirmatory,label_index,sq_arm=SQ-2,K,action,ALIGN_ARROW,1,8,8,0,DEMO-o4.4.1-example
B,confirmatory,label_index,sq_arm=SQ-2,K,action,ALIGN_ARROW,2,8,8,0,DEMO-o4.4.1-example
B,confirmatory,label_index,sq_arm=SQ-2,K,action,ALIGN_ARROW,3,8,8,0,DEMO-o4.4.1-example
B,confirmatory,label_index,sq_arm=SQ-2,K,action,ALIGN_ARROW,4,8,8,0,DEMO-o4.4.1-example
B,confirmatory,label_index,sq_arm=SQ-2,K,referent,A,1,8,8,0,DEMO-o4.4.1-example
B,confirmatory,label_index,sq_arm=SQ-2,K,referent,A,2,8,8,0,DEMO-o4.4.1-example
B,confirmatory,label_index,sq_arm=SQ-2,K,referent,A,3,8,8,0,DEMO-o4.4.1-example
B,confirmatory,label_index,sq_arm=SQ-2,K,referent,A,4,8,8,0,DEMO-o4.4.1-example
B,confirmatory,label_index,sq_arm=SQ-2,K,referent,B,1,8,8,0,DEMO-o4.4.1-example
B,confirmatory,label_index,sq_arm=SQ-2,K,referent,B,2,8,8,0,DEMO-o4.4.1-example
B,confirmatory,label_index,sq_arm=SQ-2,K,referent,B,3,8,8,0,DEMO-o4.4.1-example
B,confirmatory,label_index,sq_arm=SQ-2,K,referent,B,4,8,8,0,DEMO-o4.4.1-example
B,confirmatory,label_index,sq_arm=SQ-2,K,referent,C,1,8,8,0,DEMO-o4.4.1-example
B,confirmatory,label_index,sq_arm=SQ-2,K,referent,C,2,8,8,0,DEMO-o4.4.1-example
B,confirmatory,label_index,sq_arm=SQ-2,K,referent,C,3,8,8,0,DEMO-o4.4.1-example
B,confirmatory,label_index,sq_arm=SQ-2,K,referent,C,4,8,8,0,DEMO-o4.4.1-example
B,confirmatory,label_index,sq_arm=SQ-2,K,referent,D,1,8,8,0,DEMO-o4.4.1-example
B,confirmatory,label_index,sq_arm=SQ-2,K,referent,D,2,8,8,0,DEMO-o4.4.1-example
B,confirmatory,label_index,sq_arm=SQ-2,K,referent,D,3,8,8,0,DEMO-o4.4.1-example
B,confirmatory,label_index,sq_arm=SQ-2,K,referent,D,4,8,8,0,DEMO-o4.4.1-example
B,confirmatory,label_index,sq_arm=SQ-2,Q,action,SCAN,1,8,8,0,DEMO-o4.4.1-example
B,confirmatory,label_index,sq_arm=SQ-2,Q,action,SCAN,2,8,8,0,DEMO-o4.4.1-example
B,confirmatory,label_index,sq_arm=SQ-2,Q,action,SCAN,3,8,8,0,DEMO-o4.4.1-example
B,confirmatory,label_index,sq_arm=SQ-2,Q,action,SCAN,4,8,8,0,DEMO-o4.4.1-example
B,confirmatory,label_index,sq_arm=SQ-2,Q,action,TAG,1,8,8,0,DEMO-o4.4.1-example
B,confirmatory,label_index,sq_arm=SQ-2,Q,action,TAG,2,8,8,0,DEMO-o4.4.1-example
B,confirmatory,label_index,sq_arm=SQ-2,Q,action,TAG,3,8,8,0,DEMO-o4.4.1-example
B,confirmatory,label_index,sq_arm=SQ-2,Q,action,TAG,4,8,8,0,DEMO-o4.4.1-example
B,confirmatory,label_index,sq_arm=SQ-2,Q,action,CLOSE,1,8,8,0,DEMO-o4.4.1-example
B,confirmatory,label_index,sq_arm=SQ-2,Q,action,CLOSE,2,8,8,0,DEMO-o4.4.1-example
B,confirmatory,label_index,sq_arm=SQ-2,Q,action,CLOSE,3,8,8,0,DEMO-o4.4.1-example
B,confirmatory,label_index,sq_arm=SQ-2,Q,action,CLOSE,4,8,8,0,DEMO-o4.4.1-example
B,confirmatory,label_index,sq_arm=SQ-2,Q,action,QUARANTINE,1,8,8,0,DEMO-o4.4.1-example
B,confirmatory,label_index,sq_arm=SQ-2,Q,action,QUARANTINE,2,8,8,0,DEMO-o4.4.1-example
B,confirmatory,label_index,sq_arm=SQ-2,Q,action,QUARANTINE,3,8,8,0,DEMO-o4.4.1-example
B,confirmatory,label_index,sq_arm=SQ-2,Q,action,QUARANTINE,4,8,8,0,DEMO-o4.4.1-example
B,confirmatory,label_index,sq_arm=SQ-2,Q,referent,E,1,8,8,0,DEMO-o4.4.1-example
B,confirmatory,label_index,sq_arm=SQ-2,Q,referent,E,2,8,8,0,DEMO-o4.4.1-example
B,confirmatory,label_index,sq_arm=SQ-2,Q,referent,E,3,8,8,0,DEMO-o4.4.1-example
B,confirmatory,label_index,sq_arm=SQ-2,Q,referent,E,4,8,8,0,DEMO-o4.4.1-example
B,confirmatory,label_index,sq_arm=SQ-2,Q,referent,F,1,8,8,0,DEMO-o4.4.1-example
B,confirmatory,label_index,sq_arm=SQ-2,Q,referent,F,2,8,8,0,DEMO-o4.4.1-example
B,confirmatory,label_index,sq_arm=SQ-2,Q,referent,F,3,8,8,0,DEMO-o4.4.1-example
B,confirmatory,label_index,sq_arm=SQ-2,Q,referent,F,4,8,8,0,DEMO-o4.4.1-example
B,confirmatory,label_index,sq_arm=SQ-2,Q,referent,G,1,8,8,0,DEMO-o4.4.1-example
B,confirmatory,label_index,sq_arm=SQ-2,Q,referent,G,2,8,8,0,DEMO-o4.4.1-example
B,confirmatory,label_index,sq_arm=SQ-2,Q,referent,G,3,8,8,0,DEMO-o4.4.1-example
B,confirmatory,label_index,sq_arm=SQ-2,Q,referent,G,4,8,8,0,DEMO-o4.4.1-example
B,confirmatory,label_index,sq_arm=SQ-2,Q,referent,H,1,8,8,0,DEMO-o4.4.1-example
B,confirmatory,label_index,sq_arm=SQ-2,Q,referent,H,2,8,8,0,DEMO-o4.4.1-example
B,confirmatory,label_index,sq_arm=SQ-2,Q,referent,H,3,8,8,0,DEMO-o4.4.1-example
B,confirmatory,label_index,sq_arm=SQ-2,Q,referent,H,4,8,8,0,DEMO-o4.4.1-example
B,confirmatory,wave1_position,sq_arm=SQ-2,K,,K-a1,1,4,4,0,DEMO-o4.4.1-example
B,confirmatory,wave1_position,sq_arm=SQ-2,K,,K-a1,2,4,4,0,DEMO-o4.4.1-example
B,confirmatory,wave1_position,sq_arm=SQ-2,K,,K-a1,3,4,4,0,DEMO-o4.4.1-example
B,confirmatory,wave1_position,sq_arm=SQ-2,K,,K-a1,4,4,4,0,DEMO-o4.4.1-example
B,confirmatory,wave1_position,sq_arm=SQ-2,K,,K-a1,5,4,4,0,DEMO-o4.4.1-example
B,confirmatory,wave1_position,sq_arm=SQ-2,K,,K-a1,6,4,4,0,DEMO-o4.4.1-example
B,confirmatory,wave1_position,sq_arm=SQ-2,K,,K-a1,7,4,4,0,DEMO-o4.4.1-example
B,confirmatory,wave1_position,sq_arm=SQ-2,K,,K-a1,8,4,4,0,DEMO-o4.4.1-example
B,confirmatory,wave1_position,sq_arm=SQ-2,K,,K-a2,1,4,4,0,DEMO-o4.4.1-example
B,confirmatory,wave1_position,sq_arm=SQ-2,K,,K-a2,2,4,4,0,DEMO-o4.4.1-example
B,confirmatory,wave1_position,sq_arm=SQ-2,K,,K-a2,3,4,4,0,DEMO-o4.4.1-example
B,confirmatory,wave1_position,sq_arm=SQ-2,K,,K-a2,4,4,4,0,DEMO-o4.4.1-example
B,confirmatory,wave1_position,sq_arm=SQ-2,K,,K-a2,5,4,4,0,DEMO-o4.4.1-example
B,confirmatory,wave1_position,sq_arm=SQ-2,K,,K-a2,6,4,4,0,DEMO-o4.4.1-example
B,confirmatory,wave1_position,sq_arm=SQ-2,K,,K-a2,7,4,4,0,DEMO-o4.4.1-example
B,confirmatory,wave1_position,sq_arm=SQ-2,K,,K-a2,8,4,4,0,DEMO-o4.4.1-example
B,confirmatory,wave1_position,sq_arm=SQ-2,K,,K-r1,1,4,4,0,DEMO-o4.4.1-example
B,confirmatory,wave1_position,sq_arm=SQ-2,K,,K-r1,2,4,4,0,DEMO-o4.4.1-example
B,confirmatory,wave1_position,sq_arm=SQ-2,K,,K-r1,3,4,4,0,DEMO-o4.4.1-example
B,confirmatory,wave1_position,sq_arm=SQ-2,K,,K-r1,4,4,4,0,DEMO-o4.4.1-example
B,confirmatory,wave1_position,sq_arm=SQ-2,K,,K-r1,5,4,4,0,DEMO-o4.4.1-example
B,confirmatory,wave1_position,sq_arm=SQ-2,K,,K-r1,6,4,4,0,DEMO-o4.4.1-example
B,confirmatory,wave1_position,sq_arm=SQ-2,K,,K-r1,7,4,4,0,DEMO-o4.4.1-example
B,confirmatory,wave1_position,sq_arm=SQ-2,K,,K-r1,8,4,4,0,DEMO-o4.4.1-example
B,confirmatory,wave1_position,sq_arm=SQ-2,K,,K-r2,1,4,4,0,DEMO-o4.4.1-example
B,confirmatory,wave1_position,sq_arm=SQ-2,K,,K-r2,2,4,4,0,DEMO-o4.4.1-example
B,confirmatory,wave1_position,sq_arm=SQ-2,K,,K-r2,3,4,4,0,DEMO-o4.4.1-example
B,confirmatory,wave1_position,sq_arm=SQ-2,K,,K-r2,4,4,4,0,DEMO-o4.4.1-example
B,confirmatory,wave1_position,sq_arm=SQ-2,K,,K-r2,5,4,4,0,DEMO-o4.4.1-example
B,confirmatory,wave1_position,sq_arm=SQ-2,K,,K-r2,6,4,4,0,DEMO-o4.4.1-example
B,confirmatory,wave1_position,sq_arm=SQ-2,K,,K-r2,7,4,4,0,DEMO-o4.4.1-example
B,confirmatory,wave1_position,sq_arm=SQ-2,K,,K-r2,8,4,4,0,DEMO-o4.4.1-example
B,confirmatory,wave1_position,sq_arm=SQ-2,Q,,Q-a1,1,4,4,0,DEMO-o4.4.1-example
B,confirmatory,wave1_position,sq_arm=SQ-2,Q,,Q-a1,2,4,4,0,DEMO-o4.4.1-example
B,confirmatory,wave1_position,sq_arm=SQ-2,Q,,Q-a1,3,4,4,0,DEMO-o4.4.1-example
B,confirmatory,wave1_position,sq_arm=SQ-2,Q,,Q-a1,4,4,4,0,DEMO-o4.4.1-example
B,confirmatory,wave1_position,sq_arm=SQ-2,Q,,Q-a1,5,4,4,0,DEMO-o4.4.1-example
B,confirmatory,wave1_position,sq_arm=SQ-2,Q,,Q-a1,6,4,4,0,DEMO-o4.4.1-example
B,confirmatory,wave1_position,sq_arm=SQ-2,Q,,Q-a1,7,4,4,0,DEMO-o4.4.1-example
B,confirmatory,wave1_position,sq_arm=SQ-2,Q,,Q-a1,8,4,4,0,DEMO-o4.4.1-example
B,confirmatory,wave1_position,sq_arm=SQ-2,Q,,Q-a2,1,4,4,0,DEMO-o4.4.1-example
B,confirmatory,wave1_position,sq_arm=SQ-2,Q,,Q-a2,2,4,4,0,DEMO-o4.4.1-example
B,confirmatory,wave1_position,sq_arm=SQ-2,Q,,Q-a2,3,4,4,0,DEMO-o4.4.1-example
B,confirmatory,wave1_position,sq_arm=SQ-2,Q,,Q-a2,4,4,4,0,DEMO-o4.4.1-example
B,confirmatory,wave1_position,sq_arm=SQ-2,Q,,Q-a2,5,4,4,0,DEMO-o4.4.1-example
B,confirmatory,wave1_position,sq_arm=SQ-2,Q,,Q-a2,6,4,4,0,DEMO-o4.4.1-example
B,confirmatory,wave1_position,sq_arm=SQ-2,Q,,Q-a2,7,4,4,0,DEMO-o4.4.1-example
B,confirmatory,wave1_position,sq_arm=SQ-2,Q,,Q-a2,8,4,4,0,DEMO-o4.4.1-example
B,confirmatory,wave1_position,sq_arm=SQ-2,Q,,Q-r1,1,4,4,0,DEMO-o4.4.1-example
B,confirmatory,wave1_position,sq_arm=SQ-2,Q,,Q-r1,2,4,4,0,DEMO-o4.4.1-example
B,confirmatory,wave1_position,sq_arm=SQ-2,Q,,Q-r1,3,4,4,0,DEMO-o4.4.1-example
B,confirmatory,wave1_position,sq_arm=SQ-2,Q,,Q-r1,4,4,4,0,DEMO-o4.4.1-example
B,confirmatory,wave1_position,sq_arm=SQ-2,Q,,Q-r1,5,4,4,0,DEMO-o4.4.1-example
B,confirmatory,wave1_position,sq_arm=SQ-2,Q,,Q-r1,6,4,4,0,DEMO-o4.4.1-example
B,confirmatory,wave1_position,sq_arm=SQ-2,Q,,Q-r1,7,4,4,0,DEMO-o4.4.1-example
B,confirmatory,wave1_position,sq_arm=SQ-2,Q,,Q-r1,8,4,4,0,DEMO-o4.4.1-example
B,confirmatory,wave1_position,sq_arm=SQ-2,Q,,Q-r2,1,4,4,0,DEMO-o4.4.1-example
B,confirmatory,wave1_position,sq_arm=SQ-2,Q,,Q-r2,2,4,4,0,DEMO-o4.4.1-example
B,confirmatory,wave1_position,sq_arm=SQ-2,Q,,Q-r2,3,4,4,0,DEMO-o4.4.1-example
B,confirmatory,wave1_position,sq_arm=SQ-2,Q,,Q-r2,4,4,4,0,DEMO-o4.4.1-example
B,confirmatory,wave1_position,sq_arm=SQ-2,Q,,Q-r2,5,4,4,0,DEMO-o4.4.1-example
B,confirmatory,wave1_position,sq_arm=SQ-2,Q,,Q-r2,6,4,4,0,DEMO-o4.4.1-example
B,confirmatory,wave1_position,sq_arm=SQ-2,Q,,Q-r2,7,4,4,0,DEMO-o4.4.1-example
B,confirmatory,wave1_position,sq_arm=SQ-2,Q,,Q-r2,8,4,4,0,DEMO-o4.4.1-example
B,confirmatory,wave2_position,sq_arm=SQ-2,K,,K-a3,1,8,8,0,DEMO-o4.4.1-example
B,confirmatory,wave2_position,sq_arm=SQ-2,K,,K-a3,2,8,8,0,DEMO-o4.4.1-example
B,confirmatory,wave2_position,sq_arm=SQ-2,K,,K-a3,3,8,8,0,DEMO-o4.4.1-example
B,confirmatory,wave2_position,sq_arm=SQ-2,K,,K-a3,4,8,8,0,DEMO-o4.4.1-example
B,confirmatory,wave2_position,sq_arm=SQ-2,K,,K-r3,1,8,8,0,DEMO-o4.4.1-example
B,confirmatory,wave2_position,sq_arm=SQ-2,K,,K-r3,2,8,8,0,DEMO-o4.4.1-example
B,confirmatory,wave2_position,sq_arm=SQ-2,K,,K-r3,3,8,8,0,DEMO-o4.4.1-example
B,confirmatory,wave2_position,sq_arm=SQ-2,K,,K-r3,4,8,8,0,DEMO-o4.4.1-example
B,confirmatory,wave2_position,sq_arm=SQ-2,Q,,Q-a3,1,8,8,0,DEMO-o4.4.1-example
B,confirmatory,wave2_position,sq_arm=SQ-2,Q,,Q-a3,2,8,8,0,DEMO-o4.4.1-example
B,confirmatory,wave2_position,sq_arm=SQ-2,Q,,Q-a3,3,8,8,0,DEMO-o4.4.1-example
B,confirmatory,wave2_position,sq_arm=SQ-2,Q,,Q-a3,4,8,8,0,DEMO-o4.4.1-example
B,confirmatory,wave2_position,sq_arm=SQ-2,Q,,Q-r3,1,8,8,0,DEMO-o4.4.1-example
B,confirmatory,wave2_position,sq_arm=SQ-2,Q,,Q-r3,2,8,8,0,DEMO-o4.4.1-example
B,confirmatory,wave2_position,sq_arm=SQ-2,Q,,Q-r3,3,8,8,0,DEMO-o4.4.1-example
B,confirmatory,wave2_position,sq_arm=SQ-2,Q,,Q-r3,4,8,8,0,DEMO-o4.4.1-example
B,confirmatory,wave3_position,sq_arm=SQ-2,K,,K-a4,1,8,8,0,DEMO-o4.4.1-example
B,confirmatory,wave3_position,sq_arm=SQ-2,K,,K-a4,2,8,8,0,DEMO-o4.4.1-example
B,confirmatory,wave3_position,sq_arm=SQ-2,K,,K-a4,3,8,8,0,DEMO-o4.4.1-example
B,confirmatory,wave3_position,sq_arm=SQ-2,K,,K-a4,4,8,8,0,DEMO-o4.4.1-example
B,confirmatory,wave3_position,sq_arm=SQ-2,K,,K-r4,1,8,8,0,DEMO-o4.4.1-example
B,confirmatory,wave3_position,sq_arm=SQ-2,K,,K-r4,2,8,8,0,DEMO-o4.4.1-example
B,confirmatory,wave3_position,sq_arm=SQ-2,K,,K-r4,3,8,8,0,DEMO-o4.4.1-example
B,confirmatory,wave3_position,sq_arm=SQ-2,K,,K-r4,4,8,8,0,DEMO-o4.4.1-example
B,confirmatory,wave3_position,sq_arm=SQ-2,Q,,Q-a4,1,8,8,0,DEMO-o4.4.1-example
B,confirmatory,wave3_position,sq_arm=SQ-2,Q,,Q-a4,2,8,8,0,DEMO-o4.4.1-example
B,confirmatory,wave3_position,sq_arm=SQ-2,Q,,Q-a4,3,8,8,0,DEMO-o4.4.1-example
B,confirmatory,wave3_position,sq_arm=SQ-2,Q,,Q-a4,4,8,8,0,DEMO-o4.4.1-example
B,confirmatory,wave3_position,sq_arm=SQ-2,Q,,Q-r4,1,8,8,0,DEMO-o4.4.1-example
B,confirmatory,wave3_position,sq_arm=SQ-2,Q,,Q-r4,2,8,8,0,DEMO-o4.4.1-example
B,confirmatory,wave3_position,sq_arm=SQ-2,Q,,Q-r4,3,8,8,0,DEMO-o4.4.1-example
B,confirmatory,wave3_position,sq_arm=SQ-2,Q,,Q-r4,4,8,8,0,DEMO-o4.4.1-example
B,confirmatory,family_first,sq_arm=SQ-2,,,K,,16,16,0,DEMO-o4.4.1-example
B,confirmatory,family_first,sq_arm=SQ-2,,,Q,,16,16,0,DEMO-o4.4.1-example
B,confirmatory,swap_w1_w4,sq_arm=SQ-2,,,0,,16,16,0,DEMO-o4.4.1-example
B,confirmatory,swap_w1_w4,sq_arm=SQ-2,,,1,,16,16,0,DEMO-o4.4.1-example
B,confirmatory,label_index,swap_w1_w4=0,K,action,ADD_ONE,1,8,8,0,DEMO-o4.4.1-example
B,confirmatory,label_index,swap_w1_w4=0,K,action,ADD_ONE,2,8,8,0,DEMO-o4.4.1-example
B,confirmatory,label_index,swap_w1_w4=0,K,action,ADD_ONE,3,8,8,0,DEMO-o4.4.1-example
B,confirmatory,label_index,swap_w1_w4=0,K,action,ADD_ONE,4,8,8,0,DEMO-o4.4.1-example
B,confirmatory,label_index,swap_w1_w4=0,K,action,REMOVE_ONE,1,8,8,0,DEMO-o4.4.1-example
B,confirmatory,label_index,swap_w1_w4=0,K,action,REMOVE_ONE,2,8,8,0,DEMO-o4.4.1-example
B,confirmatory,label_index,swap_w1_w4=0,K,action,REMOVE_ONE,3,8,8,0,DEMO-o4.4.1-example
B,confirmatory,label_index,swap_w1_w4=0,K,action,REMOVE_ONE,4,8,8,0,DEMO-o4.4.1-example
B,confirmatory,label_index,swap_w1_w4=0,K,action,FLIP_CARD,1,8,8,0,DEMO-o4.4.1-example
B,confirmatory,label_index,swap_w1_w4=0,K,action,FLIP_CARD,2,8,8,0,DEMO-o4.4.1-example
B,confirmatory,label_index,swap_w1_w4=0,K,action,FLIP_CARD,3,8,8,0,DEMO-o4.4.1-example
B,confirmatory,label_index,swap_w1_w4=0,K,action,FLIP_CARD,4,8,8,0,DEMO-o4.4.1-example
B,confirmatory,label_index,swap_w1_w4=0,K,action,ALIGN_ARROW,1,8,8,0,DEMO-o4.4.1-example
B,confirmatory,label_index,swap_w1_w4=0,K,action,ALIGN_ARROW,2,8,8,0,DEMO-o4.4.1-example
B,confirmatory,label_index,swap_w1_w4=0,K,action,ALIGN_ARROW,3,8,8,0,DEMO-o4.4.1-example
B,confirmatory,label_index,swap_w1_w4=0,K,action,ALIGN_ARROW,4,8,8,0,DEMO-o4.4.1-example
B,confirmatory,label_index,swap_w1_w4=0,K,referent,A,1,8,8,0,DEMO-o4.4.1-example
B,confirmatory,label_index,swap_w1_w4=0,K,referent,A,2,8,8,0,DEMO-o4.4.1-example
B,confirmatory,label_index,swap_w1_w4=0,K,referent,A,3,8,8,0,DEMO-o4.4.1-example
B,confirmatory,label_index,swap_w1_w4=0,K,referent,A,4,8,8,0,DEMO-o4.4.1-example
B,confirmatory,label_index,swap_w1_w4=0,K,referent,B,1,8,8,0,DEMO-o4.4.1-example
B,confirmatory,label_index,swap_w1_w4=0,K,referent,B,2,8,8,0,DEMO-o4.4.1-example
B,confirmatory,label_index,swap_w1_w4=0,K,referent,B,3,8,8,0,DEMO-o4.4.1-example
B,confirmatory,label_index,swap_w1_w4=0,K,referent,B,4,8,8,0,DEMO-o4.4.1-example
B,confirmatory,label_index,swap_w1_w4=0,K,referent,C,1,8,8,0,DEMO-o4.4.1-example
B,confirmatory,label_index,swap_w1_w4=0,K,referent,C,2,8,8,0,DEMO-o4.4.1-example
B,confirmatory,label_index,swap_w1_w4=0,K,referent,C,3,8,8,0,DEMO-o4.4.1-example
B,confirmatory,label_index,swap_w1_w4=0,K,referent,C,4,8,8,0,DEMO-o4.4.1-example
B,confirmatory,label_index,swap_w1_w4=0,K,referent,D,1,8,8,0,DEMO-o4.4.1-example
B,confirmatory,label_index,swap_w1_w4=0,K,referent,D,2,8,8,0,DEMO-o4.4.1-example
B,confirmatory,label_index,swap_w1_w4=0,K,referent,D,3,8,8,0,DEMO-o4.4.1-example
B,confirmatory,label_index,swap_w1_w4=0,K,referent,D,4,8,8,0,DEMO-o4.4.1-example
B,confirmatory,label_index,swap_w1_w4=0,Q,action,SCAN,1,8,8,0,DEMO-o4.4.1-example
B,confirmatory,label_index,swap_w1_w4=0,Q,action,SCAN,2,8,8,0,DEMO-o4.4.1-example
B,confirmatory,label_index,swap_w1_w4=0,Q,action,SCAN,3,8,8,0,DEMO-o4.4.1-example
B,confirmatory,label_index,swap_w1_w4=0,Q,action,SCAN,4,8,8,0,DEMO-o4.4.1-example
B,confirmatory,label_index,swap_w1_w4=0,Q,action,TAG,1,8,8,0,DEMO-o4.4.1-example
B,confirmatory,label_index,swap_w1_w4=0,Q,action,TAG,2,8,8,0,DEMO-o4.4.1-example
B,confirmatory,label_index,swap_w1_w4=0,Q,action,TAG,3,8,8,0,DEMO-o4.4.1-example
B,confirmatory,label_index,swap_w1_w4=0,Q,action,TAG,4,8,8,0,DEMO-o4.4.1-example
B,confirmatory,label_index,swap_w1_w4=0,Q,action,CLOSE,1,8,8,0,DEMO-o4.4.1-example
B,confirmatory,label_index,swap_w1_w4=0,Q,action,CLOSE,2,8,8,0,DEMO-o4.4.1-example
B,confirmatory,label_index,swap_w1_w4=0,Q,action,CLOSE,3,8,8,0,DEMO-o4.4.1-example
B,confirmatory,label_index,swap_w1_w4=0,Q,action,CLOSE,4,8,8,0,DEMO-o4.4.1-example
B,confirmatory,label_index,swap_w1_w4=0,Q,action,QUARANTINE,1,8,8,0,DEMO-o4.4.1-example
B,confirmatory,label_index,swap_w1_w4=0,Q,action,QUARANTINE,2,8,8,0,DEMO-o4.4.1-example
B,confirmatory,label_index,swap_w1_w4=0,Q,action,QUARANTINE,3,8,8,0,DEMO-o4.4.1-example
B,confirmatory,label_index,swap_w1_w4=0,Q,action,QUARANTINE,4,8,8,0,DEMO-o4.4.1-example
B,confirmatory,label_index,swap_w1_w4=0,Q,referent,E,1,8,8,0,DEMO-o4.4.1-example
B,confirmatory,label_index,swap_w1_w4=0,Q,referent,E,2,8,8,0,DEMO-o4.4.1-example
B,confirmatory,label_index,swap_w1_w4=0,Q,referent,E,3,8,8,0,DEMO-o4.4.1-example
B,confirmatory,label_index,swap_w1_w4=0,Q,referent,E,4,8,8,0,DEMO-o4.4.1-example
B,confirmatory,label_index,swap_w1_w4=0,Q,referent,F,1,8,8,0,DEMO-o4.4.1-example
B,confirmatory,label_index,swap_w1_w4=0,Q,referent,F,2,8,8,0,DEMO-o4.4.1-example
B,confirmatory,label_index,swap_w1_w4=0,Q,referent,F,3,8,8,0,DEMO-o4.4.1-example
B,confirmatory,label_index,swap_w1_w4=0,Q,referent,F,4,8,8,0,DEMO-o4.4.1-example
B,confirmatory,label_index,swap_w1_w4=0,Q,referent,G,1,8,8,0,DEMO-o4.4.1-example
B,confirmatory,label_index,swap_w1_w4=0,Q,referent,G,2,8,8,0,DEMO-o4.4.1-example
B,confirmatory,label_index,swap_w1_w4=0,Q,referent,G,3,8,8,0,DEMO-o4.4.1-example
B,confirmatory,label_index,swap_w1_w4=0,Q,referent,G,4,8,8,0,DEMO-o4.4.1-example
B,confirmatory,label_index,swap_w1_w4=0,Q,referent,H,1,8,8,0,DEMO-o4.4.1-example
B,confirmatory,label_index,swap_w1_w4=0,Q,referent,H,2,8,8,0,DEMO-o4.4.1-example
B,confirmatory,label_index,swap_w1_w4=0,Q,referent,H,3,8,8,0,DEMO-o4.4.1-example
B,confirmatory,label_index,swap_w1_w4=0,Q,referent,H,4,8,8,0,DEMO-o4.4.1-example
B,confirmatory,wave1_position,swap_w1_w4=0,K,,K-a1,1,4,4,0,DEMO-o4.4.1-example
B,confirmatory,wave1_position,swap_w1_w4=0,K,,K-a1,2,4,4,0,DEMO-o4.4.1-example
B,confirmatory,wave1_position,swap_w1_w4=0,K,,K-a1,3,4,4,0,DEMO-o4.4.1-example
B,confirmatory,wave1_position,swap_w1_w4=0,K,,K-a1,4,4,4,0,DEMO-o4.4.1-example
B,confirmatory,wave1_position,swap_w1_w4=0,K,,K-a1,5,4,4,0,DEMO-o4.4.1-example
B,confirmatory,wave1_position,swap_w1_w4=0,K,,K-a1,6,4,4,0,DEMO-o4.4.1-example
B,confirmatory,wave1_position,swap_w1_w4=0,K,,K-a1,7,4,4,0,DEMO-o4.4.1-example
B,confirmatory,wave1_position,swap_w1_w4=0,K,,K-a1,8,4,4,0,DEMO-o4.4.1-example
B,confirmatory,wave1_position,swap_w1_w4=0,K,,K-a2,1,4,4,0,DEMO-o4.4.1-example
B,confirmatory,wave1_position,swap_w1_w4=0,K,,K-a2,2,4,4,0,DEMO-o4.4.1-example
B,confirmatory,wave1_position,swap_w1_w4=0,K,,K-a2,3,4,4,0,DEMO-o4.4.1-example
B,confirmatory,wave1_position,swap_w1_w4=0,K,,K-a2,4,4,4,0,DEMO-o4.4.1-example
B,confirmatory,wave1_position,swap_w1_w4=0,K,,K-a2,5,4,4,0,DEMO-o4.4.1-example
B,confirmatory,wave1_position,swap_w1_w4=0,K,,K-a2,6,4,4,0,DEMO-o4.4.1-example
B,confirmatory,wave1_position,swap_w1_w4=0,K,,K-a2,7,4,4,0,DEMO-o4.4.1-example
B,confirmatory,wave1_position,swap_w1_w4=0,K,,K-a2,8,4,4,0,DEMO-o4.4.1-example
B,confirmatory,wave1_position,swap_w1_w4=0,K,,K-r1,1,4,4,0,DEMO-o4.4.1-example
B,confirmatory,wave1_position,swap_w1_w4=0,K,,K-r1,2,4,4,0,DEMO-o4.4.1-example
B,confirmatory,wave1_position,swap_w1_w4=0,K,,K-r1,3,4,4,0,DEMO-o4.4.1-example
B,confirmatory,wave1_position,swap_w1_w4=0,K,,K-r1,4,4,4,0,DEMO-o4.4.1-example
B,confirmatory,wave1_position,swap_w1_w4=0,K,,K-r1,5,4,4,0,DEMO-o4.4.1-example
B,confirmatory,wave1_position,swap_w1_w4=0,K,,K-r1,6,4,4,0,DEMO-o4.4.1-example
B,confirmatory,wave1_position,swap_w1_w4=0,K,,K-r1,7,4,4,0,DEMO-o4.4.1-example
B,confirmatory,wave1_position,swap_w1_w4=0,K,,K-r1,8,4,4,0,DEMO-o4.4.1-example
B,confirmatory,wave1_position,swap_w1_w4=0,K,,K-r2,1,4,4,0,DEMO-o4.4.1-example
B,confirmatory,wave1_position,swap_w1_w4=0,K,,K-r2,2,4,4,0,DEMO-o4.4.1-example
B,confirmatory,wave1_position,swap_w1_w4=0,K,,K-r2,3,4,4,0,DEMO-o4.4.1-example
B,confirmatory,wave1_position,swap_w1_w4=0,K,,K-r2,4,4,4,0,DEMO-o4.4.1-example
B,confirmatory,wave1_position,swap_w1_w4=0,K,,K-r2,5,4,4,0,DEMO-o4.4.1-example
B,confirmatory,wave1_position,swap_w1_w4=0,K,,K-r2,6,4,4,0,DEMO-o4.4.1-example
B,confirmatory,wave1_position,swap_w1_w4=0,K,,K-r2,7,4,4,0,DEMO-o4.4.1-example
B,confirmatory,wave1_position,swap_w1_w4=0,K,,K-r2,8,4,4,0,DEMO-o4.4.1-example
B,confirmatory,wave1_position,swap_w1_w4=0,Q,,Q-a1,1,4,4,0,DEMO-o4.4.1-example
B,confirmatory,wave1_position,swap_w1_w4=0,Q,,Q-a1,2,4,4,0,DEMO-o4.4.1-example
B,confirmatory,wave1_position,swap_w1_w4=0,Q,,Q-a1,3,4,4,0,DEMO-o4.4.1-example
B,confirmatory,wave1_position,swap_w1_w4=0,Q,,Q-a1,4,4,4,0,DEMO-o4.4.1-example
B,confirmatory,wave1_position,swap_w1_w4=0,Q,,Q-a1,5,4,4,0,DEMO-o4.4.1-example
B,confirmatory,wave1_position,swap_w1_w4=0,Q,,Q-a1,6,4,4,0,DEMO-o4.4.1-example
B,confirmatory,wave1_position,swap_w1_w4=0,Q,,Q-a1,7,4,4,0,DEMO-o4.4.1-example
B,confirmatory,wave1_position,swap_w1_w4=0,Q,,Q-a1,8,4,4,0,DEMO-o4.4.1-example
B,confirmatory,wave1_position,swap_w1_w4=0,Q,,Q-a2,1,4,4,0,DEMO-o4.4.1-example
B,confirmatory,wave1_position,swap_w1_w4=0,Q,,Q-a2,2,4,4,0,DEMO-o4.4.1-example
B,confirmatory,wave1_position,swap_w1_w4=0,Q,,Q-a2,3,4,4,0,DEMO-o4.4.1-example
B,confirmatory,wave1_position,swap_w1_w4=0,Q,,Q-a2,4,4,4,0,DEMO-o4.4.1-example
B,confirmatory,wave1_position,swap_w1_w4=0,Q,,Q-a2,5,4,4,0,DEMO-o4.4.1-example
B,confirmatory,wave1_position,swap_w1_w4=0,Q,,Q-a2,6,4,4,0,DEMO-o4.4.1-example
B,confirmatory,wave1_position,swap_w1_w4=0,Q,,Q-a2,7,4,4,0,DEMO-o4.4.1-example
B,confirmatory,wave1_position,swap_w1_w4=0,Q,,Q-a2,8,4,4,0,DEMO-o4.4.1-example
B,confirmatory,wave1_position,swap_w1_w4=0,Q,,Q-r1,1,4,4,0,DEMO-o4.4.1-example
B,confirmatory,wave1_position,swap_w1_w4=0,Q,,Q-r1,2,4,4,0,DEMO-o4.4.1-example
B,confirmatory,wave1_position,swap_w1_w4=0,Q,,Q-r1,3,4,4,0,DEMO-o4.4.1-example
B,confirmatory,wave1_position,swap_w1_w4=0,Q,,Q-r1,4,4,4,0,DEMO-o4.4.1-example
B,confirmatory,wave1_position,swap_w1_w4=0,Q,,Q-r1,5,4,4,0,DEMO-o4.4.1-example
B,confirmatory,wave1_position,swap_w1_w4=0,Q,,Q-r1,6,4,4,0,DEMO-o4.4.1-example
B,confirmatory,wave1_position,swap_w1_w4=0,Q,,Q-r1,7,4,4,0,DEMO-o4.4.1-example
B,confirmatory,wave1_position,swap_w1_w4=0,Q,,Q-r1,8,4,4,0,DEMO-o4.4.1-example
B,confirmatory,wave1_position,swap_w1_w4=0,Q,,Q-r2,1,4,4,0,DEMO-o4.4.1-example
B,confirmatory,wave1_position,swap_w1_w4=0,Q,,Q-r2,2,4,4,0,DEMO-o4.4.1-example
B,confirmatory,wave1_position,swap_w1_w4=0,Q,,Q-r2,3,4,4,0,DEMO-o4.4.1-example
B,confirmatory,wave1_position,swap_w1_w4=0,Q,,Q-r2,4,4,4,0,DEMO-o4.4.1-example
B,confirmatory,wave1_position,swap_w1_w4=0,Q,,Q-r2,5,4,4,0,DEMO-o4.4.1-example
B,confirmatory,wave1_position,swap_w1_w4=0,Q,,Q-r2,6,4,4,0,DEMO-o4.4.1-example
B,confirmatory,wave1_position,swap_w1_w4=0,Q,,Q-r2,7,4,4,0,DEMO-o4.4.1-example
B,confirmatory,wave1_position,swap_w1_w4=0,Q,,Q-r2,8,4,4,0,DEMO-o4.4.1-example
B,confirmatory,wave2_position,swap_w1_w4=0,K,,K-a3,1,8,8,0,DEMO-o4.4.1-example
B,confirmatory,wave2_position,swap_w1_w4=0,K,,K-a3,2,8,8,0,DEMO-o4.4.1-example
B,confirmatory,wave2_position,swap_w1_w4=0,K,,K-a3,3,8,8,0,DEMO-o4.4.1-example
B,confirmatory,wave2_position,swap_w1_w4=0,K,,K-a3,4,8,8,0,DEMO-o4.4.1-example
B,confirmatory,wave2_position,swap_w1_w4=0,K,,K-r3,1,8,8,0,DEMO-o4.4.1-example
B,confirmatory,wave2_position,swap_w1_w4=0,K,,K-r3,2,8,8,0,DEMO-o4.4.1-example
B,confirmatory,wave2_position,swap_w1_w4=0,K,,K-r3,3,8,8,0,DEMO-o4.4.1-example
B,confirmatory,wave2_position,swap_w1_w4=0,K,,K-r3,4,8,8,0,DEMO-o4.4.1-example
B,confirmatory,wave2_position,swap_w1_w4=0,Q,,Q-a3,1,8,8,0,DEMO-o4.4.1-example
B,confirmatory,wave2_position,swap_w1_w4=0,Q,,Q-a3,2,8,8,0,DEMO-o4.4.1-example
B,confirmatory,wave2_position,swap_w1_w4=0,Q,,Q-a3,3,8,8,0,DEMO-o4.4.1-example
B,confirmatory,wave2_position,swap_w1_w4=0,Q,,Q-a3,4,8,8,0,DEMO-o4.4.1-example
B,confirmatory,wave2_position,swap_w1_w4=0,Q,,Q-r3,1,8,8,0,DEMO-o4.4.1-example
B,confirmatory,wave2_position,swap_w1_w4=0,Q,,Q-r3,2,8,8,0,DEMO-o4.4.1-example
B,confirmatory,wave2_position,swap_w1_w4=0,Q,,Q-r3,3,8,8,0,DEMO-o4.4.1-example
B,confirmatory,wave2_position,swap_w1_w4=0,Q,,Q-r3,4,8,8,0,DEMO-o4.4.1-example
B,confirmatory,wave3_position,swap_w1_w4=0,K,,K-a4,1,8,8,0,DEMO-o4.4.1-example
B,confirmatory,wave3_position,swap_w1_w4=0,K,,K-a4,2,8,8,0,DEMO-o4.4.1-example
B,confirmatory,wave3_position,swap_w1_w4=0,K,,K-a4,3,8,8,0,DEMO-o4.4.1-example
B,confirmatory,wave3_position,swap_w1_w4=0,K,,K-a4,4,8,8,0,DEMO-o4.4.1-example
B,confirmatory,wave3_position,swap_w1_w4=0,K,,K-r4,1,8,8,0,DEMO-o4.4.1-example
B,confirmatory,wave3_position,swap_w1_w4=0,K,,K-r4,2,8,8,0,DEMO-o4.4.1-example
B,confirmatory,wave3_position,swap_w1_w4=0,K,,K-r4,3,8,8,0,DEMO-o4.4.1-example
B,confirmatory,wave3_position,swap_w1_w4=0,K,,K-r4,4,8,8,0,DEMO-o4.4.1-example
B,confirmatory,wave3_position,swap_w1_w4=0,Q,,Q-a4,1,8,8,0,DEMO-o4.4.1-example
B,confirmatory,wave3_position,swap_w1_w4=0,Q,,Q-a4,2,8,8,0,DEMO-o4.4.1-example
B,confirmatory,wave3_position,swap_w1_w4=0,Q,,Q-a4,3,8,8,0,DEMO-o4.4.1-example
B,confirmatory,wave3_position,swap_w1_w4=0,Q,,Q-a4,4,8,8,0,DEMO-o4.4.1-example
B,confirmatory,wave3_position,swap_w1_w4=0,Q,,Q-r4,1,8,8,0,DEMO-o4.4.1-example
B,confirmatory,wave3_position,swap_w1_w4=0,Q,,Q-r4,2,8,8,0,DEMO-o4.4.1-example
B,confirmatory,wave3_position,swap_w1_w4=0,Q,,Q-r4,3,8,8,0,DEMO-o4.4.1-example
B,confirmatory,wave3_position,swap_w1_w4=0,Q,,Q-r4,4,8,8,0,DEMO-o4.4.1-example
B,confirmatory,family_first,swap_w1_w4=0,,,K,,16,16,0,DEMO-o4.4.1-example
B,confirmatory,family_first,swap_w1_w4=0,,,Q,,16,16,0,DEMO-o4.4.1-example
B,confirmatory,sq_arm,swap_w1_w4=0,,,SQ-1,,16,16,0,DEMO-o4.4.1-example
B,confirmatory,sq_arm,swap_w1_w4=0,,,SQ-2,,16,16,0,DEMO-o4.4.1-example
B,confirmatory,label_index,swap_w1_w4=1,K,action,ADD_ONE,1,8,8,0,DEMO-o4.4.1-example
B,confirmatory,label_index,swap_w1_w4=1,K,action,ADD_ONE,2,8,8,0,DEMO-o4.4.1-example
B,confirmatory,label_index,swap_w1_w4=1,K,action,ADD_ONE,3,8,8,0,DEMO-o4.4.1-example
B,confirmatory,label_index,swap_w1_w4=1,K,action,ADD_ONE,4,8,8,0,DEMO-o4.4.1-example
B,confirmatory,label_index,swap_w1_w4=1,K,action,REMOVE_ONE,1,8,8,0,DEMO-o4.4.1-example
B,confirmatory,label_index,swap_w1_w4=1,K,action,REMOVE_ONE,2,8,8,0,DEMO-o4.4.1-example
B,confirmatory,label_index,swap_w1_w4=1,K,action,REMOVE_ONE,3,8,8,0,DEMO-o4.4.1-example
B,confirmatory,label_index,swap_w1_w4=1,K,action,REMOVE_ONE,4,8,8,0,DEMO-o4.4.1-example
B,confirmatory,label_index,swap_w1_w4=1,K,action,FLIP_CARD,1,8,8,0,DEMO-o4.4.1-example
B,confirmatory,label_index,swap_w1_w4=1,K,action,FLIP_CARD,2,8,8,0,DEMO-o4.4.1-example
B,confirmatory,label_index,swap_w1_w4=1,K,action,FLIP_CARD,3,8,8,0,DEMO-o4.4.1-example
B,confirmatory,label_index,swap_w1_w4=1,K,action,FLIP_CARD,4,8,8,0,DEMO-o4.4.1-example
B,confirmatory,label_index,swap_w1_w4=1,K,action,ALIGN_ARROW,1,8,8,0,DEMO-o4.4.1-example
B,confirmatory,label_index,swap_w1_w4=1,K,action,ALIGN_ARROW,2,8,8,0,DEMO-o4.4.1-example
B,confirmatory,label_index,swap_w1_w4=1,K,action,ALIGN_ARROW,3,8,8,0,DEMO-o4.4.1-example
B,confirmatory,label_index,swap_w1_w4=1,K,action,ALIGN_ARROW,4,8,8,0,DEMO-o4.4.1-example
B,confirmatory,label_index,swap_w1_w4=1,K,referent,A,1,8,8,0,DEMO-o4.4.1-example
B,confirmatory,label_index,swap_w1_w4=1,K,referent,A,2,8,8,0,DEMO-o4.4.1-example
B,confirmatory,label_index,swap_w1_w4=1,K,referent,A,3,8,8,0,DEMO-o4.4.1-example
B,confirmatory,label_index,swap_w1_w4=1,K,referent,A,4,8,8,0,DEMO-o4.4.1-example
B,confirmatory,label_index,swap_w1_w4=1,K,referent,B,1,8,8,0,DEMO-o4.4.1-example
B,confirmatory,label_index,swap_w1_w4=1,K,referent,B,2,8,8,0,DEMO-o4.4.1-example
B,confirmatory,label_index,swap_w1_w4=1,K,referent,B,3,8,8,0,DEMO-o4.4.1-example
B,confirmatory,label_index,swap_w1_w4=1,K,referent,B,4,8,8,0,DEMO-o4.4.1-example
B,confirmatory,label_index,swap_w1_w4=1,K,referent,C,1,8,8,0,DEMO-o4.4.1-example
B,confirmatory,label_index,swap_w1_w4=1,K,referent,C,2,8,8,0,DEMO-o4.4.1-example
B,confirmatory,label_index,swap_w1_w4=1,K,referent,C,3,8,8,0,DEMO-o4.4.1-example
B,confirmatory,label_index,swap_w1_w4=1,K,referent,C,4,8,8,0,DEMO-o4.4.1-example
B,confirmatory,label_index,swap_w1_w4=1,K,referent,D,1,8,8,0,DEMO-o4.4.1-example
B,confirmatory,label_index,swap_w1_w4=1,K,referent,D,2,8,8,0,DEMO-o4.4.1-example
B,confirmatory,label_index,swap_w1_w4=1,K,referent,D,3,8,8,0,DEMO-o4.4.1-example
B,confirmatory,label_index,swap_w1_w4=1,K,referent,D,4,8,8,0,DEMO-o4.4.1-example
B,confirmatory,label_index,swap_w1_w4=1,Q,action,SCAN,1,8,8,0,DEMO-o4.4.1-example
B,confirmatory,label_index,swap_w1_w4=1,Q,action,SCAN,2,8,8,0,DEMO-o4.4.1-example
B,confirmatory,label_index,swap_w1_w4=1,Q,action,SCAN,3,8,8,0,DEMO-o4.4.1-example
B,confirmatory,label_index,swap_w1_w4=1,Q,action,SCAN,4,8,8,0,DEMO-o4.4.1-example
B,confirmatory,label_index,swap_w1_w4=1,Q,action,TAG,1,8,8,0,DEMO-o4.4.1-example
B,confirmatory,label_index,swap_w1_w4=1,Q,action,TAG,2,8,8,0,DEMO-o4.4.1-example
B,confirmatory,label_index,swap_w1_w4=1,Q,action,TAG,3,8,8,0,DEMO-o4.4.1-example
B,confirmatory,label_index,swap_w1_w4=1,Q,action,TAG,4,8,8,0,DEMO-o4.4.1-example
B,confirmatory,label_index,swap_w1_w4=1,Q,action,CLOSE,1,8,8,0,DEMO-o4.4.1-example
B,confirmatory,label_index,swap_w1_w4=1,Q,action,CLOSE,2,8,8,0,DEMO-o4.4.1-example
B,confirmatory,label_index,swap_w1_w4=1,Q,action,CLOSE,3,8,8,0,DEMO-o4.4.1-example
B,confirmatory,label_index,swap_w1_w4=1,Q,action,CLOSE,4,8,8,0,DEMO-o4.4.1-example
B,confirmatory,label_index,swap_w1_w4=1,Q,action,QUARANTINE,1,8,8,0,DEMO-o4.4.1-example
B,confirmatory,label_index,swap_w1_w4=1,Q,action,QUARANTINE,2,8,8,0,DEMO-o4.4.1-example
B,confirmatory,label_index,swap_w1_w4=1,Q,action,QUARANTINE,3,8,8,0,DEMO-o4.4.1-example
B,confirmatory,label_index,swap_w1_w4=1,Q,action,QUARANTINE,4,8,8,0,DEMO-o4.4.1-example
B,confirmatory,label_index,swap_w1_w4=1,Q,referent,E,1,8,8,0,DEMO-o4.4.1-example
B,confirmatory,label_index,swap_w1_w4=1,Q,referent,E,2,8,8,0,DEMO-o4.4.1-example
B,confirmatory,label_index,swap_w1_w4=1,Q,referent,E,3,8,8,0,DEMO-o4.4.1-example
B,confirmatory,label_index,swap_w1_w4=1,Q,referent,E,4,8,8,0,DEMO-o4.4.1-example
B,confirmatory,label_index,swap_w1_w4=1,Q,referent,F,1,8,8,0,DEMO-o4.4.1-example
B,confirmatory,label_index,swap_w1_w4=1,Q,referent,F,2,8,8,0,DEMO-o4.4.1-example
B,confirmatory,label_index,swap_w1_w4=1,Q,referent,F,3,8,8,0,DEMO-o4.4.1-example
B,confirmatory,label_index,swap_w1_w4=1,Q,referent,F,4,8,8,0,DEMO-o4.4.1-example
B,confirmatory,label_index,swap_w1_w4=1,Q,referent,G,1,8,8,0,DEMO-o4.4.1-example
B,confirmatory,label_index,swap_w1_w4=1,Q,referent,G,2,8,8,0,DEMO-o4.4.1-example
B,confirmatory,label_index,swap_w1_w4=1,Q,referent,G,3,8,8,0,DEMO-o4.4.1-example
B,confirmatory,label_index,swap_w1_w4=1,Q,referent,G,4,8,8,0,DEMO-o4.4.1-example
B,confirmatory,label_index,swap_w1_w4=1,Q,referent,H,1,8,8,0,DEMO-o4.4.1-example
B,confirmatory,label_index,swap_w1_w4=1,Q,referent,H,2,8,8,0,DEMO-o4.4.1-example
B,confirmatory,label_index,swap_w1_w4=1,Q,referent,H,3,8,8,0,DEMO-o4.4.1-example
B,confirmatory,label_index,swap_w1_w4=1,Q,referent,H,4,8,8,0,DEMO-o4.4.1-example
B,confirmatory,wave1_position,swap_w1_w4=1,K,,K-a1,1,4,4,0,DEMO-o4.4.1-example
B,confirmatory,wave1_position,swap_w1_w4=1,K,,K-a1,2,4,4,0,DEMO-o4.4.1-example
B,confirmatory,wave1_position,swap_w1_w4=1,K,,K-a1,3,4,4,0,DEMO-o4.4.1-example
B,confirmatory,wave1_position,swap_w1_w4=1,K,,K-a1,4,4,4,0,DEMO-o4.4.1-example
B,confirmatory,wave1_position,swap_w1_w4=1,K,,K-a1,5,4,4,0,DEMO-o4.4.1-example
B,confirmatory,wave1_position,swap_w1_w4=1,K,,K-a1,6,4,4,0,DEMO-o4.4.1-example
B,confirmatory,wave1_position,swap_w1_w4=1,K,,K-a1,7,4,4,0,DEMO-o4.4.1-example
B,confirmatory,wave1_position,swap_w1_w4=1,K,,K-a1,8,4,4,0,DEMO-o4.4.1-example
B,confirmatory,wave1_position,swap_w1_w4=1,K,,K-a2,1,4,4,0,DEMO-o4.4.1-example
B,confirmatory,wave1_position,swap_w1_w4=1,K,,K-a2,2,4,4,0,DEMO-o4.4.1-example
B,confirmatory,wave1_position,swap_w1_w4=1,K,,K-a2,3,4,4,0,DEMO-o4.4.1-example
B,confirmatory,wave1_position,swap_w1_w4=1,K,,K-a2,4,4,4,0,DEMO-o4.4.1-example
B,confirmatory,wave1_position,swap_w1_w4=1,K,,K-a2,5,4,4,0,DEMO-o4.4.1-example
B,confirmatory,wave1_position,swap_w1_w4=1,K,,K-a2,6,4,4,0,DEMO-o4.4.1-example
B,confirmatory,wave1_position,swap_w1_w4=1,K,,K-a2,7,4,4,0,DEMO-o4.4.1-example
B,confirmatory,wave1_position,swap_w1_w4=1,K,,K-a2,8,4,4,0,DEMO-o4.4.1-example
B,confirmatory,wave1_position,swap_w1_w4=1,K,,K-r1,1,4,4,0,DEMO-o4.4.1-example
B,confirmatory,wave1_position,swap_w1_w4=1,K,,K-r1,2,4,4,0,DEMO-o4.4.1-example
B,confirmatory,wave1_position,swap_w1_w4=1,K,,K-r1,3,4,4,0,DEMO-o4.4.1-example
B,confirmatory,wave1_position,swap_w1_w4=1,K,,K-r1,4,4,4,0,DEMO-o4.4.1-example
B,confirmatory,wave1_position,swap_w1_w4=1,K,,K-r1,5,4,4,0,DEMO-o4.4.1-example
B,confirmatory,wave1_position,swap_w1_w4=1,K,,K-r1,6,4,4,0,DEMO-o4.4.1-example
B,confirmatory,wave1_position,swap_w1_w4=1,K,,K-r1,7,4,4,0,DEMO-o4.4.1-example
B,confirmatory,wave1_position,swap_w1_w4=1,K,,K-r1,8,4,4,0,DEMO-o4.4.1-example
B,confirmatory,wave1_position,swap_w1_w4=1,K,,K-r2,1,4,4,0,DEMO-o4.4.1-example
B,confirmatory,wave1_position,swap_w1_w4=1,K,,K-r2,2,4,4,0,DEMO-o4.4.1-example
B,confirmatory,wave1_position,swap_w1_w4=1,K,,K-r2,3,4,4,0,DEMO-o4.4.1-example
B,confirmatory,wave1_position,swap_w1_w4=1,K,,K-r2,4,4,4,0,DEMO-o4.4.1-example
B,confirmatory,wave1_position,swap_w1_w4=1,K,,K-r2,5,4,4,0,DEMO-o4.4.1-example
B,confirmatory,wave1_position,swap_w1_w4=1,K,,K-r2,6,4,4,0,DEMO-o4.4.1-example
B,confirmatory,wave1_position,swap_w1_w4=1,K,,K-r2,7,4,4,0,DEMO-o4.4.1-example
B,confirmatory,wave1_position,swap_w1_w4=1,K,,K-r2,8,4,4,0,DEMO-o4.4.1-example
B,confirmatory,wave1_position,swap_w1_w4=1,Q,,Q-a1,1,4,4,0,DEMO-o4.4.1-example
B,confirmatory,wave1_position,swap_w1_w4=1,Q,,Q-a1,2,4,4,0,DEMO-o4.4.1-example
B,confirmatory,wave1_position,swap_w1_w4=1,Q,,Q-a1,3,4,4,0,DEMO-o4.4.1-example
B,confirmatory,wave1_position,swap_w1_w4=1,Q,,Q-a1,4,4,4,0,DEMO-o4.4.1-example
B,confirmatory,wave1_position,swap_w1_w4=1,Q,,Q-a1,5,4,4,0,DEMO-o4.4.1-example
B,confirmatory,wave1_position,swap_w1_w4=1,Q,,Q-a1,6,4,4,0,DEMO-o4.4.1-example
B,confirmatory,wave1_position,swap_w1_w4=1,Q,,Q-a1,7,4,4,0,DEMO-o4.4.1-example
B,confirmatory,wave1_position,swap_w1_w4=1,Q,,Q-a1,8,4,4,0,DEMO-o4.4.1-example
B,confirmatory,wave1_position,swap_w1_w4=1,Q,,Q-a2,1,4,4,0,DEMO-o4.4.1-example
B,confirmatory,wave1_position,swap_w1_w4=1,Q,,Q-a2,2,4,4,0,DEMO-o4.4.1-example
B,confirmatory,wave1_position,swap_w1_w4=1,Q,,Q-a2,3,4,4,0,DEMO-o4.4.1-example
B,confirmatory,wave1_position,swap_w1_w4=1,Q,,Q-a2,4,4,4,0,DEMO-o4.4.1-example
B,confirmatory,wave1_position,swap_w1_w4=1,Q,,Q-a2,5,4,4,0,DEMO-o4.4.1-example
B,confirmatory,wave1_position,swap_w1_w4=1,Q,,Q-a2,6,4,4,0,DEMO-o4.4.1-example
B,confirmatory,wave1_position,swap_w1_w4=1,Q,,Q-a2,7,4,4,0,DEMO-o4.4.1-example
B,confirmatory,wave1_position,swap_w1_w4=1,Q,,Q-a2,8,4,4,0,DEMO-o4.4.1-example
B,confirmatory,wave1_position,swap_w1_w4=1,Q,,Q-r1,1,4,4,0,DEMO-o4.4.1-example
B,confirmatory,wave1_position,swap_w1_w4=1,Q,,Q-r1,2,4,4,0,DEMO-o4.4.1-example
B,confirmatory,wave1_position,swap_w1_w4=1,Q,,Q-r1,3,4,4,0,DEMO-o4.4.1-example
B,confirmatory,wave1_position,swap_w1_w4=1,Q,,Q-r1,4,4,4,0,DEMO-o4.4.1-example
B,confirmatory,wave1_position,swap_w1_w4=1,Q,,Q-r1,5,4,4,0,DEMO-o4.4.1-example
B,confirmatory,wave1_position,swap_w1_w4=1,Q,,Q-r1,6,4,4,0,DEMO-o4.4.1-example
B,confirmatory,wave1_position,swap_w1_w4=1,Q,,Q-r1,7,4,4,0,DEMO-o4.4.1-example
B,confirmatory,wave1_position,swap_w1_w4=1,Q,,Q-r1,8,4,4,0,DEMO-o4.4.1-example
B,confirmatory,wave1_position,swap_w1_w4=1,Q,,Q-r2,1,4,4,0,DEMO-o4.4.1-example
B,confirmatory,wave1_position,swap_w1_w4=1,Q,,Q-r2,2,4,4,0,DEMO-o4.4.1-example
B,confirmatory,wave1_position,swap_w1_w4=1,Q,,Q-r2,3,4,4,0,DEMO-o4.4.1-example
B,confirmatory,wave1_position,swap_w1_w4=1,Q,,Q-r2,4,4,4,0,DEMO-o4.4.1-example
B,confirmatory,wave1_position,swap_w1_w4=1,Q,,Q-r2,5,4,4,0,DEMO-o4.4.1-example
B,confirmatory,wave1_position,swap_w1_w4=1,Q,,Q-r2,6,4,4,0,DEMO-o4.4.1-example
B,confirmatory,wave1_position,swap_w1_w4=1,Q,,Q-r2,7,4,4,0,DEMO-o4.4.1-example
B,confirmatory,wave1_position,swap_w1_w4=1,Q,,Q-r2,8,4,4,0,DEMO-o4.4.1-example
B,confirmatory,wave2_position,swap_w1_w4=1,K,,K-a3,1,8,8,0,DEMO-o4.4.1-example
B,confirmatory,wave2_position,swap_w1_w4=1,K,,K-a3,2,8,8,0,DEMO-o4.4.1-example
B,confirmatory,wave2_position,swap_w1_w4=1,K,,K-a3,3,8,8,0,DEMO-o4.4.1-example
B,confirmatory,wave2_position,swap_w1_w4=1,K,,K-a3,4,8,8,0,DEMO-o4.4.1-example
B,confirmatory,wave2_position,swap_w1_w4=1,K,,K-r3,1,8,8,0,DEMO-o4.4.1-example
B,confirmatory,wave2_position,swap_w1_w4=1,K,,K-r3,2,8,8,0,DEMO-o4.4.1-example
B,confirmatory,wave2_position,swap_w1_w4=1,K,,K-r3,3,8,8,0,DEMO-o4.4.1-example
B,confirmatory,wave2_position,swap_w1_w4=1,K,,K-r3,4,8,8,0,DEMO-o4.4.1-example
B,confirmatory,wave2_position,swap_w1_w4=1,Q,,Q-a3,1,8,8,0,DEMO-o4.4.1-example
B,confirmatory,wave2_position,swap_w1_w4=1,Q,,Q-a3,2,8,8,0,DEMO-o4.4.1-example
B,confirmatory,wave2_position,swap_w1_w4=1,Q,,Q-a3,3,8,8,0,DEMO-o4.4.1-example
B,confirmatory,wave2_position,swap_w1_w4=1,Q,,Q-a3,4,8,8,0,DEMO-o4.4.1-example
B,confirmatory,wave2_position,swap_w1_w4=1,Q,,Q-r3,1,8,8,0,DEMO-o4.4.1-example
B,confirmatory,wave2_position,swap_w1_w4=1,Q,,Q-r3,2,8,8,0,DEMO-o4.4.1-example
B,confirmatory,wave2_position,swap_w1_w4=1,Q,,Q-r3,3,8,8,0,DEMO-o4.4.1-example
B,confirmatory,wave2_position,swap_w1_w4=1,Q,,Q-r3,4,8,8,0,DEMO-o4.4.1-example
B,confirmatory,wave3_position,swap_w1_w4=1,K,,K-a4,1,8,8,0,DEMO-o4.4.1-example
B,confirmatory,wave3_position,swap_w1_w4=1,K,,K-a4,2,8,8,0,DEMO-o4.4.1-example
B,confirmatory,wave3_position,swap_w1_w4=1,K,,K-a4,3,8,8,0,DEMO-o4.4.1-example
B,confirmatory,wave3_position,swap_w1_w4=1,K,,K-a4,4,8,8,0,DEMO-o4.4.1-example
B,confirmatory,wave3_position,swap_w1_w4=1,K,,K-r4,1,8,8,0,DEMO-o4.4.1-example
B,confirmatory,wave3_position,swap_w1_w4=1,K,,K-r4,2,8,8,0,DEMO-o4.4.1-example
B,confirmatory,wave3_position,swap_w1_w4=1,K,,K-r4,3,8,8,0,DEMO-o4.4.1-example
B,confirmatory,wave3_position,swap_w1_w4=1,K,,K-r4,4,8,8,0,DEMO-o4.4.1-example
B,confirmatory,wave3_position,swap_w1_w4=1,Q,,Q-a4,1,8,8,0,DEMO-o4.4.1-example
B,confirmatory,wave3_position,swap_w1_w4=1,Q,,Q-a4,2,8,8,0,DEMO-o4.4.1-example
B,confirmatory,wave3_position,swap_w1_w4=1,Q,,Q-a4,3,8,8,0,DEMO-o4.4.1-example
B,confirmatory,wave3_position,swap_w1_w4=1,Q,,Q-a4,4,8,8,0,DEMO-o4.4.1-example
B,confirmatory,wave3_position,swap_w1_w4=1,Q,,Q-r4,1,8,8,0,DEMO-o4.4.1-example
B,confirmatory,wave3_position,swap_w1_w4=1,Q,,Q-r4,2,8,8,0,DEMO-o4.4.1-example
B,confirmatory,wave3_position,swap_w1_w4=1,Q,,Q-r4,3,8,8,0,DEMO-o4.4.1-example
B,confirmatory,wave3_position,swap_w1_w4=1,Q,,Q-r4,4,8,8,0,DEMO-o4.4.1-example
B,confirmatory,family_first,swap_w1_w4=1,,,K,,16,16,0,DEMO-o4.4.1-example
B,confirmatory,family_first,swap_w1_w4=1,,,Q,,16,16,0,DEMO-o4.4.1-example
B,confirmatory,sq_arm,swap_w1_w4=1,,,SQ-1,,16,16,0,DEMO-o4.4.1-example
B,confirmatory,sq_arm,swap_w1_w4=1,,,SQ-2,,16,16,0,DEMO-o4.4.1-example
