study,set,metric,scope,family,role,item,position,count,expected,deviation,seed_label
B,pilot,label_index,all,K,action,ADD_ONE,1,2,2,0,DEMO-o4.4.1-example
B,pilot,label_index,all,K,action,ADD_ONE,2,2,2,0,DEMO-o4.4.1-example
B,pilot,label_index,all,K,action,ADD_ONE,3,2,2,0,DEMO-o4.4.1-example
B,pilot,label_index,all,K,action,ADD_ONE,4,2,2,0,DEMO-o4.4.1-example
B,pilot,label_index,all,K,action,REMOVE_ONE,1,2,2,0,DEMO-o4.4.1-example
B,pilot,label_index,all,K,action,REMOVE_ONE,2,2,2,0,DEMO-o4.4.1-example
B,pilot,label_index,all,K,action,REMOVE_ONE,3,2,2,0,DEMO-o4.4.1-example
B,pilot,label_index,all,K,action,REMOVE_ONE,4,2,2,0,DEMO-o4.4.1-example
B,pilot,label_index,all,K,action,FLIP_CARD,1,2,2,0,DEMO-o4.4.1-example
B,pilot,label_index,all,K,action,FLIP_CARD,2,2,2,0,DEMO-o4.4.1-example
B,pilot,label_index,all,K,action,FLIP_CARD,3,2,2,0,DEMO-o4.4.1-example
B,pilot,label_index,all,K,action,FLIP_CARD,4,2,2,0,DEMO-o4.4.1-example
B,pilot,label_index,all,K,action,ALIGN_ARROW,1,2,2,0,DEMO-o4.4.1-example
B,pilot,label_index,all,K,action,ALIGN_ARROW,2,2,2,0,DEMO-o4.4.1-example
B,pilot,label_index,all,K,action,ALIGN_ARROW,3,2,2,0,DEMO-o4.4.1-example
B,pilot,label_index,all,K,action,ALIGN_ARROW,4,2,2,0,DEMO-o4.4.1-example
B,pilot,label_index,all,K,referent,A,1,2,2,0,DEMO-o4.4.1-example
B,pilot,label_index,all,K,referent,A,2,2,2,0,DEMO-o4.4.1-example
B,pilot,label_index,all,K,referent,A,3,2,2,0,DEMO-o4.4.1-example
B,pilot,label_index,all,K,referent,A,4,2,2,0,DEMO-o4.4.1-example
B,pilot,label_index,all,K,referent,B,1,2,2,0,DEMO-o4.4.1-example
B,pilot,label_index,all,K,referent,B,2,2,2,0,DEMO-o4.4.1-example
B,pilot,label_index,all,K,referent,B,3,2,2,0,DEMO-o4.4.1-example
B,pilot,label_index,all,K,referent,B,4,2,2,0,DEMO-o4.4.1-example
B,pilot,label_index,all,K,referent,C,1,2,2,0,DEMO-o4.4.1-example
B,pilot,label_index,all,K,referent,C,2,2,2,0,DEMO-o4.4.1-example
B,pilot,label_index,all,K,referent,C,3,2,2,0,DEMO-o4.4.1-example
B,pilot,label_index,all,K,referent,C,4,2,2,0,DEMO-o4.4.1-example
B,pilot,label_index,all,K,referent,D,1,2,2,0,DEMO-o4.4.1-example
B,pilot,label_index,all,K,referent,D,2,2,2,0,DEMO-o4.4.1-example
B,pilot,label_index,all,K,referent,D,3,2,2,0,DEMO-o4.4.1-example
B,pilot,label_index,all,K,referent,D,4,2,2,0,DEMO-o4.4.1-example
B,pilot,label_index,all,Q,action,SCAN,1,2,2,0,DEMO-o4.4.1-example
B,pilot,label_index,all,Q,action,SCAN,2,2,2,0,DEMO-o4.4.1-example
B,pilot,label_index,all,Q,action,SCAN,3,2,2,0,DEMO-o4.4.1-example
B,pilot,label_index,all,Q,action,SCAN,4,2,2,0,DEMO-o4.4.1-example
B,pilot,label_index,all,Q,action,TAG,1,2,2,0,DEMO-o4.4.1-example
B,pilot,label_index,all,Q,action,TAG,2,2,2,0,DEMO-o4.4.1-example
B,pilot,label_index,all,Q,action,TAG,3,2,2,0,DEMO-o4.4.1-example
B,pilot,label_index,all,Q,action,TAG,4,2,2,0,DEMO-o4.4.1-example
B,pilot,label_index,all,Q,action,CLOSE,1,2,2,0,DEMO-o4.4.1-example
B,pilot,label_index,all,Q,action,CLOSE,2,2,2,0,DEMO-o4.4.1-example
B,pilot,label_index,all,Q,action,CLOSE,3,2,2,0,DEMO-o4.4.1-example
B,pilot,label_index,all,Q,action,CLOSE,4,2,2,0,DEMO-o4.4.1-example
B,pilot,label_index,all,Q,action,QUARANTINE,1,2,2,0,DEMO-o4.4.1-example
B,pilot,label_index,all,Q,action,QUARANTINE,2,2,2,0,DEMO-o4.4.1-example
B,pilot,label_index,all,Q,action,QUARANTINE,3,2,2,0,DEMO-o4.4.1-example
B,pilot,label_index,all,Q,action,QUARANTINE,4,2,2,0,DEMO-o4.4.1-example
B,pilot,label_index,all,Q,referent,E,1,2,2,0,DEMO-o4.4.1-example
B,pilot,label_index,all,Q,referent,E,2,2,2,0,DEMO-o4.4.1-example
B,pilot,label_index,all,Q,referent,E,3,2,2,0,DEMO-o4.4.1-example
B,pilot,label_index,all,Q,referent,E,4,2,2,0,DEMO-o4.4.1-example
B,pilot,label_index,all,Q,referent,F,1,2,2,0,DEMO-o4.4.1-example
B,pilot,label_index,all,Q,referent,F,2,2,2,0,DEMO-o4.4.1-example
B,pilot,label_index,all,Q,referent,F,3,2,2,0,DEMO-o4.4.1-example
B,pilot,label_index,all,Q,referent,F,4,2,2,0,DEMO-o4.4.1-example
B,pilot,label_index,all,Q,referent,G,1,2,2,0,DEMO-o4.4.1-example
B,pilot,label_index,all,Q,referent,G,2,2,2,0,DEMO-o4.4.1-example
B,pilot,label_index,all,Q,referent,G,3,2,2,0,DEMO-o4.4.1-example
B,pilot,label_index,all,Q,referent,G,4,2,2,0,DEMO-o4.4.1-example
B,pilot,label_index,all,Q,referent,H,1,2,2,0,DEMO-o4.4.1-example
B,pilot,label_index,all,Q,referent,H,2,2,2,0,DEMO-o4.4.1-example
B,pilot,label_index,all,Q,referent,H,3,2,2,0,DEMO-o4.4.1-example
B,pilot,label_index,all,Q,referent,H,4,2,2,0,DEMO-o4.4.1-example
B,pilot,wave1_position,all,K,,K-a1,1,1,1,0,DEMO-o4.4.1-example
B,pilot,wave1_position,all,K,,K-a1,2,1,1,0,DEMO-o4.4.1-example
B,pilot,wave1_position,all,K,,K-a1,3,1,1,0,DEMO-o4.4.1-example
B,pilot,wave1_position,all,K,,K-a1,4,1,1,0,DEMO-o4.4.1-example
B,pilot,wave1_position,all,K,,K-a1,5,1,1,0,DEMO-o4.4.1-example
B,pilot,wave1_position,all,K,,K-a1,6,1,1,0,DEMO-o4.4.1-example
B,pilot,wave1_position,all,K,,K-a1,7,1,1,0,DEMO-o4.4.1-example
B,pilot,wave1_position,all,K,,K-a1,8,1,1,0,DEMO-o4.4.1-example
B,pilot,wave1_position,all,K,,K-a2,1,1,1,0,DEMO-o4.4.1-example
B,pilot,wave1_position,all,K,,K-a2,2,1,1,0,DEMO-o4.4.1-example
B,pilot,wave1_position,all,K,,K-a2,3,1,1,0,DEMO-o4.4.1-example
B,pilot,wave1_position,all,K,,K-a2,4,1,1,0,DEMO-o4.4.1-example
B,pilot,wave1_position,all,K,,K-a2,5,1,1,0,DEMO-o4.4.1-example
B,pilot,wave1_position,all,K,,K-a2,6,1,1,0,DEMO-o4.4.1-example
B,pilot,wave1_position,all,K,,K-a2,7,1,1,0,DEMO-o4.4.1-example
B,pilot,wave1_position,all,K,,K-a2,8,1,1,0,DEMO-o4.4.1-example
B,pilot,wave1_position,all,K,,K-r1,1,1,1,0,DEMO-o4.4.1-example
B,pilot,wave1_position,all,K,,K-r1,2,1,1,0,DEMO-o4.4.1-example
B,pilot,wave1_position,all,K,,K-r1,3,1,1,0,DEMO-o4.4.1-example
B,pilot,wave1_position,all,K,,K-r1,4,1,1,0,DEMO-o4.4.1-example
B,pilot,wave1_position,all,K,,K-r1,5,1,1,0,DEMO-o4.4.1-example
B,pilot,wave1_position,all,K,,K-r1,6,1,1,0,DEMO-o4.4.1-example
B,pilot,wave1_position,all,K,,K-r1,7,1,1,0,DEMO-o4.4.1-example
B,pilot,wave1_position,all,K,,K-r1,8,1,1,0,DEMO-o4.4.1-example
B,pilot,wave1_position,all,K,,K-r2,1,1,1,0,DEMO-o4.4.1-example
B,pilot,wave1_position,all,K,,K-r2,2,1,1,0,DEMO-o4.4.1-example
B,pilot,wave1_position,all,K,,K-r2,3,1,1,0,DEMO-o4.4.1-example
B,pilot,wave1_position,all,K,,K-r2,4,1,1,0,DEMO-o4.4.1-example
B,pilot,wave1_position,all,K,,K-r2,5,1,1,0,DEMO-o4.4.1-example
B,pilot,wave1_position,all,K,,K-r2,6,1,1,0,DEMO-o4.4.1-example
B,pilot,wave1_position,all,K,,K-r2,7,1,1,0,DEMO-o4.4.1-example
B,pilot,wave1_position,all,K,,K-r2,8,1,1,0,DEMO-o4.4.1-example
B,pilot,wave1_position,all,Q,,Q-a1,1,1,1,0,DEMO-o4.4.1-example
B,pilot,wave1_position,all,Q,,Q-a1,2,1,1,0,DEMO-o4.4.1-example
B,pilot,wave1_position,all,Q,,Q-a1,3,1,1,0,DEMO-o4.4.1-example
B,pilot,wave1_position,all,Q,,Q-a1,4,1,1,0,DEMO-o4.4.1-example
B,pilot,wave1_position,all,Q,,Q-a1,5,1,1,0,DEMO-o4.4.1-example
B,pilot,wave1_position,all,Q,,Q-a1,6,1,1,0,DEMO-o4.4.1-example
B,pilot,wave1_position,all,Q,,Q-a1,7,1,1,0,DEMO-o4.4.1-example
B,pilot,wave1_position,all,Q,,Q-a1,8,1,1,0,DEMO-o4.4.1-example
B,pilot,wave1_position,all,Q,,Q-a2,1,1,1,0,DEMO-o4.4.1-example
B,pilot,wave1_position,all,Q,,Q-a2,2,1,1,0,DEMO-o4.4.1-example
B,pilot,wave1_position,all,Q,,Q-a2,3,1,1,0,DEMO-o4.4.1-example
B,pilot,wave1_position,all,Q,,Q-a2,4,1,1,0,DEMO-o4.4.1-example
B,pilot,wave1_position,all,Q,,Q-a2,5,1,1,0,DEMO-o4.4.1-example
B,pilot,wave1_position,all,Q,,Q-a2,6,1,1,0,DEMO-o4.4.1-example
B,pilot,wave1_position,all,Q,,Q-a2,7,1,1,0,DEMO-o4.4.1-example
B,pilot,wave1_position,all,Q,,Q-a2,8,1,1,0,DEMO-o4.4.1-example
B,pilot,wave1_position,all,Q,,Q-r1,1,1,1,0,DEMO-o4.4.1-example
B,pilot,wave1_position,all,Q,,Q-r1,2,1,1,0,DEMO-o4.4.1-example
B,pilot,wave1_position,all,Q,,Q-r1,3,1,1,0,DEMO-o4.4.1-example
B,pilot,wave1_position,all,Q,,Q-r1,4,1,1,0,DEMO-o4.4.1-example
B,pilot,wave1_position,all,Q,,Q-r1,5,1,1,0,DEMO-o4.4.1-example
B,pilot,wave1_position,all,Q,,Q-r1,6,1,1,0,DEMO-o4.4.1-example
B,pilot,wave1_position,all,Q,,Q-r1,7,1,1,0,DEMO-o4.4.1-example
B,pilot,wave1_position,all,Q,,Q-r1,8,1,1,0,DEMO-o4.4.1-example
B,pilot,wave1_position,all,Q,,Q-r2,1,1,1,0,DEMO-o4.4.1-example
B,pilot,wave1_position,all,Q,,Q-r2,2,1,1,0,DEMO-o4.4.1-example
B,pilot,wave1_position,all,Q,,Q-r2,3,1,1,0,DEMO-o4.4.1-example
B,pilot,wave1_position,all,Q,,Q-r2,4,1,1,0,DEMO-o4.4.1-example
B,pilot,wave1_position,all,Q,,Q-r2,5,1,1,0,DEMO-o4.4.1-example
B,pilot,wave1_position,all,Q,,Q-r2,6,1,1,0,DEMO-o4.4.1-example
B,pilot,wave1_position,all,Q,,Q-r2,7,1,1,0,DEMO-o4.4.1-example
B,pilot,wave1_position,all,Q,,Q-r2,8,1,1,0,DEMO-o4.4.1-example
B,pilot,wave2_position,all,K,,K-a3,1,2,2,0,DEMO-o4.4.1-example
B,pilot,wave2_position,all,K,,K-a3,2,2,2,0,DEMO-o4.4.1-example
B,pilot,wave2_position,all,K,,K-a3,3,2,2,0,DEMO-o4.4.1-example
B,pilot,wave2_position,all,K,,K-a3,4,2,2,0,DEMO-o4.4.1-example
B,pilot,wave2_position,all,K,,K-r3,1,2,2,0,DEMO-o4.4.1-example
B,pilot,wave2_position,all,K,,K-r3,2,2,2,0,DEMO-o4.4.1-example
B,pilot,wave2_position,all,K,,K-r3,3,2,2,0,DEMO-o4.4.1-example
B,pilot,wave2_position,all,K,,K-r3,4,2,2,0,DEMO-o4.4.1-example
B,pilot,wave2_position,all,Q,,Q-a3,1,2,2,0,DEMO-o4.4.1-example
B,pilot,wave2_position,all,Q,,Q-a3,2,2,2,0,DEMO-o4.4.1-example
B,pilot,wave2_position,all,Q,,Q-a3,3,2,2,0,DEMO-o4.4.1-example
B,pilot,wave2_position,all,Q,,Q-a3,4,2,2,0,DEMO-o4.4.1-example
B,pilot,wave2_position,all,Q,,Q-r3,1,2,2,0,DEMO-o4.4.1-example
B,pilot,wave2_position,all,Q,,Q-r3,2,2,2,0,DEMO-o4.4.1-example
B,pilot,wave2_position,all,Q,,Q-r3,3,2,2,0,DEMO-o4.4.1-example
B,pilot,wave2_position,all,Q,,Q-r3,4,2,2,0,DEMO-o4.4.1-example
B,pilot,wave3_position,all,K,,K-a4,1,2,2,0,DEMO-o4.4.1-example
B,pilot,wave3_position,all,K,,K-a4,2,2,2,0,DEMO-o4.4.1-example
B,pilot,wave3_position,all,K,,K-a4,3,2,2,0,DEMO-o4.4.1-example
B,pilot,wave3_position,all,K,,K-a4,4,2,2,0,DEMO-o4.4.1-example
B,pilot,wave3_position,all,K,,K-r4,1,2,2,0,DEMO-o4.4.1-example
B,pilot,wave3_position,all,K,,K-r4,2,2,2,0,DEMO-o4.4.1-example
B,pilot,wave3_position,all,K,,K-r4,3,2,2,0,DEMO-o4.4.1-example
B,pilot,wave3_position,all,K,,K-r4,4,2,2,0,DEMO-o4.4.1-example
B,pilot,wave3_position,all,Q,,Q-a4,1,2,2,0,DEMO-o4.4.1-example
B,pilot,wave3_position,all,Q,,Q-a4,2,2,2,0,DEMO-o4.4.1-example
B,pilot,wave3_position,all,Q,,Q-a4,3,2,2,0,DEMO-o4.4.1-example
B,pilot,wave3_position,all,Q,,Q-a4,4,2,2,0,DEMO-o4.4.1-example
B,pilot,wave3_position,all,Q,,Q-r4,1,2,2,0,DEMO-o4.4.1-example
B,pilot,wave3_position,all,Q,,Q-r4,2,2,2,0,DEMO-o4.4.1-example
B,pilot,wave3_position,all,Q,,Q-r4,3,2,2,0,DEMO-o4.4.1-example
B,pilot,wave3_position,all,Q,,Q-r4,4,2,2,0,DEMO-o4.4.1-example
B,pilot,message_cell,all,K,,ADD_ONE+A,a1-r1,0,0.5,-0.5,DEMO-o4.4.1-example
B,pilot,message_cell,all,K,,ADD_ONE+A,a1-r2,1,0.5,0.5,DEMO-o4.4.1-example
B,pilot,message_cell,all,K,,ADD_ONE+A,a1-r3,0,0.5,-0.5,DEMO-o4.4.1-example
B,pilot,message_cell,all,K,,ADD_ONE+A,a1-r4,1,0.5,0.5,DEMO-o4.4.1-example
B,pilot,message_cell,all,K,,ADD_ONE+A,a2-r1,1,0.5,0.5,DEMO-o4.4.1-example
B,pilot,message_cell,all,K,,ADD_ONE+A,a2-r2,0,0.5,-0.5,DEMO-o4.4.1-example
B,pilot,message_cell,all,K,,ADD_ONE+A,a2-r3,1,0.5,0.5,DEMO-o4.4.1-example
B,pilot,message_cell,all,K,,ADD_ONE+A,a2-r4,0,0.5,-0.5,DEMO-o4.4.1-example
B,pilot,message_cell,all,K,,ADD_ONE+A,a3-r1,0,0.5,-0.5,DEMO-o4.4.1-example
B,pilot,message_cell,all,K,,ADD_ONE+A,a3-r2,1,0.5,0.5,DEMO-o4.4.1-example
B,pilot,message_cell,all,K,,ADD_ONE+A,a3-r3,0,0.5,-0.5,DEMO-o4.4.1-example
B,pilot,message_cell,all,K,,ADD_ONE+A,a3-r4,1,0.5,0.5,DEMO-o4.4.1-example
B,pilot,message_cell,all,K,,ADD_ONE+A,a4-r1,1,0.5,0.5,DEMO-o4.4.1-example
B,pilot,message_cell,all,K,,ADD_ONE+A,a4-r2,0,0.5,-0.5,DEMO-o4.4.1-example
B,pilot,message_cell,all,K,,ADD_ONE+A,a4-r3,1,0.5,0.5,DEMO-o4.4.1-example
B,pilot,message_cell,all,K,,ADD_ONE+A,a4-r4,0,0.5,-0.5,DEMO-o4.4.1-example
B,pilot,message_cell,all,K,,ADD_ONE+B,a1-r1,1,0.5,0.5,DEMO-o4.4.1-example
B,pilot,message_cell,all,K,,ADD_ONE+B,a1-r2,0,0.5,-0.5,DEMO-o4.4.1-example
B,pilot,message_cell,all,K,,ADD_ONE+B,a1-r3,1,0.5,0.5,DEMO-o4.4.1-example
B,pilot,message_cell,all,K,,ADD_ONE+B,a1-r4,0,0.5,-0.5,DEMO-o4.4.1-example
B,pilot,message_cell,all,K,,ADD_ONE+B,a2-r1,0,0.5,-0.5,DEMO-o4.4.1-example
B,pilot,message_cell,all,K,,ADD_ONE+B,a2-r2,1,0.5,0.5,DEMO-o4.4.1-example
B,pilot,message_cell,all,K,,ADD_ONE+B,a2-r3,0,0.5,-0.5,DEMO-o4.4.1-example
B,pilot,message_cell,all,K,,ADD_ONE+B,a2-r4,1,0.5,0.5,DEMO-o4.4.1-example
B,pilot,message_cell,all,K,,ADD_ONE+B,a3-r1,1,0.5,0.5,DEMO-o4.4.1-example
B,pilot,message_cell,all,K,,ADD_ONE+B,a3-r2,0,0.5,-0.5,DEMO-o4.4.1-example
B,pilot,message_cell,all,K,,ADD_ONE+B,a3-r3,1,0.5,0.5,DEMO-o4.4.1-example
B,pilot,message_cell,all,K,,ADD_ONE+B,a3-r4,0,0.5,-0.5,DEMO-o4.4.1-example
B,pilot,message_cell,all,K,,ADD_ONE+B,a4-r1,0,0.5,-0.5,DEMO-o4.4.1-example
B,pilot,message_cell,all,K,,ADD_ONE+B,a4-r2,1,0.5,0.5,DEMO-o4.4.1-example
B,pilot,message_cell,all,K,,ADD_ONE+B,a4-r3,0,0.5,-0.5,DEMO-o4.4.1-example
B,pilot,message_cell,all,K,,ADD_ONE+B,a4-r4,1,0.5,0.5,DEMO-o4.4.1-example
B,pilot,message_cell,all,K,,ADD_ONE+C,a1-r1,0,0.5,-0.5,DEMO-o4.4.1-example
B,pilot,message_cell,all,K,,ADD_ONE+C,a1-r2,1,0.5,0.5,DEMO-o4.4.1-example
B,pilot,message_cell,all,K,,ADD_ONE+C,a1-r3,0,0.5,-0.5,DEMO-o4.4.1-example
B,pilot,message_cell,all,K,,ADD_ONE+C,a1-r4,1,0.5,0.5,DEMO-o4.4.1-example
B,pilot,message_cell,all,K,,ADD_ONE+C,a2-r1,1,0.5,0.5,DEMO-o4.4.1-example
B,pilot,message_cell,all,K,,ADD_ONE+C,a2-r2,0,0.5,-0.5,DEMO-o4.4.1-example
B,pilot,message_cell,all,K,,ADD_ONE+C,a2-r3,1,0.5,0.5,DEMO-o4.4.1-example
B,pilot,message_cell,all,K,,ADD_ONE+C,a2-r4,0,0.5,-0.5,DEMO-o4.4.1-example
B,pilot,message_cell,all,K,,ADD_ONE+C,a3-r1,0,0.5,-0.5,DEMO-o4.4.1-example
B,pilot,message_cell,all,K,,ADD_ONE+C,a3-r2,1,0.5,0.5,DEMO-o4.4.1-example
B,pilot,message_cell,all,K,,ADD_ONE+C,a3-r3,0,0.5,-0.5,DEMO-o4.4.1-example
B,pilot,message_cell,all,K,,ADD_ONE+C,a3-r4,1,0.5,0.5,DEMO-o4.4.1-example
B,pilot,message_cell,all,K,,ADD_ONE+C,a4-r1,1,0.5,0.5,DEMO-o4.4.1-example
B,pilot,message_cell,all,K,,ADD_ONE+C,a4-r2,0,0.5,-0.5,DEMO-o4.4.1-example
B,pilot,message_cell,all,K,,ADD_ONE+C,a4-r3,1,0.5,0.5,DEMO-o4.4.1-example
B,pilot,message_cell,all,K,,ADD_ONE+C,a4-r4,0,0.5,-0.5,DEMO-o4.4.1-example
B,pilot,message_cell,all,K,,ADD_ONE+D,a1-r1,1,0.5,0.5,DEMO-o4.4.1-example
B,pilot,message_cell,all,K,,ADD_ONE+D,a1-r2,0,0.5,-0.5,DEMO-o4.4.1-example
B,pilot,message_cell,all,K,,ADD_ONE+D,a1-r3,1,0.5,0.5,DEMO-o4.4.1-example
B,pilot,message_cell,all,K,,ADD_ONE+D,a1-r4,0,0.5,-0.5,DEMO-o4.4.1-example
B,pilot,message_cell,all,K,,ADD_ONE+D,a2-r1,0,0.5,-0.5,DEMO-o4.4.1-example
B,pilot,message_cell,all,K,,ADD_ONE+D,a2-r2,1,0.5,0.5,DEMO-o4.4.1-example
B,pilot,message_cell,all,K,,ADD_ONE+D,a2-r3,0,0.5,-0.5,DEMO-o4.4.1-example
B,pilot,message_cell,all,K,,ADD_ONE+D,a2-r4,1,0.5,0.5,DEMO-o4.4.1-example
B,pilot,message_cell,all,K,,ADD_ONE+D,a3-r1,1,0.5,0.5,DEMO-o4.4.1-example
B,pilot,message_cell,all,K,,ADD_ONE+D,a3-r2,0,0.5,-0.5,DEMO-o4.4.1-example
B,pilot,message_cell,all,K,,ADD_ONE+D,a3-r3,1,0.5,0.5,DEMO-o4.4.1-example
B,pilot,message_cell,all,K,,ADD_ONE+D,a3-r4,0,0.5,-0.5,DEMO-o4.4.1-example
B,pilot,message_cell,all,K,,ADD_ONE+D,a4-r1,0,0.5,-0.5,DEMO-o4.4.1-example
B,pilot,message_cell,all,K,,ADD_ONE+D,a4-r2,1,0.5,0.5,DEMO-o4.4.1-example
B,pilot,message_cell,all,K,,ADD_ONE+D,a4-r3,0,0.5,-0.5,DEMO-o4.4.1-example
B,pilot,message_cell,all,K,,ADD_ONE+D,a4-r4,1,0.5,0.5,DEMO-o4.4.1-example
B,pilot,message_cell,all,K,,REMOVE_ONE+A,a1-r1,0,0.5,-0.5,DEMO-o4.4.1-example
B,pilot,message_cell,all,K,,REMOVE_ONE+A,a1-r2,1,0.5,0.5,DEMO-o4.4.1-example
B,pilot,message_cell,all,K,,REMOVE_ONE+A,a1-r3,0,0.5,-0.5,DEMO-o4.4.1-example
B,pilot,message_cell,all,K,,REMOVE_ONE+A,a1-r4,1,0.5,0.5,DEMO-o4.4.1-example
B,pilot,message_cell,all,K,,REMOVE_ONE+A,a2-r1,1,0.5,0.5,DEMO-o4.4.1-example
B,pilot,message_cell,all,K,,REMOVE_ONE+A,a2-r2,0,0.5,-0.5,DEMO-o4.4.1-example
B,pilot,message_cell,all,K,,REMOVE_ONE+A,a2-r3,1,0.5,0.5,DEMO-o4.4.1-example
B,pilot,message_cell,all,K,,REMOVE_ONE+A,a2-r4,0,0.5,-0.5,DEMO-o4.4.1-example
B,pilot,message_cell,all,K,,REMOVE_ONE+A,a3-r1,0,0.5,-0.5,DEMO-o4.4.1-example
B,pilot,message_cell,all,K,,REMOVE_ONE+A,a3-r2,1,0.5,0.5,DEMO-o4.4.1-example
B,pilot,message_cell,all,K,,REMOVE_ONE+A,a3-r3,0,0.5,-0.5,DEMO-o4.4.1-example
B,pilot,message_cell,all,K,,REMOVE_ONE+A,a3-r4,1,0.5,0.5,DEMO-o4.4.1-example
B,pilot,message_cell,all,K,,REMOVE_ONE+A,a4-r1,1,0.5,0.5,DEMO-o4.4.1-example
B,pilot,message_cell,all,K,,REMOVE_ONE+A,a4-r2,0,0.5,-0.5,DEMO-o4.4.1-example
B,pilot,message_cell,all,K,,REMOVE_ONE+A,a4-r3,1,0.5,0.5,DEMO-o4.4.1-example
B,pilot,message_cell,all,K,,REMOVE_ONE+A,a4-r4,0,0.5,-0.5,DEMO-o4.4.1-example
B,pilot,message_cell,all,K,,REMOVE_ONE+B,a1-r1,1,0.5,0.5,DEMO-o4.4.1-example
B,pilot,message_cell,all,K,,REMOVE_ONE+B,a1-r2,0,0.5,-0.5,DEMO-o4.4.1-example
B,pilot,message_cell,all,K,,REMOVE_ONE+B,a1-r3,1,0.5,0.5,DEMO-o4.4.1-example
B,pilot,message_cell,all,K,,REMOVE_ONE+B,a1-r4,0,0.5,-0.5,DEMO-o4.4.1-example
B,pilot,message_cell,all,K,,REMOVE_ONE+B,a2-r1,0,0.5,-0.5,DEMO-o4.4.1-example
B,pilot,message_cell,all,K,,REMOVE_ONE+B,a2-r2,1,0.5,0.5,DEMO-o4.4.1-example
B,pilot,message_cell,all,K,,REMOVE_ONE+B,a2-r3,0,0.5,-0.5,DEMO-o4.4.1-example
B,pilot,message_cell,all,K,,REMOVE_ONE+B,a2-r4,1,0.5,0.5,DEMO-o4.4.1-example
B,pilot,message_cell,all,K,,REMOVE_ONE+B,a3-r1,1,0.5,0.5,DEMO-o4.4.1-example
B,pilot,message_cell,all,K,,REMOVE_ONE+B,a3-r2,0,0.5,-0.5,DEMO-o4.4.1-example
B,pilot,message_cell,all,K,,REMOVE_ONE+B,a3-r3,1,0.5,0.5,DEMO-o4.4.1-example
B,pilot,message_cell,all,K,,REMOVE_ONE+B,a3-r4,0,0.5,-0.5,DEMO-o4.4.1-example
B,pilot,message_cell,all,K,,REMOVE_ONE+B,a4-r1,0,0.5,-0.5,DEMO-o4.4.1-example
B,pilot,message_cell,all,K,,REMOVE_ONE+B,a4-r2,1,0.5,0.5,DEMO-o4.4.1-example
B,pilot,message_cell,all,K,,REMOVE_ONE+B,a4-r3,0,0.5,-0.5,DEMO-o4.4.1-example
B,pilot,message_cell,all,K,,REMOVE_ONE+B,a4-r4,1,0.5,0.5,DEMO-o4.4.1-example
B,pilot,message_cell,all,K,,REMOVE_ONE+C,a1-r1,0,0.5,-0.5,DEMO-o4.4.1-example
B,pilot,message_cell,all,K,,REMOVE_ONE+C,a1-r2,1,0.5,0.5,DEMO-o4.4.1-example
B,pilot,message_cell,all,K,,REMOVE_ONE+C,a1-r3,0,0.5,-0.5,DEMO-o4.4.1-example
B,pilot,message_cell,all,K,,REMOVE_ONE+C,a1-r4,1,0.5,0.5,DEMO-o4.4.1-example
B,pilot,message_cell,all,K,,REMOVE_ONE+C,a2-r1,1,0.5,0.5,DEMO-o4.4.1-example
B,pilot,message_cell,all,K,,REMOVE_ONE+C,a2-r2,0,0.5,-0.5,DEMO-o4.4.1-example
B,pilot,message_cell,all,K,,REMOVE_ONE+C,a2-r3,1,0.5,0.5,DEMO-o4.4.1-example
B,pilot,message_cell,all,K,,REMOVE_ONE+C,a2-r4,0,0.5,-0.5,DEMO-o4.4.1-example
B,pilot,message_cell,all,K,,REMOVE_ONE+C,a3-r1,0,0.5,-0.5,DEMO-o4.4.1-example
B,pilot,message_cell,all,K,,REMOVE_ONE+C,a3-r2,1,0.5,0.5,DEMO-o4.4.1-example
B,pilot,message_cell,all,K,,REMOVE_ONE+C,a3-r3,0,0.5,-0.5,DEMO-o4.4.1-example
B,pilot,message_cell,all,K,,REMOVE_ONE+C,a3-r4,1,0.5,0.5,DEMO-o4.4.1-example
B,pilot,message_cell,all,K,,REMOVE_ONE+C,a4-r1,1,0.5,0.5,DEMO-o4.4.1-example
B,pilot,message_cell,all,K,,REMOVE_ONE+C,a4-r2,0,0.5,-0.5,DEMO-o4.4.1-example
B,pilot,message_cell,all,K,,REMOVE_ONE+C,a4-r3,1,0.5,0.5,DEMO-o4.4.1-example
B,pilot,message_cell,all,K,,REMOVE_ONE+C,a4-r4,0,0.5,-0.5,DEMO-o4.4.1-example
B,pilot,message_cell,all,K,,REMOVE_ONE+D,a1-r1,1,0.5,0.5,DEMO-o4.4.1-example
B,pilot,message_cell,all,K,,REMOVE_ONE+D,a1-r2,0,0.5,-0.5,DEMO-o4.4.1-example
B,pilot,message_cell,all,K,,REMOVE_ONE+D,a1-r3,1,0.5,0.5,DEMO-o4.4.1-example
B,pilot,message_cell,all,K,,REMOVE_ONE+D,a1-r4,0,0.5,-0.5,DEMO-o4.4.1-example
B,pilot,message_cell,all,K,,REMOVE_ONE+D,a2-r1,0,0.5,-0.5,DEMO-o4.4.1-example
B,pilot,message_cell,all,K,,REMOVE_ONE+D,a2-r2,1,0.5,0.5,DEMO-o4.4.1-example
B,pilot,message_cell,all,K,,REMOVE_ONE+D,a2-r3,0,0.5,-0.5,DEMO-o4.4.1-example
B,pilot,message_cell,all,K,,REMOVE_ONE+D,a2-r4,1,0.5,0.5,DEMO-o4.4.1-example
B,pilot,message_cell,all,K,,REMOVE_ONE+D,a3-r1,1,0.5,0.5,DEMO-o4.4.1-example
B,pilot,message_cell,all,K,,REMOVE_ONE+D,a3-r2,0,0.5,-0.5,DEMO-o4.4.1-example
B,pilot,message_cell,all,K,,REMOVE_ONE+D,a3-r3,1,0.5,0.5,DEMO-o4.4.1-example
B,pilot,message_cell,all,K,,REMOVE_ONE+D,a3-r4,0,0.5,-0.5,DEMO-o4.4.1-example
B,pilot,message_cell,all,K,,REMOVE_ONE+D,a4-r1,0,0.5,-0.5,DEMO-o4.4.1-example
B,pilot,message_cell,all,K,,REMOVE_ONE+D,a4-r2,1,0.5,0.5,DEMO-o4.4.1-example
B,pilot,message_cell,all,K,,REMOVE_ONE+D,a4-r3,0,0.5,-0.5,DEMO-o4.4.1-example
B,pilot,message_cell,all,K,,REMOVE_ONE+D,a4-r4,1,0.5,0.5,DEMO-o4.4.1-example
B,pilot,message_cell,all,K,,FLIP_CARD+A,a1-r1,1,0.5,0.5,DEMO-o4.4.1-example
B,pilot,message_cell,all,K,,FLIP_CARD+A,a1-r2,0,0.5,-0.5,DEMO-o4.4.1-example
B,pilot,message_cell,all,K,,FLIP_CARD+A,a1-r3,1,0.5,0.5,DEMO-o4.4.1-example
B,pilot,message_cell,all,K,,FLIP_CARD+A,a1-r4,0,0.5,-0.5,DEMO-o4.4.1-example
B,pilot,message_cell,all,K,,FLIP_CARD+A,a2-r1,0,0.5,-0.5,DEMO-o4.4.1-example
B,pilot,message_cell,all,K,,FLIP_CARD+A,a2-r2,1,0.5,0.5,DEMO-o4.4.1-example
B,pilot,message_cell,all,K,,FLIP_CARD+A,a2-r3,0,0.5,-0.5,DEMO-o4.4.1-example
B,pilot,message_cell,all,K,,FLIP_CARD+A,a2-r4,1,0.5,0.5,DEMO-o4.4.1-example
B,pilot,message_cell,all,K,,FLIP_CARD+A,a3-r1,1,0.5,0.5,DEMO-o4.4.1-example
B,pilot,message_cell,all,K,,FLIP_CARD+A,a3-r2,0,0.5,-0.5,DEMO-o4.4.1-example
B,pilot,message_cell,all,K,,FLIP_CARD+A,a3-r3,1,0.5,0.5,DEMO-o4.4.1-example
B,pilot,message_cell,all,K,,FLIP_CARD+A,a3-r4,0,0.5,-0.5,DEMO-o4.4.1-example
B,pilot,message_cell,all,K,,FLIP_CARD+A,a4-r1,0,0.5,-0.5,DEMO-o4.4.1-example
B,pilot,message_cell,all,K,,FLIP_CARD+A,a4-r2,1,0.5,0.5,DEMO-o4.4.1-example
B,pilot,message_cell,all,K,,FLIP_CARD+A,a4-r3,0,0.5,-0.5,DEMO-o4.4.1-example
B,pilot,message_cell,all,K,,FLIP_CARD+A,a4-r4,1,0.5,0.5,DEMO-o4.4.1-example
B,pilot,message_cell,all,K,,FLIP_CARD+B,a1-r1,0,0.5,-0.5,DEMO-o4.4.1-example
B,pilot,message_cell,all,K,,FLIP_CARD+B,a1-r2,1,0.5,0.5,DEMO-o4.4.1-example
B,pilot,message_cell,all,K,,FLIP_CARD+B,a1-r3,0,0.5,-0.5,DEMO-o4.4.1-example
B,pilot,message_cell,all,K,,FLIP_CARD+B,a1-r4,1,0.5,0.5,DEMO-o4.4.1-example
B,pilot,message_cell,all,K,,FLIP_CARD+B,a2-r1,1,0.5,0.5,DEMO-o4.4.1-example
B,pilot,message_cell,all,K,,FLIP_CARD+B,a2-r2,0,0.5,-0.5,DEMO-o4.4.1-example
B,pilot,message_cell,all,K,,FLIP_CARD+B,a2-r3,1,0.5,0.5,DEMO-o4.4.1-example
B,pilot,message_cell,all,K,,FLIP_CARD+B,a2-r4,0,0.5,-0.5,DEMO-o4.4.1-example
B,pilot,message_cell,all,K,,FLIP_CARD+B,a3-r1,0,0.5,-0.5,DEMO-o4.4.1-example
B,pilot,message_cell,all,K,,FLIP_CARD+B,a3-r2,1,0.5,0.5,DEMO-o4.4.1-example
B,pilot,message_cell,all,K,,FLIP_CARD+B,a3-r3,0,0.5,-0.5,DEMO-o4.4.1-example
B,pilot,message_cell,all,K,,FLIP_CARD+B,a3-r4,1,0.5,0.5,DEMO-o4.4.1-example
B,pilot,message_cell,all,K,,FLIP_CARD+B,a4-r1,1,0.5,0.5,DEMO-o4.4.1-example
B,pilot,message_cell,all,K,,FLIP_CARD+B,a4-r2,0,0.5,-0.5,DEMO-o4.4.1-example
B,pilot,message_cell,all,K,,FLIP_CARD+B,a4-r3,1,0.5,0.5,DEMO-o4.4.1-example
B,pilot,message_cell,all,K,,FLIP_CARD+B,a4-r4,0,0.5,-0.5,DEMO-o4.4.1-example
B,pilot,message_cell,all,K,,FLIP_CARD+C,a1-r1,1,0.5,0.5,DEMO-o4.4.1-example
B,pilot,message_cell,all,K,,FLIP_CARD+C,a1-r2,0,0.5,-0.5,DEMO-o4.4.1-example
B,pilot,message_cell,all,K,,FLIP_CARD+C,a1-r3,1,0.5,0.5,DEMO-o4.4.1-example
B,pilot,message_cell,all,K,,FLIP_CARD+C,a1-r4,0,0.5,-0.5,DEMO-o4.4.1-example
B,pilot,message_cell,all,K,,FLIP_CARD+C,a2-r1,0,0.5,-0.5,DEMO-o4.4.1-example
B,pilot,message_cell,all,K,,FLIP_CARD+C,a2-r2,1,0.5,0.5,DEMO-o4.4.1-example
B,pilot,message_cell,all,K,,FLIP_CARD+C,a2-r3,0,0.5,-0.5,DEMO-o4.4.1-example
B,pilot,message_cell,all,K,,FLIP_CARD+C,a2-r4,1,0.5,0.5,DEMO-o4.4.1-example
B,pilot,message_cell,all,K,,FLIP_CARD+C,a3-r1,1,0.5,0.5,DEMO-o4.4.1-example
B,pilot,message_cell,all,K,,FLIP_CARD+C,a3-r2,0,0.5,-0.5,DEMO-o4.4.1-example
B,pilot,message_cell,all,K,,FLIP_CARD+C,a3-r3,1,0.5,0.5,DEMO-o4.4.1-example
B,pilot,message_cell,all,K,,FLIP_CARD+C,a3-r4,0,0.5,-0.5,DEMO-o4.4.1-example
B,pilot,message_cell,all,K,,FLIP_CARD+C,a4-r1,0,0.5,-0.5,DEMO-o4.4.1-example
B,pilot,message_cell,all,K,,FLIP_CARD+C,a4-r2,1,0.5,0.5,DEMO-o4.4.1-example
B,pilot,message_cell,all,K,,FLIP_CARD+C,a4-r3,0,0.5,-0.5,DEMO-o4.4.1-example
B,pilot,message_cell,all,K,,FLIP_CARD+C,a4-r4,1,0.5,0.5,DEMO-o4.4.1-example
B,pilot,message_cell,all,K,,FLIP_CARD+D,a1-r1,0,0.5,-0.5,DEMO-o4.4.1-example
B,pilot,message_cell,all,K,,FLIP_CARD+D,a1-r2,1,0.5,0.5,DEMO-o4.4.1-example
B,pilot,message_cell,all,K,,FLIP_CARD+D,a1-r3,0,0.5,-0.5,DEMO-o4.4.1-example
B,pilot,message_cell,all,K,,FLIP_CARD+D,a1-r4,1,0.5,0.5,DEMO-o4.4.1-example
B,pilot,message_cell,all,K,,FLIP_CARD+D,a2-r1,1,0.5,0.5,DEMO-o4.4.1-example
B,pilot,message_cell,all,K,,FLIP_CARD+D,a2-r2,0,0.5,-0.5,DEMO-o4.4.1-example
B,pilot,message_cell,all,K,,FLIP_CARD+D,a2-r3,1,0.5,0.5,DEMO-o4.4.1-example
B,pilot,message_cell,all,K,,FLIP_CARD+D,a2-r4,0,0.5,-0.5,DEMO-o4.4.1-example
B,pilot,message_cell,all,K,,FLIP_CARD+D,a3-r1,0,0.5,-0.5,DEMO-o4.4.1-example
B,pilot,message_cell,all,K,,FLIP_CARD+D,a3-r2,1,0.5,0.5,DEMO-o4.4.1-example
B,pilot,message_cell,all,K,,FLIP_CARD+D,a3-r3,0,0.5,-0.5,DEMO-o4.4.1-example
B,pilot,message_cell,all,K,,FLIP_CARD+D,a3-r4,1,0.5,0.5,DEMO-o4.4.1-example
B,pilot,message_cell,all,K,,FLIP_CARD+D,a4-r1,1,0.5,0.5,DEMO-o4.4.1-example
B,pilot,message_cell,all,K,,FLIP_CARD+D,a4-r2,0,0.5,-0.5,DEMO-o4.4.1-example
B,pilot,message_cell,all,K,,FLIP_CARD+D,a4-r3,1,0.5,0.5,DEMO-o4.4.1-example
B,pilot,message_cell,all,K,,FLIP_CARD+D,a4-r4,0,0.5,-0.5,DEMO-o4.4.1-example
B,pilot,message_cell,all,K,,ALIGN_ARROW+A,a1-r1,1,0.5,0.5,DEMO-o4.4.1-example
B,pilot,message_cell,all,K,,ALIGN_ARROW+A,a1-r2,0,0.5,-0.5,DEMO-o4.4.1-example
B,pilot,message_cell,all,K,,ALIGN_ARROW+A,a1-r3,1,0.5,0.5,DEMO-o4.4.1-example
B,pilot,message_cell,all,K,,ALIGN_ARROW+A,a1-r4,0,0.5,-0.5,DEMO-o4.4.1-example
B,pilot,message_cell,all,K,,ALIGN_ARROW+A,a2-r1,0,0.5,-0.5,DEMO-o4.4.1-example
B,pilot,message_cell,all,K,,ALIGN_ARROW+A,a2-r2,1,0.5,0.5,DEMO-o4.4.1-example
B,pilot,message_cell,all,K,,ALIGN_ARROW+A,a2-r3,0,0.5,-0.5,DEMO-o4.4.1-example
B,pilot,message_cell,all,K,,ALIGN_ARROW+A,a2-r4,1,0.5,0.5,DEMO-o4.4.1-example
B,pilot,message_cell,all,K,,ALIGN_ARROW+A,a3-r1,1,0.5,0.5,DEMO-o4.4.1-example
B,pilot,message_cell,all,K,,ALIGN_ARROW+A,a3-r2,0,0.5,-0.5,DEMO-o4.4.1-example
B,pilot,message_cell,all,K,,ALIGN_ARROW+A,a3-r3,1,0.5,0.5,DEMO-o4.4.1-example
B,pilot,message_cell,all,K,,ALIGN_ARROW+A,a3-r4,0,0.5,-0.5,DEMO-o4.4.1-example
B,pilot,message_cell,all,K,,ALIGN_ARROW+A,a4-r1,0,0.5,-0.5,DEMO-o4.4.1-example
B,pilot,message_cell,all,K,,ALIGN_ARROW+A,a4-r2,1,0.5,0.5,DEMO-o4.4.1-example
B,pilot,message_cell,all,K,,ALIGN_ARROW+A,a4-r3,0,0.5,-0.5,DEMO-o4.4.1-example
B,pilot,message_cell,all,K,,ALIGN_ARROW+A,a4-r4,1,0.5,0.5,DEMO-o4.4.1-example
B,pilot,message_cell,all,K,,ALIGN_ARROW+B,a1-r1,0,0.5,-0.5,DEMO-o4.4.1-example
B,pilot,message_cell,all,K,,ALIGN_ARROW+B,a1-r2,1,0.5,0.5,DEMO-o4.4.1-example
B,pilot,message_cell,all,K,,ALIGN_ARROW+B,a1-r3,0,0.5,-0.5,DEMO-o4.4.1-example
B,pilot,message_cell,all,K,,ALIGN_ARROW+B,a1-r4,1,0.5,0.5,DEMO-o4.4.1-example
B,pilot,message_cell,all,K,,ALIGN_ARROW+B,a2-r1,1,0.5,0.5,DEMO-o4.4.1-example
B,pilot,message_cell,all,K,,ALIGN_ARROW+B,a2-r2,0,0.5,-0.5,DEMO-o4.4.1-example
B,pilot,message_cell,all,K,,ALIGN_ARROW+B,a2-r3,1,0.5,0.5,DEMO-o4.4.1-example
B,pilot,message_cell,all,K,,ALIGN_ARROW+B,a2-r4,0,0.5,-0.5,DEMO-o4.4.1-example
B,pilot,message_cell,all,K,,ALIGN_ARROW+B,a3-r1,0,0.5,-0.5,DEMO-o4.4.1-example
B,pilot,message_cell,all,K,,ALIGN_ARROW+B,a3-r2,1,0.5,0.5,DEMO-o4.4.1-example
B,pilot,message_cell,all,K,,ALIGN_ARROW+B,a3-r3,0,0.5,-0.5,DEMO-o4.4.1-example
B,pilot,message_cell,all,K,,ALIGN_ARROW+B,a3-r4,1,0.5,0.5,DEMO-o4.4.1-example
B,pilot,message_cell,all,K,,ALIGN_ARROW+B,a4-r1,1,0.5,0.5,DEMO-o4.4.1-example
B,pilot,message_cell,all,K,,ALIGN_ARROW+B,a4-r2,0,0.5,-0.5,DEMO-o4.4.1-example
B,pilot,message_cell,all,K,,ALIGN_ARROW+B,a4-r3,1,0.5,0.5,DEMO-o4.4.1-example
B,pilot,message_cell,all,K,,ALIGN_ARROW+B,a4-r4,0,0.5,-0.5,DEMO-o4.4.1-example
B,pilot,message_cell,all,K,,ALIGN_ARROW+C,a1-r1,1,0.5,0.5,DEMO-o4.4.1-example
B,pilot,message_cell,all,K,,ALIGN_ARROW+C,a1-r2,0,0.5,-0.5,DEMO-o4.4.1-example
B,pilot,message_cell,all,K,,ALIGN_ARROW+C,a1-r3,1,0.5,0.5,DEMO-o4.4.1-example
B,pilot,message_cell,all,K,,ALIGN_ARROW+C,a1-r4,0,0.5,-0.5,DEMO-o4.4.1-example
B,pilot,message_cell,all,K,,ALIGN_ARROW+C,a2-r1,0,0.5,-0.5,DEMO-o4.4.1-example
B,pilot,message_cell,all,K,,ALIGN_ARROW+C,a2-r2,1,0.5,0.5,DEMO-o4.4.1-example
B,pilot,message_cell,all,K,,ALIGN_ARROW+C,a2-r3,0,0.5,-0.5,DEMO-o4.4.1-example
B,pilot,message_cell,all,K,,ALIGN_ARROW+C,a2-r4,1,0.5,0.5,DEMO-o4.4.1-example
B,pilot,message_cell,all,K,,ALIGN_ARROW+C,a3-r1,1,0.5,0.5,DEMO-o4.4.1-example
B,pilot,message_cell,all,K,,ALIGN_ARROW+C,a3-r2,0,0.5,-0.5,DEMO-o4.4.1-example
B,pilot,message_cell,all,K,,ALIGN_ARROW+C,a3-r3,1,0.5,0.5,DEMO-o4.4.1-example
B,pilot,message_cell,all,K,,ALIGN_ARROW+C,a3-r4,0,0.5,-0.5,DEMO-o4.4.1-example
B,pilot,message_cell,all,K,,ALIGN_ARROW+C,a4-r1,0,0.5,-0.5,DEMO-o4.4.1-example
B,pilot,message_cell,all,K,,ALIGN_ARROW+C,a4-r2,1,0.5,0.5,DEMO-o4.4.1-example
B,pilot,message_cell,all,K,,ALIGN_ARROW+C,a4-r3,0,0.5,-0.5,DEMO-o4.4.1-example
B,pilot,message_cell,all,K,,ALIGN_ARROW+C,a4-r4,1,0.5,0.5,DEMO-o4.4.1-example
B,pilot,message_cell,all,K,,ALIGN_ARROW+D,a1-r1,0,0.5,-0.5,DEMO-o4.4.1-example
B,pilot,message_cell,all,K,,ALIGN_ARROW+D,a1-r2,1,0.5,0.5,DEMO-o4.4.1-example
B,pilot,message_cell,all,K,,ALIGN_ARROW+D,a1-r3,0,0.5,-0.5,DEMO-o4.4.1-example
B,pilot,message_cell,all,K,,ALIGN_ARROW+D,a1-r4,1,0.5,0.5,DEMO-o4.4.1-example
B,pilot,message_cell,all,K,,ALIGN_ARROW+D,a2-r1,1,0.5,0.5,DEMO-o4.4.1-example
B,pilot,message_cell,all,K,,ALIGN_ARROW+D,a2-r2,0,0.5,-0.5,DEMO-o4.4.1-example
B,pilot,message_cell,all,K,,ALIGN_ARROW+D,a2-r3,1,0.5,0.5,DEMO-o4.4.1-example
B,pilot,message_cell,all,K,,ALIGN_ARROW+D,a2-r4,0,0.5,-0.5,DEMO-o4.4.1-example
B,pilot,message_cell,all,K,,ALIGN_ARROW+D,a3-r1,0,0.5,-0.5,DEMO-o4.4.1-example
B,pilot,message_cell,all,K,,ALIGN_ARROW+D,a3-r2,1,0.5,0.5,DEMO-o4.4.1-example
B,pilot,message_cell,all,K,,ALIGN_ARROW+D,a3-r3,0,0.5,-0.5,DEMO-o4.4.1-example
B,pilot,message_cell,all,K,,ALIGN_ARROW+D,a3-r4,1,0.5,0.5,DEMO-o4.4.1-example
B,pilot,message_cell,all,K,,ALIGN_ARROW+D,a4-r1,1,0.5,0.5,DEMO-o4.4.1-example
B,pilot,message_cell,all,K,,ALIGN_ARROW+D,a4-r2,0,0.5,-0.5,DEMO-o4.4.1-example
B,pilot,message_cell,all,K,,ALIGN_ARROW+D,a4-r3,1,0.5,0.5,DEMO-o4.4.1-example
B,pilot,message_cell,all,K,,ALIGN_ARROW+D,a4-r4,0,0.5,-0.5,DEMO-o4.4.1-example
B,pilot,message_heldout,all,K,,ADD_ONE+A,,6,3.5,2.5,DEMO-o4.4.1-example
B,pilot,message_heldout,all,K,,ADD_ONE+B,,1,3.5,-2.5,DEMO-o4.4.1-example
B,pilot,message_heldout,all,K,,ADD_ONE+C,,6,3.5,2.5,DEMO-o4.4.1-example
B,pilot,message_heldout,all,K,,ADD_ONE+D,,1,3.5,-2.5,DEMO-o4.4.1-example
B,pilot,message_heldout,all,K,,REMOVE_ONE+A,,6,3.5,2.5,DEMO-o4.4.1-example
B,pilot,message_heldout,all,K,,REMOVE_ONE+B,,1,3.5,-2.5,DEMO-o4.4.1-example
B,pilot,message_heldout,all,K,,REMOVE_ONE+C,,6,3.5,2.5,DEMO-o4.4.1-example
B,pilot,message_heldout,all,K,,REMOVE_ONE+D,,1,3.5,-2.5,DEMO-o4.4.1-example
B,pilot,message_heldout,all,K,,FLIP_CARD+A,,1,3.5,-2.5,DEMO-o4.4.1-example
B,pilot,message_heldout,all,K,,FLIP_CARD+B,,6,3.5,2.5,DEMO-o4.4.1-example
B,pilot,message_heldout,all,K,,FLIP_CARD+C,,1,3.5,-2.5,DEMO-o4.4.1-example
B,pilot,message_heldout,all,K,,FLIP_CARD+D,,6,3.5,2.5,DEMO-o4.4.1-example
B,pilot,message_heldout,all,K,,ALIGN_ARROW+A,,1,3.5,-2.5,DEMO-o4.4.1-example
B,pilot,message_heldout,all,K,,ALIGN_ARROW+B,,6,3.5,2.5,DEMO-o4.4.1-example
B,pilot,message_heldout,all,K,,ALIGN_ARROW+C,,1,3.5,-2.5,DEMO-o4.4.1-example
B,pilot,message_heldout,all,K,,ALIGN_ARROW+D,,6,3.5,2.5,DEMO-o4.4.1-example
B,pilot,message_novel,all,K,,ADD_ONE+A,V1,1,0.5,0.5,DEMO-o4.4.1-example
B,pilot,message_novel,all,K,,ADD_ONE+A,V2,1,0.5,0.5,DEMO-o4.4.1-example
B,pilot,message_novel,all,K,,ADD_ONE+A,V3,1,0.5,0.5,DEMO-o4.4.1-example
B,pilot,message_novel,all,K,,ADD_ONE+A,W1,2,1,1,DEMO-o4.4.1-example
B,pilot,message_novel,all,K,,ADD_ONE+A,W4,1,1,0,DEMO-o4.4.1-example
B,pilot,message_novel,all,K,,ADD_ONE+B,V1,0,0.5,-0.5,DEMO-o4.4.1-example
B,pilot,message_novel,all,K,,ADD_ONE+B,V2,0,0.5,-0.5,DEMO-o4.4.1-example
B,pilot,message_novel,all,K,,ADD_ONE+B,V3,0,0.5,-0.5,DEMO-o4.4.1-example
B,pilot,message_novel,all,K,,ADD_ONE+B,W1,1,1,0,DEMO-o4.4.1-example
B,pilot,message_novel,all,K,,ADD_ONE+B,W4,0,1,-1,DEMO-o4.4.1-example
B,pilot,message_novel,all,K,,ADD_ONE+C,V1,1,0.5,0.5,DEMO-o4.4.1-example
B,pilot,message_novel,all,K,,ADD_ONE+C,V2,1,0.5,0.5,DEMO-o4.4.1-example
B,pilot,message_novel,all,K,,ADD_ONE+C,V3,1,0.5,0.5,DEMO-o4.4.1-example
B,pilot,message_novel,all,K,,ADD_ONE+C,W1,1,1,0,DEMO-o4.4.1-example
B,pilot,message_novel,all,K,,ADD_ONE+C,W4,2,1,1,DEMO-o4.4.1-example
B,pilot,message_novel,all,K,,ADD_ONE+D,V1,0,0.5,-0.5,DEMO-o4.4.1-example
B,pilot,message_novel,all,K,,ADD_ONE+D,V2,0,0.5,-0.5,DEMO-o4.4.1-example
B,pilot,message_novel,all,K,,ADD_ONE+D,V3,0,0.5,-0.5,DEMO-o4.4.1-example
B,pilot,message_novel,all,K,,ADD_ONE+D,W1,0,1,-1,DEMO-o4.4.1-example
B,pilot,message_novel,all,K,,ADD_ONE+D,W4,1,1,0,DEMO-o4.4.1-example
B,pilot,message_novel,all,K,,REMOVE_ONE+A,V1,1,0.5,0.5,DEMO-o4.4.1-example
B,pilot,message_novel,all,K,,REMOVE_ONE+A,V2,1,0.5,0.5,DEMO-o4.4.1-example
B,pilot,message_novel,all,K,,REMOVE_ONE+A,V3,1,0.5,0.5,DEMO-o4.4.1-example
B,pilot,message_novel,all,K,,REMOVE_ONE+A,W1,2,1,1,DEMO-o4.4.1-example
B,pilot,message_novel,all,K,,REMOVE_ONE+A,W4,1,1,0,DEMO-o4.4.1-example
B,pilot,message_novel,all,K,,REMOVE_ONE+B,V1,0,0.5,-0.5,DEMO-o4.4.1-example
B,pilot,message_novel,all,K,,REMOVE_ONE+B,V2,0,0.5,-0.5,DEMO-o4.4.1-example
B,pilot,message_novel,all,K,,REMOVE_ONE+B,V3,0,0.5,-0.5,DEMO-o4.4.1-example
B,pilot,message_novel,all,K,,REMOVE_ONE+B,W1,1,1,0,DEMO-o4.4.1-example
B,pilot,message_novel,all,K,,REMOVE_ONE+B,W4,0,1,-1,DEMO-o4.4.1-example
B,pilot,message_novel,all,K,,REMOVE_ONE+C,V1,1,0.5,0.5,DEMO-o4.4.1-example
B,pilot,message_novel,all,K,,REMOVE_ONE+C,V2,1,0.5,0.5,DEMO-o4.4.1-example
B,pilot,message_novel,all,K,,REMOVE_ONE+C,V3,1,0.5,0.5,DEMO-o4.4.1-example
B,pilot,message_novel,all,K,,REMOVE_ONE+C,W1,1,1,0,DEMO-o4.4.1-example
B,pilot,message_novel,all,K,,REMOVE_ONE+C,W4,2,1,1,DEMO-o4.4.1-example
B,pilot,message_novel,all,K,,REMOVE_ONE+D,V1,0,0.5,-0.5,DEMO-o4.4.1-example
B,pilot,message_novel,all,K,,REMOVE_ONE+D,V2,0,0.5,-0.5,DEMO-o4.4.1-example
B,pilot,message_novel,all,K,,REMOVE_ONE+D,V3,0,0.5,-0.5,DEMO-o4.4.1-example
B,pilot,message_novel,all,K,,REMOVE_ONE+D,W1,0,1,-1,DEMO-o4.4.1-example
B,pilot,message_novel,all,K,,REMOVE_ONE+D,W4,1,1,0,DEMO-o4.4.1-example
B,pilot,message_novel,all,K,,FLIP_CARD+A,V1,0,0.5,-0.5,DEMO-o4.4.1-example
B,pilot,message_novel,all,K,,FLIP_CARD+A,V2,0,0.5,-0.5,DEMO-o4.4.1-example
B,pilot,message_novel,all,K,,FLIP_CARD+A,V3,0,0.5,-0.5,DEMO-o4.4.1-example
B,pilot,message_novel,all,K,,FLIP_CARD+A,W1,1,1,0,DEMO-o4.4.1-example
B,pilot,message_novel,all,K,,FLIP_CARD+A,W4,0,1,-1,DEMO-o4.4.1-example
B,pilot,message_novel,all,K,,FLIP_CARD+B,V1,1,0.5,0.5,DEMO-o4.4.1-example
B,pilot,message_novel,all,K,,FLIP_CARD+B,V2,1,0.5,0.5,DEMO-o4.4.1-example
B,pilot,message_novel,all,K,,FLIP_CARD+B,V3,1,0.5,0.5,DEMO-o4.4.1-example
B,pilot,message_novel,all,K,,FLIP_CARD+B,W1,2,1,1,DEMO-o4.4.1-example
B,pilot,message_novel,all,K,,FLIP_CARD+B,W4,1,1,0,DEMO-o4.4.1-example
B,pilot,message_novel,all,K,,FLIP_CARD+C,V1,0,0.5,-0.5,DEMO-o4.4.1-example
B,pilot,message_novel,all,K,,FLIP_CARD+C,V2,0,0.5,-0.5,DEMO-o4.4.1-example
B,pilot,message_novel,all,K,,FLIP_CARD+C,V3,0,0.5,-0.5,DEMO-o4.4.1-example
B,pilot,message_novel,all,K,,FLIP_CARD+C,W1,0,1,-1,DEMO-o4.4.1-example
B,pilot,message_novel,all,K,,FLIP_CARD+C,W4,1,1,0,DEMO-o4.4.1-example
B,pilot,message_novel,all,K,,FLIP_CARD+D,V1,1,0.5,0.5,DEMO-o4.4.1-example
B,pilot,message_novel,all,K,,FLIP_CARD+D,V2,1,0.5,0.5,DEMO-o4.4.1-example
B,pilot,message_novel,all,K,,FLIP_CARD+D,V3,1,0.5,0.5,DEMO-o4.4.1-example
B,pilot,message_novel,all,K,,FLIP_CARD+D,W1,1,1,0,DEMO-o4.4.1-example
B,pilot,message_novel,all,K,,FLIP_CARD+D,W4,2,1,1,DEMO-o4.4.1-example
B,pilot,message_novel,all,K,,ALIGN_ARROW+A,V1,0,0.5,-0.5,DEMO-o4.4.1-example
B,pilot,message_novel,all,K,,ALIGN_ARROW+A,V2,0,0.5,-0.5,DEMO-o4.4.1-example
B,pilot,message_novel,all,K,,ALIGN_ARROW+A,V3,0,0.5,-0.5,DEMO-o4.4.1-example
B,pilot,message_novel,all,K,,ALIGN_ARROW+A,W1,1,1,0,DEMO-o4.4.1-example
B,pilot,message_novel,all,K,,ALIGN_ARROW+A,W4,0,1,-1,DEMO-o4.4.1-example
B,pilot,message_novel,all,K,,ALIGN_ARROW+B,V1,1,0.5,0.5,DEMO-o4.4.1-example
B,pilot,message_novel,all,K,,ALIGN_ARROW+B,V2,1,0.5,0.5,DEMO-o4.4.1-example
B,pilot,message_novel,all,K,,ALIGN_ARROW+B,V3,1,0.5,0.5,DEMO-o4.4.1-example
B,pilot,message_novel,all,K,,ALIGN_ARROW+B,W1,2,1,1,DEMO-o4.4.1-example
B,pilot,message_novel,all,K,,ALIGN_ARROW+B,W4,1,1,0,DEMO-o4.4.1-example
B,pilot,message_novel,all,K,,ALIGN_ARROW+C,V1,0,0.5,-0.5,DEMO-o4.4.1-example
B,pilot,message_novel,all,K,,ALIGN_ARROW+C,V2,0,0.5,-0.5,DEMO-o4.4.1-example
B,pilot,message_novel,all,K,,ALIGN_ARROW+C,V3,0,0.5,-0.5,DEMO-o4.4.1-example
B,pilot,message_novel,all,K,,ALIGN_ARROW+C,W1,0,1,-1,DEMO-o4.4.1-example
B,pilot,message_novel,all,K,,ALIGN_ARROW+C,W4,1,1,0,DEMO-o4.4.1-example
B,pilot,message_novel,all,K,,ALIGN_ARROW+D,V1,1,0.5,0.5,DEMO-o4.4.1-example
B,pilot,message_novel,all,K,,ALIGN_ARROW+D,V2,1,0.5,0.5,DEMO-o4.4.1-example
B,pilot,message_novel,all,K,,ALIGN_ARROW+D,V3,1,0.5,0.5,DEMO-o4.4.1-example
B,pilot,message_novel,all,K,,ALIGN_ARROW+D,W1,1,1,0,DEMO-o4.4.1-example
B,pilot,message_novel,all,K,,ALIGN_ARROW+D,W4,2,1,1,DEMO-o4.4.1-example
B,pilot,message_cell,all,Q,,SCAN+E,a1-r1,1,0.5,0.5,DEMO-o4.4.1-example
B,pilot,message_cell,all,Q,,SCAN+E,a1-r2,0,0.5,-0.5,DEMO-o4.4.1-example
B,pilot,message_cell,all,Q,,SCAN+E,a1-r3,1,0.5,0.5,DEMO-o4.4.1-example
B,pilot,message_cell,all,Q,,SCAN+E,a1-r4,0,0.5,-0.5,DEMO-o4.4.1-example
B,pilot,message_cell,all,Q,,SCAN+E,a2-r1,0,0.5,-0.5,DEMO-o4.4.1-example
B,pilot,message_cell,all,Q,,SCAN+E,a2-r2,1,0.5,0.5,DEMO-o4.4.1-example
B,pilot,message_cell,all,Q,,SCAN+E,a2-r3,0,0.5,-0.5,DEMO-o4.4.1-example
B,pilot,message_cell,all,Q,,SCAN+E,a2-r4,1,0.5,0.5,DEMO-o4.4.1-example
B,pilot,message_cell,all,Q,,SCAN+E,a3-r1,1,0.5,0.5,DEMO-o4.4.1-example
B,pilot,message_cell,all,Q,,SCAN+E,a3-r2,0,0.5,-0.5,DEMO-o4.4.1-example
B,pilot,message_cell,all,Q,,SCAN+E,a3-r3,1,0.5,0.5,DEMO-o4.4.1-example
B,pilot,message_cell,all,Q,,SCAN+E,a3-r4,0,0.5,-0.5,DEMO-o4.4.1-example
B,pilot,message_cell,all,Q,,SCAN+E,a4-r1,0,0.5,-0.5,DEMO-o4.4.1-example
B,pilot,message_cell,all,Q,,SCAN+E,a4-r2,1,0.5,0.5,DEMO-o4.4.1-example
B,pilot,message_cell,all,Q,,SCAN+E,a4-r3,0,0.5,-0.5,DEMO-o4.4.1-example
B,pilot,message_cell,all,Q,,SCAN+E,a4-r4,1,0.5,0.5,DEMO-o4.4.1-example
B,pilot,message_cell,all,Q,,SCAN+F,a1-r1,0,0.5,-0.5,DEMO-o4.4.1-example
B,pilot,message_cell,all,Q,,SCAN+F,a1-r2,1,0.5,0.5,DEMO-o4.4.1-example
B,pilot,message_cell,all,Q,,SCAN+F,a1-r3,0,0.5,-0.5,DEMO-o4.4.1-example
B,pilot,message_cell,all,Q,,SCAN+F,a1-r4,1,0.5,0.5,DEMO-o4.4.1-example
B,pilot,message_cell,all,Q,,SCAN+F,a2-r1,1,0.5,0.5,DEMO-o4.4.1-example
B,pilot,message_cell,all,Q,,SCAN+F,a2-r2,0,0.5,-0.5,DEMO-o4.4.1-example
B,pilot,message_cell,all,Q,,SCAN+F,a2-r3,1,0.5,0.5,DEMO-o4.4.1-example
B,pilot,message_cell,all,Q,,SCAN+F,a2-r4,0,0.5,-0.5,DEMO-o4.4.1-example
B,pilot,message_cell,all,Q,,SCAN+F,a3-r1,0,0.5,-0.5,DEMO-o4.4.1-example
B,pilot,message_cell,all,Q,,SCAN+F,a3-r2,1,0.5,0.5,DEMO-o4.4.1-example
B,pilot,message_cell,all,Q,,SCAN+F,a3-r3,0,0.5,-0.5,DEMO-o4.4.1-example
B,pilot,message_cell,all,Q,,SCAN+F,a3-r4,1,0.5,0.5,DEMO-o4.4.1-example
B,pilot,message_cell,all,Q,,SCAN+F,a4-r1,1,0.5,0.5,DEMO-o4.4.1-example
B,pilot,message_cell,all,Q,,SCAN+F,a4-r2,0,0.5,-0.5,DEMO-o4.4.1-example
B,pilot,message_cell,all,Q,,SCAN+F,a4-r3,1,0.5,0.5,DEMO-o4.4.1-example
B,pilot,message_cell,all,Q,,SCAN+F,a4-r4,0,0.5,-0.5,DEMO-o4.4.1-example
B,pilot,message_cell,all,Q,,SCAN+G,a1-r1,0,0.5,-0.5,DEMO-o4.4.1-example
B,pilot,message_cell,all,Q,,SCAN+G,a1-r2,1,0.5,0.5,DEMO-o4.4.1-example
B,pilot,message_cell,all,Q,,SCAN+G,a1-r3,0,0.5,-0.5,DEMO-o4.4.1-example
B,pilot,message_cell,all,Q,,SCAN+G,a1-r4,1,0.5,0.5,DEMO-o4.4.1-example
B,pilot,message_cell,all,Q,,SCAN+G,a2-r1,1,0.5,0.5,DEMO-o4.4.1-example
B,pilot,message_cell,all,Q,,SCAN+G,a2-r2,0,0.5,-0.5,DEMO-o4.4.1-example
B,pilot,message_cell,all,Q,,SCAN+G,a2-r3,1,0.5,0.5,DEMO-o4.4.1-example
B,pilot,message_cell,all,Q,,SCAN+G,a2-r4,0,0.5,-0.5,DEMO-o4.4.1-example
B,pilot,message_cell,all,Q,,SCAN+G,a3-r1,0,0.5,-0.5,DEMO-o4.4.1-example
B,pilot,message_cell,all,Q,,SCAN+G,a3-r2,1,0.5,0.5,DEMO-o4.4.1-example
B,pilot,message_cell,all,Q,,SCAN+G,a3-r3,0,0.5,-0.5,DEMO-o4.4.1-example
B,pilot,message_cell,all,Q,,SCAN+G,a3-r4,1,0.5,0.5,DEMO-o4.4.1-example
B,pilot,message_cell,all,Q,,SCAN+G,a4-r1,1,0.5,0.5,DEMO-o4.4.1-example
B,pilot,message_cell,all,Q,,SCAN+G,a4-r2,0,0.5,-0.5,DEMO-o4.4.1-example
B,pilot,message_cell,all,Q,,SCAN+G,a4-r3,1,0.5,0.5,DEMO-o4.4.1-example
B,pilot,message_cell,all,Q,,SCAN+G,a4-r4,0,0.5,-0.5,DEMO-o4.4.1-example
B,pilot,message_cell,all,Q,,SCAN+H,a1-r1,1,0.5,0.5,DEMO-o4.4.1-example
B,pilot,message_cell,all,Q,,SCAN+H,a1-r2,0,0.5,-0.5,DEMO-o4.4.1-example
B,pilot,message_cell,all,Q,,SCAN+H,a1-r3,1,0.5,0.5,DEMO-o4.4.1-example
B,pilot,message_cell,all,Q,,SCAN+H,a1-r4,0,0.5,-0.5,DEMO-o4.4.1-example
B,pilot,message_cell,all,Q,,SCAN+H,a2-r1,0,0.5,-0.5,DEMO-o4.4.1-example
B,pilot,message_cell,all,Q,,SCAN+H,a2-r2,1,0.5,0.5,DEMO-o4.4.1-example
B,pilot,message_cell,all,Q,,SCAN+H,a2-r3,0,0.5,-0.5,DEMO-o4.4.1-example
B,pilot,message_cell,all,Q,,SCAN+H,a2-r4,1,0.5,0.5,DEMO-o4.4.1-example
B,pilot,message_cell,all,Q,,SCAN+H,a3-r1,1,0.5,0.5,DEMO-o4.4.1-example
B,pilot,message_cell,all,Q,,SCAN+H,a3-r2,0,0.5,-0.5,DEMO-o4.4.1-example
B,pilot,message_cell,all,Q,,SCAN+H,a3-r3,1,0.5,0.5,DEMO-o4.4.1-example
B,pilot,message_cell,all,Q,,SCAN+H,a3-r4,0,0.5,-0.5,DEMO-o4.4.1-example
B,pilot,message_cell,all,Q,,SCAN+H,a4-r1,0,0.5,-0.5,DEMO-o4.4.1-example
B,pilot,message_cell,all,Q,,SCAN+H,a4-r2,1,0.5,0.5,DEMO-o4.4.1-example
B,pilot,message_cell,all,Q,,SCAN+H,a4-r3,0,0.5,-0.5,DEMO-o4.4.1-example
B,pilot,message_cell,all,Q,,SCAN+H,a4-r4,1,0.5,0.5,DEMO-o4.4.1-example
B,pilot,message_cell,all,Q,,TAG+E,a1-r1,0,0.5,-0.5,DEMO-o4.4.1-example
B,pilot,message_cell,all,Q,,TAG+E,a1-r2,1,0.5,0.5,DEMO-o4.4.1-example
B,pilot,message_cell,all,Q,,TAG+E,a1-r3,0,0.5,-0.5,DEMO-o4.4.1-example
B,pilot,message_cell,all,Q,,TAG+E,a1-r4,1,0.5,0.5,DEMO-o4.4.1-example
B,pilot,message_cell,all,Q,,TAG+E,a2-r1,1,0.5,0.5,DEMO-o4.4.1-example
B,pilot,message_cell,all,Q,,TAG+E,a2-r2,0,0.5,-0.5,DEMO-o4.4.1-example
B,pilot,message_cell,all,Q,,TAG+E,a2-r3,1,0.5,0.5,DEMO-o4.4.1-example
B,pilot,message_cell,all,Q,,TAG+E,a2-r4,0,0.5,-0.5,DEMO-o4.4.1-example
B,pilot,message_cell,all,Q,,TAG+E,a3-r1,0,0.5,-0.5,DEMO-o4.4.1-example
B,pilot,message_cell,all,Q,,TAG+E,a3-r2,1,0.5,0.5,DEMO-o4.4.1-example
B,pilot,message_cell,all,Q,,TAG+E,a3-r3,0,0.5,-0.5,DEMO-o4.4.1-example
B,pilot,message_cell,all,Q,,TAG+E,a3-r4,1,0.5,0.5,DEMO-o4.4.1-example
B,pilot,message_cell,all,Q,,TAG+E,a4-r1,1,0.5,0.5,DEMO-o4.4.1-example
B,pilot,message_cell,all,Q,,TAG+E,a4-r2,0,0.5,-0.5,DEMO-o4.4.1-example
B,pilot,message_cell,all,Q,,TAG+E,a4-r3,1,0.5,0.5,DEMO-o4.4.1-example
B,pilot,message_cell,all,Q,,TAG+E,a4-r4,0,0.5,-0.5,DEMO-o4.4.1-example
B,pilot,message_cell,all,Q,,TAG+F,a1-r1,1,0.5,0.5,DEMO-o4.4.1-example
B,pilot,message_cell,all,Q,,TAG+F,a1-r2,0,0.5,-0.5,DEMO-o4.4.1-example
B,pilot,message_cell,all,Q,,TAG+F,a1-r3,1,0.5,0.5,DEMO-o4.4.1-example
B,pilot,message_cell,all,Q,,TAG+F,a1-r4,0,0.5,-0.5,DEMO-o4.4.1-example
B,pilot,message_cell,all,Q,,TAG+F,a2-r1,0,0.5,-0.5,DEMO-o4.4.1-example
B,pilot,message_cell,all,Q,,TAG+F,a2-r2,1,0.5,0.5,DEMO-o4.4.1-example
B,pilot,message_cell,all,Q,,TAG+F,a2-r3,0,0.5,-0.5,DEMO-o4.4.1-example
B,pilot,message_cell,all,Q,,TAG+F,a2-r4,1,0.5,0.5,DEMO-o4.4.1-example
B,pilot,message_cell,all,Q,,TAG+F,a3-r1,1,0.5,0.5,DEMO-o4.4.1-example
B,pilot,message_cell,all,Q,,TAG+F,a3-r2,0,0.5,-0.5,DEMO-o4.4.1-example
B,pilot,message_cell,all,Q,,TAG+F,a3-r3,1,0.5,0.5,DEMO-o4.4.1-example
B,pilot,message_cell,all,Q,,TAG+F,a3-r4,0,0.5,-0.5,DEMO-o4.4.1-example
B,pilot,message_cell,all,Q,,TAG+F,a4-r1,0,0.5,-0.5,DEMO-o4.4.1-example
B,pilot,message_cell,all,Q,,TAG+F,a4-r2,1,0.5,0.5,DEMO-o4.4.1-example
B,pilot,message_cell,all,Q,,TAG+F,a4-r3,0,0.5,-0.5,DEMO-o4.4.1-example
B,pilot,message_cell,all,Q,,TAG+F,a4-r4,1,0.5,0.5,DEMO-o4.4.1-example
B,pilot,message_cell,all,Q,,TAG+G,a1-r1,1,0.5,0.5,DEMO-o4.4.1-example
B,pilot,message_cell,all,Q,,TAG+G,a1-r2,0,0.5,-0.5,DEMO-o4.4.1-example
B,pilot,message_cell,all,Q,,TAG+G,a1-r3,1,0.5,0.5,DEMO-o4.4.1-example
B,pilot,message_cell,all,Q,,TAG+G,a1-r4,0,0.5,-0.5,DEMO-o4.4.1-example
B,pilot,message_cell,all,Q,,TAG+G,a2-r1,0,0.5,-0.5,DEMO-o4.4.1-example
B,pilot,message_cell,all,Q,,TAG+G,a2-r2,1,0.5,0.5,DEMO-o4.4.1-example
B,pilot,message_cell,all,Q,,TAG+G,a2-r3,0,0.5,-0.5,DEMO-o4.4.1-example
B,pilot,message_cell,all,Q,,TAG+G,a2-r4,1,0.5,0.5,DEMO-o4.4.1-example
B,pilot,message_cell,all,Q,,TAG+G,a3-r1,1,0.5,0.5,DEMO-o4.4.1-example
B,pilot,message_cell,all,Q,,TAG+G,a3-r2,0,0.5,-0.5,DEMO-o4.4.1-example
B,pilot,message_cell,all,Q,,TAG+G,a3-r3,1,0.5,0.5,DEMO-o4.4.1-example
B,pilot,message_cell,all,Q,,TAG+G,a3-r4,0,0.5,-0.5,DEMO-o4.4.1-example
B,pilot,message_cell,all,Q,,TAG+G,a4-r1,0,0.5,-0.5,DEMO-o4.4.1-example
B,pilot,message_cell,all,Q,,TAG+G,a4-r2,1,0.5,0.5,DEMO-o4.4.1-example
B,pilot,message_cell,all,Q,,TAG+G,a4-r3,0,0.5,-0.5,DEMO-o4.4.1-example
B,pilot,message_cell,all,Q,,TAG+G,a4-r4,1,0.5,0.5,DEMO-o4.4.1-example
B,pilot,message_cell,all,Q,,TAG+H,a1-r1,0,0.5,-0.5,DEMO-o4.4.1-example
B,pilot,message_cell,all,Q,,TAG+H,a1-r2,1,0.5,0.5,DEMO-o4.4.1-example
B,pilot,message_cell,all,Q,,TAG+H,a1-r3,0,0.5,-0.5,DEMO-o4.4.1-example
B,pilot,message_cell,all,Q,,TAG+H,a1-r4,1,0.5,0.5,DEMO-o4.4.1-example
B,pilot,message_cell,all,Q,,TAG+H,a2-r1,1,0.5,0.5,DEMO-o4.4.1-example
B,pilot,message_cell,all,Q,,TAG+H,a2-r2,0,0.5,-0.5,DEMO-o4.4.1-example
B,pilot,message_cell,all,Q,,TAG+H,a2-r3,1,0.5,0.5,DEMO-o4.4.1-example
B,pilot,message_cell,all,Q,,TAG+H,a2-r4,0,0.5,-0.5,DEMO-o4.4.1-example
B,pilot,message_cell,all,Q,,TAG+H,a3-r1,0,0.5,-0.5,DEMO-o4.4.1-example
B,pilot,message_cell,all,Q,,TAG+H,a3-r2,1,0.5,0.5,DEMO-o4.4.1-example
B,pilot,message_cell,all,Q,,TAG+H,a3-r3,0,0.5,-0.5,DEMO-o4.4.1-example
B,pilot,message_cell,all,Q,,TAG+H,a3-r4,1,0.5,0.5,DEMO-o4.4.1-example
B,pilot,message_cell,all,Q,,TAG+H,a4-r1,1,0.5,0.5,DEMO-o4.4.1-example
B,pilot,message_cell,all,Q,,TAG+H,a4-r2,0,0.5,-0.5,DEMO-o4.4.1-example
B,pilot,message_cell,all,Q,,TAG+H,a4-r3,1,0.5,0.5,DEMO-o4.4.1-example
B,pilot,message_cell,all,Q,,TAG+H,a4-r4,0,0.5,-0.5,DEMO-o4.4.1-example
B,pilot,message_cell,all,Q,,CLOSE+E,a1-r1,0,0.5,-0.5,DEMO-o4.4.1-example
B,pilot,message_cell,all,Q,,CLOSE+E,a1-r2,1,0.5,0.5,DEMO-o4.4.1-example
B,pilot,message_cell,all,Q,,CLOSE+E,a1-r3,0,0.5,-0.5,DEMO-o4.4.1-example
B,pilot,message_cell,all,Q,,CLOSE+E,a1-r4,1,0.5,0.5,DEMO-o4.4.1-example
B,pilot,message_cell,all,Q,,CLOSE+E,a2-r1,1,0.5,0.5,DEMO-o4.4.1-example
B,pilot,message_cell,all,Q,,CLOSE+E,a2-r2,0,0.5,-0.5,DEMO-o4.4.1-example
B,pilot,message_cell,all,Q,,CLOSE+E,a2-r3,1,0.5,0.5,DEMO-o4.4.1-example
B,pilot,message_cell,all,Q,,CLOSE+E,a2-r4,0,0.5,-0.5,DEMO-o4.4.1-example
B,pilot,message_cell,all,Q,,CLOSE+E,a3-r1,0,0.5,-0.5,DEMO-o4.4.1-example
B,pilot,message_cell,all,Q,,CLOSE+E,a3-r2,1,0.5,0.5,DEMO-o4.4.1-example
B,pilot,message_cell,all,Q,,CLOSE+E,a3-r3,0,0.5,-0.5,DEMO-o4.4.1-example
B,pilot,message_cell,all,Q,,CLOSE+E,a3-r4,1,0.5,0.5,DEMO-o4.4.1-example
B,pilot,message_cell,all,Q,,CLOSE+E,a4-r1,1,0.5,0.5,DEMO-o4.4.1-example
B,pilot,message_cell,all,Q,,CLOSE+E,a4-r2,0,0.5,-0.5,DEMO-o4.4.1-example
B,pilot,message_cell,all,Q,,CLOSE+E,a4-r3,1,0.5,0.5,DEMO-o4.4.1-example
B,pilot,message_cell,all,Q,,CLOSE+E,a4-r4,0,0.5,-0.5,DEMO-o4.4.1-example
B,pilot,message_cell,all,Q,,CLOSE+F,a1-r1,1,0.5,0.5,DEMO-o4.4.1-example
B,pilot,message_cell,all,Q,,CLOSE+F,a1-r2,0,0.5,-0.5,DEMO-o4.4.1-example
B,pilot,message_cell,all,Q,,CLOSE+F,a1-r3,1,0.5,0.5,DEMO-o4.4.1-example
B,pilot,message_cell,all,Q,,CLOSE+F,a1-r4,0,0.5,-0.5,DEMO-o4.4.1-example
B,pilot,message_cell,all,Q,,CLOSE+F,a2-r1,0,0.5,-0.5,DEMO-o4.4.1-example
B,pilot,message_cell,all,Q,,CLOSE+F,a2-r2,1,0.5,0.5,DEMO-o4.4.1-example
B,pilot,message_cell,all,Q,,CLOSE+F,a2-r3,0,0.5,-0.5,DEMO-o4.4.1-example
B,pilot,message_cell,all,Q,,CLOSE+F,a2-r4,1,0.5,0.5,DEMO-o4.4.1-example
B,pilot,message_cell,all,Q,,CLOSE+F,a3-r1,1,0.5,0.5,DEMO-o4.4.1-example
B,pilot,message_cell,all,Q,,CLOSE+F,a3-r2,0,0.5,-0.5,DEMO-o4.4.1-example
B,pilot,message_cell,all,Q,,CLOSE+F,a3-r3,1,0.5,0.5,DEMO-o4.4.1-example
B,pilot,message_cell,all,Q,,CLOSE+F,a3-r4,0,0.5,-0.5,DEMO-o4.4.1-example
B,pilot,message_cell,all,Q,,CLOSE+F,a4-r1,0,0.5,-0.5,DEMO-o4.4.1-example
B,pilot,message_cell,all,Q,,CLOSE+F,a4-r2,1,0.5,0.5,DEMO-o4.4.1-example
B,pilot,message_cell,all,Q,,CLOSE+F,a4-r3,0,0.5,-0.5,DEMO-o4.4.1-example
B,pilot,message_cell,all,Q,,CLOSE+F,a4-r4,1,0.5,0.5,DEMO-o4.4.1-example
B,pilot,message_cell,all,Q,,CLOSE+G,a1-r1,1,0.5,0.5,DEMO-o4.4.1-example
B,pilot,message_cell,all,Q,,CLOSE+G,a1-r2,0,0.5,-0.5,DEMO-o4.4.1-example
B,pilot,message_cell,all,Q,,CLOSE+G,a1-r3,1,0.5,0.5,DEMO-o4.4.1-example
B,pilot,message_cell,all,Q,,CLOSE+G,a1-r4,0,0.5,-0.5,DEMO-o4.4.1-example
B,pilot,message_cell,all,Q,,CLOSE+G,a2-r1,0,0.5,-0.5,DEMO-o4.4.1-example
B,pilot,message_cell,all,Q,,CLOSE+G,a2-r2,1,0.5,0.5,DEMO-o4.4.1-example
B,pilot,message_cell,all,Q,,CLOSE+G,a2-r3,0,0.5,-0.5,DEMO-o4.4.1-example
B,pilot,message_cell,all,Q,,CLOSE+G,a2-r4,1,0.5,0.5,DEMO-o4.4.1-example
B,pilot,message_cell,all,Q,,CLOSE+G,a3-r1,1,0.5,0.5,DEMO-o4.4.1-example
B,pilot,message_cell,all,Q,,CLOSE+G,a3-r2,0,0.5,-0.5,DEMO-o4.4.1-example
B,pilot,message_cell,all,Q,,CLOSE+G,a3-r3,1,0.5,0.5,DEMO-o4.4.1-example
B,pilot,message_cell,all,Q,,CLOSE+G,a3-r4,0,0.5,-0.5,DEMO-o4.4.1-example
B,pilot,message_cell,all,Q,,CLOSE+G,a4-r1,0,0.5,-0.5,DEMO-o4.4.1-example
B,pilot,message_cell,all,Q,,CLOSE+G,a4-r2,1,0.5,0.5,DEMO-o4.4.1-example
B,pilot,message_cell,all,Q,,CLOSE+G,a4-r3,0,0.5,-0.5,DEMO-o4.4.1-example
B,pilot,message_cell,all,Q,,CLOSE+G,a4-r4,1,0.5,0.5,DEMO-o4.4.1-example
B,pilot,message_cell,all,Q,,CLOSE+H,a1-r1,0,0.5,-0.5,DEMO-o4.4.1-example
B,pilot,message_cell,all,Q,,CLOSE+H,a1-r2,1,0.5,0.5,DEMO-o4.4.1-example
B,pilot,message_cell,all,Q,,CLOSE+H,a1-r3,0,0.5,-0.5,DEMO-o4.4.1-example
B,pilot,message_cell,all,Q,,CLOSE+H,a1-r4,1,0.5,0.5,DEMO-o4.4.1-example
B,pilot,message_cell,all,Q,,CLOSE+H,a2-r1,1,0.5,0.5,DEMO-o4.4.1-example
B,pilot,message_cell,all,Q,,CLOSE+H,a2-r2,0,0.5,-0.5,DEMO-o4.4.1-example
B,pilot,message_cell,all,Q,,CLOSE+H,a2-r3,1,0.5,0.5,DEMO-o4.4.1-example
B,pilot,message_cell,all,Q,,CLOSE+H,a2-r4,0,0.5,-0.5,DEMO-o4.4.1-example
B,pilot,message_cell,all,Q,,CLOSE+H,a3-r1,0,0.5,-0.5,DEMO-o4.4.1-example
B,pilot,message_cell,all,Q,,CLOSE+H,a3-r2,1,0.5,0.5,DEMO-o4.4.1-example
B,pilot,message_cell,all,Q,,CLOSE+H,a3-r3,0,0.5,-0.5,DEMO-o4.4.1-example
B,pilot,message_cell,all,Q,,CLOSE+H,a3-r4,1,0.5,0.5,DEMO-o4.4.1-example
B,pilot,message_cell,all,Q,,CLOSE+H,a4-r1,1,0.5,0.5,DEMO-o4.4.1-example
B,pilot,message_cell,all,Q,,CLOSE+H,a4-r2,0,0.5,-0.5,DEMO-o4.4.1-example
B,pilot,message_cell,all,Q,,CLOSE+H,a4-r3,1,0.5,0.5,DEMO-o4.4.1-example
B,pilot,message_cell,all,Q,,CLOSE+H,a4-r4,0,0.5,-0.5,DEMO-o4.4.1-example
B,pilot,message_cell,all,Q,,QUARANTINE+E,a1-r1,1,0.5,0.5,DEMO-o4.4.1-example
B,pilot,message_cell,all,Q,,QUARANTINE+E,a1-r2,0,0.5,-0.5,DEMO-o4.4.1-example
B,pilot,message_cell,all,Q,,QUARANTINE+E,a1-r3,1,0.5,0.5,DEMO-o4.4.1-example
B,pilot,message_cell,all,Q,,QUARANTINE+E,a1-r4,0,0.5,-0.5,DEMO-o4.4.1-example
B,pilot,message_cell,all,Q,,QUARANTINE+E,a2-r1,0,0.5,-0.5,DEMO-o4.4.1-example
B,pilot,message_cell,all,Q,,QUARANTINE+E,a2-r2,1,0.5,0.5,DEMO-o4.4.1-example
B,pilot,message_cell,all,Q,,QUARANTINE+E,a2-r3,0,0.5,-0.5,DEMO-o4.4.1-example
B,pilot,message_cell,all,Q,,QUARANTINE+E,a2-r4,1,0.5,0.5,DEMO-o4.4.1-example
B,pilot,message_cell,all,Q,,QUARANTINE+E,a3-r1,1,0.5,0.5,DEMO-o4.4.1-example
B,pilot,message_cell,all,Q,,QUARANTINE+E,a3-r2,0,0.5,-0.5,DEMO-o4.4.1-example
B,pilot,message_cell,all,Q,,QUARANTINE+E,a3-r3,1,0.5,0.5,DEMO-o4.4.1-example
B,pilot,message_cell,all,Q,,QUARANTINE+E,a3-r4,0,0.5,-0.5,DEMO-o4.4.1-example
B,pilot,message_cell,all,Q,,QUARANTINE+E,a4-r1,0,0.5,-0.5,DEMO-o4.4.1-example
B,pilot,message_cell,all,Q,,QUARANTINE+E,a4-r2,1,0.5,0.5,DEMO-o4.4.1-example
B,pilot,message_cell,all,Q,,QUARANTINE+E,a4-r3,0,0.5,-0.5,DEMO-o4.4.1-example
B,pilot,message_cell,all,Q,,QUARANTINE+E,a4-r4,1,0.5,0.5,DEMO-o4.4.1-example
B,pilot,message_cell,all,Q,,QUARANTINE+F,a1-r1,0,0.5,-0.5,DEMO-o4.4.1-example
B,pilot,message_cell,all,Q,,QUARANTINE+F,a1-r2,1,0.5,0.5,DEMO-o4.4.1-example
B,pilot,message_cell,all,Q,,QUARANTINE+F,a1-r3,0,0.5,-0.5,DEMO-o4.4.1-example
B,pilot,message_cell,all,Q,,QUARANTINE+F,a1-r4,1,0.5,0.5,DEMO-o4.4.1-example
B,pilot,message_cell,all,Q,,QUARANTINE+F,a2-r1,1,0.5,0.5,DEMO-o4.4.1-example
B,pilot,message_cell,all,Q,,QUARANTINE+F,a2-r2,0,0.5,-0.5,DEMO-o4.4.1-example
B,pilot,message_cell,all,Q,,QUARANTINE+F,a2-r3,1,0.5,0.5,DEMO-o4.4.1-example
B,pilot,message_cell,all,Q,,QUARANTINE+F,a2-r4,0,0.5,-0.5,DEMO-o4.4.1-example
B,pilot,message_cell,all,Q,,QUARANTINE+F,a3-r1,0,0.5,-0.5,DEMO-o4.4.1-example
B,pilot,message_cell,all,Q,,QUARANTINE+F,a3-r2,1,0.5,0.5,DEMO-o4.4.1-example
B,pilot,message_cell,all,Q,,QUARANTINE+F,a3-r3,0,0.5,-0.5,DEMO-o4.4.1-example
B,pilot,message_cell,all,Q,,QUARANTINE+F,a3-r4,1,0.5,0.5,DEMO-o4.4.1-example
B,pilot,message_cell,all,Q,,QUARANTINE+F,a4-r1,1,0.5,0.5,DEMO-o4.4.1-example
B,pilot,message_cell,all,Q,,QUARANTINE+F,a4-r2,0,0.5,-0.5,DEMO-o4.4.1-example
B,pilot,message_cell,all,Q,,QUARANTINE+F,a4-r3,1,0.5,0.5,DEMO-o4.4.1-example
B,pilot,message_cell,all,Q,,QUARANTINE+F,a4-r4,0,0.5,-0.5,DEMO-o4.4.1-example
B,pilot,message_cell,all,Q,,QUARANTINE+G,a1-r1,0,0.5,-0.5,DEMO-o4.4.1-example
B,pilot,message_cell,all,Q,,QUARANTINE+G,a1-r2,1,0.5,0.5,DEMO-o4.4.1-example
B,pilot,message_cell,all,Q,,QUARANTINE+G,a1-r3,0,0.5,-0.5,DEMO-o4.4.1-example
B,pilot,message_cell,all,Q,,QUARANTINE+G,a1-r4,1,0.5,0.5,DEMO-o4.4.1-example
B,pilot,message_cell,all,Q,,QUARANTINE+G,a2-r1,1,0.5,0.5,DEMO-o4.4.1-example
B,pilot,message_cell,all,Q,,QUARANTINE+G,a2-r2,0,0.5,-0.5,DEMO-o4.4.1-example
B,pilot,message_cell,all,Q,,QUARANTINE+G,a2-r3,1,0.5,0.5,DEMO-o4.4.1-example
B,pilot,message_cell,all,Q,,QUARANTINE+G,a2-r4,0,0.5,-0.5,DEMO-o4.4.1-example
B,pilot,message_cell,all,Q,,QUARANTINE+G,a3-r1,0,0.5,-0.5,DEMO-o4.4.1-example
B,pilot,message_cell,all,Q,,QUARANTINE+G,a3-r2,1,0.5,0.5,DEMO-o4.4.1-example
B,pilot,message_cell,all,Q,,QUARANTINE+G,a3-r3,0,0.5,-0.5,DEMO-o4.4.1-example
B,pilot,message_cell,all,Q,,QUARANTINE+G,a3-r4,1,0.5,0.5,DEMO-o4.4.1-example
B,pilot,message_cell,all,Q,,QUARANTINE+G,a4-r1,1,0.5,0.5,DEMO-o4.4.1-example
B,pilot,message_cell,all,Q,,QUARANTINE+G,a4-r2,0,0.5,-0.5,DEMO-o4.4.1-example
B,pilot,message_cell,all,Q,,QUARANTINE+G,a4-r3,1,0.5,0.5,DEMO-o4.4.1-example
B,pilot,message_cell,all,Q,,QUARANTINE+G,a4-r4,0,0.5,-0.5,DEMO-o4.4.1-example
B,pilot,message_cell,all,Q,,QUARANTINE+H,a1-r1,1,0.5,0.5,DEMO-o4.4.1-example
B,pilot,message_cell,all,Q,,QUARANTINE+H,a1-r2,0,0.5,-0.5,DEMO-o4.4.1-example
B,pilot,message_cell,all,Q,,QUARANTINE+H,a1-r3,1,0.5,0.5,DEMO-o4.4.1-example
B,pilot,message_cell,all,Q,,QUARANTINE+H,a1-r4,0,0.5,-0.5,DEMO-o4.4.1-example
B,pilot,message_cell,all,Q,,QUARANTINE+H,a2-r1,0,0.5,-0.5,DEMO-o4.4.1-example
B,pilot,message_cell,all,Q,,QUARANTINE+H,a2-r2,1,0.5,0.5,DEMO-o4.4.1-example
B,pilot,message_cell,all,Q,,QUARANTINE+H,a2-r3,0,0.5,-0.5,DEMO-o4.4.1-example
B,pilot,message_cell,all,Q,,QUARANTINE+H,a2-r4,1,0.5,0.5,DEMO-o4.4.1-example
B,pilot,message_cell,all,Q,,QUARANTINE+H,a3-r1,1,0.5,0.5,DEMO-o4.4.1-example
B,pilot,message_cell,all,Q,,QUARANTINE+H,a3-r2,0,0.5,-0.5,DEMO-o4.4.1-example
B,pilot,message_cell,all,Q,,QUARANTINE+H,a3-r3,1,0.5,0.5,DEMO-o4.4.1-example
B,pilot,message_cell,all,Q,,QUARANTINE+H,a3-r4,0,0.5,-0.5,DEMO-o4.4.1-example
B,pilot,message_cell,all,Q,,QUARANTINE+H,a4-r1,0,0.5,-0.5,DEMO-o4.4.1-example
B,pilot,message_cell,all,Q,,QUARANTINE+H,a4-r2,1,0.5,0.5,DEMO-o4.4.1-example
B,pilot,message_cell,all,Q,,QUARANTINE+H,a4-r3,0,0.5,-0.5,DEMO-o4.4.1-example
B,pilot,message_cell,all,Q,,QUARANTINE+H,a4-r4,1,0.5,0.5,DEMO-o4.4.1-example
B,pilot,message_heldout,all,Q,,SCAN+E,,1,3.5,-2.5,DEMO-o4.4.1-example
B,pilot,message_heldout,all,Q,,SCAN+F,,6,3.5,2.5,DEMO-o4.4.1-example
B,pilot,message_heldout,all,Q,,SCAN+G,,6,3.5,2.5,DEMO-o4.4.1-example
B,pilot,message_heldout,all,Q,,SCAN+H,,1,3.5,-2.5,DEMO-o4.4.1-example
B,pilot,message_heldout,all,Q,,TAG+E,,6,3.5,2.5,DEMO-o4.4.1-example
B,pilot,message_heldout,all,Q,,TAG+F,,1,3.5,-2.5,DEMO-o4.4.1-example
B,pilot,message_heldout,all,Q,,TAG+G,,1,3.5,-2.5,DEMO-o4.4.1-example
B,pilot,message_heldout,all,Q,,TAG+H,,6,3.5,2.5,DEMO-o4.4.1-example
B,pilot,message_heldout,all,Q,,CLOSE+E,,6,3.5,2.5,DEMO-o4.4.1-example
B,pilot,message_heldout,all,Q,,CLOSE+F,,1,3.5,-2.5,DEMO-o4.4.1-example
B,pilot,message_heldout,all,Q,,CLOSE+G,,1,3.5,-2.5,DEMO-o4.4.1-example
B,pilot,message_heldout,all,Q,,CLOSE+H,,6,3.5,2.5,DEMO-o4.4.1-example
B,pilot,message_heldout,all,Q,,QUARANTINE+E,,1,3.5,-2.5,DEMO-o4.4.1-example
B,pilot,message_heldout,all,Q,,QUARANTINE+F,,6,3.5,2.5,DEMO-o4.4.1-example
B,pilot,message_heldout,all,Q,,QUARANTINE+G,,6,3.5,2.5,DEMO-o4.4.1-example
B,pilot,message_heldout,all,Q,,QUARANTINE+H,,1,3.5,-2.5,DEMO-o4.4.1-example
B,pilot,message_novel,all,Q,,SCAN+E,V1,0,0.5,-0.5,DEMO-o4.4.1-example
B,pilot,message_novel,all,Q,,SCAN+E,V2,0,0.5,-0.5,DEMO-o4.4.1-example
B,pilot,message_novel,all,Q,,SCAN+E,V3,0,0.5,-0.5,DEMO-o4.4.1-example
B,pilot,message_novel,all,Q,,SCAN+E,W1,0,1,-1,DEMO-o4.4.1-example
B,pilot,message_novel,all,Q,,SCAN+E,W4,1,1,0,DEMO-o4.4.1-example
B,pilot,message_novel,all,Q,,SCAN+F,V1,1,0.5,0.5,DEMO-o4.4.1-example
B,pilot,message_novel,all,Q,,SCAN+F,V2,1,0.5,0.5,DEMO-o4.4.1-example
B,pilot,message_novel,all,Q,,SCAN+F,V3,1,0.5,0.5,DEMO-o4.4.1-example
B,pilot,message_novel,all,Q,,SCAN+F,W1,1,1,0,DEMO-o4.4.1-example
B,pilot,message_novel,all,Q,,SCAN+F,W4,2,1,1,DEMO-o4.4.1-example
B,pilot,message_novel,all,Q,,SCAN+G,V1,1,0.5,0.5,DEMO-o4.4.1-example
B,pilot,message_novel,all,Q,,SCAN+G,V2,1,0.5,0.5,DEMO-o4.4.1-example
B,pilot,message_novel,all,Q,,SCAN+G,V3,1,0.5,0.5,DEMO-o4.4.1-example
B,pilot,message_novel,all,Q,,SCAN+G,W1,2,1,1,DEMO-o4.4.1-example
B,pilot,message_novel,all,Q,,SCAN+G,W4,1,1,0,DEMO-o4.4.1-example
B,pilot,message_novel,all,Q,,SCAN+H,V1,0,0.5,-0.5,DEMO-o4.4.1-example
B,pilot,message_novel,all,Q,,SCAN+H,V2,0,0.5,-0.5,DEMO-o4.4.1-example
B,pilot,message_novel,all,Q,,SCAN+H,V3,0,0.5,-0.5,DEMO-o4.4.1-example
B,pilot,message_novel,all,Q,,SCAN+H,W1,1,1,0,DEMO-o4.4.1-example
B,pilot,message_novel,all,Q,,SCAN+H,W4,0,1,-1,DEMO-o4.4.1-example
B,pilot,message_novel,all,Q,,TAG+E,V1,1,0.5,0.5,DEMO-o4.4.1-example
B,pilot,message_novel,all,Q,,TAG+E,V2,1,0.5,0.5,DEMO-o4.4.1-example
B,pilot,message_novel,all,Q,,TAG+E,V3,1,0.5,0.5,DEMO-o4.4.1-example
B,pilot,message_novel,all,Q,,TAG+E,W1,1,1,0,DEMO-o4.4.1-example
B,pilot,message_novel,all,Q,,TAG+E,W4,2,1,1,DEMO-o4.4.1-example
B,pilot,message_novel,all,Q,,TAG+F,V1,0,0.5,-0.5,DEMO-o4.4.1-example
B,pilot,message_novel,all,Q,,TAG+F,V2,0,0.5,-0.5,DEMO-o4.4.1-example
B,pilot,message_novel,all,Q,,TAG+F,V3,0,0.5,-0.5,DEMO-o4.4.1-example
B,pilot,message_novel,all,Q,,TAG+F,W1,0,1,-1,DEMO-o4.4.1-example
B,pilot,message_novel,all,Q,,TAG+F,W4,1,1,0,DEMO-o4.4.1-example
B,pilot,message_novel,all,Q,,TAG+G,V1,0,0.5,-0.5,DEMO-o4.4.1-example
B,pilot,message_novel,all,Q,,TAG+G,V2,0,0.5,-0.5,DEMO-o4.4.1-example
B,pilot,message_novel,all,Q,,TAG+G,V3,0,0.5,-0.5,DEMO-o4.4.1-example
B,pilot,message_novel,all,Q,,TAG+G,W1,1,1,0,DEMO-o4.4.1-example
B,pilot,message_novel,all,Q,,TAG+G,W4,0,1,-1,DEMO-o4.4.1-example
B,pilot,message_novel,all,Q,,TAG+H,V1,1,0.5,0.5,DEMO-o4.4.1-example
B,pilot,message_novel,all,Q,,TAG+H,V2,1,0.5,0.5,DEMO-o4.4.1-example
B,pilot,message_novel,all,Q,,TAG+H,V3,1,0.5,0.5,DEMO-o4.4.1-example
B,pilot,message_novel,all,Q,,TAG+H,W1,2,1,1,DEMO-o4.4.1-example
B,pilot,message_novel,all,Q,,TAG+H,W4,1,1,0,DEMO-o4.4.1-example
B,pilot,message_novel,all,Q,,CLOSE+E,V1,1,0.5,0.5,DEMO-o4.4.1-example
B,pilot,message_novel,all,Q,,CLOSE+E,V2,1,0.5,0.5,DEMO-o4.4.1-example
B,pilot,message_novel,all,Q,,CLOSE+E,V3,1,0.5,0.5,DEMO-o4.4.1-example
B,pilot,message_novel,all,Q,,CLOSE+E,W1,1,1,0,DEMO-o4.4.1-example
B,pilot,message_novel,all,Q,,CLOSE+E,W4,2,1,1,DEMO-o4.4.1-example
B,pilot,message_novel,all,Q,,CLOSE+F,V1,0,0.5,-0.5,DEMO-o4.4.1-example
B,pilot,message_novel,all,Q,,CLOSE+F,V2,0,0.5,-0.5,DEMO-o4.4.1-example
B,pilot,message_novel,all,Q,,CLOSE+F,V3,0,0.5,-0.5,DEMO-o4.4.1-example
B,pilot,message_novel,all,Q,,CLOSE+F,W1,0,1,-1,DEMO-o4.4.1-example
B,pilot,message_novel,all,Q,,CLOSE+F,W4,1,1,0,DEMO-o4.4.1-example
B,pilot,message_novel,all,Q,,CLOSE+G,V1,0,0.5,-0.5,DEMO-o4.4.1-example
B,pilot,message_novel,all,Q,,CLOSE+G,V2,0,0.5,-0.5,DEMO-o4.4.1-example
B,pilot,message_novel,all,Q,,CLOSE+G,V3,0,0.5,-0.5,DEMO-o4.4.1-example
B,pilot,message_novel,all,Q,,CLOSE+G,W1,1,1,0,DEMO-o4.4.1-example
B,pilot,message_novel,all,Q,,CLOSE+G,W4,0,1,-1,DEMO-o4.4.1-example
B,pilot,message_novel,all,Q,,CLOSE+H,V1,1,0.5,0.5,DEMO-o4.4.1-example
B,pilot,message_novel,all,Q,,CLOSE+H,V2,1,0.5,0.5,DEMO-o4.4.1-example
B,pilot,message_novel,all,Q,,CLOSE+H,V3,1,0.5,0.5,DEMO-o4.4.1-example
B,pilot,message_novel,all,Q,,CLOSE+H,W1,2,1,1,DEMO-o4.4.1-example
B,pilot,message_novel,all,Q,,CLOSE+H,W4,1,1,0,DEMO-o4.4.1-example
B,pilot,message_novel,all,Q,,QUARANTINE+E,V1,0,0.5,-0.5,DEMO-o4.4.1-example
B,pilot,message_novel,all,Q,,QUARANTINE+E,V2,0,0.5,-0.5,DEMO-o4.4.1-example
B,pilot,message_novel,all,Q,,QUARANTINE+E,V3,0,0.5,-0.5,DEMO-o4.4.1-example
B,pilot,message_novel,all,Q,,QUARANTINE+E,W1,0,1,-1,DEMO-o4.4.1-example
B,pilot,message_novel,all,Q,,QUARANTINE+E,W4,1,1,0,DEMO-o4.4.1-example
B,pilot,message_novel,all,Q,,QUARANTINE+F,V1,1,0.5,0.5,DEMO-o4.4.1-example
B,pilot,message_novel,all,Q,,QUARANTINE+F,V2,1,0.5,0.5,DEMO-o4.4.1-example
B,pilot,message_novel,all,Q,,QUARANTINE+F,V3,1,0.5,0.5,DEMO-o4.4.1-example
B,pilot,message_novel,all,Q,,QUARANTINE+F,W1,1,1,0,DEMO-o4.4.1-example
B,pilot,message_novel,all,Q,,QUARANTINE+F,W4,2,1,1,DEMO-o4.4.1-example
B,pilot,message_novel,all,Q,,QUARANTINE+G,V1,1,0.5,0.5,DEMO-o4.4.1-example
B,pilot,message_novel,all,Q,,QUARANTINE+G,V2,1,0.5,0.5,DEMO-o4.4.1-example
B,pilot,message_novel,all,Q,,QUARANTINE+G,V3,1,0.5,0.5,DEMO-o4.4.1-example
B,pilot,message_novel,all,Q,,QUARANTINE+G,W1,2,1,1,DEMO-o4.4.1-example
B,pilot,message_novel,all,Q,,QUARANTINE+G,W4,1,1,0,DEMO-o4.4.1-example
B,pilot,message_novel,all,Q,,QUARANTINE+H,V1,0,0.5,-0.5,DEMO-o4.4.1-example
B,pilot,message_novel,all,Q,,QUARANTINE+H,V2,0,0.5,-0.5,DEMO-o4.4.1-example
B,pilot,message_novel,all,Q,,QUARANTINE+H,V3,0,0.5,-0.5,DEMO-o4.4.1-example
B,pilot,message_novel,all,Q,,QUARANTINE+H,W1,1,1,0,DEMO-o4.4.1-example
B,pilot,message_novel,all,Q,,QUARANTINE+H,W4,0,1,-1,DEMO-o4.4.1-example
B,pilot,wave1_label_position,all,K,action,ADD_ONE,1,1,0.5,0.5,DEMO-o4.4.1-example
B,pilot,wave1_label_position,all,K,action,ADD_ONE,2,1,0.5,0.5,DEMO-o4.4.1-example
B,pilot,wave1_label_position,all,K,action,ADD_ONE,3,0,0.5,-0.5,DEMO-o4.4.1-example
B,pilot,wave1_label_position,all,K,action,ADD_ONE,4,0,0.5,-0.5,DEMO-o4.4.1-example
B,pilot,wave1_label_position,all,K,action,ADD_ONE,5,0,0.5,-0.5,DEMO-o4.4.1-example
B,pilot,wave1_label_position,all,K,action,ADD_ONE,6,0,0.5,-0.5,DEMO-o4.4.1-example
B,pilot,wave1_label_position,all,K,action,ADD_ONE,7,1,0.5,0.5,DEMO-o4.4.1-example
B,pilot,wave1_label_position,all,K,action,ADD_ONE,8,1,0.5,0.5,DEMO-o4.4.1-example
B,pilot,wave1_label_position,all,K,action,REMOVE_ONE,1,1,0.5,0.5,DEMO-o4.4.1-example
B,pilot,wave1_label_position,all,K,action,REMOVE_ONE,2,1,0.5,0.5,DEMO-o4.4.1-example
B,pilot,wave1_label_position,all,K,action,REMOVE_ONE,3,0,0.5,-0.5,DEMO-o4.4.1-example
B,pilot,wave1_label_position,all,K,action,REMOVE_ONE,4,0,0.5,-0.5,DEMO-o4.4.1-example
B,pilot,wave1_label_position,all,K,action,REMOVE_ONE,5,0,0.5,-0.5,DEMO-o4.4.1-example
B,pilot,wave1_label_position,all,K,action,REMOVE_ONE,6,0,0.5,-0.5,DEMO-o4.4.1-example
B,pilot,wave1_label_position,all,K,action,REMOVE_ONE,7,1,0.5,0.5,DEMO-o4.4.1-example
B,pilot,wave1_label_position,all,K,action,REMOVE_ONE,8,1,0.5,0.5,DEMO-o4.4.1-example
B,pilot,wave1_label_position,all,K,action,FLIP_CARD,1,0,0.5,-0.5,DEMO-o4.4.1-example
B,pilot,wave1_label_position,all,K,action,FLIP_CARD,2,0,0.5,-0.5,DEMO-o4.4.1-example
B,pilot,wave1_label_position,all,K,action,FLIP_CARD,3,1,0.5,0.5,DEMO-o4.4.1-example
B,pilot,wave1_label_position,all,K,action,FLIP_CARD,4,1,0.5,0.5,DEMO-o4.4.1-example
B,pilot,wave1_label_position,all,K,action,FLIP_CARD,5,1,0.5,0.5,DEMO-o4.4.1-example
B,pilot,wave1_label_position,all,K,action,FLIP_CARD,6,1,0.5,0.5,DEMO-o4.4.1-example
B,pilot,wave1_label_position,all,K,action,FLIP_CARD,7,0,0.5,-0.5,DEMO-o4.4.1-example
B,pilot,wave1_label_position,all,K,action,FLIP_CARD,8,0,0.5,-0.5,DEMO-o4.4.1-example
B,pilot,wave1_label_position,all,K,action,ALIGN_ARROW,1,0,0.5,-0.5,DEMO-o4.4.1-example
B,pilot,wave1_label_position,all,K,action,ALIGN_ARROW,2,0,0.5,-0.5,DEMO-o4.4.1-example
B,pilot,wave1_label_position,all,K,action,ALIGN_ARROW,3,1,0.5,0.5,DEMO-o4.4.1-example
B,pilot,wave1_label_position,all,K,action,ALIGN_ARROW,4,1,0.5,0.5,DEMO-o4.4.1-example
B,pilot,wave1_label_position,all,K,action,ALIGN_ARROW,5,1,0.5,0.5,DEMO-o4.4.1-example
B,pilot,wave1_label_position,all,K,action,ALIGN_ARROW,6,1,0.5,0.5,DEMO-o4.4.1-example
B,pilot,wave1_label_position,all,K,action,ALIGN_ARROW,7,0,0.5,-0.5,DEMO-o4.4.1-example
B,pilot,wave1_label_position,all,K,action,ALIGN_ARROW,8,0,0.5,-0.5,DEMO-o4.4.1-example
B,pilot,wave1_label_position,all,K,referent,A,1,0,0.5,-0.5,DEMO-o4.4.1-example
B,pilot,wave1_label_position,all,K,referent,A,2,2,0.5,1.5,DEMO-o4.4.1-example
B,pilot,wave1_label_position,all,K,referent,A,3,0,0.5,-0.5,DEMO-o4.4.1-example
B,pilot,wave1_label_position,all,K,referent,A,4,0,0.5,-0.5,DEMO-o4.4.1-example
B,pilot,wave1_label_position,all,K,referent,A,5,0,0.5,-0.5,DEMO-o4.4.1-example
B,pilot,wave1_label_position,all,K,referent,A,6,0,0.5,-0.5,DEMO-o4.4.1-example
B,pilot,wave1_label_position,all,K,referent,A,7,0,0.5,-0.5,DEMO-o4.4.1-example
B,pilot,wave1_label_position,all,K,referent,A,8,2,0.5,1.5,DEMO-o4.4.1-example
B,pilot,wave1_label_position,all,K,referent,B,1,0,0.5,-0.5,DEMO-o4.4.1-example
B,pilot,wave1_label_position,all,K,referent,B,2,0,0.5,-0.5,DEMO-o4.4.1-example
B,pilot,wave1_label_position,all,K,referent,B,3,2,0.5,1.5,DEMO-o4.4.1-example
B,pilot,wave1_label_position,all,K,referent,B,4,0,0.5,-0.5,DEMO-o4.4.1-example
B,pilot,wave1_label_position,all,K,referent,B,5,2,0.5,1.5,DEMO-o4.4.1-example
B,pilot,wave1_label_position,all,K,referent,B,6,0,0.5,-0.5,DEMO-o4.4.1-example
B,pilot,wave1_label_position,all,K,referent,B,7,0,0.5,-0.5,DEMO-o4.4.1-example
B,pilot,wave1_label_position,all,K,referent,B,8,0,0.5,-0.5,DEMO-o4.4.1-example
B,pilot,wave1_label_position,all,K,referent,C,1,2,0.5,1.5,DEMO-o4.4.1-example
B,pilot,wave1_label_position,all,K,referent,C,2,0,0.5,-0.5,DEMO-o4.4.1-example
B,pilot,wave1_label_position,all,K,referent,C,3,0,0.5,-0.5,DEMO-o4.4.1-example
B,pilot,wave1_label_position,all,K,referent,C,4,0,0.5,-0.5,DEMO-o4.4.1-example
B,pilot,wave1_label_position,all,K,referent,C,5,0,0.5,-0.5,DEMO-o4.4.1-example
B,pilot,wave1_label_position,all,K,referent,C,6,0,0.5,-0.5,DEMO-o4.4.1-example
B,pilot,wave1_label_position,all,K,referent,C,7,2,0.5,1.5,DEMO-o4.4.1-example
B,pilot,wave1_label_position,all,K,referent,C,8,0,0.5,-0.5,DEMO-o4.4.1-example
B,pilot,wave1_label_position,all,K,referent,D,1,0,0.5,-0.5,DEMO-o4.4.1-example
B,pilot,wave1_label_position,all,K,referent,D,2,0,0.5,-0.5,DEMO-o4.4.1-example
B,pilot,wave1_label_position,all,K,referent,D,3,0,0.5,-0.5,DEMO-o4.4.1-example
B,pilot,wave1_label_position,all,K,referent,D,4,2,0.5,1.5,DEMO-o4.4.1-example
B,pilot,wave1_label_position,all,K,referent,D,5,0,0.5,-0.5,DEMO-o4.4.1-example
B,pilot,wave1_label_position,all,K,referent,D,6,2,0.5,1.5,DEMO-o4.4.1-example
B,pilot,wave1_label_position,all,K,referent,D,7,0,0.5,-0.5,DEMO-o4.4.1-example
B,pilot,wave1_label_position,all,K,referent,D,8,0,0.5,-0.5,DEMO-o4.4.1-example
B,pilot,wave1_label_position,all,Q,action,SCAN,1,1,0.5,0.5,DEMO-o4.4.1-example
B,pilot,wave1_label_position,all,Q,action,SCAN,2,1,0.5,0.5,DEMO-o4.4.1-example
B,pilot,wave1_label_position,all,Q,action,SCAN,3,0,0.5,-0.5,DEMO-o4.4.1-example
B,pilot,wave1_label_position,all,Q,action,SCAN,4,0,0.5,-0.5,DEMO-o4.4.1-example
B,pilot,wave1_label_position,all,Q,action,SCAN,5,0,0.5,-0.5,DEMO-o4.4.1-example
B,pilot,wave1_label_position,all,Q,action,SCAN,6,0,0.5,-0.5,DEMO-o4.4.1-example
B,pilot,wave1_label_position,all,Q,action,SCAN,7,1,0.5,0.5,DEMO-o4.4.1-example
B,pilot,wave1_label_position,all,Q,action,SCAN,8,1,0.5,0.5,DEMO-o4.4.1-example
B,pilot,wave1_label_position,all,Q,action,TAG,1,0,0.5,-0.5,DEMO-o4.4.1-example
B,pilot,wave1_label_position,all,Q,action,TAG,2,0,0.5,-0.5,DEMO-o4.4.1-example
B,pilot,wave1_label_position,all,Q,action,TAG,3,1,0.5,0.5,DEMO-o4.4.1-example
B,pilot,wave1_label_position,all,Q,action,TAG,4,1,0.5,0.5,DEMO-o4.4.1-example
B,pilot,wave1_label_position,all,Q,action,TAG,5,1,0.5,0.5,DEMO-o4.4.1-example
B,pilot,wave1_label_position,all,Q,action,TAG,6,1,0.5,0.5,DEMO-o4.4.1-example
B,pilot,wave1_label_position,all,Q,action,TAG,7,0,0.5,-0.5,DEMO-o4.4.1-example
B,pilot,wave1_label_position,all,Q,action,TAG,8,0,0.5,-0.5,DEMO-o4.4.1-example
B,pilot,wave1_label_position,all,Q,action,CLOSE,1,0,0.5,-0.5,DEMO-o4.4.1-example
B,pilot,wave1_label_position,all,Q,action,CLOSE,2,0,0.5,-0.5,DEMO-o4.4.1-example
B,pilot,wave1_label_position,all,Q,action,CLOSE,3,1,0.5,0.5,DEMO-o4.4.1-example
B,pilot,wave1_label_position,all,Q,action,CLOSE,4,1,0.5,0.5,DEMO-o4.4.1-example
B,pilot,wave1_label_position,all,Q,action,CLOSE,5,1,0.5,0.5,DEMO-o4.4.1-example
B,pilot,wave1_label_position,all,Q,action,CLOSE,6,1,0.5,0.5,DEMO-o4.4.1-example
B,pilot,wave1_label_position,all,Q,action,CLOSE,7,0,0.5,-0.5,DEMO-o4.4.1-example
B,pilot,wave1_label_position,all,Q,action,CLOSE,8,0,0.5,-0.5,DEMO-o4.4.1-example
B,pilot,wave1_label_position,all,Q,action,QUARANTINE,1,1,0.5,0.5,DEMO-o4.4.1-example
B,pilot,wave1_label_position,all,Q,action,QUARANTINE,2,1,0.5,0.5,DEMO-o4.4.1-example
B,pilot,wave1_label_position,all,Q,action,QUARANTINE,3,0,0.5,-0.5,DEMO-o4.4.1-example
B,pilot,wave1_label_position,all,Q,action,QUARANTINE,4,0,0.5,-0.5,DEMO-o4.4.1-example
B,pilot,wave1_label_position,all,Q,action,QUARANTINE,5,0,0.5,-0.5,DEMO-o4.4.1-example
B,pilot,wave1_label_position,all,Q,action,QUARANTINE,6,0,0.5,-0.5,DEMO-o4.4.1-example
B,pilot,wave1_label_position,all,Q,action,QUARANTINE,7,1,0.5,0.5,DEMO-o4.4.1-example
B,pilot,wave1_label_position,all,Q,action,QUARANTINE,8,1,0.5,0.5,DEMO-o4.4.1-example
B,pilot,wave1_label_position,all,Q,referent,E,1,2,0.5,1.5,DEMO-o4.4.1-example
B,pilot,wave1_label_position,all,Q,referent,E,2,0,0.5,-0.5,DEMO-o4.4.1-example
B,pilot,wave1_label_position,all,Q,referent,E,3,0,0.5,-0.5,DEMO-o4.4.1-example
B,pilot,wave1_label_position,all,Q,referent,E,4,0,0.5,-0.5,DEMO-o4.4.1-example
B,pilot,wave1_label_position,all,Q,referent,E,5,0,0.5,-0.5,DEMO-o4.4.1-example
B,pilot,wave1_label_position,all,Q,referent,E,6,0,0.5,-0.5,DEMO-o4.4.1-example
B,pilot,wave1_label_position,all,Q,referent,E,7,2,0.5,1.5,DEMO-o4.4.1-example
B,pilot,wave1_label_position,all,Q,referent,E,8,0,0.5,-0.5,DEMO-o4.4.1-example
B,pilot,wave1_label_position,all,Q,referent,F,1,0,0.5,-0.5,DEMO-o4.4.1-example
B,pilot,wave1_label_position,all,Q,referent,F,2,0,0.5,-0.5,DEMO-o4.4.1-example
B,pilot,wave1_label_position,all,Q,referent,F,3,0,0.5,-0.5,DEMO-o4.4.1-example
B,pilot,wave1_label_position,all,Q,referent,F,4,2,0.5,1.5,DEMO-o4.4.1-example
B,pilot,wave1_label_position,all,Q,referent,F,5,0,0.5,-0.5,DEMO-o4.4.1-example
B,pilot,wave1_label_position,all,Q,referent,F,6,2,0.5,1.5,DEMO-o4.4.1-example
B,pilot,wave1_label_position,all,Q,referent,F,7,0,0.5,-0.5,DEMO-o4.4.1-example
B,pilot,wave1_label_position,all,Q,referent,F,8,0,0.5,-0.5,DEMO-o4.4.1-example
B,pilot,wave1_label_position,all,Q,referent,G,1,0,0.5,-0.5,DEMO-o4.4.1-example
B,pilot,wave1_label_position,all,Q,referent,G,2,0,0.5,-0.5,DEMO-o4.4.1-example
B,pilot,wave1_label_position,all,Q,referent,G,3,2,0.5,1.5,DEMO-o4.4.1-example
B,pilot,wave1_label_position,all,Q,referent,G,4,0,0.5,-0.5,DEMO-o4.4.1-example
B,pilot,wave1_label_position,all,Q,referent,G,5,2,0.5,1.5,DEMO-o4.4.1-example
B,pilot,wave1_label_position,all,Q,referent,G,6,0,0.5,-0.5,DEMO-o4.4.1-example
B,pilot,wave1_label_position,all,Q,referent,G,7,0,0.5,-0.5,DEMO-o4.4.1-example
B,pilot,wave1_label_position,all,Q,referent,G,8,0,0.5,-0.5,DEMO-o4.4.1-example
B,pilot,wave1_label_position,all,Q,referent,H,1,0,0.5,-0.5,DEMO-o4.4.1-example
B,pilot,wave1_label_position,all,Q,referent,H,2,2,0.5,1.5,DEMO-o4.4.1-example
B,pilot,wave1_label_position,all,Q,referent,H,3,0,0.5,-0.5,DEMO-o4.4.1-example
B,pilot,wave1_label_position,all,Q,referent,H,4,0,0.5,-0.5,DEMO-o4.4.1-example
B,pilot,wave1_label_position,all,Q,referent,H,5,0,0.5,-0.5,DEMO-o4.4.1-example
B,pilot,wave1_label_position,all,Q,referent,H,6,0,0.5,-0.5,DEMO-o4.4.1-example
B,pilot,wave1_label_position,all,Q,referent,H,7,0,0.5,-0.5,DEMO-o4.4.1-example
B,pilot,wave1_label_position,all,Q,referent,H,8,2,0.5,1.5,DEMO-o4.4.1-example
B,pilot,wave2_label_position,all,K,action,ADD_ONE,1,0,0.5,-0.5,DEMO-o4.4.1-example
B,pilot,wave2_label_position,all,K,action,ADD_ONE,2,1,0.5,0.5,DEMO-o4.4.1-example
B,pilot,wave2_label_position,all,K,action,ADD_ONE,3,1,0.5,0.5,DEMO-o4.4.1-example
B,pilot,wave2_label_position,all,K,action,ADD_ONE,4,0,0.5,-0.5,DEMO-o4.4.1-example
B,pilot,wave2_label_position,all,K,action,REMOVE_ONE,1,1,0.5,0.5,DEMO-o4.4.1-example
B,pilot,wave2_label_position,all,K,action,REMOVE_ONE,2,0,0.5,-0.5,DEMO-o4.4.1-example
B,pilot,wave2_label_position,all,K,action,REMOVE_ONE,3,0,0.5,-0.5,DEMO-o4.4.1-example
B,pilot,wave2_label_position,all,K,action,REMOVE_ONE,4,1,0.5,0.5,DEMO-o4.4.1-example
B,pilot,wave2_label_position,all,K,action,FLIP_CARD,1,1,0.5,0.5,DEMO-o4.4.1-example
B,pilot,wave2_label_position,all,K,action,FLIP_CARD,2,0,0.5,-0.5,DEMO-o4.4.1-example
B,pilot,wave2_label_position,all,K,action,FLIP_CARD,3,0,0.5,-0.5,DEMO-o4.4.1-example
B,pilot,wave2_label_position,all,K,action,FLIP_CARD,4,1,0.5,0.5,DEMO-o4.4.1-example
B,pilot,wave2_label_position,all,K,action,ALIGN_ARROW,1,0,0.5,-0.5,DEMO-o4.4.1-example
B,pilot,wave2_label_position,all,K,action,ALIGN_ARROW,2,1,0.5,0.5,DEMO-o4.4.1-example
B,pilot,wave2_label_position,all,K,action,ALIGN_ARROW,3,1,0.5,0.5,DEMO-o4.4.1-example
B,pilot,wave2_label_position,all,K,action,ALIGN_ARROW,4,0,0.5,-0.5,DEMO-o4.4.1-example
B,pilot,wave2_label_position,all,K,referent,A,1,1,0.5,0.5,DEMO-o4.4.1-example
B,pilot,wave2_label_position,all,K,referent,A,2,0,0.5,-0.5,DEMO-o4.4.1-example
B,pilot,wave2_label_position,all,K,referent,A,3,1,0.5,0.5,DEMO-o4.4.1-example
B,pilot,wave2_label_position,all,K,referent,A,4,0,0.5,-0.5,DEMO-o4.4.1-example
B,pilot,wave2_label_position,all,K,referent,B,1,0,0.5,-0.5,DEMO-o4.4.1-example
B,pilot,wave2_label_position,all,K,referent,B,2,1,0.5,0.5,DEMO-o4.4.1-example
B,pilot,wave2_label_position,all,K,referent,B,3,0,0.5,-0.5,DEMO-o4.4.1-example
B,pilot,wave2_label_position,all,K,referent,B,4,1,0.5,0.5,DEMO-o4.4.1-example
B,pilot,wave2_label_position,all,K,referent,C,1,0,0.5,-0.5,DEMO-o4.4.1-example
B,pilot,wave2_label_position,all,K,referent,C,2,1,0.5,0.5,DEMO-o4.4.1-example
B,pilot,wave2_label_position,all,K,referent,C,3,0,0.5,-0.5,DEMO-o4.4.1-example
B,pilot,wave2_label_position,all,K,referent,C,4,1,0.5,0.5,DEMO-o4.4.1-example
B,pilot,wave2_label_position,all,K,referent,D,1,1,0.5,0.5,DEMO-o4.4.1-example
B,pilot,wave2_label_position,all,K,referent,D,2,0,0.5,-0.5,DEMO-o4.4.1-example
B,pilot,wave2_label_position,all,K,referent,D,3,1,0.5,0.5,DEMO-o4.4.1-example
B,pilot,wave2_label_position,all,K,referent,D,4,0,0.5,-0.5,DEMO-o4.4.1-example
B,pilot,wave2_label_position,all,Q,action,SCAN,1,0,0.5,-0.5,DEMO-o4.4.1-example
B,pilot,wave2_label_position,all,Q,action,SCAN,2,1,0.5,0.5,DEMO-o4.4.1-example
B,pilot,wave2_label_position,all,Q,action,SCAN,3,1,0.5,0.5,DEMO-o4.4.1-example
B,pilot,wave2_label_position,all,Q,action,SCAN,4,0,0.5,-0.5,DEMO-o4.4.1-example
B,pilot,wave2_label_position,all,Q,action,TAG,1,1,0.5,0.5,DEMO-o4.4.1-example
B,pilot,wave2_label_position,all,Q,action,TAG,2,0,0.5,-0.5,DEMO-o4.4.1-example
B,pilot,wave2_label_position,all,Q,action,TAG,3,0,0.5,-0.5,DEMO-o4.4.1-example
B,pilot,wave2_label_position,all,Q,action,TAG,4,1,0.5,0.5,DEMO-o4.4.1-example
B,pilot,wave2_label_position,all,Q,action,CLOSE,1,0,0.5,-0.5,DEMO-o4.4.1-example
B,pilot,wave2_label_position,all,Q,action,CLOSE,2,1,0.5,0.5,DEMO-o4.4.1-example
B,pilot,wave2_label_position,all,Q,action,CLOSE,3,1,0.5,0.5,DEMO-o4.4.1-example
B,pilot,wave2_label_position,all,Q,action,CLOSE,4,0,0.5,-0.5,DEMO-o4.4.1-example
B,pilot,wave2_label_position,all,Q,action,QUARANTINE,1,1,0.5,0.5,DEMO-o4.4.1-example
B,pilot,wave2_label_position,all,Q,action,QUARANTINE,2,0,0.5,-0.5,DEMO-o4.4.1-example
B,pilot,wave2_label_position,all,Q,action,QUARANTINE,3,0,0.5,-0.5,DEMO-o4.4.1-example
B,pilot,wave2_label_position,all,Q,action,QUARANTINE,4,1,0.5,0.5,DEMO-o4.4.1-example
B,pilot,wave2_label_position,all,Q,referent,E,1,0,0.5,-0.5,DEMO-o4.4.1-example
B,pilot,wave2_label_position,all,Q,referent,E,2,1,0.5,0.5,DEMO-o4.4.1-example
B,pilot,wave2_label_position,all,Q,referent,E,3,0,0.5,-0.5,DEMO-o4.4.1-example
B,pilot,wave2_label_position,all,Q,referent,E,4,1,0.5,0.5,DEMO-o4.4.1-example
B,pilot,wave2_label_position,all,Q,referent,F,1,1,0.5,0.5,DEMO-o4.4.1-example
B,pilot,wave2_label_position,all,Q,referent,F,2,0,0.5,-0.5,DEMO-o4.4.1-example
B,pilot,wave2_label_position,all,Q,referent,F,3,1,0.5,0.5,DEMO-o4.4.1-example
B,pilot,wave2_label_position,all,Q,referent,F,4,0,0.5,-0.5,DEMO-o4.4.1-example
B,pilot,wave2_label_position,all,Q,referent,G,1,0,0.5,-0.5,DEMO-o4.4.1-example
B,pilot,wave2_label_position,all,Q,referent,G,2,1,0.5,0.5,DEMO-o4.4.1-example
B,pilot,wave2_label_position,all,Q,referent,G,3,0,0.5,-0.5,DEMO-o4.4.1-example
B,pilot,wave2_label_position,all,Q,referent,G,4,1,0.5,0.5,DEMO-o4.4.1-example
B,pilot,wave2_label_position,all,Q,referent,H,1,1,0.5,0.5,DEMO-o4.4.1-example
B,pilot,wave2_label_position,all,Q,referent,H,2,0,0.5,-0.5,DEMO-o4.4.1-example
B,pilot,wave2_label_position,all,Q,referent,H,3,1,0.5,0.5,DEMO-o4.4.1-example
B,pilot,wave2_label_position,all,Q,referent,H,4,0,0.5,-0.5,DEMO-o4.4.1-example
B,pilot,wave3_label_position,all,K,action,ADD_ONE,1,0,0.5,-0.5,DEMO-o4.4.1-example
B,pilot,wave3_label_position,all,K,action,ADD_ONE,2,1,0.5,0.5,DEMO-o4.4.1-example
B,pilot,wave3_label_position,all,K,action,ADD_ONE,3,1,0.5,0.5,DEMO-o4.4.1-example
B,pilot,wave3_label_position,all,K,action,ADD_ONE,4,0,0.5,-0.5,DEMO-o4.4.1-example
B,pilot,wave3_label_position,all,K,action,REMOVE_ONE,1,1,0.5,0.5,DEMO-o4.4.1-example
B,pilot,wave3_label_position,all,K,action,REMOVE_ONE,2,0,0.5,-0.5,DEMO-o4.4.1-example
B,pilot,wave3_label_position,all,K,action,REMOVE_ONE,3,0,0.5,-0.5,DEMO-o4.4.1-example
B,pilot,wave3_label_position,all,K,action,REMOVE_ONE,4,1,0.5,0.5,DEMO-o4.4.1-example
B,pilot,wave3_label_position,all,K,action,FLIP_CARD,1,1,0.5,0.5,DEMO-o4.4.1-example
B,pilot,wave3_label_position,all,K,action,FLIP_CARD,2,0,0.5,-0.5,DEMO-o4.4.1-example
B,pilot,wave3_label_position,all,K,action,FLIP_CARD,3,0,0.5,-0.5,DEMO-o4.4.1-example
B,pilot,wave3_label_position,all,K,action,FLIP_CARD,4,1,0.5,0.5,DEMO-o4.4.1-example
B,pilot,wave3_label_position,all,K,action,ALIGN_ARROW,1,0,0.5,-0.5,DEMO-o4.4.1-example
B,pilot,wave3_label_position,all,K,action,ALIGN_ARROW,2,1,0.5,0.5,DEMO-o4.4.1-example
B,pilot,wave3_label_position,all,K,action,ALIGN_ARROW,3,1,0.5,0.5,DEMO-o4.4.1-example
B,pilot,wave3_label_position,all,K,action,ALIGN_ARROW,4,0,0.5,-0.5,DEMO-o4.4.1-example
B,pilot,wave3_label_position,all,K,referent,A,1,1,0.5,0.5,DEMO-o4.4.1-example
B,pilot,wave3_label_position,all,K,referent,A,2,0,0.5,-0.5,DEMO-o4.4.1-example
B,pilot,wave3_label_position,all,K,referent,A,3,1,0.5,0.5,DEMO-o4.4.1-example
B,pilot,wave3_label_position,all,K,referent,A,4,0,0.5,-0.5,DEMO-o4.4.1-example
B,pilot,wave3_label_position,all,K,referent,B,1,0,0.5,-0.5,DEMO-o4.4.1-example
B,pilot,wave3_label_position,all,K,referent,B,2,1,0.5,0.5,DEMO-o4.4.1-example
B,pilot,wave3_label_position,all,K,referent,B,3,0,0.5,-0.5,DEMO-o4.4.1-example
B,pilot,wave3_label_position,all,K,referent,B,4,1,0.5,0.5,DEMO-o4.4.1-example
B,pilot,wave3_label_position,all,K,referent,C,1,0,0.5,-0.5,DEMO-o4.4.1-example
B,pilot,wave3_label_position,all,K,referent,C,2,1,0.5,0.5,DEMO-o4.4.1-example
B,pilot,wave3_label_position,all,K,referent,C,3,0,0.5,-0.5,DEMO-o4.4.1-example
B,pilot,wave3_label_position,all,K,referent,C,4,1,0.5,0.5,DEMO-o4.4.1-example
B,pilot,wave3_label_position,all,K,referent,D,1,1,0.5,0.5,DEMO-o4.4.1-example
B,pilot,wave3_label_position,all,K,referent,D,2,0,0.5,-0.5,DEMO-o4.4.1-example
B,pilot,wave3_label_position,all,K,referent,D,3,1,0.5,0.5,DEMO-o4.4.1-example
B,pilot,wave3_label_position,all,K,referent,D,4,0,0.5,-0.5,DEMO-o4.4.1-example
B,pilot,wave3_label_position,all,Q,action,SCAN,1,0,0.5,-0.5,DEMO-o4.4.1-example
B,pilot,wave3_label_position,all,Q,action,SCAN,2,1,0.5,0.5,DEMO-o4.4.1-example
B,pilot,wave3_label_position,all,Q,action,SCAN,3,1,0.5,0.5,DEMO-o4.4.1-example
B,pilot,wave3_label_position,all,Q,action,SCAN,4,0,0.5,-0.5,DEMO-o4.4.1-example
B,pilot,wave3_label_position,all,Q,action,TAG,1,1,0.5,0.5,DEMO-o4.4.1-example
B,pilot,wave3_label_position,all,Q,action,TAG,2,0,0.5,-0.5,DEMO-o4.4.1-example
B,pilot,wave3_label_position,all,Q,action,TAG,3,0,0.5,-0.5,DEMO-o4.4.1-example
B,pilot,wave3_label_position,all,Q,action,TAG,4,1,0.5,0.5,DEMO-o4.4.1-example
B,pilot,wave3_label_position,all,Q,action,CLOSE,1,0,0.5,-0.5,DEMO-o4.4.1-example
B,pilot,wave3_label_position,all,Q,action,CLOSE,2,1,0.5,0.5,DEMO-o4.4.1-example
B,pilot,wave3_label_position,all,Q,action,CLOSE,3,1,0.5,0.5,DEMO-o4.4.1-example
B,pilot,wave3_label_position,all,Q,action,CLOSE,4,0,0.5,-0.5,DEMO-o4.4.1-example
B,pilot,wave3_label_position,all,Q,action,QUARANTINE,1,1,0.5,0.5,DEMO-o4.4.1-example
B,pilot,wave3_label_position,all,Q,action,QUARANTINE,2,0,0.5,-0.5,DEMO-o4.4.1-example
B,pilot,wave3_label_position,all,Q,action,QUARANTINE,3,0,0.5,-0.5,DEMO-o4.4.1-example
B,pilot,wave3_label_position,all,Q,action,QUARANTINE,4,1,0.5,0.5,DEMO-o4.4.1-example
B,pilot,wave3_label_position,all,Q,referent,E,1,0,0.5,-0.5,DEMO-o4.4.1-example
B,pilot,wave3_label_position,all,Q,referent,E,2,1,0.5,0.5,DEMO-o4.4.1-example
B,pilot,wave3_label_position,all,Q,referent,E,3,0,0.5,-0.5,DEMO-o4.4.1-example
B,pilot,wave3_label_position,all,Q,referent,E,4,1,0.5,0.5,DEMO-o4.4.1-example
B,pilot,wave3_label_position,all,Q,referent,F,1,1,0.5,0.5,DEMO-o4.4.1-example
B,pilot,wave3_label_position,all,Q,referent,F,2,0,0.5,-0.5,DEMO-o4.4.1-example
B,pilot,wave3_label_position,all,Q,referent,F,3,1,0.5,0.5,DEMO-o4.4.1-example
B,pilot,wave3_label_position,all,Q,referent,F,4,0,0.5,-0.5,DEMO-o4.4.1-example
B,pilot,wave3_label_position,all,Q,referent,G,1,0,0.5,-0.5,DEMO-o4.4.1-example
B,pilot,wave3_label_position,all,Q,referent,G,2,1,0.5,0.5,DEMO-o4.4.1-example
B,pilot,wave3_label_position,all,Q,referent,G,3,0,0.5,-0.5,DEMO-o4.4.1-example
B,pilot,wave3_label_position,all,Q,referent,G,4,1,0.5,0.5,DEMO-o4.4.1-example
B,pilot,wave3_label_position,all,Q,referent,H,1,1,0.5,0.5,DEMO-o4.4.1-example
B,pilot,wave3_label_position,all,Q,referent,H,2,0,0.5,-0.5,DEMO-o4.4.1-example
B,pilot,wave3_label_position,all,Q,referent,H,3,1,0.5,0.5,DEMO-o4.4.1-example
B,pilot,wave3_label_position,all,Q,referent,H,4,0,0.5,-0.5,DEMO-o4.4.1-example
B,pilot,family_first,all,,,K,,4,4,0,DEMO-o4.4.1-example
B,pilot,family_first,all,,,Q,,4,4,0,DEMO-o4.4.1-example
B,pilot,swap_w1_w4,all,,,0,,4,4,0,DEMO-o4.4.1-example
B,pilot,swap_w1_w4,all,,,1,,4,4,0,DEMO-o4.4.1-example
B,pilot,sq_arm,all,,,SQ-1,,4,4,0,DEMO-o4.4.1-example
B,pilot,sq_arm,all,,,SQ-2,,4,4,0,DEMO-o4.4.1-example
B,pilot,label_index,sq_arm=SQ-1,K,action,ADD_ONE,1,0,1,-1,DEMO-o4.4.1-example
B,pilot,label_index,sq_arm=SQ-1,K,action,ADD_ONE,2,0,1,-1,DEMO-o4.4.1-example
B,pilot,label_index,sq_arm=SQ-1,K,action,ADD_ONE,3,2,1,1,DEMO-o4.4.1-example
B,pilot,label_index,sq_arm=SQ-1,K,action,ADD_ONE,4,2,1,1,DEMO-o4.4.1-example
B,pilot,label_index,sq_arm=SQ-1,K,action,REMOVE_ONE,1,2,1,1,DEMO-o4.4.1-example
B,pilot,label_index,sq_arm=SQ-1,K,action,REMOVE_ONE,2,2,1,1,DEMO-o4.4.1-example
B,pilot,label_index,sq_arm=SQ-1,K,action,REMOVE_ONE,3,0,1,-1,DEMO-o4.4.1-example
B,pilot,label_index,sq_arm=SQ-1,K,action,REMOVE_ONE,4,0,1,-1,DEMO-o4.4.1-example
B,pilot,label_index,sq_arm=SQ-1,K,action,FLIP_CARD,1,0,1,-1,DEMO-o4.4.1-example
B,pilot,label_index,sq_arm=SQ-1,K,action,FLIP_CARD,2,0,1,-1,DEMO-o4.4.1-example
B,pilot,label_index,sq_arm=SQ-1,K,action,FLIP_CARD,3,2,1,1,DEMO-o4.4.1-example
B,pilot,label_index,sq_arm=SQ-1,K,action,FLIP_CARD,4,2,1,1,DEMO-o4.4.1-example
B,pilot,label_index,sq_arm=SQ-1,K,action,ALIGN_ARROW,1,2,1,1,DEMO-o4.4.1-example
B,pilot,label_index,sq_arm=SQ-1,K,action,ALIGN_ARROW,2,2,1,1,DEMO-o4.4.1-example
B,pilot,label_index,sq_arm=SQ-1,K,action,ALIGN_ARROW,3,0,1,-1,DEMO-o4.4.1-example
B,pilot,label_index,sq_arm=SQ-1,K,action,ALIGN_ARROW,4,0,1,-1,DEMO-o4.4.1-example
B,pilot,label_index,sq_arm=SQ-1,K,referent,A,1,1,1,0,DEMO-o4.4.1-example
B,pilot,label_index,sq_arm=SQ-1,K,referent,A,2,1,1,0,DEMO-o4.4.1-example
B,pilot,label_index,sq_arm=SQ-1,K,referent,A,3,1,1,0,DEMO-o4.4.1-example
B,pilot,label_index,sq_arm=SQ-1,K,referent,A,4,1,1,0,DEMO-o4.4.1-example
B,pilot,label_index,sq_arm=SQ-1,K,referent,B,1,1,1,0,DEMO-o4.4.1-example
B,pilot,label_index,sq_arm=SQ-1,K,referent,B,2,1,1,0,DEMO-o4.4.1-example
B,pilot,label_index,sq_arm=SQ-1,K,referent,B,3,1,1,0,DEMO-o4.4.1-example
B,pilot,label_index,sq_arm=SQ-1,K,referent,B,4,1,1,0,DEMO-o4.4.1-example
B,pilot,label_index,sq_arm=SQ-1,K,referent,C,1,1,1,0,DEMO-o4.4.1-example
B,pilot,label_index,sq_arm=SQ-1,K,referent,C,2,1,1,0,DEMO-o4.4.1-example
B,pilot,label_index,sq_arm=SQ-1,K,referent,C,3,1,1,0,DEMO-o4.4.1-example
B,pilot,label_index,sq_arm=SQ-1,K,referent,C,4,1,1,0,DEMO-o4.4.1-example
B,pilot,label_index,sq_arm=SQ-1,K,referent,D,1,1,1,0,DEMO-o4.4.1-example
B,pilot,label_index,sq_arm=SQ-1,K,referent,D,2,1,1,0,DEMO-o4.4.1-example
B,pilot,label_index,sq_arm=SQ-1,K,referent,D,3,1,1,0,DEMO-o4.4.1-example
B,pilot,label_index,sq_arm=SQ-1,K,referent,D,4,1,1,0,DEMO-o4.4.1-example
B,pilot,label_index,sq_arm=SQ-1,Q,action,SCAN,1,2,1,1,DEMO-o4.4.1-example
B,pilot,label_index,sq_arm=SQ-1,Q,action,SCAN,2,2,1,1,DEMO-o4.4.1-example
B,pilot,label_index,sq_arm=SQ-1,Q,action,SCAN,3,0,1,-1,DEMO-o4.4.1-example
B,pilot,label_index,sq_arm=SQ-1,Q,action,SCAN,4,0,1,-1,DEMO-o4.4.1-example
B,pilot,label_index,sq_arm=SQ-1,Q,action,TAG,1,2,1,1,DEMO-o4.4.1-example
B,pilot,label_index,sq_arm=SQ-1,Q,action,TAG,2,2,1,1,DEMO-o4.4.1-example
B,pilot,label_index,sq_arm=SQ-1,Q,action,TAG,3,0,1,-1,DEMO-o4.4.1-example
B,pilot,label_index,sq_arm=SQ-1,Q,action,TAG,4,0,1,-1,DEMO-o4.4.1-example
B,pilot,label_index,sq_arm=SQ-1,Q,action,CLOSE,1,0,1,-1,DEMO-o4.4.1-example
B,pilot,label_index,sq_arm=SQ-1,Q,action,CLOSE,2,0,1,-1,DEMO-o4.4.1-example
B,pilot,label_index,sq_arm=SQ-1,Q,action,CLOSE,3,2,1,1,DEMO-o4.4.1-example
B,pilot,label_index,sq_arm=SQ-1,Q,action,CLOSE,4,2,1,1,DEMO-o4.4.1-example
B,pilot,label_index,sq_arm=SQ-1,Q,action,QUARANTINE,1,0,1,-1,DEMO-o4.4.1-example
B,pilot,label_index,sq_arm=SQ-1,Q,action,QUARANTINE,2,0,1,-1,DEMO-o4.4.1-example
B,pilot,label_index,sq_arm=SQ-1,Q,action,QUARANTINE,3,2,1,1,DEMO-o4.4.1-example
B,pilot,label_index,sq_arm=SQ-1,Q,action,QUARANTINE,4,2,1,1,DEMO-o4.4.1-example
B,pilot,label_index,sq_arm=SQ-1,Q,referent,E,1,1,1,0,DEMO-o4.4.1-example
B,pilot,label_index,sq_arm=SQ-1,Q,referent,E,2,1,1,0,DEMO-o4.4.1-example
B,pilot,label_index,sq_arm=SQ-1,Q,referent,E,3,1,1,0,DEMO-o4.4.1-example
B,pilot,label_index,sq_arm=SQ-1,Q,referent,E,4,1,1,0,DEMO-o4.4.1-example
B,pilot,label_index,sq_arm=SQ-1,Q,referent,F,1,1,1,0,DEMO-o4.4.1-example
B,pilot,label_index,sq_arm=SQ-1,Q,referent,F,2,1,1,0,DEMO-o4.4.1-example
B,pilot,label_index,sq_arm=SQ-1,Q,referent,F,3,1,1,0,DEMO-o4.4.1-example
B,pilot,label_index,sq_arm=SQ-1,Q,referent,F,4,1,1,0,DEMO-o4.4.1-example
B,pilot,label_index,sq_arm=SQ-1,Q,referent,G,1,1,1,0,DEMO-o4.4.1-example
B,pilot,label_index,sq_arm=SQ-1,Q,referent,G,2,1,1,0,DEMO-o4.4.1-example
B,pilot,label_index,sq_arm=SQ-1,Q,referent,G,3,1,1,0,DEMO-o4.4.1-example
B,pilot,label_index,sq_arm=SQ-1,Q,referent,G,4,1,1,0,DEMO-o4.4.1-example
B,pilot,label_index,sq_arm=SQ-1,Q,referent,H,1,1,1,0,DEMO-o4.4.1-example
B,pilot,label_index,sq_arm=SQ-1,Q,referent,H,2,1,1,0,DEMO-o4.4.1-example
B,pilot,label_index,sq_arm=SQ-1,Q,referent,H,3,1,1,0,DEMO-o4.4.1-example
B,pilot,label_index,sq_arm=SQ-1,Q,referent,H,4,1,1,0,DEMO-o4.4.1-example
B,pilot,wave1_position,sq_arm=SQ-1,K,,K-a1,1,0,0.5,-0.5,DEMO-o4.4.1-example
B,pilot,wave1_position,sq_arm=SQ-1,K,,K-a1,2,0,0.5,-0.5,DEMO-o4.4.1-example
B,pilot,wave1_position,sq_arm=SQ-1,K,,K-a1,3,0,0.5,-0.5,DEMO-o4.4.1-example
B,pilot,wave1_position,sq_arm=SQ-1,K,,K-a1,4,0,0.5,-0.5,DEMO-o4.4.1-example
B,pilot,wave1_position,sq_arm=SQ-1,K,,K-a1,5,1,0.5,0.5,DEMO-o4.4.1-example
B,pilot,wave1_position,sq_arm=SQ-1,K,,K-a1,6,1,0.5,0.5,DEMO-o4.4.1-example
B,pilot,wave1_position,sq_arm=SQ-1,K,,K-a1,7,1,0.5,0.5,DEMO-o4.4.1-example
B,pilot,wave1_position,sq_arm=SQ-1,K,,K-a1,8,1,0.5,0.5,DEMO-o4.4.1-example
B,pilot,wave1_position,sq_arm=SQ-1,K,,K-a2,1,1,0.5,0.5,DEMO-o4.4.1-example
B,pilot,wave1_position,sq_arm=SQ-1,K,,K-a2,2,1,0.5,0.5,DEMO-o4.4.1-example
B,pilot,wave1_position,sq_arm=SQ-1,K,,K-a2,3,1,0.5,0.5,DEMO-o4.4.1-example
B,pilot,wave1_position,sq_arm=SQ-1,K,,K-a2,4,1,0.5,0.5,DEMO-o4.4.1-example
B,pilot,wave1_position,sq_arm=SQ-1,K,,K-a2,5,0,0.5,-0.5,DEMO-o4.4.1-example
B,pilot,wave1_position,sq_arm=SQ-1,K,,K-a2,6,0,0.5,-0.5,DEMO-o4.4.1-example
B,pilot,wave1_position,sq_arm=SQ-1,K,,K-a2,7,0,0.5,-0.5,DEMO-o4.4.1-example
B,pilot,wave1_position,sq_arm=SQ-1,K,,K-a2,8,0,0.5,-0.5,DEMO-o4.4.1-example
B,pilot,wave1_position,sq_arm=SQ-1,K,,K-r1,1,0,0.5,-0.5,DEMO-o4.4.1-example
B,pilot,wave1_position,sq_arm=SQ-1,K,,K-r1,2,0,0.5,-0.5,DEMO-o4.4.1-example
B,pilot,wave1_position,sq_arm=SQ-1,K,,K-r1,3,0,0.5,-0.5,DEMO-o4.4.1-example
B,pilot,wave1_position,sq_arm=SQ-1,K,,K-r1,4,0,0.5,-0.5,DEMO-o4.4.1-example
B,pilot,wave1_position,sq_arm=SQ-1,K,,K-r1,5,1,0.5,0.5,DEMO-o4.4.1-example
B,pilot,wave1_position,sq_arm=SQ-1,K,,K-r1,6,1,0.5,0.5,DEMO-o4.4.1-example
B,pilot,wave1_position,sq_arm=SQ-1,K,,K-r1,7,1,0.5,0.5,DEMO-o4.4.1-example
B,pilot,wave1_position,sq_arm=SQ-1,K,,K-r1,8,1,0.5,0.5,DEMO-o4.4.1-example
B,pilot,wave1_position,sq_arm=SQ-1,K,,K-r2,1,1,0.5,0.5,DEMO-o4.4.1-example
B,pilot,wave1_position,sq_arm=SQ-1,K,,K-r2,2,1,0.5,0.5,DEMO-o4.4.1-example
B,pilot,wave1_position,sq_arm=SQ-1,K,,K-r2,3,1,0.5,0.5,DEMO-o4.4.1-example
B,pilot,wave1_position,sq_arm=SQ-1,K,,K-r2,4,1,0.5,0.5,DEMO-o4.4.1-example
B,pilot,wave1_position,sq_arm=SQ-1,K,,K-r2,5,0,0.5,-0.5,DEMO-o4.4.1-example
B,pilot,wave1_position,sq_arm=SQ-1,K,,K-r2,6,0,0.5,-0.5,DEMO-o4.4.1-example
B,pilot,wave1_position,sq_arm=SQ-1,K,,K-r2,7,0,0.5,-0.5,DEMO-o4.4.1-example
B,pilot,wave1_position,sq_arm=SQ-1,K,,K-r2,8,0,0.5,-0.5,DEMO-o4.4.1-example
B,pilot,wave1_position,sq_arm=SQ-1,Q,,Q-a1,1,0,0.5,-0.5,DEMO-o4.4.1-example
B,pilot,wave1_position,sq_arm=SQ-1,Q,,Q-a1,2,0,0.5,-0.5,DEMO-o4.4.1-example
B,pilot,wave1_position,sq_arm=SQ-1,Q,,Q-a1,3,0,0.5,-0.5,DEMO-o4.4.1-example
B,pilot,wave1_position,sq_arm=SQ-1,Q,,Q-a1,4,0,0.5,-0.5,DEMO-o4.4.1-example
B,pilot,wave1_position,sq_arm=SQ-1,Q,,Q-a1,5,1,0.5,0.5,DEMO-o4.4.1-example
B,pilot,wave1_position,sq_arm=SQ-1,Q,,Q-a1,6,1,0.5,0.5,DEMO-o4.4.1-example
B,pilot,wave1_position,sq_arm=SQ-1,Q,,Q-a1,7,1,0.5,0.5,DEMO-o4.4.1-example
B,pilot,wave1_position,sq_arm=SQ-1,Q,,Q-a1,8,1,0.5,0.5,DEMO-o4.4.1-example
B,pilot,wave1_position,sq_arm=SQ-1,Q,,Q-a2,1,1,0.5,0.5,DEMO-o4.4.1-example
B,pilot,wave1_position,sq_arm=SQ-1,Q,,Q-a2,2,1,0.5,0.5,DEMO-o4.4.1-example
B,pilot,wave1_position,sq_arm=SQ-1,Q,,Q-a2,3,1,0.5,0.5,DEMO-o4.4.1-example
B,pilot,wave1_position,sq_arm=SQ-1,Q,,Q-a2,4,1,0.5,0.5,DEMO-o4.4.1-example
B,pilot,wave1_position,sq_arm=SQ-1,Q,,Q-a2,5,0,0.5,-0.5,DEMO-o4.4.1-example
B,pilot,wave1_position,sq_arm=SQ-1,Q,,Q-a2,6,0,0.5,-0.5,DEMO-o4.4.1-example
B,pilot,wave1_position,sq_arm=SQ-1,Q,,Q-a2,7,0,0.5,-0.5,DEMO-o4.4.1-example
B,pilot,wave1_position,sq_arm=SQ-1,Q,,Q-a2,8,0,0.5,-0.5,DEMO-o4.4.1-example
B,pilot,wave1_position,sq_arm=SQ-1,Q,,Q-r1,1,1,0.5,0.5,DEMO-o4.4.1-example
B,pilot,wave1_position,sq_arm=SQ-1,Q,,Q-r1,2,1,0.5,0.5,DEMO-o4.4.1-example
B,pilot,wave1_position,sq_arm=SQ-1,Q,,Q-r1,3,1,0.5,0.5,DEMO-o4.4.1-example
B,pilot,wave1_position,sq_arm=SQ-1,Q,,Q-r1,4,1,0.5,0.5,DEMO-o4.4.1-example
B,pilot,wave1_position,sq_arm=SQ-1,Q,,Q-r1,5,0,0.5,-0.5,DEMO-o4.4.1-example
B,pilot,wave1_position,sq_arm=SQ-1,Q,,Q-r1,6,0,0.5,-0.5,DEMO-o4.4.1-example
B,pilot,wave1_position,sq_arm=SQ-1,Q,,Q-r1,7,0,0.5,-0.5,DEMO-o4.4.1-example
B,pilot,wave1_position,sq_arm=SQ-1,Q,,Q-r1,8,0,0.5,-0.5,DEMO-o4.4.1-example
B,pilot,wave1_position,sq_arm=SQ-1,Q,,Q-r2,1,0,0.5,-0.5,DEMO-o4.4.1-example
B,pilot,wave1_position,sq_arm=SQ-1,Q,,Q-r2,2,0,0.5,-0.5,DEMO-o4.4.1-example
B,pilot,wave1_position,sq_arm=SQ-1,Q,,Q-r2,3,0,0.5,-0.5,DEMO-o4.4.1-example
B,pilot,wave1_position,sq_arm=SQ-1,Q,,Q-r2,4,0,0.5,-0.5,DEMO-o4.4.1-example
B,pilot,wave1_position,sq_arm=SQ-1,Q,,Q-r2,5,1,0.5,0.5,DEMO-o4.4.1-example
B,pilot,wave1_position,sq_arm=SQ-1,Q,,Q-r2,6,1,0.5,0.5,DEMO-o4.4.1-example
B,pilot,wave1_position,sq_arm=SQ-1,Q,,Q-r2,7,1,0.5,0.5,DEMO-o4.4.1-example
B,pilot,wave1_position,sq_arm=SQ-1,Q,,Q-r2,8,1,0.5,0.5,DEMO-o4.4.1-example
B,pilot,wave2_position,sq_arm=SQ-1,K,,K-a3,1,1,1,0,DEMO-o4.4.1-example
B,pilot,wave2_position,sq_arm=SQ-1,K,,K-a3,2,1,1,0,DEMO-o4.4.1-example
B,pilot,wave2_position,sq_arm=SQ-1,K,,K-a3,3,1,1,0,DEMO-o4.4.1-example
B,pilot,wave2_position,sq_arm=SQ-1,K,,K-a3,4,1,1,0,DEMO-o4.4.1-example
B,pilot,wave2_position,sq_arm=SQ-1,K,,K-r3,1,1,1,0,DEMO-o4.4.1-example
B,pilot,wave2_position,sq_arm=SQ-1,K,,K-r3,2,1,1,0,DEMO-o4.4.1-example
B,pilot,wave2_position,sq_arm=SQ-1,K,,K-r3,3,1,1,0,DEMO-o4.4.1-example
B,pilot,wave2_position,sq_arm=SQ-1,K,,K-r3,4,1,1,0,DEMO-o4.4.1-example
B,pilot,wave2_position,sq_arm=SQ-1,Q,,Q-a3,1,1,1,0,DEMO-o4.4.1-example
B,pilot,wave2_position,sq_arm=SQ-1,Q,,Q-a3,2,1,1,0,DEMO-o4.4.1-example
B,pilot,wave2_position,sq_arm=SQ-1,Q,,Q-a3,3,1,1,0,DEMO-o4.4.1-example
B,pilot,wave2_position,sq_arm=SQ-1,Q,,Q-a3,4,1,1,0,DEMO-o4.4.1-example
B,pilot,wave2_position,sq_arm=SQ-1,Q,,Q-r3,1,1,1,0,DEMO-o4.4.1-example
B,pilot,wave2_position,sq_arm=SQ-1,Q,,Q-r3,2,1,1,0,DEMO-o4.4.1-example
B,pilot,wave2_position,sq_arm=SQ-1,Q,,Q-r3,3,1,1,0,DEMO-o4.4.1-example
B,pilot,wave2_position,sq_arm=SQ-1,Q,,Q-r3,4,1,1,0,DEMO-o4.4.1-example
B,pilot,wave3_position,sq_arm=SQ-1,K,,K-a4,1,1,1,0,DEMO-o4.4.1-example
B,pilot,wave3_position,sq_arm=SQ-1,K,,K-a4,2,1,1,0,DEMO-o4.4.1-example
B,pilot,wave3_position,sq_arm=SQ-1,K,,K-a4,3,1,1,0,DEMO-o4.4.1-example
B,pilot,wave3_position,sq_arm=SQ-1,K,,K-a4,4,1,1,0,DEMO-o4.4.1-example
B,pilot,wave3_position,sq_arm=SQ-1,K,,K-r4,1,1,1,0,DEMO-o4.4.1-example
B,pilot,wave3_position,sq_arm=SQ-1,K,,K-r4,2,1,1,0,DEMO-o4.4.1-example
B,pilot,wave3_position,sq_arm=SQ-1,K,,K-r4,3,1,1,0,DEMO-o4.4.1-example
B,pilot,wave3_position,sq_arm=SQ-1,K,,K-r4,4,1,1,0,DEMO-o4.4.1-example
B,pilot,wave3_position,sq_arm=SQ-1,Q,,Q-a4,1,1,1,0,DEMO-o4.4.1-example
B,pilot,wave3_position,sq_arm=SQ-1,Q,,Q-a4,2,1,1,0,DEMO-o4.4.1-example
B,pilot,wave3_position,sq_arm=SQ-1,Q,,Q-a4,3,1,1,0,DEMO-o4.4.1-example
B,pilot,wave3_position,sq_arm=SQ-1,Q,,Q-a4,4,1,1,0,DEMO-o4.4.1-example
B,pilot,wave3_position,sq_arm=SQ-1,Q,,Q-r4,1,1,1,0,DEMO-o4.4.1-example
B,pilot,wave3_position,sq_arm=SQ-1,Q,,Q-r4,2,1,1,0,DEMO-o4.4.1-example
B,pilot,wave3_position,sq_arm=SQ-1,Q,,Q-r4,3,1,1,0,DEMO-o4.4.1-example
B,pilot,wave3_position,sq_arm=SQ-1,Q,,Q-r4,4,1,1,0,DEMO-o4.4.1-example
B,pilot,family_first,sq_arm=SQ-1,,,K,,2,2,0,DEMO-o4.4.1-example
B,pilot,family_first,sq_arm=SQ-1,,,Q,,2,2,0,DEMO-o4.4.1-example
B,pilot,swap_w1_w4,sq_arm=SQ-1,,,0,,2,2,0,DEMO-o4.4.1-example
B,pilot,swap_w1_w4,sq_arm=SQ-1,,,1,,2,2,0,DEMO-o4.4.1-example
B,pilot,label_index,sq_arm=SQ-2,K,action,ADD_ONE,1,2,1,1,DEMO-o4.4.1-example
B,pilot,label_index,sq_arm=SQ-2,K,action,ADD_ONE,2,2,1,1,DEMO-o4.4.1-example
B,pilot,label_index,sq_arm=SQ-2,K,action,ADD_ONE,3,0,1,-1,DEMO-o4.4.1-example
B,pilot,label_index,sq_arm=SQ-2,K,action,ADD_ONE,4,0,1,-1,DEMO-o4.4.1-example
B,pilot,label_index,sq_arm=SQ-2,K,action,REMOVE_ONE,1,0,1,-1,DEMO-o4.4.1-example
B,pilot,label_index,sq_arm=SQ-2,K,action,REMOVE_ONE,2,0,1,-1,DEMO-o4.4.1-example
B,pilot,label_index,sq_arm=SQ-2,K,action,REMOVE_ONE,3,2,1,1,DEMO-o4.4.1-example
B,pilot,label_index,sq_arm=SQ-2,K,action,REMOVE_ONE,4,2,1,1,DEMO-o4.4.1-example
B,pilot,label_index,sq_arm=SQ-2,K,action,FLIP_CARD,1,2,1,1,DEMO-o4.4.1-example
B,pilot,label_index,sq_arm=SQ-2,K,action,FLIP_CARD,2,2,1,1,DEMO-o4.4.1-example
B,pilot,label_index,sq_arm=SQ-2,K,action,FLIP_CARD,3,0,1,-1,DEMO-o4.4.1-example
B,pilot,label_index,sq_arm=SQ-2,K,action,FLIP_CARD,4,0,1,-1,DEMO-o4.4.1-example
B,pilot,label_index,sq_arm=SQ-2,K,action,ALIGN_ARROW,1,0,1,-1,DEMO-o4.4.1-example
B,pilot,label_index,sq_arm=SQ-2,K,action,ALIGN_ARROW,2,0,1,-1,DEMO-o4.4.1-example
B,pilot,label_index,sq_arm=SQ-2,K,action,ALIGN_ARROW,3,2,1,1,DEMO-o4.4.1-example
B,pilot,label_index,sq_arm=SQ-2,K,action,ALIGN_ARROW,4,2,1,1,DEMO-o4.4.1-example
B,pilot,label_index,sq_arm=SQ-2,K,referent,A,1,1,1,0,DEMO-o4.4.1-example
B,pilot,label_index,sq_arm=SQ-2,K,referent,A,2,1,1,0,DEMO-o4.4.1-example
B,pilot,label_index,sq_arm=SQ-2,K,referent,A,3,1,1,0,DEMO-o4.4.1-example
B,pilot,label_index,sq_arm=SQ-2,K,referent,A,4,1,1,0,DEMO-o4.4.1-example
B,pilot,label_index,sq_arm=SQ-2,K,referent,B,1,1,1,0,DEMO-o4.4.1-example
B,pilot,label_index,sq_arm=SQ-2,K,referent,B,2,1,1,0,DEMO-o4.4.1-example
B,pilot,label_index,sq_arm=SQ-2,K,referent,B,3,1,1,0,DEMO-o4.4.1-example
B,pilot,label_index,sq_arm=SQ-2,K,referent,B,4,1,1,0,DEMO-o4.4.1-example
B,pilot,label_index,sq_arm=SQ-2,K,referent,C,1,1,1,0,DEMO-o4.4.1-example
B,pilot,label_index,sq_arm=SQ-2,K,referent,C,2,1,1,0,DEMO-o4.4.1-example
B,pilot,label_index,sq_arm=SQ-2,K,referent,C,3,1,1,0,DEMO-o4.4.1-example
B,pilot,label_index,sq_arm=SQ-2,K,referent,C,4,1,1,0,DEMO-o4.4.1-example
B,pilot,label_index,sq_arm=SQ-2,K,referent,D,1,1,1,0,DEMO-o4.4.1-example
B,pilot,label_index,sq_arm=SQ-2,K,referent,D,2,1,1,0,DEMO-o4.4.1-example
B,pilot,label_index,sq_arm=SQ-2,K,referent,D,3,1,1,0,DEMO-o4.4.1-example
B,pilot,label_index,sq_arm=SQ-2,K,referent,D,4,1,1,0,DEMO-o4.4.1-example
B,pilot,label_index,sq_arm=SQ-2,Q,action,SCAN,1,0,1,-1,DEMO-o4.4.1-example
B,pilot,label_index,sq_arm=SQ-2,Q,action,SCAN,2,0,1,-1,DEMO-o4.4.1-example
B,pilot,label_index,sq_arm=SQ-2,Q,action,SCAN,3,2,1,1,DEMO-o4.4.1-example
B,pilot,label_index,sq_arm=SQ-2,Q,action,SCAN,4,2,1,1,DEMO-o4.4.1-example
B,pilot,label_index,sq_arm=SQ-2,Q,action,TAG,1,0,1,-1,DEMO-o4.4.1-example
B,pilot,label_index,sq_arm=SQ-2,Q,action,TAG,2,0,1,-1,DEMO-o4.4.1-example
B,pilot,label_index,sq_arm=SQ-2,Q,action,TAG,3,2,1,1,DEMO-o4.4.1-example
B,pilot,label_index,sq_arm=SQ-2,Q,action,TAG,4,2,1,1,DEMO-o4.4.1-example
B,pilot,label_index,sq_arm=SQ-2,Q,action,CLOSE,1,2,1,1,DEMO-o4.4.1-example
B,pilot,label_index,sq_arm=SQ-2,Q,action,CLOSE,2,2,1,1,DEMO-o4.4.1-example
B,pilot,label_index,sq_arm=SQ-2,Q,action,CLOSE,3,0,1,-1,DEMO-o4.4.1-example
B,pilot,label_index,sq_arm=SQ-2,Q,action,CLOSE,4,0,1,-1,DEMO-o4.4.1-example
B,pilot,label_index,sq_arm=SQ-2,Q,action,QUARANTINE,1,2,1,1,DEMO-o4.4.1-example
B,pilot,label_index,sq_arm=SQ-2,Q,action,QUARANTINE,2,2,1,1,DEMO-o4.4.1-example
B,pilot,label_index,sq_arm=SQ-2,Q,action,QUARANTINE,3,0,1,-1,DEMO-o4.4.1-example
B,pilot,label_index,sq_arm=SQ-2,Q,action,QUARANTINE,4,0,1,-1,DEMO-o4.4.1-example
B,pilot,label_index,sq_arm=SQ-2,Q,referent,E,1,1,1,0,DEMO-o4.4.1-example
B,pilot,label_index,sq_arm=SQ-2,Q,referent,E,2,1,1,0,DEMO-o4.4.1-example
B,pilot,label_index,sq_arm=SQ-2,Q,referent,E,3,1,1,0,DEMO-o4.4.1-example
B,pilot,label_index,sq_arm=SQ-2,Q,referent,E,4,1,1,0,DEMO-o4.4.1-example
B,pilot,label_index,sq_arm=SQ-2,Q,referent,F,1,1,1,0,DEMO-o4.4.1-example
B,pilot,label_index,sq_arm=SQ-2,Q,referent,F,2,1,1,0,DEMO-o4.4.1-example
B,pilot,label_index,sq_arm=SQ-2,Q,referent,F,3,1,1,0,DEMO-o4.4.1-example
B,pilot,label_index,sq_arm=SQ-2,Q,referent,F,4,1,1,0,DEMO-o4.4.1-example
B,pilot,label_index,sq_arm=SQ-2,Q,referent,G,1,1,1,0,DEMO-o4.4.1-example
B,pilot,label_index,sq_arm=SQ-2,Q,referent,G,2,1,1,0,DEMO-o4.4.1-example
B,pilot,label_index,sq_arm=SQ-2,Q,referent,G,3,1,1,0,DEMO-o4.4.1-example
B,pilot,label_index,sq_arm=SQ-2,Q,referent,G,4,1,1,0,DEMO-o4.4.1-example
B,pilot,label_index,sq_arm=SQ-2,Q,referent,H,1,1,1,0,DEMO-o4.4.1-example
B,pilot,label_index,sq_arm=SQ-2,Q,referent,H,2,1,1,0,DEMO-o4.4.1-example
B,pilot,label_index,sq_arm=SQ-2,Q,referent,H,3,1,1,0,DEMO-o4.4.1-example
B,pilot,label_index,sq_arm=SQ-2,Q,referent,H,4,1,1,0,DEMO-o4.4.1-example
B,pilot,wave1_position,sq_arm=SQ-2,K,,K-a1,1,1,0.5,0.5,DEMO-o4.4.1-example
B,pilot,wave1_position,sq_arm=SQ-2,K,,K-a1,2,1,0.5,0.5,DEMO-o4.4.1-example
B,pilot,wave1_position,sq_arm=SQ-2,K,,K-a1,3,1,0.5,0.5,DEMO-o4.4.1-example
B,pilot,wave1_position,sq_arm=SQ-2,K,,K-a1,4,1,0.5,0.5,DEMO-o4.4.1-example
B,pilot,wave1_position,sq_arm=SQ-2,K,,K-a1,5,0,0.5,-0.5,DEMO-o4.4.1-example
B,pilot,wave1_position,sq_arm=SQ-2,K,,K-a1,6,0,0.5,-0.5,DEMO-o4.4.1-example
B,pilot,wave1_position,sq_arm=SQ-2,K,,K-a1,7,0,0.5,-0.5,DEMO-o4.4.1-example
B,pilot,wave1_position,sq_arm=SQ-2,K,,K-a1,8,0,0.5,-0.5,DEMO-o4.4.1-example
B,pilot,wave1_position,sq_arm=SQ-2,K,,K-a2,1,0,0.5,-0.5,DEMO-o4.4.1-example
B,pilot,wave1_position,sq_arm=SQ-2,K,,K-a2,2,0,0.5,-0.5,DEMO-o4.4.1-example
B,pilot,wave1_position,sq_arm=SQ-2,K,,K-a2,3,0,0.5,-0.5,DEMO-o4.4.1-example
B,pilot,wave1_position,sq_arm=SQ-2,K,,K-a2,4,0,0.5,-0.5,DEMO-o4.4.1-example
B,pilot,wave1_position,sq_arm=SQ-2,K,,K-a2,5,1,0.5,0.5,DEMO-o4.4.1-example
B,pilot,wave1_position,sq_arm=SQ-2,K,,K-a2,6,1,0.5,0.5,DEMO-o4.4.1-example
B,pilot,wave1_position,sq_arm=SQ-2,K,,K-a2,7,1,0.5,0.5,DEMO-o4.4.1-example
B,pilot,wave1_position,sq_arm=SQ-2,K,,K-a2,8,1,0.5,0.5,DEMO-o4.4.1-example
B,pilot,wave1_position,sq_arm=SQ-2,K,,K-r1,1,1,0.5,0.5,DEMO-o4.4.1-example
B,pilot,wave1_position,sq_arm=SQ-2,K,,K-r1,2,1,0.5,0.5,DEMO-o4.4.1-example
B,pilot,wave1_position,sq_arm=SQ-2,K,,K-r1,3,1,0.5,0.5,DEMO-o4.4.1-example
B,pilot,wave1_position,sq_arm=SQ-2,K,,K-r1,4,1,0.5,0.5,DEMO-o4.4.1-example
B,pilot,wave1_position,sq_arm=SQ-2,K,,K-r1,5,0,0.5,-0.5,DEMO-o4.4.1-example
B,pilot,wave1_position,sq_arm=SQ-2,K,,K-r1,6,0,0.5,-0.5,DEMO-o4.4.1-example
B,pilot,wave1_position,sq_arm=SQ-2,K,,K-r1,7,0,0.5,-0.5,DEMO-o4.4.1-example
B,pilot,wave1_position,sq_arm=SQ-2,K,,K-r1,8,0,0.5,-0.5,DEMO-o4.4.1-example
B,pilot,wave1_position,sq_arm=SQ-2,K,,K-r2,1,0,0.5,-0.5,DEMO-o4.4.1-example
B,pilot,wave1_position,sq_arm=SQ-2,K,,K-r2,2,0,0.5,-0.5,DEMO-o4.4.1-example
B,pilot,wave1_position,sq_arm=SQ-2,K,,K-r2,3,0,0.5,-0.5,DEMO-o4.4.1-example
B,pilot,wave1_position,sq_arm=SQ-2,K,,K-r2,4,0,0.5,-0.5,DEMO-o4.4.1-example
B,pilot,wave1_position,sq_arm=SQ-2,K,,K-r2,5,1,0.5,0.5,DEMO-o4.4.1-example
B,pilot,wave1_position,sq_arm=SQ-2,K,,K-r2,6,1,0.5,0.5,DEMO-o4.4.1-example
B,pilot,wave1_position,sq_arm=SQ-2,K,,K-r2,7,1,0.5,0.5,DEMO-o4.4.1-example
B,pilot,wave1_position,sq_arm=SQ-2,K,,K-r2,8,1,0.5,0.5,DEMO-o4.4.1-example
B,pilot,wave1_position,sq_arm=SQ-2,Q,,Q-a1,1,1,0.5,0.5,DEMO-o4.4.1-example
B,pilot,wave1_position,sq_arm=SQ-2,Q,,Q-a1,2,1,0.5,0.5,DEMO-o4.4.1-example
B,pilot,wave1_position,sq_arm=SQ-2,Q,,Q-a1,3,1,0.5,0.5,DEMO-o4.4.1-example
B,pilot,wave1_position,sq_arm=SQ-2,Q,,Q-a1,4,1,0.5,0.5,DEMO-o4.4.1-example
B,pilot,wave1_position,sq_arm=SQ-2,Q,,Q-a1,5,0,0.5,-0.5,DEMO-o4.4.1-example
B,pilot,wave1_position,sq_arm=SQ-2,Q,,Q-a1,6,0,0.5,-0.5,DEMO-o4.4.1-example
B,pilot,wave1_position,sq_arm=SQ-2,Q,,Q-a1,7,0,0.5,-0.5,DEMO-o4.4.1-example
B,pilot,wave1_position,sq_arm=SQ-2,Q,,Q-a1,8,0,0.5,-0.5,DEMO-o4.4.1-example
B,pilot,wave1_position,sq_arm=SQ-2,Q,,Q-a2,1,0,0.5,-0.5,DEMO-o4.4.1-example
B,pilot,wave1_position,sq_arm=SQ-2,Q,,Q-a2,2,0,0.5,-0.5,DEMO-o4.4.1-example
B,pilot,wave1_position,sq_arm=SQ-2,Q,,Q-a2,3,0,0.5,-0.5,DEMO-o4.4.1-example
B,pilot,wave1_position,sq_arm=SQ-2,Q,,Q-a2,4,0,0.5,-0.5,DEMO-o4.4.1-example
B,pilot,wave1_position,sq_arm=SQ-2,Q,,Q-a2,5,1,0.5,0.5,DEMO-o4.4.1-example
B,pilot,wave1_position,sq_arm=SQ-2,Q,,Q-a2,6,1,0.5,0.5,DEMO-o4.4.1-example
B,pilot,wave1_position,sq_arm=SQ-2,Q,,Q-a2,7,1,0.5,0.5,DEMO-o4.4.1-example
B,pilot,wave1_position,sq_arm=SQ-2,Q,,Q-a2,8,1,0.5,0.5,DEMO-o4.4.1-example
B,pilot,wave1_position,sq_arm=SQ-2,Q,,Q-r1,1,0,0.5,-0.5,DEMO-o4.4.1-example
B,pilot,wave1_position,sq_arm=SQ-2,Q,,Q-r1,2,0,0.5,-0.5,DEMO-o4.4.1-example
B,pilot,wave1_position,sq_arm=SQ-2,Q,,Q-r1,3,0,0.5,-0.5,DEMO-o4.4.1-example
B,pilot,wave1_position,sq_arm=SQ-2,Q,,Q-r1,4,0,0.5,-0.5,DEMO-o4.4.1-example
B,pilot,wave1_position,sq_arm=SQ-2,Q,,Q-r1,5,1,0.5,0.5,DEMO-o4.4.1-example
B,pilot,wave1_position,sq_arm=SQ-2,Q,,Q-r1,6,1,0.5,0.5,DEMO-o4.4.1-example
B,pilot,wave1_position,sq_arm=SQ-2,Q,,Q-r1,7,1,0.5,0.5,DEMO-o4.4.1-example
B,pilot,wave1_position,sq_arm=SQ-2,Q,,Q-r1,8,1,0.5,0.5,DEMO-o4.4.1-example
B,pilot,wave1_position,sq_arm=SQ-2,Q,,Q-r2,1,1,0.5,0.5,DEMO-o4.4.1-example
B,pilot,wave1_position,sq_arm=SQ-2,Q,,Q-r2,2,1,0.5,0.5,DEMO-o4.4.1-example
B,pilot,wave1_position,sq_arm=SQ-2,Q,,Q-r2,3,1,0.5,0.5,DEMO-o4.4.1-example
B,pilot,wave1_position,sq_arm=SQ-2,Q,,Q-r2,4,1,0.5,0.5,DEMO-o4.4.1-example
B,pilot,wave1_position,sq_arm=SQ-2,Q,,Q-r2,5,0,0.5,-0.5,DEMO-o4.4.1-example
B,pilot,wave1_position,sq_arm=SQ-2,Q,,Q-r2,6,0,0.5,-0.5,DEMO-o4.4.1-example
B,pilot,wave1_position,sq_arm=SQ-2,Q,,Q-r2,7,0,0.5,-0.5,DEMO-o4.4.1-example
B,pilot,wave1_position,sq_arm=SQ-2,Q,,Q-r2,8,0,0.5,-0.5,DEMO-o4.4.1-example
B,pilot,wave2_position,sq_arm=SQ-2,K,,K-a3,1,1,1,0,DEMO-o4.4.1-example
B,pilot,wave2_position,sq_arm=SQ-2,K,,K-a3,2,1,1,0,DEMO-o4.4.1-example
B,pilot,wave2_position,sq_arm=SQ-2,K,,K-a3,3,1,1,0,DEMO-o4.4.1-example
B,pilot,wave2_position,sq_arm=SQ-2,K,,K-a3,4,1,1,0,DEMO-o4.4.1-example
B,pilot,wave2_position,sq_arm=SQ-2,K,,K-r3,1,1,1,0,DEMO-o4.4.1-example
B,pilot,wave2_position,sq_arm=SQ-2,K,,K-r3,2,1,1,0,DEMO-o4.4.1-example
B,pilot,wave2_position,sq_arm=SQ-2,K,,K-r3,3,1,1,0,DEMO-o4.4.1-example
B,pilot,wave2_position,sq_arm=SQ-2,K,,K-r3,4,1,1,0,DEMO-o4.4.1-example
B,pilot,wave2_position,sq_arm=SQ-2,Q,,Q-a3,1,1,1,0,DEMO-o4.4.1-example
B,pilot,wave2_position,sq_arm=SQ-2,Q,,Q-a3,2,1,1,0,DEMO-o4.4.1-example
B,pilot,wave2_position,sq_arm=SQ-2,Q,,Q-a3,3,1,1,0,DEMO-o4.4.1-example
B,pilot,wave2_position,sq_arm=SQ-2,Q,,Q-a3,4,1,1,0,DEMO-o4.4.1-example
B,pilot,wave2_position,sq_arm=SQ-2,Q,,Q-r3,1,1,1,0,DEMO-o4.4.1-example
B,pilot,wave2_position,sq_arm=SQ-2,Q,,Q-r3,2,1,1,0,DEMO-o4.4.1-example
B,pilot,wave2_position,sq_arm=SQ-2,Q,,Q-r3,3,1,1,0,DEMO-o4.4.1-example
B,pilot,wave2_position,sq_arm=SQ-2,Q,,Q-r3,4,1,1,0,DEMO-o4.4.1-example
B,pilot,wave3_position,sq_arm=SQ-2,K,,K-a4,1,1,1,0,DEMO-o4.4.1-example
B,pilot,wave3_position,sq_arm=SQ-2,K,,K-a4,2,1,1,0,DEMO-o4.4.1-example
B,pilot,wave3_position,sq_arm=SQ-2,K,,K-a4,3,1,1,0,DEMO-o4.4.1-example
B,pilot,wave3_position,sq_arm=SQ-2,K,,K-a4,4,1,1,0,DEMO-o4.4.1-example
B,pilot,wave3_position,sq_arm=SQ-2,K,,K-r4,1,1,1,0,DEMO-o4.4.1-example
B,pilot,wave3_position,sq_arm=SQ-2,K,,K-r4,2,1,1,0,DEMO-o4.4.1-example
B,pilot,wave3_position,sq_arm=SQ-2,K,,K-r4,3,1,1,0,DEMO-o4.4.1-example
B,pilot,wave3_position,sq_arm=SQ-2,K,,K-r4,4,1,1,0,DEMO-o4.4.1-example
B,pilot,wave3_position,sq_arm=SQ-2,Q,,Q-a4,1,1,1,0,DEMO-o4.4.1-example
B,pilot,wave3_position,sq_arm=SQ-2,Q,,Q-a4,2,1,1,0,DEMO-o4.4.1-example
B,pilot,wave3_position,sq_arm=SQ-2,Q,,Q-a4,3,1,1,0,DEMO-o4.4.1-example
B,pilot,wave3_position,sq_arm=SQ-2,Q,,Q-a4,4,1,1,0,DEMO-o4.4.1-example
B,pilot,wave3_position,sq_arm=SQ-2,Q,,Q-r4,1,1,1,0,DEMO-o4.4.1-example
B,pilot,wave3_position,sq_arm=SQ-2,Q,,Q-r4,2,1,1,0,DEMO-o4.4.1-example
B,pilot,wave3_position,sq_arm=SQ-2,Q,,Q-r4,3,1,1,0,DEMO-o4.4.1-example
B,pilot,wave3_position,sq_arm=SQ-2,Q,,Q-r4,4,1,1,0,DEMO-o4.4.1-example
B,pilot,family_first,sq_arm=SQ-2,,,K,,2,2,0,DEMO-o4.4.1-example
B,pilot,family_first,sq_arm=SQ-2,,,Q,,2,2,0,DEMO-o4.4.1-example
B,pilot,swap_w1_w4,sq_arm=SQ-2,,,0,,2,2,0,DEMO-o4.4.1-example
B,pilot,swap_w1_w4,sq_arm=SQ-2,,,1,,2,2,0,DEMO-o4.4.1-example
B,pilot,label_index,swap_w1_w4=0,K,action,ADD_ONE,1,1,1,0,DEMO-o4.4.1-example
B,pilot,label_index,swap_w1_w4=0,K,action,ADD_ONE,2,1,1,0,DEMO-o4.4.1-example
B,pilot,label_index,swap_w1_w4=0,K,action,ADD_ONE,3,1,1,0,DEMO-o4.4.1-example
B,pilot,label_index,swap_w1_w4=0,K,action,ADD_ONE,4,1,1,0,DEMO-o4.4.1-example
B,pilot,label_index,swap_w1_w4=0,K,action,REMOVE_ONE,1,1,1,0,DEMO-o4.4.1-example
B,pilot,label_index,swap_w1_w4=0,K,action,REMOVE_ONE,2,1,1,0,DEMO-o4.4.1-example
B,pilot,label_index,swap_w1_w4=0,K,action,REMOVE_ONE,3,1,1,0,DEMO-o4.4.1-example
B,pilot,label_index,swap_w1_w4=0,K,action,REMOVE_ONE,4,1,1,0,DEMO-o4.4.1-example
B,pilot,label_index,swap_w1_w4=0,K,action,FLIP_CARD,1,1,1,0,DEMO-o4.4.1-example
B,pilot,label_index,swap_w1_w4=0,K,action,FLIP_CARD,2,1,1,0,DEMO-o4.4.1-example
B,pilot,label_index,swap_w1_w4=0,K,action,FLIP_CARD,3,1,1,0,DEMO-o4.4.1-example
B,pilot,label_index,swap_w1_w4=0,K,action,FLIP_CARD,4,1,1,0,DEMO-o4.4.1-example
B,pilot,label_index,swap_w1_w4=0,K,action,ALIGN_ARROW,1,1,1,0,DEMO-o4.4.1-example
B,pilot,label_index,swap_w1_w4=0,K,action,ALIGN_ARROW,2,1,1,0,DEMO-o4.4.1-example
B,pilot,label_index,swap_w1_w4=0,K,action,ALIGN_ARROW,3,1,1,0,DEMO-o4.4.1-example
B,pilot,label_index,swap_w1_w4=0,K,action,ALIGN_ARROW,4,1,1,0,DEMO-o4.4.1-example
B,pilot,label_index,swap_w1_w4=0,K,referent,A,1,0,1,-1,DEMO-o4.4.1-example
B,pilot,label_index,swap_w1_w4=0,K,referent,A,2,2,1,1,DEMO-o4.4.1-example
B,pilot,label_index,swap_w1_w4=0,K,referent,A,3,2,1,1,DEMO-o4.4.1-example
B,pilot,label_index,swap_w1_w4=0,K,referent,A,4,0,1,-1,DEMO-o4.4.1-example
B,pilot,label_index,swap_w1_w4=0,K,referent,B,1,0,1,-1,DEMO-o4.4.1-example
B,pilot,label_index,swap_w1_w4=0,K,referent,B,2,2,1,1,DEMO-o4.4.1-example
B,pilot,label_index,swap_w1_w4=0,K,referent,B,3,2,1,1,DEMO-o4.4.1-example
B,pilot,label_index,swap_w1_w4=0,K,referent,B,4,0,1,-1,DEMO-o4.4.1-example
B,pilot,label_index,swap_w1_w4=0,K,referent,C,1,2,1,1,DEMO-o4.4.1-example
B,pilot,label_index,swap_w1_w4=0,K,referent,C,2,0,1,-1,DEMO-o4.4.1-example
B,pilot,label_index,swap_w1_w4=0,K,referent,C,3,0,1,-1,DEMO-o4.4.1-example
B,pilot,label_index,swap_w1_w4=0,K,referent,C,4,2,1,1,DEMO-o4.4.1-example
B,pilot,label_index,swap_w1_w4=0,K,referent,D,1,2,1,1,DEMO-o4.4.1-example
B,pilot,label_index,swap_w1_w4=0,K,referent,D,2,0,1,-1,DEMO-o4.4.1-example
B,pilot,label_index,swap_w1_w4=0,K,referent,D,3,0,1,-1,DEMO-o4.4.1-example
B,pilot,label_index,swap_w1_w4=0,K,referent,D,4,2,1,1,DEMO-o4.4.1-example
B,pilot,label_index,swap_w1_w4=0,Q,action,SCAN,1,1,1,0,DEMO-o4.4.1-example
B,pilot,label_index,swap_w1_w4=0,Q,action,SCAN,2,1,1,0,DEMO-o4.4.1-example
B,pilot,label_index,swap_w1_w4=0,Q,action,SCAN,3,1,1,0,DEMO-o4.4.1-example
B,pilot,label_index,swap_w1_w4=0,Q,action,SCAN,4,1,1,0,DEMO-o4.4.1-example
B,pilot,label_index,swap_w1_w4=0,Q,action,TAG,1,1,1,0,DEMO-o4.4.1-example
B,pilot,label_index,swap_w1_w4=0,Q,action,TAG,2,1,1,0,DEMO-o4.4.1-example
B,pilot,label_index,swap_w1_w4=0,Q,action,TAG,3,1,1,0,DEMO-o4.4.1-example
B,pilot,label_index,swap_w1_w4=0,Q,action,TAG,4,1,1,0,DEMO-o4.4.1-example
B,pilot,label_index,swap_w1_w4=0,Q,action,CLOSE,1,1,1,0,DEMO-o4.4.1-example
B,pilot,label_index,swap_w1_w4=0,Q,action,CLOSE,2,1,1,0,DEMO-o4.4.1-example
B,pilot,label_index,swap_w1_w4=0,Q,action,CLOSE,3,1,1,0,DEMO-o4.4.1-example
B,pilot,label_index,swap_w1_w4=0,Q,action,CLOSE,4,1,1,0,DEMO-o4.4.1-example
B,pilot,label_index,swap_w1_w4=0,Q,action,QUARANTINE,1,1,1,0,DEMO-o4.4.1-example
B,pilot,label_index,swap_w1_w4=0,Q,action,QUARANTINE,2,1,1,0,DEMO-o4.4.1-example
B,pilot,label_index,swap_w1_w4=0,Q,action,QUARANTINE,3,1,1,0,DEMO-o4.4.1-example
B,pilot,label_index,swap_w1_w4=0,Q,action,QUARANTINE,4,1,1,0,DEMO-o4.4.1-example
B,pilot,label_index,swap_w1_w4=0,Q,referent,E,1,2,1,1,DEMO-o4.4.1-example
B,pilot,label_index,swap_w1_w4=0,Q,referent,E,2,0,1,-1,DEMO-o4.4.1-example
B,pilot,label_index,swap_w1_w4=0,Q,referent,E,3,0,1,-1,DEMO-o4.4.1-example
B,pilot,label_index,swap_w1_w4=0,Q,referent,E,4,2,1,1,DEMO-o4.4.1-example
B,pilot,label_index,swap_w1_w4=0,Q,referent,F,1,2,1,1,DEMO-o4.4.1-example
B,pilot,label_index,swap_w1_w4=0,Q,referent,F,2,0,1,-1,DEMO-o4.4.1-example
B,pilot,label_index,swap_w1_w4=0,Q,referent,F,3,0,1,-1,DEMO-o4.4.1-example
B,pilot,label_index,swap_w1_w4=0,Q,referent,F,4,2,1,1,DEMO-o4.4.1-example
B,pilot,label_index,swap_w1_w4=0,Q,referent,G,1,0,1,-1,DEMO-o4.4.1-example
B,pilot,label_index,swap_w1_w4=0,Q,referent,G,2,2,1,1,DEMO-o4.4.1-example
B,pilot,label_index,swap_w1_w4=0,Q,referent,G,3,2,1,1,DEMO-o4.4.1-example
B,pilot,label_index,swap_w1_w4=0,Q,referent,G,4,0,1,-1,DEMO-o4.4.1-example
B,pilot,label_index,swap_w1_w4=0,Q,referent,H,1,0,1,-1,DEMO-o4.4.1-example
B,pilot,label_index,swap_w1_w4=0,Q,referent,H,2,2,1,1,DEMO-o4.4.1-example
B,pilot,label_index,swap_w1_w4=0,Q,referent,H,3,2,1,1,DEMO-o4.4.1-example
B,pilot,label_index,swap_w1_w4=0,Q,referent,H,4,0,1,-1,DEMO-o4.4.1-example
B,pilot,wave1_position,swap_w1_w4=0,K,,K-a1,1,0,0.5,-0.5,DEMO-o4.4.1-example
B,pilot,wave1_position,swap_w1_w4=0,K,,K-a1,2,1,0.5,0.5,DEMO-o4.4.1-example
B,pilot,wave1_position,swap_w1_w4=0,K,,K-a1,3,1,0.5,0.5,DEMO-o4.4.1-example
B,pilot,wave1_position,swap_w1_w4=0,K,,K-a1,4,0,0.5,-0.5,DEMO-o4.4.1-example
B,pilot,wave1_position,swap_w1_w4=0,K,,K-a1,5,1,0.5,0.5,DEMO-o4.4.1-example
B,pilot,wave1_position,swap_w1_w4=0,K,,K-a1,6,0,0.5,-0.5,DEMO-o4.4.1-example
B,pilot,wave1_position,swap_w1_w4=0,K,,K-a1,7,0,0.5,-0.5,DEMO-o4.4.1-example
B,pilot,wave1_position,swap_w1_w4=0,K,,K-a1,8,1,0.5,0.5,DEMO-o4.4.1-example
B,pilot,wave1_position,swap_w1_w4=0,K,,K-a2,1,1,0.5,0.5,DEMO-o4.4.1-example
B,pilot,wave1_position,swap_w1_w4=0,K,,K-a2,2,0,0.5,-0.5,DEMO-o4.4.1-example
B,pilot,wave1_position,swap_w1_w4=0,K,,K-a2,3,0,0.5,-0.5,DEMO-o4.4.1-example
B,pilot,wave1_position,swap_w1_w4=0,K,,K-a2,4,1,0.5,0.5,DEMO-o4.4.1-example
B,pilot,wave1_position,swap_w1_w4=0,K,,K-a2,5,0,0.5,-0.5,DEMO-o4.4.1-example
B,pilot,wave1_position,swap_w1_w4=0,K,,K-a2,6,1,0.5,0.5,DEMO-o4.4.1-example
B,pilot,wave1_position,swap_w1_w4=0,K,,K-a2,7,1,0.5,0.5,DEMO-o4.4.1-example
B,pilot,wave1_position,swap_w1_w4=0,K,,K-a2,8,0,0.5,-0.5,DEMO-o4.4.1-example
B,pilot,wave1_position,swap_w1_w4=0,K,,K-r1,1,1,0.5,0.5,DEMO-o4.4.1-example
B,pilot,wave1_position,swap_w1_w4=0,K,,K-r1,2,0,0.5,-0.5,DEMO-o4.4.1-example
B,pilot,wave1_position,swap_w1_w4=0,K,,K-r1,3,0,0.5,-0.5,DEMO-o4.4.1-example
B,pilot,wave1_position,swap_w1_w4=0,K,,K-r1,4,1,0.5,0.5,DEMO-o4.4.1-example
B,pilot,wave1_position,swap_w1_w4=0,K,,K-r1,5,0,0.5,-0.5,DEMO-o4.4.1-example
B,pilot,wave1_position,swap_w1_w4=0,K,,K-r1,6,1,0.5,0.5,DEMO-o4.4.1-example
B,pilot,wave1_position,swap_w1_w4=0,K,,K-r1,7,1,0.5,0.5,DEMO-o4.4.1-example
B,pilot,wave1_position,swap_w1_w4=0,K,,K-r1,8,0,0.5,-0.5,DEMO-o4.4.1-example
B,pilot,wave1_position,swap_w1_w4=0,K,,K-r2,1,0,0.5,-0.5,DEMO-o4.4.1-example
B,pilot,wave1_position,swap_w1_w4=0,K,,K-r2,2,1,0.5,0.5,DEMO-o4.4.1-example
B,pilot,wave1_position,swap_w1_w4=0,K,,K-r2,3,1,0.5,0.5,DEMO-o4.4.1-example
B,pilot,wave1_position,swap_w1_w4=0,K,,K-r2,4,0,0.5,-0.5,DEMO-o4.4.1-example
B,pilot,wave1_position,swap_w1_w4=0,K,,K-r2,5,1,0.5,0.5,DEMO-o4.4.1-example
B,pilot,wave1_position,swap_w1_w4=0,K,,K-r2,6,0,0.5,-0.5,DEMO-o4.4.1-example
B,pilot,wave1_position,swap_w1_w4=0,K,,K-r2,7,0,0.5,-0.5,DEMO-o4.4.1-example
B,pilot,wave1_position,swap_w1_w4=0,K,,K-r2,8,1,0.5,0.5,DEMO-o4.4.1-example
B,pilot,wave1_position,swap_w1_w4=0,Q,,Q-a1,1,1,0.5,0.5,DEMO-o4.4.1-example
B,pilot,wave1_position,swap_w1_w4=0,Q,,Q-a1,2,0,0.5,-0.5,DEMO-o4.4.1-example
B,pilot,wave1_position,swap_w1_w4=0,Q,,Q-a1,3,0,0.5,-0.5,DEMO-o4.4.1-example
B,pilot,wave1_position,swap_w1_w4=0,Q,,Q-a1,4,1,0.5,0.5,DEMO-o4.4.1-example
B,pilot,wave1_position,swap_w1_w4=0,Q,,Q-a1,5,0,0.5,-0.5,DEMO-o4.4.1-example
B,pilot,wave1_position,swap_w1_w4=0,Q,,Q-a1,6,1,0.5,0.5,DEMO-o4.4.1-example
B,pilot,wave1_position,swap_w1_w4=0,Q,,Q-a1,7,1,0.5,0.5,DEMO-o4.4.1-example
B,pilot,wave1_position,swap_w1_w4=0,Q,,Q-a1,8,0,0.5,-0.5,DEMO-o4.4.1-example
B,pilot,wave1_position,swap_w1_w4=0,Q,,Q-a2,1,0,0.5,-0.5,DEMO-o4.4.1-example
B,pilot,wave1_position,swap_w1_w4=0,Q,,Q-a2,2,1,0.5,0.5,DEMO-o4.4.1-example
B,pilot,wave1_position,swap_w1_w4=0,Q,,Q-a2,3,1,0.5,0.5,DEMO-o4.4.1-example
B,pilot,wave1_position,swap_w1_w4=0,Q,,Q-a2,4,0,0.5,-0.5,DEMO-o4.4.1-example
B,pilot,wave1_position,swap_w1_w4=0,Q,,Q-a2,5,1,0.5,0.5,DEMO-o4.4.1-example
B,pilot,wave1_position,swap_w1_w4=0,Q,,Q-a2,6,0,0.5,-0.5,DEMO-o4.4.1-example
B,pilot,wave1_position,swap_w1_w4=0,Q,,Q-a2,7,0,0.5,-0.5,DEMO-o4.4.1-example
B,pilot,wave1_position,swap_w1_w4=0,Q,,Q-a2,8,1,0.5,0.5,DEMO-o4.4.1-example
B,pilot,wave1_position,swap_w1_w4=0,Q,,Q-r1,1,1,0.5,0.5,DEMO-o4.4.1-example
B,pilot,wave1_position,swap_w1_w4=0,Q,,Q-r1,2,0,0.5,-0.5,DEMO-o4.4.1-example
B,pilot,wave1_position,swap_w1_w4=0,Q,,Q-r1,3,0,0.5,-0.5,DEMO-o4.4.1-example
B,pilot,wave1_position,swap_w1_w4=0,Q,,Q-r1,4,1,0.5,0.5,DEMO-o4.4.1-example
B,pilot,wave1_position,swap_w1_w4=0,Q,,Q-r1,5,0,0.5,-0.5,DEMO-o4.4.1-example
B,pilot,wave1_position,swap_w1_w4=0,Q,,Q-r1,6,1,0.5,0.5,DEMO-o4.4.1-example
B,pilot,wave1_position,swap_w1_w4=0,Q,,Q-r1,7,1,0.5,0.5,DEMO-o4.4.1-example
B,pilot,wave1_position,swap_w1_w4=0,Q,,Q-r1,8,0,0.5,-0.5,DEMO-o4.4.1-example
B,pilot,wave1_position,swap_w1_w4=0,Q,,Q-r2,1,0,0.5,-0.5,DEMO-o4.4.1-example
B,pilot,wave1_position,swap_w1_w4=0,Q,,Q-r2,2,1,0.5,0.5,DEMO-o4.4.1-example
B,pilot,wave1_position,swap_w1_w4=0,Q,,Q-r2,3,1,0.5,0.5,DEMO-o4.4.1-example
B,pilot,wave1_position,swap_w1_w4=0,Q,,Q-r2,4,0,0.5,-0.5,DEMO-o4.4.1-example
B,pilot,wave1_position,swap_w1_w4=0,Q,,Q-r2,5,1,0.5,0.5,DEMO-o4.4.1-example
B,pilot,wave1_position,swap_w1_w4=0,Q,,Q-r2,6,0,0.5,-0.5,DEMO-o4.4.1-example
B,pilot,wave1_position,swap_w1_w4=0,Q,,Q-r2,7,0,0.5,-0.5,DEMO-o4.4.1-example
B,pilot,wave1_position,swap_w1_w4=0,Q,,Q-r2,8,1,0.5,0.5,DEMO-o4.4.1-example
B,pilot,wave2_position,swap_w1_w4=0,K,,K-a3,1,1,1,0,DEMO-o4.4.1-example
B,pilot,wave2_position,swap_w1_w4=0,K,,K-a3,2,1,1,0,DEMO-o4.4.1-example
B,pilot,wave2_position,swap_w1_w4=0,K,,K-a3,3,1,1,0,DEMO-o4.4.1-example
B,pilot,wave2_position,swap_w1_w4=0,K,,K-a3,4,1,1,0,DEMO-o4.4.1-example
B,pilot,wave2_position,swap_w1_w4=0,K,,K-r3,1,1,1,0,DEMO-o4.4.1-example
B,pilot,wave2_position,swap_w1_w4=0,K,,K-r3,2,1,1,0,DEMO-o4.4.1-example
B,pilot,wave2_position,swap_w1_w4=0,K,,K-r3,3,1,1,0,DEMO-o4.4.1-example
B,pilot,wave2_position,swap_w1_w4=0,K,,K-r3,4,1,1,0,DEMO-o4.4.1-example
B,pilot,wave2_position,swap_w1_w4=0,Q,,Q-a3,1,1,1,0,DEMO-o4.4.1-example
B,pilot,wave2_position,swap_w1_w4=0,Q,,Q-a3,2,1,1,0,DEMO-o4.4.1-example
B,pilot,wave2_position,swap_w1_w4=0,Q,,Q-a3,3,1,1,0,DEMO-o4.4.1-example
B,pilot,wave2_position,swap_w1_w4=0,Q,,Q-a3,4,1,1,0,DEMO-o4.4.1-example
B,pilot,wave2_position,swap_w1_w4=0,Q,,Q-r3,1,1,1,0,DEMO-o4.4.1-example
B,pilot,wave2_position,swap_w1_w4=0,Q,,Q-r3,2,1,1,0,DEMO-o4.4.1-example
B,pilot,wave2_position,swap_w1_w4=0,Q,,Q-r3,3,1,1,0,DEMO-o4.4.1-example
B,pilot,wave2_position,swap_w1_w4=0,Q,,Q-r3,4,1,1,0,DEMO-o4.4.1-example
B,pilot,wave3_position,swap_w1_w4=0,K,,K-a4,1,1,1,0,DEMO-o4.4.1-example
B,pilot,wave3_position,swap_w1_w4=0,K,,K-a4,2,1,1,0,DEMO-o4.4.1-example
B,pilot,wave3_position,swap_w1_w4=0,K,,K-a4,3,1,1,0,DEMO-o4.4.1-example
B,pilot,wave3_position,swap_w1_w4=0,K,,K-a4,4,1,1,0,DEMO-o4.4.1-example
B,pilot,wave3_position,swap_w1_w4=0,K,,K-r4,1,1,1,0,DEMO-o4.4.1-example
B,pilot,wave3_position,swap_w1_w4=0,K,,K-r4,2,1,1,0,DEMO-o4.4.1-example
B,pilot,wave3_position,swap_w1_w4=0,K,,K-r4,3,1,1,0,DEMO-o4.4.1-example
B,pilot,wave3_position,swap_w1_w4=0,K,,K-r4,4,1,1,0,DEMO-o4.4.1-example
B,pilot,wave3_position,swap_w1_w4=0,Q,,Q-a4,1,1,1,0,DEMO-o4.4.1-example
B,pilot,wave3_position,swap_w1_w4=0,Q,,Q-a4,2,1,1,0,DEMO-o4.4.1-example
B,pilot,wave3_position,swap_w1_w4=0,Q,,Q-a4,3,1,1,0,DEMO-o4.4.1-example
B,pilot,wave3_position,swap_w1_w4=0,Q,,Q-a4,4,1,1,0,DEMO-o4.4.1-example
B,pilot,wave3_position,swap_w1_w4=0,Q,,Q-r4,1,1,1,0,DEMO-o4.4.1-example
B,pilot,wave3_position,swap_w1_w4=0,Q,,Q-r4,2,1,1,0,DEMO-o4.4.1-example
B,pilot,wave3_position,swap_w1_w4=0,Q,,Q-r4,3,1,1,0,DEMO-o4.4.1-example
B,pilot,wave3_position,swap_w1_w4=0,Q,,Q-r4,4,1,1,0,DEMO-o4.4.1-example
B,pilot,family_first,swap_w1_w4=0,,,K,,2,2,0,DEMO-o4.4.1-example
B,pilot,family_first,swap_w1_w4=0,,,Q,,2,2,0,DEMO-o4.4.1-example
B,pilot,sq_arm,swap_w1_w4=0,,,SQ-1,,2,2,0,DEMO-o4.4.1-example
B,pilot,sq_arm,swap_w1_w4=0,,,SQ-2,,2,2,0,DEMO-o4.4.1-example
B,pilot,label_index,swap_w1_w4=1,K,action,ADD_ONE,1,1,1,0,DEMO-o4.4.1-example
B,pilot,label_index,swap_w1_w4=1,K,action,ADD_ONE,2,1,1,0,DEMO-o4.4.1-example
B,pilot,label_index,swap_w1_w4=1,K,action,ADD_ONE,3,1,1,0,DEMO-o4.4.1-example
B,pilot,label_index,swap_w1_w4=1,K,action,ADD_ONE,4,1,1,0,DEMO-o4.4.1-example
B,pilot,label_index,swap_w1_w4=1,K,action,REMOVE_ONE,1,1,1,0,DEMO-o4.4.1-example
B,pilot,label_index,swap_w1_w4=1,K,action,REMOVE_ONE,2,1,1,0,DEMO-o4.4.1-example
B,pilot,label_index,swap_w1_w4=1,K,action,REMOVE_ONE,3,1,1,0,DEMO-o4.4.1-example
B,pilot,label_index,swap_w1_w4=1,K,action,REMOVE_ONE,4,1,1,0,DEMO-o4.4.1-example
B,pilot,label_index,swap_w1_w4=1,K,action,FLIP_CARD,1,1,1,0,DEMO-o4.4.1-example
B,pilot,label_index,swap_w1_w4=1,K,action,FLIP_CARD,2,1,1,0,DEMO-o4.4.1-example
B,pilot,label_index,swap_w1_w4=1,K,action,FLIP_CARD,3,1,1,0,DEMO-o4.4.1-example
B,pilot,label_index,swap_w1_w4=1,K,action,FLIP_CARD,4,1,1,0,DEMO-o4.4.1-example
B,pilot,label_index,swap_w1_w4=1,K,action,ALIGN_ARROW,1,1,1,0,DEMO-o4.4.1-example
B,pilot,label_index,swap_w1_w4=1,K,action,ALIGN_ARROW,2,1,1,0,DEMO-o4.4.1-example
B,pilot,label_index,swap_w1_w4=1,K,action,ALIGN_ARROW,3,1,1,0,DEMO-o4.4.1-example
B,pilot,label_index,swap_w1_w4=1,K,action,ALIGN_ARROW,4,1,1,0,DEMO-o4.4.1-example
B,pilot,label_index,swap_w1_w4=1,K,referent,A,1,2,1,1,DEMO-o4.4.1-example
B,pilot,label_index,swap_w1_w4=1,K,referent,A,2,0,1,-1,DEMO-o4.4.1-example
B,pilot,label_index,swap_w1_w4=1,K,referent,A,3,0,1,-1,DEMO-o4.4.1-example
B,pilot,label_index,swap_w1_w4=1,K,referent,A,4,2,1,1,DEMO-o4.4.1-example
B,pilot,label_index,swap_w1_w4=1,K,referent,B,1,2,1,1,DEMO-o4.4.1-example
B,pilot,label_index,swap_w1_w4=1,K,referent,B,2,0,1,-1,DEMO-o4.4.1-example
B,pilot,label_index,swap_w1_w4=1,K,referent,B,3,0,1,-1,DEMO-o4.4.1-example
B,pilot,label_index,swap_w1_w4=1,K,referent,B,4,2,1,1,DEMO-o4.4.1-example
B,pilot,label_index,swap_w1_w4=1,K,referent,C,1,0,1,-1,DEMO-o4.4.1-example
B,pilot,label_index,swap_w1_w4=1,K,referent,C,2,2,1,1,DEMO-o4.4.1-example
B,pilot,label_index,swap_w1_w4=1,K,referent,C,3,2,1,1,DEMO-o4.4.1-example
B,pilot,label_index,swap_w1_w4=1,K,referent,C,4,0,1,-1,DEMO-o4.4.1-example
B,pilot,label_index,swap_w1_w4=1,K,referent,D,1,0,1,-1,DEMO-o4.4.1-example
B,pilot,label_index,swap_w1_w4=1,K,referent,D,2,2,1,1,DEMO-o4.4.1-example
B,pilot,label_index,swap_w1_w4=1,K,referent,D,3,2,1,1,DEMO-o4.4.1-example
B,pilot,label_index,swap_w1_w4=1,K,referent,D,4,0,1,-1,DEMO-o4.4.1-example
B,pilot,label_index,swap_w1_w4=1,Q,action,SCAN,1,1,1,0,DEMO-o4.4.1-example
B,pilot,label_index,swap_w1_w4=1,Q,action,SCAN,2,1,1,0,DEMO-o4.4.1-example
B,pilot,label_index,swap_w1_w4=1,Q,action,SCAN,3,1,1,0,DEMO-o4.4.1-example
B,pilot,label_index,swap_w1_w4=1,Q,action,SCAN,4,1,1,0,DEMO-o4.4.1-example
B,pilot,label_index,swap_w1_w4=1,Q,action,TAG,1,1,1,0,DEMO-o4.4.1-example
B,pilot,label_index,swap_w1_w4=1,Q,action,TAG,2,1,1,0,DEMO-o4.4.1-example
B,pilot,label_index,swap_w1_w4=1,Q,action,TAG,3,1,1,0,DEMO-o4.4.1-example
B,pilot,label_index,swap_w1_w4=1,Q,action,TAG,4,1,1,0,DEMO-o4.4.1-example
B,pilot,label_index,swap_w1_w4=1,Q,action,CLOSE,1,1,1,0,DEMO-o4.4.1-example
B,pilot,label_index,swap_w1_w4=1,Q,action,CLOSE,2,1,1,0,DEMO-o4.4.1-example
B,pilot,label_index,swap_w1_w4=1,Q,action,CLOSE,3,1,1,0,DEMO-o4.4.1-example
B,pilot,label_index,swap_w1_w4=1,Q,action,CLOSE,4,1,1,0,DEMO-o4.4.1-example
B,pilot,label_index,swap_w1_w4=1,Q,action,QUARANTINE,1,1,1,0,DEMO-o4.4.1-example
B,pilot,label_index,swap_w1_w4=1,Q,action,QUARANTINE,2,1,1,0,DEMO-o4.4.1-example
B,pilot,label_index,swap_w1_w4=1,Q,action,QUARANTINE,3,1,1,0,DEMO-o4.4.1-example
B,pilot,label_index,swap_w1_w4=1,Q,action,QUARANTINE,4,1,1,0,DEMO-o4.4.1-example
B,pilot,label_index,swap_w1_w4=1,Q,referent,E,1,0,1,-1,DEMO-o4.4.1-example
B,pilot,label_index,swap_w1_w4=1,Q,referent,E,2,2,1,1,DEMO-o4.4.1-example
B,pilot,label_index,swap_w1_w4=1,Q,referent,E,3,2,1,1,DEMO-o4.4.1-example
B,pilot,label_index,swap_w1_w4=1,Q,referent,E,4,0,1,-1,DEMO-o4.4.1-example
B,pilot,label_index,swap_w1_w4=1,Q,referent,F,1,0,1,-1,DEMO-o4.4.1-example
B,pilot,label_index,swap_w1_w4=1,Q,referent,F,2,2,1,1,DEMO-o4.4.1-example
B,pilot,label_index,swap_w1_w4=1,Q,referent,F,3,2,1,1,DEMO-o4.4.1-example
B,pilot,label_index,swap_w1_w4=1,Q,referent,F,4,0,1,-1,DEMO-o4.4.1-example
B,pilot,label_index,swap_w1_w4=1,Q,referent,G,1,2,1,1,DEMO-o4.4.1-example
B,pilot,label_index,swap_w1_w4=1,Q,referent,G,2,0,1,-1,DEMO-o4.4.1-example
B,pilot,label_index,swap_w1_w4=1,Q,referent,G,3,0,1,-1,DEMO-o4.4.1-example
B,pilot,label_index,swap_w1_w4=1,Q,referent,G,4,2,1,1,DEMO-o4.4.1-example
B,pilot,label_index,swap_w1_w4=1,Q,referent,H,1,2,1,1,DEMO-o4.4.1-example
B,pilot,label_index,swap_w1_w4=1,Q,referent,H,2,0,1,-1,DEMO-o4.4.1-example
B,pilot,label_index,swap_w1_w4=1,Q,referent,H,3,0,1,-1,DEMO-o4.4.1-example
B,pilot,label_index,swap_w1_w4=1,Q,referent,H,4,2,1,1,DEMO-o4.4.1-example
B,pilot,wave1_position,swap_w1_w4=1,K,,K-a1,1,1,0.5,0.5,DEMO-o4.4.1-example
B,pilot,wave1_position,swap_w1_w4=1,K,,K-a1,2,0,0.5,-0.5,DEMO-o4.4.1-example
B,pilot,wave1_position,swap_w1_w4=1,K,,K-a1,3,0,0.5,-0.5,DEMO-o4.4.1-example
B,pilot,wave1_position,swap_w1_w4=1,K,,K-a1,4,1,0.5,0.5,DEMO-o4.4.1-example
B,pilot,wave1_position,swap_w1_w4=1,K,,K-a1,5,0,0.5,-0.5,DEMO-o4.4.1-example
B,pilot,wave1_position,swap_w1_w4=1,K,,K-a1,6,1,0.5,0.5,DEMO-o4.4.1-example
B,pilot,wave1_position,swap_w1_w4=1,K,,K-a1,7,1,0.5,0.5,DEMO-o4.4.1-example
B,pilot,wave1_position,swap_w1_w4=1,K,,K-a1,8,0,0.5,-0.5,DEMO-o4.4.1-example
B,pilot,wave1_position,swap_w1_w4=1,K,,K-a2,1,0,0.5,-0.5,DEMO-o4.4.1-example
B,pilot,wave1_position,swap_w1_w4=1,K,,K-a2,2,1,0.5,0.5,DEMO-o4.4.1-example
B,pilot,wave1_position,swap_w1_w4=1,K,,K-a2,3,1,0.5,0.5,DEMO-o4.4.1-example
B,pilot,wave1_position,swap_w1_w4=1,K,,K-a2,4,0,0.5,-0.5,DEMO-o4.4.1-example
B,pilot,wave1_position,swap_w1_w4=1,K,,K-a2,5,1,0.5,0.5,DEMO-o4.4.1-example
B,pilot,wave1_position,swap_w1_w4=1,K,,K-a2,6,0,0.5,-0.5,DEMO-o4.4.1-example
B,pilot,wave1_position,swap_w1_w4=1,K,,K-a2,7,0,0.5,-0.5,DEMO-o4.4.1-example
B,pilot,wave1_position,swap_w1_w4=1,K,,K-a2,8,1,0.5,0.5,DEMO-o4.4.1-example
B,pilot,wave1_position,swap_w1_w4=1,K,,K-r1,1,0,0.5,-0.5,DEMO-o4.4.1-example
B,pilot,wave1_position,swap_w1_w4=1,K,,K-r1,2,1,0.5,0.5,DEMO-o4.4.1-example
B,pilot,wave1_position,swap_w1_w4=1,K,,K-r1,3,1,0.5,0.5,DEMO-o4.4.1-example
B,pilot,wave1_position,swap_w1_w4=1,K,,K-r1,4,0,0.5,-0.5,DEMO-o4.4.1-example
B,pilot,wave1_position,swap_w1_w4=1,K,,K-r1,5,1,0.5,0.5,DEMO-o4.4.1-example
B,pilot,wave1_position,swap_w1_w4=1,K,,K-r1,6,0,0.5,-0.5,DEMO-o4.4.1-example
B,pilot,wave1_position,swap_w1_w4=1,K,,K-r1,7,0,0.5,-0.5,DEMO-o4.4.1-example
B,pilot,wave1_position,swap_w1_w4=1,K,,K-r1,8,1,0.5,0.5,DEMO-o4.4.1-example
B,pilot,wave1_position,swap_w1_w4=1,K,,K-r2,1,1,0.5,0.5,DEMO-o4.4.1-example
B,pilot,wave1_position,swap_w1_w4=1,K,,K-r2,2,0,0.5,-0.5,DEMO-o4.4.1-example
B,pilot,wave1_position,swap_w1_w4=1,K,,K-r2,3,0,0.5,-0.5,DEMO-o4.4.1-example
B,pilot,wave1_position,swap_w1_w4=1,K,,K-r2,4,1,0.5,0.5,DEMO-o4.4.1-example
B,pilot,wave1_position,swap_w1_w4=1,K,,K-r2,5,0,0.5,-0.5,DEMO-o4.4.1-example
B,pilot,wave1_position,swap_w1_w4=1,K,,K-r2,6,1,0.5,0.5,DEMO-o4.4.1-example
B,pilot,wave1_position,swap_w1_w4=1,K,,K-r2,7,1,0.5,0.5,DEMO-o4.4.1-example
B,pilot,wave1_position,swap_w1_w4=1,K,,K-r2,8,0,0.5,-0.5,DEMO-o4.4.1-example
B,pilot,wave1_position,swap_w1_w4=1,Q,,Q-a1,1,0,0.5,-0.5,DEMO-o4.4.1-example
B,pilot,wave1_position,swap_w1_w4=1,Q,,Q-a1,2,1,0.5,0.5,DEMO-o4.4.1-example
B,pilot,wave1_position,swap_w1_w4=1,Q,,Q-a1,3,1,0.5,0.5,DEMO-o4.4.1-example
B,pilot,wave1_position,swap_w1_w4=1,Q,,Q-a1,4,0,0.5,-0.5,DEMO-o4.4.1-example
B,pilot,wave1_position,swap_w1_w4=1,Q,,Q-a1,5,1,0.5,0.5,DEMO-o4.4.1-example
B,pilot,wave1_position,swap_w1_w4=1,Q,,Q-a1,6,0,0.5,-0.5,DEMO-o4.4.1-example
B,pilot,wave1_position,swap_w1_w4=1,Q,,Q-a1,7,0,0.5,-0.5,DEMO-o4.4.1-example
B,pilot,wave1_position,swap_w1_w4=1,Q,,Q-a1,8,1,0.5,0.5,DEMO-o4.4.1-example
B,pilot,wave1_position,swap_w1_w4=1,Q,,Q-a2,1,1,0.5,0.5,DEMO-o4.4.1-example
B,pilot,wave1_position,swap_w1_w4=1,Q,,Q-a2,2,0,0.5,-0.5,DEMO-o4.4.1-example
B,pilot,wave1_position,swap_w1_w4=1,Q,,Q-a2,3,0,0.5,-0.5,DEMO-o4.4.1-example
B,pilot,wave1_position,swap_w1_w4=1,Q,,Q-a2,4,1,0.5,0.5,DEMO-o4.4.1-example
B,pilot,wave1_position,swap_w1_w4=1,Q,,Q-a2,5,0,0.5,-0.5,DEMO-o4.4.1-example
B,pilot,wave1_position,swap_w1_w4=1,Q,,Q-a2,6,1,0.5,0.5,DEMO-o4.4.1-example
B,pilot,wave1_position,swap_w1_w4=1,Q,,Q-a2,7,1,0.5,0.5,DEMO-o4.4.1-example
B,pilot,wave1_position,swap_w1_w4=1,Q,,Q-a2,8,0,0.5,-0.5,DEMO-o4.4.1-example
B,pilot,wave1_position,swap_w1_w4=1,Q,,Q-r1,1,0,0.5,-0.5,DEMO-o4.4.1-example
B,pilot,wave1_position,swap_w1_w4=1,Q,,Q-r1,2,1,0.5,0.5,DEMO-o4.4.1-example
B,pilot,wave1_position,swap_w1_w4=1,Q,,Q-r1,3,1,0.5,0.5,DEMO-o4.4.1-example
B,pilot,wave1_position,swap_w1_w4=1,Q,,Q-r1,4,0,0.5,-0.5,DEMO-o4.4.1-example
B,pilot,wave1_position,swap_w1_w4=1,Q,,Q-r1,5,1,0.5,0.5,DEMO-o4.4.1-example
B,pilot,wave1_position,swap_w1_w4=1,Q,,Q-r1,6,0,0.5,-0.5,DEMO-o4.4.1-example
B,pilot,wave1_position,swap_w1_w4=1,Q,,Q-r1,7,0,0.5,-0.5,DEMO-o4.4.1-example
B,pilot,wave1_position,swap_w1_w4=1,Q,,Q-r1,8,1,0.5,0.5,DEMO-o4.4.1-example
B,pilot,wave1_position,swap_w1_w4=1,Q,,Q-r2,1,1,0.5,0.5,DEMO-o4.4.1-example
B,pilot,wave1_position,swap_w1_w4=1,Q,,Q-r2,2,0,0.5,-0.5,DEMO-o4.4.1-example
B,pilot,wave1_position,swap_w1_w4=1,Q,,Q-r2,3,0,0.5,-0.5,DEMO-o4.4.1-example
B,pilot,wave1_position,swap_w1_w4=1,Q,,Q-r2,4,1,0.5,0.5,DEMO-o4.4.1-example
B,pilot,wave1_position,swap_w1_w4=1,Q,,Q-r2,5,0,0.5,-0.5,DEMO-o4.4.1-example
B,pilot,wave1_position,swap_w1_w4=1,Q,,Q-r2,6,1,0.5,0.5,DEMO-o4.4.1-example
B,pilot,wave1_position,swap_w1_w4=1,Q,,Q-r2,7,1,0.5,0.5,DEMO-o4.4.1-example
B,pilot,wave1_position,swap_w1_w4=1,Q,,Q-r2,8,0,0.5,-0.5,DEMO-o4.4.1-example
B,pilot,wave2_position,swap_w1_w4=1,K,,K-a3,1,1,1,0,DEMO-o4.4.1-example
B,pilot,wave2_position,swap_w1_w4=1,K,,K-a3,2,1,1,0,DEMO-o4.4.1-example
B,pilot,wave2_position,swap_w1_w4=1,K,,K-a3,3,1,1,0,DEMO-o4.4.1-example
B,pilot,wave2_position,swap_w1_w4=1,K,,K-a3,4,1,1,0,DEMO-o4.4.1-example
B,pilot,wave2_position,swap_w1_w4=1,K,,K-r3,1,1,1,0,DEMO-o4.4.1-example
B,pilot,wave2_position,swap_w1_w4=1,K,,K-r3,2,1,1,0,DEMO-o4.4.1-example
B,pilot,wave2_position,swap_w1_w4=1,K,,K-r3,3,1,1,0,DEMO-o4.4.1-example
B,pilot,wave2_position,swap_w1_w4=1,K,,K-r3,4,1,1,0,DEMO-o4.4.1-example
B,pilot,wave2_position,swap_w1_w4=1,Q,,Q-a3,1,1,1,0,DEMO-o4.4.1-example
B,pilot,wave2_position,swap_w1_w4=1,Q,,Q-a3,2,1,1,0,DEMO-o4.4.1-example
B,pilot,wave2_position,swap_w1_w4=1,Q,,Q-a3,3,1,1,0,DEMO-o4.4.1-example
B,pilot,wave2_position,swap_w1_w4=1,Q,,Q-a3,4,1,1,0,DEMO-o4.4.1-example
B,pilot,wave2_position,swap_w1_w4=1,Q,,Q-r3,1,1,1,0,DEMO-o4.4.1-example
B,pilot,wave2_position,swap_w1_w4=1,Q,,Q-r3,2,1,1,0,DEMO-o4.4.1-example
B,pilot,wave2_position,swap_w1_w4=1,Q,,Q-r3,3,1,1,0,DEMO-o4.4.1-example
B,pilot,wave2_position,swap_w1_w4=1,Q,,Q-r3,4,1,1,0,DEMO-o4.4.1-example
B,pilot,wave3_position,swap_w1_w4=1,K,,K-a4,1,1,1,0,DEMO-o4.4.1-example
B,pilot,wave3_position,swap_w1_w4=1,K,,K-a4,2,1,1,0,DEMO-o4.4.1-example
B,pilot,wave3_position,swap_w1_w4=1,K,,K-a4,3,1,1,0,DEMO-o4.4.1-example
B,pilot,wave3_position,swap_w1_w4=1,K,,K-a4,4,1,1,0,DEMO-o4.4.1-example
B,pilot,wave3_position,swap_w1_w4=1,K,,K-r4,1,1,1,0,DEMO-o4.4.1-example
B,pilot,wave3_position,swap_w1_w4=1,K,,K-r4,2,1,1,0,DEMO-o4.4.1-example
B,pilot,wave3_position,swap_w1_w4=1,K,,K-r4,3,1,1,0,DEMO-o4.4.1-example
B,pilot,wave3_position,swap_w1_w4=1,K,,K-r4,4,1,1,0,DEMO-o4.4.1-example
B,pilot,wave3_position,swap_w1_w4=1,Q,,Q-a4,1,1,1,0,DEMO-o4.4.1-example
B,pilot,wave3_position,swap_w1_w4=1,Q,,Q-a4,2,1,1,0,DEMO-o4.4.1-example
B,pilot,wave3_position,swap_w1_w4=1,Q,,Q-a4,3,1,1,0,DEMO-o4.4.1-example
B,pilot,wave3_position,swap_w1_w4=1,Q,,Q-a4,4,1,1,0,DEMO-o4.4.1-example
B,pilot,wave3_position,swap_w1_w4=1,Q,,Q-r4,1,1,1,0,DEMO-o4.4.1-example
B,pilot,wave3_position,swap_w1_w4=1,Q,,Q-r4,2,1,1,0,DEMO-o4.4.1-example
B,pilot,wave3_position,swap_w1_w4=1,Q,,Q-r4,3,1,1,0,DEMO-o4.4.1-example
B,pilot,wave3_position,swap_w1_w4=1,Q,,Q-r4,4,1,1,0,DEMO-o4.4.1-example
B,pilot,family_first,swap_w1_w4=1,,,K,,2,2,0,DEMO-o4.4.1-example
B,pilot,family_first,swap_w1_w4=1,,,Q,,2,2,0,DEMO-o4.4.1-example
B,pilot,sq_arm,swap_w1_w4=1,,,SQ-1,,2,2,0,DEMO-o4.4.1-example
B,pilot,sq_arm,swap_w1_w4=1,,,SQ-2,,2,2,0,DEMO-o4.4.1-example
