step,host_monotonic_ns,sim_time,step_wall_ms,render_interval_ms
1,1131984590831576,0.016666666666666666,9.01447,
2,1131984605208010,0.03333333333333333,7.494998,
3,1131984620663805,0.05,7.775092,
4,1131984635708345,0.06666666666666667,7.108871,
5,1131984652565728,0.08333333333333333,8.6586,
6,1131984668039277,0.1,7.602314,
7,1131984684077673,0.11666666666666667,8.381248,
8,1131984699187293,0.13333333333333333,7.570402,
9,1131984715321300,0.15,7.569247,
10,1131984731087711,0.16666666666666666,7.64065,
11,1131984746932791,0.18333333333333332,7.645006,
12,1131984762627141,0.2,7.616362,
13,1131984778904476,0.21666666666666667,7.680322,
14,1131984794778026,0.23333333333333334,7.972352,
15,1131984810607379,0.25,7.563911,
16,1131984825943974,0.26666666666666666,7.65357,
17,1131984841342461,0.2833333333333333,7.315092,
18,1131984856986420,0.3,7.562639,
19,1131984872843220,0.31666666666666665,7.622002,
20,1131984889027221,0.3333333333333333,8.075556,
21,1131984904756245,0.35,7.539815,
22,1131984921048343,0.36666666666666664,8.093363,
23,1131984936272415,0.3833333333333333,7.611101,
24,1131984952524731,0.4,8.088365,
25,1131984968748411,0.4166666666666667,7.981586,
26,1131984983870011,0.43333333333333335,7.579397,
27,1131984999935609,0.45,7.862451,
28,1131985015667981,0.4666666666666667,7.613152,
29,1131985031433608,0.48333333333333334,7.56913,
30,1131985047611640,0.5,7.952167,
31,1131985062979538,0.5166666666666666,7.213459,
32,1131985079396396,0.5333333333333333,7.869576,
33,1131985095181837,0.55,7.59042,
34,1131985110738837,0.5666666666666667,7.454396,
35,1131985126859862,0.5833333333333334,7.913103,
36,1131985142505221,0.6,7.456874,
37,1131985158440076,0.6166666666666667,7.507505,
38,1131985174088262,0.6333333333333333,7.502875,
39,1131985190071214,0.65,7.803177,
40,1131985205741641,0.6666666666666666,7.537432,
41,1131985221248741,0.6833333333333333,7.340604,
42,1131985236864004,0.7,7.454052,
43,1131985252925928,0.7166666666666667,7.817284,
44,1131985267995354,0.7333333333333333,7.383095,
45,1131985283549520,0.75,7.418264,
46,1131985299339134,0.7666666666666666,7.515237,
47,1131985315517132,0.7833333333333333,7.46943,
48,1131985331161937,0.8,7.428303,
49,1131985346959435,0.8166666666666667,7.690657,
50,1131985362657699,0.8333333333333334,7.411296,
51,1131985379244288,0.85,7.573035,
52,1131985395045096,0.8666666666666667,7.431652,
53,1131985410858291,0.8833333333333333,7.865242,
54,1131985426740544,0.9,7.952593,
55,1131985442637138,0.9166666666666666,7.686138,
56,1131985458564274,0.9333333333333333,7.736854,
57,1131985481508277,0.95,7.782413,
58,1131985497647493,0.9666666666666667,7.497975,
59,1131985513098015,0.9833333333333333,7.386151,
60,1131985528813675,1.0,7.587483,
61,1131985544802238,1.0166666666666666,7.678495,
62,1131985560784699,1.0333333333333332,7.503361,
63,1131985576409635,1.05,7.465096,
64,1131985592213893,1.0666666666666667,7.613077,
65,1131985608284591,1.0833333333333333,8.096911,
66,1131985623862710,1.1,7.828022,
67,1131985639632317,1.1166666666666667,7.866406,
68,1131985655260305,1.1333333333333333,7.465291,
69,1131985671410401,1.15,7.8189,
70,1131985687103454,1.1666666666666667,7.456433,
71,1131985702664681,1.1833333333333333,7.440862,
72,1131985718347905,1.2,7.54196,
73,1131985734350744,1.2166666666666666,7.968793,
74,1131985749716578,1.2333333333333334,7.499971,
75,1131985765269322,1.25,7.514925,
76,1131985780824699,1.2666666666666666,7.435319,
77,1131985796673129,1.2833333333333332,7.479551,
78,1131985812565128,1.3,7.520652,
79,1131985828253253,1.3166666666666667,7.606669,
80,1131985843796819,1.3333333333333333,7.879851,
81,1131985859645603,1.35,7.477151,
82,1131985876955151,1.3666666666666667,7.546751,
83,1131985892597339,1.3833333333333333,7.504137,
84,1131985908811922,1.4,8.077543,
85,1131985924713811,1.4166666666666667,7.74195,
86,1131985940436213,1.4333333333333333,7.528469,
87,1131985956084212,1.45,7.813953,
88,1131985972294957,1.4666666666666666,8.046211,
89,1131985987807706,1.4833333333333334,7.461258,
90,1131986003692085,1.5,7.668087,
91,1131986019531456,1.5166666666666666,7.495207,
92,1131986035826504,1.5333333333333332,7.72004,
93,1131986051154689,1.55,7.447278,
94,1131986067331920,1.5666666666666667,7.622866,
95,1131986082709479,1.5833333333333333,7.407917,
96,1131986098600837,1.6,7.586778,
97,1131986114207399,1.6166666666666667,7.500475,
98,1131986130428109,1.6333333333333333,7.868116,
99,1131986146166454,1.65,7.521848,
100,1131986162068741,1.6666666666666667,7.533049,
101,1131986178100071,1.6833333333333333,7.892559,
102,1131986193176601,1.7,7.426995,
103,1131986209327979,1.7166666666666666,7.980833,
104,1131986224846341,1.7333333333333334,7.339511,
105,1131986240334989,1.75,7.463653,
106,1131986255915631,1.7666666666666666,7.354485,
107,1131986272187657,1.7833333333333332,8.1125,
108,1131986287914931,1.8,7.445766,
109,1131986303381405,1.8166666666666667,7.346742,
110,1131986319054436,1.8333333333333333,7.462127,
111,1131986334714019,1.8499999999999999,7.37016,
112,1131986350301854,1.8666666666666667,7.412392,
113,1131986366179910,1.8833333333333333,7.672716,
114,1131986381663690,1.9,7.502413,
115,1131986397865645,1.9166666666666667,7.548383,
116,1131986413537197,1.9333333333333333,7.591709,
117,1131986429317600,1.95,7.512827,
118,1131986445076218,1.9666666666666666,7.581558,
119,1131986461375697,1.9833333333333334,7.860436,
120,1131986476898689,2.0,7.401642,
121,1131986492578365,2.0166666666666666,7.55588,
122,1131986509477403,2.033333333333333,8.182104,
123,1131986525072013,2.05,7.507093,
124,1131986540721763,2.0666666666666664,7.532867,
125,1131986556358560,2.0833333333333335,7.568246,
126,1131986572514126,2.1,8.011973,
127,1131986587890400,2.1166666666666667,7.597605,
128,1131986603610636,2.1333333333333333,7.681734,
129,1131986619352985,2.15,7.53537,
130,1131986634961441,2.1666666666666665,7.502557,
131,1131986651107298,2.183333333333333,8.053288,
132,1131986666532577,2.2,7.394024,
133,1131986681948386,2.216666666666667,7.470199,
134,1131986698591958,2.2333333333333334,7.611845,
135,1131986714087572,2.25,7.46175,
136,1131986729651034,2.2666666666666666,7.385278,
137,1131986746044750,2.283333333333333,7.883674,
138,1131986761656948,2.3,7.568259,
139,1131986777223760,2.3166666666666664,7.403773,
140,1131986792752258,2.3333333333333335,7.555166,
141,1131986808499449,2.35,7.647641,
142,1131986824247113,2.3666666666666667,7.588552,
143,1131986839741763,2.3833333333333333,7.397108,
144,1131986855279279,2.4,7.426235,
145,1131986872676484,2.4166666666666665,7.802458,
146,1131986888269290,2.433333333333333,7.340495,
147,1131986903799322,2.45,7.327216,
148,1131986919298113,2.466666666666667,7.380844,
149,1131986935385884,2.4833333333333334,7.475854,
150,1131986951007201,2.5,7.474925,
151,1131986966578745,2.5166666666666666,7.382399,
152,1131986982242171,2.533333333333333,7.466688,
153,1131986998328931,2.55,7.444386,
154,1131987013829812,2.5666666666666664,7.36472,
155,1131987029245598,2.5833333333333335,7.409068,
156,1131987044951510,2.6,7.49227,
157,1131987060994019,2.6166666666666667,7.556023,
158,1131987076627491,2.6333333333333333,7.480231,
159,1131987092222824,2.65,7.421569,
160,1131987108207923,2.6666666666666665,7.798536,
161,1131987123841939,2.683333333333333,7.448765,
162,1131987139560520,2.7,7.596173,
163,1131987155807899,2.716666666666667,7.492535,
164,1131987171501671,2.7333333333333334,8.066401,
165,1131987187020276,2.75,7.451594,
166,1131987202405725,2.7666666666666666,7.54371,
167,1131987218356360,2.783333333333333,7.862907,
168,1131987234296951,2.8,7.521868,
169,1131987249927238,2.8166666666666664,7.5594,
170,1131987265547997,2.8333333333333335,7.558827,
171,1131987281023052,2.85,7.46143,
172,1131987297046128,2.8666666666666667,7.498715,
173,1131987312653748,2.8833333333333333,7.469687,
174,1131987328249518,2.9,7.424945,
175,1131987343859321,2.9166666666666665,7.44822,
176,1131987359379637,2.933333333333333,7.537097,
177,1131987374919254,2.95,7.481437,
178,1131987390412496,2.966666666666667,7.44084,
179,1131987406148192,2.9833333333333334,7.676023,
180,1131987422045490,3.0,7.399513,
181,1131987437502525,3.0166666666666666,7.578416,
182,1131987452929693,3.033333333333333,7.371749,
183,1131987469474103,3.05,8.362195,
184,1131987485395075,3.0666666666666664,7.763194,
185,1131987500895028,3.0833333333333335,7.702029,
186,1131987516486347,3.1,7.400567,
187,1131987532465020,3.1166666666666667,7.775809,
188,1131987548638301,3.1333333333333333,7.930587,
189,1131987563528699,3.15,7.391777,
190,1131987579367331,3.1666666666666665,7.638832,
191,1131987595287953,3.183333333333333,7.432033,
192,1131987610733886,3.2,7.573888,
193,1131987626416134,3.216666666666667,7.556666,
194,1131987642081839,3.2333333333333334,7.513298,
195,1131987658224699,3.25,7.508438,
196,1131987673912749,3.2666666666666666,7.548898,
197,1131987689967347,3.283333333333333,7.865622,
198,1131987705272769,3.3,7.545053,
199,1131987721288605,3.3166666666666664,7.75924,
200,1131987737690552,3.3333333333333335,7.528607,
201,1131987752735016,3.35,7.335943,
202,1131987768911644,3.3666666666666667,7.998971,
203,1131987784604024,3.3833333333333333,7.513054,
204,1131987800714895,3.4,7.862039,
205,1131987816251157,3.4166666666666665,7.399538,
206,1131987832213167,3.433333333333333,7.859051,
207,1131987847416340,3.4499999999999997,7.557608,
208,1131987864084864,3.466666666666667,8.619346,
209,1131987879629429,3.4833333333333334,7.486734,
210,1131987895515761,3.5,7.427917,
211,1131987911132443,3.5166666666666666,7.466121,
212,1131987926791263,3.533333333333333,7.538269,
213,1131987942599124,3.55,7.648486,
214,1131987958702106,3.5666666666666664,7.462265,
215,1131987974321429,3.5833333333333335,7.542417,
216,1131987989931537,3.6,7.449041,
217,1131988005417341,3.6166666666666667,7.464715,
218,1131988021605077,3.6333333333333333,7.682244,
219,1131988037017313,3.65,7.531091,
220,1131988052879344,3.6666666666666665,7.755975,
221,1131988068787984,3.683333333333333,7.802357,
222,1131988084480987,3.6999999999999997,7.500601,
223,1131988100029711,3.716666666666667,7.433229,
224,1131988115806795,3.7333333333333334,7.577709,
225,1131988131904393,3.75,7.974745,
226,1131988147550863,3.7666666666666666,7.494454,
227,1131988163066460,3.783333333333333,7.448435,
228,1131988178786986,3.8,7.535012,
229,1131988195170617,3.8166666666666664,7.832309,
230,1131988210392462,3.8333333333333335,7.507543,
231,1131988226055309,3.85,7.470414,
232,1131988241905071,3.8666666666666667,7.519132,
233,1131988257461548,3.8833333333333333,7.530357,
234,1131988273068893,3.9,7.556408,
235,1131988288698301,3.9166666666666665,7.496376,
236,1131988304254217,3.933333333333333,7.370856,
237,1131988320310180,3.9499999999999997,7.572011,
238,1131988336341301,3.966666666666667,7.803391,
239,1131988351647521,3.9833333333333334,7.440657,
240,1131988367748088,4.0,7.910637,
241,1131988383382371,4.016666666666667,7.46644,
242,1131988399181729,4.033333333333333,7.567216,
243,1131988414766582,4.05,7.491182,
244,1131988430995604,4.066666666666666,8.014191,
245,1131988446952304,4.083333333333333,7.762727,
246,1131988462466390,4.1,7.374168,
247,1131988477974997,4.116666666666666,7.316037,
248,1131988485962645,4.133333333333333,6.044465,
249,1131988501578592,4.15,7.457935,
250,1131988517436576,4.166666666666667,7.556111,
251,1131988533126525,4.183333333333334,7.505483,
252,1131988549090999,4.2,7.880289,
253,1131988564654541,4.216666666666667,7.397137,
254,1131988580758898,4.233333333333333,7.869246,
255,1131988596398158,4.25,7.413519,
256,1131988612565693,4.266666666666667,7.964864,
257,1131988628118672,4.283333333333333,7.368012,
258,1131988643725455,4.3,7.322764,
259,1131988659009028,4.316666666666666,7.439823,
260,1131988675086595,4.333333333333333,7.508756,
261,1131988690765274,4.35,7.411684,
262,1131988706398308,4.366666666666666,7.477365,
263,1131988730845335,4.383333333333333,8.803258,
264,1131988746182381,4.4,7.285428,
265,1131988762042390,4.416666666666667,7.442523,
266,1131988777943777,4.433333333333334,7.426639,
267,1131988793722838,4.45,7.857094,
268,1131988809363629,4.466666666666667,7.420973,
269,1131988825030688,4.483333333333333,7.506636,
270,1131988840958407,4.5,7.822201,
271,1131988857103032,4.516666666666667,7.702472,
272,1131988872872942,4.533333333333333,7.497946,
273,1131988888510691,4.55,7.471311,
274,1131988904202532,4.566666666666666,7.540227,
275,1131988920143833,4.583333333333333,7.571416,
276,1131988935810585,4.6,7.470369,
277,1131988951591366,4.616666666666666,7.573987,
278,1131988967900706,4.633333333333333,7.923902,
279,1131988983865626,4.65,7.901373,
280,1131988999485184,4.666666666666667,7.440992,
281,1131989014747586,4.683333333333334,7.499425,
282,1131989030880163,4.7,7.844842,
283,1131989046562904,4.716666666666667,7.491913,
284,1131989062340301,4.733333333333333,7.559989,
285,1131989078347118,4.75,7.77425,
286,1131989094671943,4.766666666666667,8.099117,
287,1131989110246609,4.783333333333333,7.625949,
288,1131989125848430,4.8,7.505269,
289,1131989141418508,4.816666666666666,7.4738,
290,1131989157465917,4.833333333333333,7.922221,
291,1131989172994529,4.85,7.316465,
292,1131989188595584,4.866666666666666,7.457805,
293,1131989204441281,4.883333333333333,7.427843,
294,1131989220265084,4.9,7.425852,
295,1131989235820202,4.916666666666667,7.333662,
296,1131989251556643,4.933333333333334,7.523305,
297,1131989267242511,4.95,7.51199,
298,1131989283400486,4.966666666666667,7.496992,
299,1131989298949049,4.983333333333333,7.425038,
300,1131989314631212,5.0,7.855819,
301,1131989330503188,5.016666666666667,7.66313,
302,1131989345874846,5.033333333333333,7.455227,
303,1131989361627501,5.05,7.661586,
304,1131989377639972,5.066666666666666,7.593717,
305,1131989393806847,5.083333333333333,8.057082,
306,1131989408761287,5.1,7.449575,
307,1131989424435480,5.116666666666666,7.832462,
308,1131989439831058,5.133333333333333,7.501652,
309,1131989456144544,5.15,7.80412,
310,1131989471751338,5.166666666666667,7.427535,
311,1131989487540518,5.183333333333334,7.352843,
312,1131989502963419,5.2,7.596306,
313,1131989518673036,5.216666666666667,7.349297,
314,1131989535075336,5.233333333333333,7.838034,
315,1131989550748853,5.25,7.540924,
316,1131989567219527,5.266666666666667,7.967178,
317,1131989582751210,5.283333333333333,7.456499,
318,1131989598596414,5.3,7.541757,
319,1131989614169769,5.316666666666666,7.541657,
320,1131989630297664,5.333333333333333,8.027512,
321,1131989646209128,5.35,7.750393,
322,1131989662138228,5.366666666666666,7.783758,
323,1131989677830535,5.383333333333333,7.561409,
324,1131989694067496,5.4,8.011483,
325,1131989709653745,5.416666666666667,7.679113,
326,1131989725097184,5.433333333333334,7.499587,
327,1131989740668414,5.45,7.388166,
328,1131989756458439,5.466666666666667,7.515089,
329,1131989772179416,5.483333333333333,7.504213,
330,1131989788375737,5.5,7.714332,
331,1131989803966823,5.516666666666667,7.561893,
332,1131989820235866,5.533333333333333,7.714338,
333,1131989835906589,5.55,7.454164,
334,1131989851880465,5.566666666666666,7.80226,
335,1131989867244677,5.583333333333333,7.444172,
336,1131989882892189,5.6,7.477466,
337,1131989898578419,5.616666666666666,7.307949,
338,1131989914219069,5.633333333333333,7.395872,
339,1131989930205728,5.65,7.794756,
340,1131989945907475,5.666666666666667,7.468574,
341,1131989961582646,5.683333333333334,7.511786,
342,1131989977478493,5.7,7.547952,
343,1131989993540966,5.716666666666667,8.036516,
344,1131990009137586,5.733333333333333,7.357049,
345,1131990024834207,5.75,7.407689,
346,1131990040450840,5.766666666666667,7.543166,
347,1131990056170337,5.783333333333333,7.332808,
348,1131990072234885,5.8,7.63992,
349,1131990087345363,5.816666666666666,7.269357,
350,1131990103302362,5.833333333333333,7.805072,
351,1131990118939800,5.85,7.293967,
352,1131990134841453,5.866666666666666,7.605859,
353,1131990150329347,5.883333333333333,7.389088,
354,1131990166035408,5.9,7.794068,
355,1131990181546938,5.916666666666667,7.604842,
356,1131990197227894,5.933333333333334,7.444311,
357,1131990212937944,5.95,7.497479,
358,1131990228835663,5.966666666666667,7.815067,
359,1131990244284663,5.983333333333333,7.58355,
360,1131990260037568,6.0,7.617856,
361,1131990276085023,6.016666666666667,7.898066,
362,1131990292218908,6.033333333333333,7.903318,
363,1131990307910236,6.05,7.486588,
364,1131990323624927,6.066666666666666,7.575307,
365,1131990339930837,6.083333333333333,7.935052,
366,1131990356359107,6.1,7.778629,
367,1131990371695364,6.116666666666666,7.484916,
368,1131990387783426,6.133333333333333,7.840768,
369,1131990403205986,6.15,7.467278,
370,1131990419332567,6.166666666666667,7.430191,
371,1131990435332293,6.183333333333334,7.740848,
372,1131990443886722,6.2,6.492515,
373,1131990457944120,6.216666666666667,7.477213,
374,1131990474171575,6.233333333333333,8.101405,
375,1131990489441442,6.25,7.782688,
376,1131990504749178,6.266666666666667,7.48779,
377,1131990520138267,6.283333333333333,7.512445,
378,1131990536136640,6.3,7.531136,
379,1131990551852616,6.316666666666666,7.524998,
380,1131990567304424,6.333333333333333,7.520007,
381,1131990582945777,6.35,7.538921,
382,1131990598997708,6.366666666666666,7.682545,
383,1131990614661758,6.383333333333333,7.519463,
384,1131990630183959,6.4,7.42381,
385,1131990646181829,6.416666666666667,7.819201,
386,1131990661800927,6.433333333333334,7.626572,
387,1131990677699742,6.45,7.414429,
388,1131990693313020,6.466666666666667,7.503037,
389,1131990709365038,6.483333333333333,7.866345,
390,1131990724894238,6.5,7.416947,
391,1131990740832380,6.516666666666667,7.747208,
392,1131990756140897,6.533333333333333,7.458232,
393,1131990772027397,6.55,7.769259,
394,1131990787587225,6.566666666666666,7.489205,
395,1131990804099145,6.583333333333333,8.046049,
396,1131990819689659,6.6,7.72572,
397,1131990835899414,6.616666666666666,7.587624,
398,1131990851383382,6.633333333333333,7.319886,
399,1131990867617363,6.6499999999999995,7.467822,
400,1131990883127003,6.666666666666667,7.318828,
401,1131990899381353,6.683333333333334,7.542929,
402,1131990915013045,6.7,7.462536,
403,1131990930354975,6.716666666666667,7.536852,
404,1131990946144624,6.733333333333333,7.60847,
405,1131990961996186,6.75,7.91207,
406,1131990977625937,6.766666666666667,7.511131,
407,1131990993088899,6.783333333333333,7.598289,
408,1131991008991542,6.8,7.872133,
409,1131991024655137,6.816666666666666,7.535563,
410,1131991040386199,6.833333333333333,7.658264,
411,1131991055958530,6.85,7.464561,
412,1131991072199921,6.866666666666666,8.095684,
413,1131991087938512,6.883333333333333,7.588799,
414,1131991103351744,6.8999999999999995,7.602495,
415,1131991119158112,6.916666666666667,7.593152,
416,1131991135188975,6.933333333333334,7.548557,
417,1131991150711231,6.95,7.502185,
418,1131991166497421,6.966666666666667,7.610129,
419,1131991182074643,6.983333333333333,7.490595,
420,1131991198246580,7.0,7.459799,
421,1131991214210299,7.016666666666667,7.742013,
422,1131991229590393,7.033333333333333,7.510702,
423,1131991245693868,7.05,7.744614,
424,1131991261469748,7.066666666666666,7.513749,
425,1131991277592680,7.083333333333333,7.991593,
426,1131991292100118,7.1,7.007414,
427,1131991308141416,7.116666666666666,7.820483,
428,1131991324607658,7.133333333333333,7.826358,
429,1131991340565704,7.1499999999999995,7.670908,
430,1131991356161478,7.166666666666667,7.509376,
431,1131991371966171,7.183333333333334,8.006054,
432,1131991388215632,7.2,8.025837,
433,1131991404193989,7.216666666666667,7.828748,
434,1131991420217555,7.233333333333333,7.836633,
435,1131991436512345,7.25,7.481107,
436,1131991452148255,7.266666666666667,7.487308,
437,1131991467642802,7.283333333333333,7.647671,
438,1131991483240579,7.3,7.421637,
439,1131991499196936,7.316666666666666,7.605987,
440,1131991514709055,7.333333333333333,7.332784,
441,1131991530484518,7.35,7.53643,
442,1131991546330802,7.366666666666666,7.841033,
443,1131991562051704,7.383333333333333,7.548832,
444,1131991577991703,7.3999999999999995,7.751393,
445,1131991593520534,7.416666666666667,7.309784,
446,1131991610157463,7.433333333333334,8.232913,
447,1131991626181152,7.45,7.856033,
448,1131991641810762,7.466666666666667,7.418009,
449,1131991657072521,7.483333333333333,7.362613,
450,1131991672679215,7.5,7.427229,
451,1131991688741666,7.516666666666667,7.475748,
452,1131991704057164,7.533333333333333,7.447117,
453,1131991719654494,7.55,7.479594,
454,1131991735605367,7.566666666666666,7.479554,
455,1131991751252309,7.583333333333333,7.497272,
456,1131991767353675,7.6,7.735313,
457,1131991783283880,7.616666666666666,7.68278,
458,1131991799704274,7.633333333333333,7.693614,
459,1131991814884949,7.6499999999999995,7.318355,
460,1131991830456487,7.666666666666667,7.445733,
461,1131991846338964,7.683333333333334,7.739129,
462,1131991863377134,7.7,9.040138,
463,1131991879604725,7.716666666666667,7.508135,
464,1131991895209109,7.733333333333333,7.466787,
465,1131991910882516,7.75,7.838057,
466,1131991926492833,7.766666666666667,7.457809,
467,1131991942186701,7.783333333333333,7.552947,
468,1131991957820142,7.8,7.452723,
469,1131991973668219,7.816666666666666,7.400018,
470,1131991989369835,7.833333333333333,7.523978,
471,1131992004881183,7.85,7.449974,
472,1131992021160469,7.866666666666666,7.841743,
473,1131992037084061,7.883333333333333,7.406411,
474,1131992052428748,7.8999999999999995,7.440649,
475,1131992068041813,7.916666666666667,7.474803,
476,1131992083955443,7.933333333333334,7.69203,
477,1131992100098969,7.95,7.449875,
478,1131992115527044,7.966666666666667,7.312574,
479,1131992131084776,7.983333333333333,7.447715,
480,1131992146518113,8.0,7.334428,
481,1131992162677827,8.016666666666666,7.405292,
482,1131992178417715,8.033333333333333,7.557529,
483,1131992193814920,8.05,7.343761,
484,1131992209657719,8.066666666666666,7.711126,
485,1131992225078689,8.083333333333334,7.33519,
486,1131992240897087,8.1,7.642334,
487,1131992256254096,8.116666666666667,7.293103,
488,1131992272323887,8.133333333333333,7.830279,
489,1131992287832208,8.15,7.318335,
490,1131992303349334,8.166666666666666,7.390772,
491,1131992318806630,8.183333333333334,7.336974,
492,1131992334627455,8.2,7.254412,
493,1131992350074746,8.216666666666667,7.328064,
494,1131992365715584,8.233333333333333,7.445397,
495,1131992381574330,8.25,7.565119,
496,1131992398167243,8.266666666666666,7.844503,
497,1131992413551982,8.283333333333333,7.489727,
498,1131992429343247,8.3,7.546059,
499,1131992445028708,8.316666666666666,7.495711,
500,1131992460955869,8.333333333333334,7.421079,
501,1131992476496829,8.35,7.387533,
502,1131992492161053,8.366666666666667,7.511565,
503,1131992508332491,8.383333333333333,8.122137,
504,1131992523988819,8.4,7.844972,
505,1131992539749752,8.416666666666666,7.512567,
506,1131992555674959,8.433333333333334,7.71251,
507,1131992571570612,8.45,7.909668,
508,1131992587289760,8.466666666666667,7.473685,
509,1131992602718158,8.483333333333333,7.403175,
510,1131992617995982,8.5,7.41915,
511,1131992633546278,8.516666666666666,7.436883,
512,1131992649366904,8.533333333333333,7.466423,
513,1131992664894633,8.55,7.398077,
514,1131992680368577,8.566666666666666,7.476268,
515,1131992696358784,8.583333333333334,7.565978,
516,1131992711980284,8.6,7.526813,
517,1131992727587213,8.616666666666667,7.519295,
518,1131992743261352,8.633333333333333,7.552794,
519,1131992759222594,8.65,7.573662,
520,1131992774896863,8.666666666666666,7.492891,
521,1131992790588355,8.683333333333334,7.528129,
522,1131992806622902,8.7,7.873263,
523,1131992822147739,8.716666666666667,7.513921,
524,1131992837726146,8.733333333333333,7.547246,
525,1131992853394062,8.75,7.48653,
526,1131992869269280,8.766666666666666,7.847642,
527,1131992884987844,8.783333333333333,7.502971,
528,1131992900691477,8.8,7.546163,
529,1131992916631093,8.816666666666666,7.477075,
530,1131992932780878,8.833333333333334,7.578191,
531,1131992948504828,8.85,7.780939,
532,1131992963798932,8.866666666666667,7.455141,
533,1131992979404114,8.883333333333333,7.499673,
534,1131992995326513,8.9,7.45835,
535,1131993011100051,8.916666666666666,7.544557,
536,1131993026764079,8.933333333333334,7.520339,
537,1131993042317929,8.95,7.645914,
538,1131993058811426,8.966666666666667,7.830891,
539,1131993074061706,8.983333333333333,7.510884,
540,1131993089884768,9.0,7.737193,
541,1131993105152482,9.016666666666666,7.440873,
542,1131993120962476,9.033333333333333,7.395017,
543,1131993136621292,9.05,7.876788,
544,1131993152375847,9.066666666666666,7.510265,
545,1131993168362283,9.083333333333334,7.932062,
546,1131993183898861,9.1,7.456158,
547,1131993199312905,9.116666666666667,7.542947,
548,1131993214982272,9.133333333333333,7.478216,
549,1131993231067241,9.15,8.012286,
550,1131993246724871,9.166666666666666,7.523471,
551,1131993262384983,9.183333333333334,7.763874,
552,1131993277961436,9.2,7.491443,
553,1131993293784891,9.216666666666667,7.822339,
554,1131993308998741,9.233333333333333,7.356286,
555,1131993324524048,9.25,7.479974,
556,1131993340023655,9.266666666666666,7.328859,
557,1131993355786978,9.283333333333333,7.318627,
558,1131993371450991,9.3,7.639236,
559,1131993386766591,9.316666666666666,7.038224,
560,1131993402668496,9.333333333333334,7.40405,
561,1131993418695186,9.35,7.374572,
562,1131993434197563,9.366666666666667,7.344869,
563,1131993450144709,9.383333333333333,7.716504,
564,1131993465980545,9.4,7.713459,
565,1131993481618990,9.416666666666666,7.718303,
566,1131993497301434,9.433333333333334,7.487541,
567,1131993512671926,9.45,7.506311,
568,1131993528651211,9.466666666666667,7.853479,
569,1131993544576213,9.483333333333333,7.417303,
570,1131993559958135,9.5,7.335197,
571,1131993575537197,9.516666666666666,7.506039,
572,1131993591550858,9.533333333333333,8.002085,
573,1131993607366082,9.55,7.321275,
574,1131993623160861,9.566666666666666,7.618213,
575,1131993638540168,9.583333333333334,7.300318,
576,1131993654595243,9.6,7.455039,
577,1131993670054096,9.616666666666667,7.285525,
578,1131993685252629,9.633333333333333,7.069597,
579,1131993700738823,9.65,7.321885,
580,1131993716693830,9.666666666666666,7.360704,
581,1131993732074591,9.683333333333334,7.333715,
582,1131993747966462,9.7,7.652255,
583,1131993763291617,9.716666666666667,7.315647,
584,1131993779170932,9.733333333333333,7.337842,
585,1131993794702963,9.75,7.323309,
586,1131993810218371,9.766666666666666,7.438034,
587,1131993825878283,9.783333333333333,7.457744,
588,1131993841698629,9.8,7.341515,
589,1131993857262011,9.816666666666666,7.35421,
590,1131993872684534,9.833333333333334,7.326989,
591,1131993888799944,9.85,7.89263,
592,1131993904261921,9.866666666666667,7.347915,
593,1131993919767436,9.883333333333333,7.308427,
594,1131993935893429,9.9,7.305298,
595,1131993951586635,9.916666666666666,7.475908,
596,1131993967388207,9.933333333333334,7.319435,
597,1131993982927795,9.95,7.287323,
598,1131993998297754,9.966666666666667,7.268213,
599,1131994014138081,9.983333333333333,7.280615,
600,1131994029793954,10.0,7.340232,
601,1131994044950163,10.016666666666666,7.278639,
602,1131994060440922,10.033333333333333,7.343371,
603,1131994076311209,10.05,7.346629,
604,1131994091780307,10.066666666666666,7.327128,
605,1131994107599560,10.083333333333334,7.605864,
606,1131994123129339,10.1,7.426799,
607,1131994138880311,10.116666666666667,7.323691,
608,1131994154325060,10.133333333333333,7.335699,
609,1131994169732586,10.15,7.331933,
610,1131994185368156,10.166666666666666,7.481638,
611,1131994200905247,10.183333333333334,7.446593,
612,1131994216569940,10.2,7.556329,
613,1131994232188337,10.216666666666667,7.598856,
614,1131994248375128,10.233333333333333,7.884249,
615,1131994264181725,10.25,7.699583,
616,1131994279487486,10.266666666666666,7.434586,
617,1131994294920467,10.283333333333333,7.38898,
618,1131994311249383,10.3,8.235619,
619,1131994326584415,10.316666666666666,7.413078,
620,1131994342037772,10.333333333333334,7.351297,
621,1131994357560885,10.35,7.328137,
622,1131994374222391,10.366666666666667,8.591792,
623,1131994389419724,10.383333333333333,7.360962,
624,1131994405025808,10.4,7.421896,
625,1131994420783030,10.416666666666666,7.751391,
626,1131994436801350,10.433333333333334,7.557267,
627,1131994452451490,10.45,7.419876,
628,1131994468040364,10.466666666666667,7.559986,
629,1131994483464577,10.483333333333333,7.419347,
630,1131994499475466,10.5,7.556766,
631,1131994515397752,10.516666666666666,7.813936,
632,1131994530962532,10.533333333333333,7.449987,
633,1131994546763335,10.55,7.630721,
634,1131994562489502,10.566666666666666,7.342626,
635,1131994577986390,10.583333333333334,7.435235,
636,1131994593696092,10.6,7.635844,
637,1131994608973026,10.616666666666667,7.385812,
638,1131994624558019,10.633333333333333,7.505849,
639,1131994640249550,10.65,7.500619,
640,1131994655831429,10.666666666666666,7.536214,
641,1131994671698314,10.683333333333334,7.865934,
642,1131994687404088,10.7,7.487848,
643,1131994703137230,10.716666666666667,7.626335,
644,1131994718577479,10.733333333333333,7.556181,
645,1131994734156799,10.75,7.430327,
646,1131994749800921,10.766666666666666,7.547377,
647,1131994765544275,10.783333333333333,7.492102,
648,1131994781193356,10.8,7.542263,
649,1131994797171006,10.816666666666666,7.559107,
650,1131994812775473,10.833333333333334,7.515471,
651,1131994828503747,10.85,7.573366,
652,1131994844107625,10.866666666666667,7.503427,
653,1131994860166208,10.883333333333333,7.548979,
654,1131994877504564,10.9,7.453646,
655,1131994893030199,10.916666666666666,7.43218,
656,1131994908920658,10.933333333333334,7.775904,
657,1131994924706589,10.95,7.720231,
658,1131994939926551,10.966666666666667,7.497147,
659,1131994955462609,10.983333333333333,7.469932,
660,1131994971800487,11.0,7.85808,
661,1131994987733379,11.016666666666666,7.791943,
662,1131995003024168,11.033333333333333,7.458983,
663,1131995018939650,11.05,7.709119,
664,1131995034839622,11.066666666666666,7.338382,
665,1131995050364182,11.083333333333334,7.60459,
666,1131995065963303,11.1,7.504091,
667,1131995081617276,11.116666666666667,7.52382,
668,1131995097506229,11.133333333333333,7.411105,
669,1131995113058121,11.15,7.504287,
670,1131995128575217,11.166666666666666,7.496694,
671,1131995144172730,11.183333333333334,7.423459,
672,1131995160241764,11.2,7.533985,
673,1131995175855306,11.216666666666667,7.508004,
674,1131995191515516,11.233333333333333,7.529691,
675,1131995207400723,11.25,7.762971,
676,1131995223392442,11.266666666666666,7.821565,
677,1131995238934918,11.283333333333333,7.338018,
678,1131995254489614,11.3,7.439351,
679,1131995270964960,11.316666666666666,8.323904,
680,1131995286550578,11.333333333333334,7.419354,
681,1131995301967763,11.35,7.350723,
682,1131995317926317,11.366666666666667,7.686174,
683,1131995333602702,11.383333333333333,7.864211,
684,1131995348881202,11.4,7.456632,
685,1131995364496616,11.416666666666666,7.553494,
686,1131995380105540,11.433333333333334,7.520634,
687,1131995396243641,11.45,7.549268,
688,1131995412276179,11.466666666666667,7.851328,
689,1131995427925135,11.483333333333333,7.528527,
690,1131995443546482,11.5,7.569578,
691,1131995459624003,11.516666666666666,7.448824,
692,1131995474638639,11.533333333333333,7.210356,
693,1131995490642806,11.55,7.46232,
694,1131995506317772,11.566666666666666,7.472473,
695,1131995522287666,11.583333333333334,7.438283,
696,1131995537853919,11.6,7.480731,
697,1131995553451218,11.616666666666667,7.476842,
698,1131995569477629,11.633333333333333,7.865738,
699,1131995585137863,11.65,7.461748,
700,1131995600775069,11.666666666666666,7.463344,
701,1131995616392482,11.683333333333334,7.437047,
702,1131995632681619,11.7,8.165626,
703,1131995648264918,11.716666666666667,7.480291,
704,1131995664264175,11.733333333333333,7.887657,
705,1131995679781005,11.75,7.422101,
706,1131995695563506,11.766666666666666,7.469247,
707,1131995711286645,11.783333333333333,7.490809,
708,1131995727312307,11.8,7.822959,
709,1131995742952596,11.816666666666666,7.57877,
710,1131995759200690,11.833333333333334,7.525081,
711,1131995774890964,11.85,7.536212,
712,1131995790329045,11.866666666666667,7.438866,
713,1131995805980454,11.883333333333333,7.471214,
714,1131995821531769,11.9,7.354905,
715,1131995837052292,11.916666666666666,7.328484,
716,1131995852698353,11.933333333333334,7.428466,
717,1131995870095628,11.95,7.929057,
718,1131995893081074,11.966666666666667,7.7079,
719,1131995908692256,11.983333333333333,7.436133,
720,1131995924281729,12.0,7.369687,
721,1131995940069036,12.016666666666666,7.435867,
722,1131995955407843,12.033333333333333,7.399325,
723,1131995971011930,12.05,7.454558,
724,1131995986993022,12.066666666666666,7.847279,
725,1131996002727293,12.083333333333334,7.664804,
726,1131996018579759,12.1,7.49116,
727,1131996034350195,12.116666666666667,7.603698,
728,1131996050327245,12.133333333333333,8.445064,
729,1131996066050109,12.15,7.4456,
730,1131996081825551,12.166666666666666,7.559269,
731,1131996097316802,12.183333333333334,7.393692,
732,1131996112995055,12.2,7.52341,
733,1131996128604581,12.216666666666667,7.484827,
734,1131996144218115,12.233333333333333,7.412796,
735,1131996160152045,12.25,7.790382,
736,1131996176292130,12.266666666666666,7.582781,
737,1131996192214148,12.283333333333333,7.792961,
738,1131996207989893,12.3,7.570924,
739,1131996223514495,12.316666666666666,7.376951,
740,1131996240261835,12.333333333333334,7.818438,
741,1131996255672427,12.35,7.401636,
742,1131996271345760,12.366666666666667,7.468416,
743,1131996286996611,12.383333333333333,7.552882,
744,1131996302759215,12.4,7.558161,
745,1131996318632591,12.416666666666666,7.428072,
746,1131996334239631,12.433333333333334,7.449659,
747,1131996350287351,12.45,7.867782,
748,1131996365990246,12.466666666666667,7.542155,
749,1131996381604947,12.483333333333333,7.447703,
750,1131996397286860,12.5,7.485914,
751,1131996413384319,12.516666666666666,7.924156,
752,1131996429039473,12.533333333333333,7.409409,
753,1131996444575372,12.55,7.306685,
754,1131996460077149,12.566666666666666,7.329096,
755,1131996476161706,12.583333333333334,7.478773,
756,1131996491804370,12.6,7.502116,
757,1131996507282557,12.616666666666667,7.313334,
758,1131996523098377,12.633333333333333,7.551126,
759,1131996539336742,12.65,7.514419,
760,1131996555298355,12.666666666666666,7.832082,
761,1131996571265868,12.683333333333334,7.808687,
762,1131996587294186,12.7,7.827695,
763,1131996603104165,12.716666666666667,7.58297,
764,1131996618621240,12.733333333333333,7.467215,
765,1131996633997921,12.75,7.32795,
766,1131996650253105,12.766666666666666,8.057903,
767,1131996666389777,12.783333333333333,7.805307,
768,1131996681681134,12.8,7.400401,
769,1131996697075985,12.816666666666666,7.37008,
770,1131996712989891,12.833333333333334,7.86165,
771,1131996728888462,12.85,7.796596,
772,1131996744032628,12.866666666666667,7.366593,
773,1131996759620243,12.883333333333333,7.370879,
774,1131996775752855,12.9,7.525275,
775,1131996791184135,12.916666666666666,7.381093,
776,1131996806873930,12.933333333333334,7.352357,
777,1131996822686195,12.95,7.775086,
778,1131996838360209,12.966666666666667,7.349196,
779,1131996854087132,12.983333333333333,7.652552,
780,1131996870575616,13.0,7.372788,
781,1131996886508579,13.016666666666666,7.826279,
782,1131996902035464,13.033333333333333,7.368691,
783,1131996917406213,13.049999999999999,7.316749,
784,1131996932962818,13.066666666666666,7.530028,
785,1131996949045978,13.083333333333334,7.93048,
786,1131996964477716,13.1,7.387345,
787,1131996980011613,13.116666666666667,7.450363,
788,1131996995767078,13.133333333333333,7.674889,
789,1131997011930288,13.15,7.944708,
790,1131997027386388,13.166666666666666,7.520207,
791,1131997043382214,13.183333333333334,7.512933,
792,1131997059387118,13.2,7.551279,
793,1131997076014620,13.216666666666667,7.759737,
794,1131997091832490,13.233333333333333,7.483065,
795,1131997107862359,13.25,7.791877,
796,1131997123458161,13.266666666666666,7.757502,
797,1131997139514876,13.283333333333333,7.535533,
798,1131997155266236,13.299999999999999,7.61345,
799,1131997170876134,13.316666666666666,7.574633,
800,1131997186340960,13.333333333333334,7.42058,
801,1131997201875167,13.35,7.548445,
802,1131997216980777,13.366666666666667,7.452181,
803,1131997232713153,13.383333333333333,7.52562,
804,1131997248912208,13.4,8.03919,
805,1131997264583724,13.416666666666666,7.382672,
806,1131997280378384,13.433333333333334,8.132736,
807,1131997295639200,13.45,7.426384,
808,1131997312015128,13.466666666666667,8.211688,
809,1131997327580679,13.483333333333333,7.457519,
810,1131997343204675,13.5,7.475698,
811,1131997359124111,13.516666666666666,7.800456,
812,1131997374941919,13.533333333333333,7.4599,
813,1131997390746836,13.549999999999999,7.652456,
814,1131997405824979,13.566666666666666,7.523996,
815,1131997421560665,13.583333333333334,7.551809,
816,1131997438339472,13.6,7.719359,
817,1131997453983592,13.616666666666667,7.451673,
818,1131997469566619,13.633333333333333,7.495219,
819,1131997485524349,13.65,7.500549,
820,1131997501253753,13.666666666666666,7.495266,
821,1131997516932501,13.683333333333334,7.545907,
822,1131997532709565,13.7,7.578228,
823,1131997549009170,13.716666666666667,8.066026,
824,1131997565168160,13.733333333333333,7.837445,
825,1131997580874190,13.75,7.537284,
826,1131997596377607,13.766666666666666,7.43914,
827,1131997612513037,13.783333333333333,8.010591,
828,1131997628517912,13.799999999999999,7.809464,
829,1131997643616409,13.816666666666666,7.483971,
830,1131997658669127,13.833333333333334,7.427553,
831,1131997675176314,13.85,7.572909,
832,1131997690716219,13.866666666666667,7.423816,
833,1131997706322558,13.883333333333333,7.409301,
834,1131997721939775,13.9,7.468269,
835,1131997738214137,13.916666666666666,7.544601,
836,1131997753899640,13.933333333333334,7.572644,
837,1131997769947783,13.95,7.592483,
838,1131997785073922,13.966666666666667,7.519363,
839,1131997800816957,13.983333333333333,7.57732,
840,1131997816457137,14.0,7.41869,
841,1131997832037944,14.016666666666666,7.444953,
842,1131997848151670,14.033333333333333,7.978611,
843,1131997863779709,14.049999999999999,7.479748,
844,1131997879493524,14.066666666666666,7.513927,
845,1131997895065913,14.083333333333334,7.434555,
846,1131997910823587,14.1,7.689453,
847,1131997926745999,14.116666666666667,7.738868,
848,1131997942394868,14.133333333333333,7.470983,
849,1131997958086756,14.15,7.517043,
850,1131997973936157,14.166666666666666,7.787621,
851,1131997989587271,14.183333333333334,7.509425,
852,1131998005222089,14.2,7.49057,
853,1131998020923110,14.216666666666667,7.540262,
854,1131998037011595,14.233333333333333,7.508931,
855,1131998052659875,14.25,7.533664,
856,1131998068377132,14.266666666666666,7.529612,
857,1131998084039803,14.283333333333333,7.504332,
858,1131998100193114,14.299999999999999,7.834521,
859,1131998115647322,14.316666666666666,7.577825,
860,1131998131876386,14.333333333333334,7.545981,
861,1131998147502238,14.35,7.99455,
862,1131998163150547,14.366666666666667,7.475794,
863,1131998179065038,14.383333333333333,7.778893,
864,1131998194742187,14.4,7.484773,
865,1131998210484976,14.416666666666666,8.139231,
866,1131998226026326,14.433333333333334,7.484533,
867,1131998241667006,14.45,7.593755,
868,1131998257357448,14.466666666666667,7.516498,
869,1131998273502314,14.483333333333333,8.012514,
870,1131998288655594,14.5,7.51107,
871,1131998304245598,14.516666666666666,7.437432,
872,1131998319816866,14.533333333333333,7.451327,
873,1131998335939627,14.549999999999999,7.476865,
874,1131998351616282,14.566666666666666,7.488032,
875,1131998367291738,14.583333333333334,7.512181,
876,1131998382876200,14.6,7.467629,
877,1131998399014134,14.616666666666667,7.467507,
878,1131998415326498,14.633333333333333,8.378636,
879,1131998435354224,14.65,11.876798,
880,1131998451325576,14.666666666666666,12.263115,
881,1131998467448045,14.683333333333334,12.469132,
882,1131998483563988,14.7,12.151893,
883,1131998499147109,14.716666666666667,11.687415,
884,1131998516181462,14.733333333333333,12.875523,
885,1131998531727703,14.75,11.921108,
886,1131998547476443,14.766666666666666,12.166974,
887,1131998564626963,14.783333333333333,12.935787,
888,1131998580581983,14.799999999999999,11.905559,
889,1131998596997567,14.816666666666666,12.275949,
890,1131998612690181,14.833333333333334,11.920521,
891,1131998629336368,14.85,12.315169,
892,1131998644774765,14.866666666666667,11.867131,
893,1131998660995980,14.883333333333333,12.347521,
894,1131998676788911,14.9,12.199845,
895,1131998692891425,14.916666666666666,12.513275,
896,1131998709317564,14.933333333333334,12.250607,
897,1131998725050601,14.95,12.149527,
898,1131998740335593,14.966666666666667,11.703185,
899,1131998756313026,14.983333333333333,12.404065,
900,1131998772029194,15.0,12.128304,
901,1131998787738144,15.016666666666666,11.850106,
902,1131998803636073,15.033333333333333,12.139954,
903,1131998819569469,15.049999999999999,11.867422,
904,1131998835413260,15.066666666666666,12.213922,
905,1131998851351222,15.083333333333334,12.341925,
906,1131998867180682,15.1,11.950239,
907,1131998883316188,15.116666666666667,12.074041,
908,1131998898693195,15.133333333333333,11.804008,
909,1131998914315318,15.15,11.743742,
910,1131998930215681,15.166666666666666,12.237493,
911,1131998945746101,15.183333333333334,11.929111,
912,1131998961615640,15.2,12.278973,
913,1131998976956128,15.216666666666667,11.693365,
914,1131998993078608,15.233333333333333,12.488734,
915,1131999008960630,15.25,12.019398,
916,1131999024348547,15.266666666666666,11.710297,
917,1131999039741169,15.283333333333333,11.797922,
918,1131999055850119,15.299999999999999,12.520868,
919,1131999071776176,15.316666666666666,11.708781,
920,1131999087215788,15.333333333333334,11.80332,
921,1131999103025250,15.35,12.224237,
922,1131999119229550,15.366666666666667,12.058372,
923,1131999135422665,15.383333333333333,11.963494,
924,1131999151335278,15.4,12.060688,
925,1131999167400065,15.416666666666666,12.127327,
926,1131999183114409,15.433333333333334,12.120647,
927,1131999198629392,15.45,11.634744,
928,1131999213967061,15.466666666666667,11.693128,
929,1131999229761125,15.483333333333333,12.199078,
930,1131999245397008,15.5,11.707586,
931,1131999262674837,15.516666666666666,13.692391,
932,1131999277985120,15.533333333333333,12.005008,
933,1131999294048383,15.549999999999999,12.455102,
934,1131999309819554,15.566666666666666,11.771961,
935,1131999325427645,15.583333333333334,11.705533,
936,1131999340779280,15.6,11.76209,
937,1131999356938583,15.616666666666667,12.568109,
938,1131999372845935,15.633333333333333,12.277867,
939,1131999388832865,15.65,12.114798,
940,1131999404858390,15.666666666666666,12.43999,
941,1131999420832631,15.683333333333334,12.238012,
942,1131999437110505,15.7,12.306922,
943,1131999452757682,15.716666666666667,12.075418,
944,1131999467542645,15.733333333333333,11.197775,
945,1131999484214958,15.75,12.247218,
946,1131999500217179,15.766666666666666,12.102365,
947,1131999515701480,15.783333333333333,11.891788,
948,1131999532349512,15.799999999999999,12.702732,
949,1131999548358933,15.816666666666666,11.835283,
950,1131999564536950,15.833333333333334,12.316366,
951,1131999580090081,15.85,11.585397,
952,1131999596495411,15.866666666666667,12.703302,
953,1131999612775889,15.883333333333333,12.289451,
954,1131999628997942,15.9,12.342796,
955,1131999644856236,15.916666666666666,11.996595,
956,1131999660659469,15.933333333333334,11.783185,
957,1131999676458683,15.95,12.199997,
958,1131999692612816,15.966666666666667,11.54214,
959,1131999708387366,15.983333333333333,12.075056,
960,1131999724438676,16.0,12.351554,
961,1131999739989186,16.016666666666666,11.909938,
962,1131999756077782,16.03333333333333,12.449169,
963,1131999775547144,16.05,7.468356,
964,1131999790731460,16.066666666666666,7.545587,
965,1131999806424117,16.083333333333332,7.550378,
966,1131999822063469,16.1,7.487829,
967,1131999838218344,16.116666666666667,7.402737,
968,1131999853861637,16.133333333333333,7.425971,
969,1131999871352096,16.15,7.448719,
970,1131999887208375,16.166666666666668,8.001543,
971,1131999902813655,16.183333333333334,7.416236,
972,1131999918440716,16.2,7.423256,
973,1131999934372555,16.216666666666665,7.783693,
974,1131999950535038,16.233333333333334,8.052796,
975,1131999966347175,16.25,7.305411,
976,1131999981863402,16.266666666666666,7.410417,
977,1131999997325073,16.28333333333333,7.292383,
978,1132000013400445,16.3,7.943736,
979,1132000028986693,16.316666666666666,7.41717,
980,1132000044420707,16.333333333333332,7.309822,
981,1132000059923172,16.35,7.39791,
982,1132000075534699,16.366666666666667,7.754416,
983,1132000091119063,16.383333333333333,7.388079,
984,1132000106764530,16.4,7.510539,
985,1132000122746956,16.416666666666668,7.876024,
986,1132000139156306,16.433333333333334,7.511155,
987,1132000154634203,16.45,7.403025,
988,1132000170881774,16.466666666666665,7.43459,
989,1132000186526737,16.483333333333334,7.992924,
990,1132000202771549,16.5,7.463961,
991,1132000218461848,16.516666666666666,7.446321,
992,1132000234383021,16.53333333333333,7.833594,
993,1132000250128737,16.55,8.024147,
994,1132000265357454,16.566666666666666,7.4446,
995,1132000280925941,16.583333333333332,7.441677,
996,1132000296523834,16.6,7.44514,
997,1132000312546213,16.616666666666667,7.930811,
998,1132000328118032,16.633333333333333,7.451973,
999,1132000344055586,16.65,7.707573,
1000,1132000359567891,16.666666666666668,7.357946,
1001,1132000375983558,16.683333333333334,7.77175,
1002,1132000397978870,16.7,11.95737,
1003,1132000413621569,16.716666666666665,11.750519,
1004,1132000430032178,16.733333333333334,12.491324,
1005,1132000445403305,16.75,11.685202,
1006,1132000461567657,16.766666666666666,12.530724,
1007,1132000476826891,16.78333333333333,11.642099,
1008,1132000493235154,16.8,12.779992,
1009,1132000508847359,16.816666666666666,12.022856,
1010,1132000525048773,16.833333333333332,11.381435,
1011,1132000540131810,16.85,11.79901,
1012,1132000556861747,16.866666666666667,12.567232,
1013,1132000572691813,16.883333333333333,12.226524,
1014,1132000588389883,16.9,12.045254,
1015,1132000603980393,16.916666666666668,11.727948,
1016,1132000620065888,16.933333333333334,12.045851,
1017,1132000635678369,16.95,11.589786,
1018,1132000651300925,16.966666666666665,11.974132,
1019,1132000667433126,16.983333333333334,12.527937,
1020,1132000683498251,17.0,12.046067,
1021,1132000702658613,17.016666666666666,7.853026,
1022,1132000717816708,17.03333333333333,7.532427,
1023,1132000734256963,17.05,7.983438,
1024,1132000749729953,17.066666666666666,7.626083,
1025,1132000765334329,17.083333333333332,7.459931,
1026,1132000780846237,17.1,7.44601,
1027,1132000797374714,17.116666666666667,7.928615,
1028,1132000812548243,17.133333333333333,7.521589,
1029,1132000828587222,17.15,7.873909,
1030,1132000843790972,17.166666666666668,7.368969,
1031,1132000859870562,17.183333333333334,7.460556,
1032,1132000875494556,17.2,7.483532,
1033,1132000891059242,17.216666666666665,7.485104,
1034,1132000906657468,17.233333333333334,7.515096,
1035,1132000922755898,17.25,7.561414,
1036,1132000938551608,17.266666666666666,7.684452,
1037,1132000953644667,17.28333333333333,7.466563,
1038,1132000969649188,17.3,7.860417,
1039,1132000985340574,17.316666666666666,7.42695,
1040,1132001000447314,17.333333333333332,7.529938,
1041,1132001015589332,17.35,7.135444,
1042,1132001031844742,17.366666666666667,8.12549,
1043,1132001047392914,17.383333333333333,7.498003,
1044,1132001063054872,17.4,7.554371,
1045,1132001078655926,17.416666666666668,7.429778,
1046,1132001094733312,17.433333333333334,7.445625,
1047,1132001110575996,17.45,7.410711,
1048,1132001126170528,17.466666666666665,7.470682,
1049,1132001142235797,17.483333333333334,7.909393,
1050,1132001157941219,17.5,7.545971,
1051,1132001173600084,17.516666666666666,7.47593,
1052,1132001188958261,17.53333333333333,7.482785,
1053,1132001204665522,17.55,7.581833,
1054,1132001220506595,17.566666666666666,7.610026,
1055,1132001236692687,17.583333333333332,7.44039,
1056,1132001252485407,17.6,7.539667,
1057,1132001268513864,17.616666666666667,7.950211,
1058,1132001284157279,17.633333333333333,7.51118,
1059,1132001299826475,17.65,7.453433,
1060,1132001315391559,17.666666666666668,7.462541,
1061,1132001331535041,17.683333333333334,8.031067,
1062,1132001347253406,17.7,7.528732,
1063,1132001362455915,17.716666666666665,7.077756,
1064,1132001377976724,17.733333333333334,7.377113,
1065,1132001394635597,17.75,7.645502,
1066,1132001410303947,17.766666666666666,7.430418,
1067,1132001425885630,17.78333333333333,7.457017,
1068,1132001441403216,17.8,7.456597,
1069,1132001457648295,17.816666666666666,7.622818,
1070,1132001473236806,17.833333333333332,7.367589,
1071,1132001488418520,17.85,7.055636,
1072,1132001503915601,17.866666666666667,7.324325,
1073,1132001519872616,17.883333333333333,7.35828,
1074,1132001535255101,17.9,7.158578,
1075,1132001550716264,17.916666666666668,7.308113,
1076,1132001566382593,17.933333333333334,7.472236,
1077,1132001582774947,17.95,7.746302,
1078,1132001598290423,17.966666666666665,7.605577,
1079,1132001613470727,17.983333333333334,6.994897,
1080,1132001629616239,18.0,7.839881,
1081,1132001645632036,18.016666666666666,7.729758,
1082,1132001661172274,18.03333333333333,7.354489,
1083,1132001676698446,18.05,7.371918,
1084,1132001693100820,18.066666666666666,7.815891,
1085,1132001708886671,18.083333333333332,7.512105,
1086,1132001724367345,18.1,7.408678,
1087,1132001739873065,18.116666666666667,7.354644,
1088,1132001755698366,18.133333333333333,7.365792,
1089,1132001771203536,18.15,7.39626,
1090,1132001787132353,18.166666666666668,7.727543,
1091,1132001802567566,18.183333333333334,7.335568,
1092,1132001818203920,18.2,7.093991,
1093,1132001833711924,18.216666666666665,7.340935,
1094,1132001849468410,18.233333333333334,7.627096,
1095,1132001864980562,18.25,7.326983,
1096,1132001880593326,18.266666666666666,7.07075,
1097,1132001896520132,18.28333333333333,7.413026,
1098,1132001912325699,18.3,7.314703,
1099,1132001928116431,18.316666666666666,7.625857,
1100,1132001944045014,18.333333333333332,7.462782,
1101,1132001959639862,18.35,7.370494,
1102,1132001975168932,18.366666666666667,7.332927,
1103,1132001991049168,18.383333333333333,7.717229,
1104,1132002006520638,18.4,7.334429,
1105,1132002022229698,18.416666666666668,7.328378,
1106,1132002037711674,18.433333333333334,7.353937,
1107,1132002053753593,18.45,7.66729,
1108,1132002069302682,18.466666666666665,7.335216,
1109,1132002084862529,18.483333333333334,7.453222,
1110,1132002100487629,18.5,7.445628,
1111,1132002116471171,18.516666666666666,7.438776,
1112,1132002132035394,18.53333333333333,7.373669,
1113,1132002147647226,18.55,7.490466,
1114,1132002163296142,18.566666666666666,7.535958,
1115,1132002179570053,18.583333333333332,7.753759,
1116,1132002195371785,18.6,7.336974,
1117,1132002210794050,18.616666666666667,7.321897,
1118,1132002226712447,18.633333333333333,7.748287,
1119,1132002242889242,18.65,7.677227,
1120,1132002258337230,18.666666666666668,7.57996,
1121,1132002273920782,18.683333333333334,7.420544,
1122,1132002290045441,18.7,7.93764,
1123,1132002305651744,18.716666666666665,7.476961,
1124,1132002320798053,18.733333333333334,7.48991,
1125,1132002336347394,18.75,7.336811,
1126,1132002352385781,18.766666666666666,7.933162,
1127,1132002367878698,18.78333333333333,7.380564,
1128,1132002383527635,18.8,7.438766,
1129,1132002399100406,18.816666666666666,7.510812,
1130,1132002414989427,18.833333333333332,7.462348,
1131,1132002430803866,18.85,7.6636,
1132,1132002446254208,18.866666666666667,7.333082,
1133,1132002461741194,18.883333333333333,7.357057,
1134,1132002478074662,18.9,7.372693,
1135,1132002493597266,18.916666666666668,7.348862,
1136,1132002509141420,18.933333333333334,7.332459,
1137,1132002524599552,18.95,7.366578,
1138,1132002540649084,18.966666666666665,7.639037,
1139,1132002556305083,18.983333333333334,7.382597,
1140,1132002572383039,19.0,7.685436,
1141,1132002588146371,19.016666666666666,7.626522,
1142,1132002603646611,19.03333333333333,7.309715,
1143,1132002619135639,19.05,7.32143,
1144,1132002634564832,19.066666666666666,7.331325,
1145,1132002650491088,19.083333333333332,7.863929,
1146,1132002665856270,19.1,7.465409,
1147,1132002681550316,19.116666666666667,7.523079,
1148,1132002697212845,19.133333333333333,7.53739,
1149,1132002713107460,19.15,7.79784,
1150,1132002728677903,19.166666666666668,7.436478,
1151,1132002744626771,19.183333333333334,7.523422,
1152,1132002760381495,19.2,7.455047,
1153,1132002776424882,19.216666666666665,7.538067,
1154,1132002792046524,19.233333333333334,7.484969,
1155,1132002807686001,19.25,7.549164,
1156,1132002823378969,19.266666666666666,7.630079,
1157,1132002839465111,19.28333333333333,7.535663,
1158,1132002855377643,19.3,7.818914,
1159,1132002871035802,19.316666666666666,7.45852,
1160,1132002886730900,19.333333333333332,7.471372,
1161,1132002902158181,19.35,7.474475,
1162,1132002917785744,19.366666666666667,7.476426,
1163,1132002933456055,19.383333333333333,7.538273,
1164,1132002949027204,19.4,7.451562,
1165,1132002964990830,19.416666666666668,7.550406,
1166,1132002980474439,19.433333333333334,7.442847,
1167,1132002996017983,19.45,7.530049,
1168,1132003012163845,19.466666666666665,8.039685,
1169,1132003028254245,19.483333333333334,8.057592,
1170,1132003043809673,19.5,7.475272,
1171,1132003059634189,19.516666666666666,7.751411,
1172,1132003075296390,19.53333333333333,7.787452,
1173,1132003090922822,19.55,7.415484,
1174,1132003106443674,19.566666666666666,7.404599,
1175,1132003121982387,19.583333333333332,7.380319,
1176,1132003137974558,19.6,7.31947,
1177,1132003153522771,19.616666666666667,7.454998,
1178,1132003169142095,19.633333333333333,7.43479,
1179,1132003184551530,19.65,7.335198,
1180,1132003200469788,19.666666666666668,7.356389,
1181,1132003216107969,19.683333333333334,7.496181,
1182,1132003231611871,19.7,7.495033,
1183,1132003247791795,19.716666666666665,7.827533,
1184,1132003263393252,19.733333333333334,7.471228,
1185,1132003279870913,19.75,7.666336,
1186,1132003295317595,19.766666666666666,7.617311,
1187,1132003311233754,19.78333333333333,7.915828,
1188,1132003327052374,19.8,7.425062,
1189,1132003342846655,19.816666666666666,7.704713,
1190,1132003358491995,19.833333333333332,7.445016,
1191,1132003374206412,19.85,7.288038,
1192,1132003389980178,19.866666666666667,7.379834,
1193,1132003405424040,19.883333333333333,7.326922,
1194,1132003420828937,19.9,7.274155,
1195,1132003436730251,19.916666666666668,7.309277,
1196,1132003452230388,19.933333333333334,7.409253,
1197,1132003467654016,19.95,7.307173,
1198,1132003483245727,19.966666666666665,7.477526,
1199,1132003499007561,19.983333333333334,7.421177,
1200,1132003514885533,20.0,7.844587,
1201,1132003530015142,20.016666666666666,7.476686,
1202,1132003545730830,20.03333333333333,7.520962,
1203,1132003561828397,20.05,7.528142,
1204,1132003577475641,20.066666666666666,7.548469,
1205,1132003593086623,20.083333333333332,7.497422,
1206,1132003609035083,20.1,7.839673,
1207,1132003624525909,20.116666666666667,7.366024,
1208,1132003640071323,20.133333333333333,7.376166,
1209,1132003655388255,20.15,7.110908,
1210,1132003671473848,20.166666666666668,7.927936,
1211,1132003687102300,20.183333333333334,7.478093,
1212,1132003702875893,20.2,7.592153,
1213,1132003718477993,20.216666666666665,7.465622,
1214,1132003735008692,20.233333333333334,8.079773,
1215,1132003750630520,20.25,7.492068,
1216,1132003766253649,20.266666666666666,7.454927,
1217,1132003781892181,20.28333333333333,7.426237,
1218,1132003797990807,20.3,7.340538,
1219,1132003813651733,20.316666666666666,7.472617,
1220,1132003829183449,20.333333333333332,7.365538,
1221,1132003844823361,20.35,7.557281,
1222,1132003861449821,20.366666666666667,8.542551,
1223,1132003877282959,20.383333333333333,7.356229,
1224,1132003892894613,20.4,7.422884,
1225,1132003908860485,20.416666666666668,7.90038,
1226,1132003924065952,20.433333333333334,7.085698,
1227,1132003940017638,20.45,7.814746,
1228,1132003955586878,20.466666666666665,7.696305,
1229,1132003971790685,20.483333333333334,8.067928,
1230,1132003987350304,20.5,7.351008,
1231,1132004002867592,20.516666666666666,7.437379,
1232,1132004018370493,20.53333333333333,7.328675,
1233,1132004034318555,20.55,7.647775,
1234,1132004050087478,20.566666666666666,7.592949,
1235,1132004065580968,20.583333333333332,7.332879,
1236,1132004081162270,20.6,7.365241,
1237,1132004097072669,20.616666666666667,7.341243,
1238,1132004112644690,20.633333333333333,7.426284,
1239,1132004128179093,20.65,7.331393,
1240,1132004143719673,20.666666666666668,7.466595,
1241,1132004159739340,20.683333333333334,7.478509,
1242,1132004175408247,20.7,7.476186,
1243,1132004191270900,20.716666666666665,7.76728,
1244,1132004207451300,20.733333333333334,7.679601,
1245,1132004223079681,20.75,7.453195,
1246,1132004238437580,20.766666666666666,7.468116,
1247,1132004254014982,20.78333333333333,7.430924,
1248,1132004270091372,20.8,7.873947,
1249,1132004285616021,20.816666666666666,7.382628,
1250,1132004301434389,20.833333333333332,7.34962,
1251,1132004316976344,20.85,7.333834,
1252,1132004333195914,20.866666666666667,7.409134,
1253,1132004348809924,20.883333333333333,7.634762,
1254,1132004364603114,20.9,7.568458,
1255,1132004380321930,20.916666666666668,7.535827,
1256,1132004396485708,20.933333333333334,7.586193,
1257,1132004412097483,20.95,7.470252,
1258,1132004427834858,20.966666666666665,7.510805,
1259,1132004443465124,20.983333333333334,7.490832,
1260,1132004459451870,21.0,7.53465,
1261,1132004474961727,21.016666666666666,7.471944,
1262,1132004490655409,21.03333333333333,7.520084,
1263,1132004506654692,21.05,7.849088,
1264,1132004522315691,21.066666666666666,7.571639,
1265,1132004537838184,21.083333333333332,7.493856,
1266,1132004553332071,21.1,7.608316,
1267,1132004569142123,21.116666666666667,7.783967,
1268,1132004584896749,21.133333333333333,7.587022,
1269,1132004600528160,21.15,7.532976,
1270,1132004616303238,21.166666666666668,7.544922,
1271,1132004632172498,21.183333333333334,7.788011,
1272,1132004647733209,21.2,7.408145,
1273,1132004663736329,21.216666666666665,7.813435,
1274,1132004679030397,21.233333333333334,7.398159,
1275,1132004694958553,21.25,7.362773,
1276,1132004710571296,21.266666666666666,7.37462,
1277,1132004726203059,21.28333333333333,7.448843,
1278,1132004742077637,21.3,7.415897,
1279,1132004758038166,21.316666666666666,7.477641,
1280,1132004773593221,21.333333333333332,7.320981,
1281,1132004789426383,21.35,7.469724,
1282,1132004805343733,21.366666666666667,7.384047,
1283,1132004821738313,21.383333333333333,7.403809,
1284,1132004837476664,21.4,7.432636,
1285,1132004853370973,21.416666666666668,7.394478,
1286,1132004869825849,21.433333333333334,7.753878,
1287,1132004885434959,21.45,7.368055,
1288,1132004901115674,21.466666666666665,7.396357,
1289,1132004916645381,21.483333333333334,7.352376,
1290,1132004933056829,21.5,7.922328,
1291,1132004948731628,21.516666666666666,7.370463,
1292,1132004964371316,21.53333333333333,7.435746,
1293,1132004980191842,21.55,7.72297,
1294,1132004995883597,21.566666666666666,7.46964,
1295,1132005011108239,21.583333333333332,7.451513,
1296,1132005026780193,21.6,7.540024,
1297,1132005042607048,21.616666666666667,7.442054,
1298,1132005058844502,21.633333333333333,7.573037,
1299,1132005074391413,21.65,7.408727,
1300,1132005090020841,21.666666666666668,7.498887,
1301,1132005105569005,21.683333333333334,7.411845,
1302,1132005121525038,21.7,7.488586,
1303,1132005137152718,21.716666666666665,7.456564,
1304,1132005152785897,21.733333333333334,7.502481,
1305,1132005168705684,21.75,7.762876,
1306,1132005184157754,21.766666666666666,7.374776,
1307,1132005199766131,21.78333333333333,7.428623,
1308,1132005215351590,21.8,7.369802,
1309,1132005231415156,21.816666666666666,7.904242,
1310,1132005246926139,21.833333333333332,7.361538,
1311,1132005262532731,21.85,7.496224,
1312,1132005278274726,21.866666666666667,7.366404,
1313,1132005294288497,21.883333333333333,7.540341,
1314,1132005309954751,21.9,7.518169,
1315,1132005325580223,21.916666666666668,7.437807,
1316,1132005341297607,21.933333333333334,7.623629,
1317,1132005357601785,21.95,7.495276,
1318,1132005373592903,21.966666666666665,7.755863,
1319,1132005389135423,21.983333333333334,7.455368,
1320,1132005404678098,22.0,7.400878,
1321,1132005420422923,22.016666666666666,7.758233,
1322,1132005435903417,22.03333333333333,7.361149,
1323,1132005451007913,22.05,7.553533,
1324,1132005466863536,22.066666666666666,7.80073,
1325,1132005482485078,22.083333333333332,7.454167,
1326,1132005498015997,22.1,7.376672,
1327,1132005513765919,22.116666666666667,7.47635,
1328,1132005529731806,22.133333333333333,8.078177,
1329,1132005545331018,22.15,7.419118,
1330,1132005560930329,22.166666666666668,7.453489,
1331,1132005576803770,22.183333333333334,7.60985,
1332,1132005592827343,22.2,7.970247,
1333,1132005608158598,22.216666666666665,7.406581,
1334,1132005623709726,22.233333333333334,7.491558,
1335,1132005639272896,22.25,7.472735,
1336,1132005655207046,22.266666666666666,7.525866,
1337,1132005670374502,22.28333333333333,7.527666,
1338,1132005686413274,22.3,7.918934,
1339,1132005701817271,22.316666666666666,7.613287,
1340,1132005717918325,22.333333333333332,7.61196,
1341,1132005733576636,22.35,7.837958,
1342,1132005749110037,22.366666666666667,7.464658,
1343,1132005765145509,22.383333333333333,7.868915,
1344,1132005780616352,22.4,7.591917,
1345,1132005796656366,22.416666666666668,7.55159,
1346,1132005812285843,22.433333333333334,7.559529,
1347,1132005828406472,22.45,7.94124,
1348,1132005844230541,22.466666666666665,7.580159,
1349,1132005859913734,22.483333333333334,7.497699,
1350,1132005875507939,22.5,7.532561,
1351,1132005891552619,22.516666666666666,8.027772,
1352,1132005907380098,22.53333333333333,7.629993,
1353,1132005923317993,22.55,7.483785,
1354,1132005939022578,22.566666666666666,7.512066,
1355,1132005955269916,22.583333333333332,7.793047,
1356,1132005970869487,22.6,7.450389,
1357,1132005986296671,22.616666666666667,7.572839,
1358,1132006001973057,22.633333333333333,7.508571,
1359,1132006017939997,22.65,7.391033,
1360,1132006033639125,22.666666666666668,7.539911,
1361,1132006049433915,22.683333333333334,7.51916,
1362,1132006065086172,22.7,7.47346,
1363,1132006081024368,22.716666666666665,7.460996,
1364,1132006096757021,22.733333333333334,7.438741,
1365,1132006112215672,22.75,7.418796,
1366,1132006128062197,22.766666666666666,7.924621,
1367,1132006143576437,22.78333333333333,7.420293,
1368,1132006158767218,22.8,7.420072,
1369,1132006174513186,22.816666666666666,7.572969,
1370,1132006190589455,22.833333333333332,7.995967,
1371,1132006206466129,22.85,7.525866,
1372,1132006222090278,22.866666666666667,7.520875,
1373,1132006237780308,22.883333333333333,7.534394,
1374,1132006253592044,22.9,7.436194,
1375,1132006269564751,22.916666666666668,7.535697,
1376,1132006285346282,22.933333333333334,7.449383,
1377,1132006300838250,22.95,7.440214,
1378,1132006316750196,22.966666666666665,7.512224,
1379,1132006332341211,22.983333333333334,7.496234,
1380,1132006347821000,23.0,7.460645,
1381,1132006363388163,23.016666666666666,7.482822,
1382,1132006379101568,23.03333333333333,7.77057,
1383,1132006395439539,23.05,7.797924,
1384,1132006411356299,23.066666666666666,7.597464,
1385,1132006427009147,23.083333333333332,7.500508,
1386,1132006442919557,23.1,7.804824,
1387,1132006458369830,23.116666666666667,7.564627,
1388,1132006473961187,23.133333333333333,7.462542,
1389,1132006489702957,23.15,7.516236,
1390,1132006505894280,23.166666666666668,7.571342,
1391,1132006521571997,23.183333333333334,7.503704,
1392,1132006537552355,23.2,7.532806,
1393,1132006553615924,23.216666666666665,7.957123,
1394,1132006569378169,23.233333333333334,7.530647,
1395,1132006585012579,23.25,7.524402,
1396,1132006600531965,23.266666666666666,7.491926,
1397,1132006616861898,23.28333333333333,7.474043,
1398,1132006632530379,23.3,7.509857,
1399,1132006648157907,23.316666666666666,7.422812,
1400,1132006663834834,23.333333333333332,7.451554,
1401,1132006679900485,23.35,7.48497,
1402,1132006695816367,23.366666666666667,7.79608,
1403,1132006711797789,23.383333333333333,7.789182,
1404,1132006727202954,23.4,7.804792,
1405,1132006742893128,23.416666666666668,7.836937,
1406,1132006758488355,23.433333333333334,7.443526,
1407,1132006774290436,23.45,7.449666,
1408,1132006790301397,23.466666666666665,7.940662,
1409,1132006805879055,23.483333333333334,7.364791,
1410,1132006821609476,23.5,7.445137,
1411,1132006837218514,23.516666666666666,7.469712,
1412,1132006852897189,23.53333333333333,7.815031,
1413,1132006868404900,23.55,7.524845,
1414,1132006883943430,23.566666666666666,7.482616,
1415,1132006899055597,23.583333333333332,7.41577,
1416,1132006915192995,23.6,7.675227,
1417,1132006930677750,23.616666666666667,7.357671,
1418,1132006946561011,23.633333333333333,7.776871,
1419,1132006962030863,23.65,7.532448,
1420,1132006978420500,23.666666666666668,7.772907,
1421,1132006993768762,23.683333333333334,7.531186,
1422,1132007009342382,23.7,7.513085,
1423,1132007024927778,23.716666666666665,7.369195,
1424,1132007040860628,23.733333333333334,7.4954,
1425,1132007055962441,23.75,7.573052,
1426,1132007071472464,23.766666666666666,7.355693,
1427,1132007086957425,23.78333333333333,7.324028,
1428,1132007102465656,23.8,7.386389,
1429,1132007118090243,23.816666666666666,7.490027,
1430,1132007133543660,23.833333333333332,7.343129,
1431,1132007149483814,23.85,7.832443,
1432,1132007165191740,23.866666666666667,7.570903,
1433,1132007180784810,23.883333333333333,7.466579,
1434,1132007196377976,23.9,7.396282,
1435,1132007212462695,23.916666666666668,7.905459,
1436,1132007228096595,23.933333333333334,7.497469,
1437,1132007243551662,23.95,7.395971,
1438,1132007259432438,23.966666666666665,7.407256,
1439,1132007275714641,23.983333333333334,7.512798,
1440,1132007291387520,24.0,7.470221,
1441,1132007307163640,24.016666666666666,7.567693,
1442,1132007323016136,24.03333333333333,7.730184,
1443,1132007338830173,24.05,7.476134,
1444,1132007354619903,24.066666666666666,7.479094,
1445,1132007370713017,24.083333333333332,7.764082,
1446,1132007386213852,24.1,7.775252,
1447,1132007401892328,24.116666666666667,7.504458,
1448,1132007417597735,24.133333333333333,7.542103,
1449,1132007433301518,24.15,7.525167,
1450,1132007449242329,24.166666666666668,7.943063,
1451,1132007464993785,24.183333333333334,7.53525,
1452,1132007480489145,24.2,7.457184,
1453,1132007496228628,24.216666666666665,7.393319,
1454,1132007512232206,24.233333333333334,7.867004,
1455,1132007527528266,24.25,7.437016,
1456,1132007543335182,24.266666666666666,7.763067,
1457,1132007558757037,24.28333333333333,7.520696,
1458,1132007574635582,24.3,7.458975,
1459,1132007590171924,24.316666666666666,7.458801,
1460,1132007605733056,24.333333333333332,7.463668,
1461,1132007621285873,24.35,7.343124,
1462,1132007637296243,24.366666666666667,7.41906,
1463,1132007653133225,24.383333333333333,7.643288,
1464,1132007668816188,24.4,7.606,
1465,1132007684339785,24.416666666666668,7.298376,
1466,1132007699953326,24.433333333333334,7.347674,
1467,1132007715350174,24.45,7.33979,
1468,1132007731037912,24.466666666666665,7.637082,
1469,1132007746791224,24.483333333333334,7.661287,
1470,1132007762339092,24.5,7.358117,
1471,1132007777977076,24.516666666666666,7.409548,
1472,1132007793607099,24.53333333333333,7.476942,
1473,1132007809372672,24.55,7.691207,
1474,1132007824997317,24.566666666666666,7.512269,
1475,1132007840361621,24.583333333333332,7.331202,
1476,1132007855833538,24.6,7.340347,
1477,1132007873298744,24.616666666666667,7.827686,
1478,1132007888945392,24.633333333333333,7.466746,
1479,1132007904543979,24.65,7.425977,
1480,1132007920091113,24.666666666666668,7.335412,
1481,1132007936415297,24.683333333333334,8.162183,
1482,1132007952272499,24.7,7.623394,
1483,1132007967826151,24.716666666666665,7.342331,
1484,1132007983381480,24.733333333333334,7.453687,
1485,1132007999356089,24.75,7.437235,
1486,1132008014572777,24.766666666666666,7.056246,
1487,1132008030306304,24.78333333333333,7.326934,
1488,1132008045812247,24.8,7.289598,
1489,1132008061673015,24.816666666666666,7.365676,
1490,1132008077495467,24.833333333333332,7.617142,
1491,1132008093087523,24.85,7.742553,
1492,1132008108429254,24.866666666666667,7.508635,
1493,1132008124466872,24.883333333333333,7.535322,
1494,1132008139994420,24.9,7.409986,
1495,1132008155694630,24.916666666666668,7.503617,
1496,1132008171761872,24.933333333333334,7.913341,
1497,1132008187554999,24.95,7.499609,
1498,1132008203519443,24.966666666666665,7.745416,
1499,1132008218855038,24.983333333333334,7.485479,
1500,1132008234820378,25.0,7.505687,
1501,1132008250344817,25.016666666666666,7.449048,
1502,1132008266070360,25.03333333333333,7.530654,
1503,1132008281588545,25.05,7.354048,
1504,1132008297539277,25.066666666666666,7.471518,
1505,1132008313174569,25.083333333333332,7.51866,
1506,1132008328696164,25.1,7.440908,
1507,1132008344564515,25.116666666666667,7.440271,
1508,1132008360434703,25.133333333333333,7.37499,
1509,1132008376065819,25.15,7.465117,
1510,1132008391534326,25.166666666666668,7.336351,
1511,1132008407558410,25.183333333333334,7.815266,
1512,1132008423264740,25.2,7.563869,
1513,1132008438809871,25.216666666666665,7.375191,
1514,1132008454590157,25.233333333333334,7.389914,
1515,1132008471061975,25.25,7.985671,
1516,1132008486294473,25.266666666666666,7.34453,
1517,1132008502191483,25.28333333333333,7.436952,
1518,1132008517676032,25.3,7.467895,
1519,1132008533610996,25.316666666666666,7.376724,
1520,1132008549681702,25.333333333333332,7.811882,
1521,1132008565254866,25.35,7.454378,
1522,1132008580868982,25.366666666666667,7.463285,
1523,1132008596811816,25.383333333333333,7.366344,
1524,1132008612313755,25.4,7.341594,
1525,1132008627873129,25.416666666666668,7.38848,
1526,1132008643335083,25.433333333333334,7.329862,
1527,1132008659494034,25.45,7.577553,
1528,1132008675047796,25.466666666666665,7.426583,
1529,1132008690784082,25.483333333333334,7.639596,
1530,1132008706973602,25.5,7.750436,
1531,1132008722546323,25.516666666666666,7.476995,
1532,1132008738257736,25.53333333333333,7.319575,
1533,1132008754336111,25.55,7.894373,
1534,1132008770446836,25.566666666666666,7.943311,
1535,1132008785912017,25.583333333333332,7.346913,
1536,1132008801550011,25.6,7.436926,
1537,1132008817333358,25.616666666666667,7.306442,
1538,1132008833326617,25.633333333333333,7.887809,
1539,1132008848783154,25.65,7.354722,
1540,1132008866175261,25.666666666666668,9.228408,
1541,1132008881746404,25.683333333333334,7.45055,
1542,1132008898101278,25.7,7.403424,
1543,1132008913779750,25.716666666666665,7.458226,
1544,1132008929397379,25.733333333333334,7.467354,
1545,1132008945040071,25.75,7.456441,
1546,1132008960457407,25.766666666666666,7.466942,
1547,1132008975917995,25.78333333333333,7.21947,
1548,1132008991660147,25.8,7.629694,
1549,1132009007812168,25.816666666666666,7.719395,
1550,1132009023349083,25.833333333333332,7.335628,
1551,1132009039029184,25.849999999999998,7.489207,
1552,1132009054691799,25.866666666666667,7.476059,
1553,1132009070849858,25.883333333333333,7.955794,
1554,1132009086237053,25.9,7.291469,
1555,1132009101515816,25.916666666666668,7.069392,
1556,1132009117466546,25.933333333333334,7.429256,
1557,1132009133768293,25.95,8.108628,
1558,1132009149529277,25.966666666666665,7.710799,
1559,1132009165212721,25.983333333333334,7.405207,
1560,1132009180287949,26.0,7.408532,
1561,1132009196225321,26.016666666666666,7.493669,
1562,1132009211934575,26.03333333333333,7.624416,
1563,1132009227425633,26.05,7.922869,
1564,1132009242492707,26.066666666666666,7.550984,
1565,1132009258943619,26.083333333333332,7.828902,
1566,1132009274033564,26.099999999999998,7.435655,
1567,1132009289573437,26.116666666666667,7.418577,
1568,1132009305656085,26.133333333333333,7.995311,
1569,1132009321255911,26.15,7.460347,
1570,1132009336971617,26.166666666666668,7.540909,
1571,1132009352713046,26.183333333333334,7.555383,
1572,1132009368775976,26.2,7.889963,
1573,1132009384543506,26.216666666666665,7.580232,
1574,1132009400235504,26.233333333333334,7.501531,
1575,1132009416165760,26.25,7.870467,
1576,1132009432170631,26.266666666666666,7.90437,
1577,1132009447360834,26.28333333333333,7.53649,
1578,1132009463008280,26.3,7.519168,
1579,1132009478700146,26.316666666666666,7.634527,
1580,1132009494501494,26.333333333333332,7.864268,
1581,1132009510561001,26.349999999999998,7.614441,
1582,1132009526346455,26.366666666666667,7.575064,
1583,1132009541823443,26.383333333333333,7.559811,
1584,1132009558353331,26.4,7.581386,
1585,1132009574138030,26.416666666666668,7.672922,
1586,1132009590057859,26.433333333333334,7.510122,
1587,1132009606052011,26.45,7.901126,
1588,1132009621670629,26.466666666666665,7.490139,
1589,1132009637617548,26.483333333333334,7.49266,
1590,1132009653210448,26.5,7.444247,
1591,1132009669497387,26.516666666666666,8.189649,
1592,1132009685012242,26.53333333333333,7.470506,
1593,1132009700767338,26.55,7.630732,
1594,1132009716587251,26.566666666666666,7.423063,
1595,1132009732601048,26.583333333333332,7.790834,
1596,1132009748287938,26.599999999999998,7.467066,
1597,1132009763919211,26.616666666666667,7.442801,
1598,1132009780089410,26.633333333333333,8.075602,
1599,1132009796076991,26.65,7.44914,
1600,1132009811631400,26.666666666666668,7.398969,
1601,1132009826970123,26.683333333333334,7.448538,
1602,1132009842570264,26.7,7.420489,
1603,1132009859228099,26.716666666666665,7.73128,
1604,1132009874849510,26.733333333333334,7.460428,
1605,1132009890348754,26.75,7.453955,
1606,1132009905964895,26.766666666666666,7.463419,
1607,1132009922043361,26.78333333333333,7.833229,
1608,1132009937569648,26.8,7.431715,
1609,1132009953030227,26.816666666666666,7.009805,
1610,1132009962385194,26.833333333333332,7.360392,
1611,1132009976711014,26.849999999999998,7.345085,
1612,1132009992580727,26.866666666666667,7.656809,
1613,1132010008350223,26.883333333333333,7.53508,
1614,1132010024037623,26.9,7.453692,
1615,1132010040558287,26.916666666666668,7.749316,
1616,1132010056007551,26.933333333333334,7.441671,
1617,1132010071628135,26.95,7.440154,
1618,1132010087937419,26.966666666666665,7.802823,
1619,1132010103941373,26.983333333333334,7.8469,
1620,1132010119448057,27.0,7.440234,
1621,1132010135018984,27.016666666666666,7.459678,
1622,1132010151136946,27.03333333333333,7.988245,
1623,1132010166751979,27.05,7.585134,
1624,1132010182638953,27.066666666666666,7.808858,
1625,1132010198337368,27.083333333333332,7.559242,
1626,1132010214095784,27.099999999999998,7.668052,
1627,1132010229768452,27.116666666666667,7.546324,
1628,1132010245707310,27.133333333333333,7.659872,
1629,1132010261724693,27.15,7.414385,
1630,1132010277814398,27.166666666666668,7.235984,
1631,1132010293849630,27.183333333333334,7.802338,
1632,1132010309414743,27.2,7.423089,
1633,1132010325171307,27.216666666666665,7.581388,
1634,1132010340825749,27.233333333333334,7.379977,
1635,1132010356128602,27.25,7.485206,
1636,1132010371667167,27.266666666666666,7.425722,
1637,1132010387740782,27.28333333333333,7.953005,
1638,1132010403601771,27.3,7.41334,
1639,1132010419268780,27.316666666666666,7.451836,
1640,1132010434782786,27.333333333333332,7.407049,
1641,1132010450897084,27.349999999999998,7.998689,
1642,1132010466970680,27.366666666666667,7.850214,
1643,1132010482437979,27.383333333333333,7.128395,
1644,1132010498079310,27.4,7.53939,
1645,1132010513551102,27.416666666666668,7.473609,
1646,1132010529434924,27.433333333333334,7.466623,
1647,1132010545023170,27.45,7.520282,
1648,1132010560753287,27.466666666666665,7.583662,
1649,1132010576392031,27.483333333333334,7.540372,
1650,1132010591816215,27.5,7.374968,
1651,1132010607281658,27.516666666666666,7.458053,
1652,1132010622508216,27.53333333333333,7.430226,
1653,1132010638701117,27.55,7.509674,
1654,1132010654194245,27.566666666666666,7.37792,
1655,1132010669307667,27.583333333333332,7.367189,
1656,1132010685068801,27.599999999999998,7.578291,
1657,1132010700607185,27.616666666666667,7.553276,
1658,1132010716213252,27.633333333333333,7.504306,
1659,1132010731740056,27.65,7.42163,
1660,1132010747462242,27.666666666666668,7.532692,
1661,1132010763398881,27.683333333333334,7.466313,
1662,1132010779097643,27.7,7.488843,
1663,1132010794629122,27.716666666666665,7.521212,
1664,1132010810895642,27.733333333333334,8.114623,
1665,1132010826182364,27.75,7.357721,
1666,1132010841555247,27.766666666666666,7.438964,
1667,1132010857533617,27.78333333333333,7.491722,
1668,1132010875178153,27.8,7.472891,
1669,1132010890639533,27.816666666666666,7.35527,
1670,1132010906464269,27.833333333333332,7.308166,
1671,1132010922212187,27.849999999999998,7.620072,
1672,1132010938198167,27.866666666666667,7.334854,
1673,1132010953765412,27.883333333333333,7.444144,
1674,1132010969307130,27.9,7.383277,
1675,1132010985020286,27.916666666666668,7.626581,
1676,1132011001114478,27.933333333333334,7.529547,
1677,1132011016835754,27.95,7.5245,
1678,1132011032485055,27.966666666666665,7.517517,
1679,1132011048543985,27.983333333333334,7.891746,
1680,1132011064444812,28.0,7.33188,
1681,1132011080275956,28.016666666666666,7.433962,
1682,1132011095785345,28.03333333333333,7.3221,
1683,1132011111618608,28.05,7.819062,
1684,1132011127403220,28.066666666666666,7.270067,
1685,1132011143276658,28.083333333333332,7.526384,
1686,1132011158845225,28.099999999999998,7.419096,
1687,1132011174688886,28.116666666666667,7.937371,
1688,1132011190460296,28.133333333333333,7.791378,
1689,1132011206286732,28.15,7.61202,
1690,1132011221807197,28.166666666666668,7.400919,
1691,1132011237994958,28.183333333333334,7.506277,
1692,1132011253557921,28.2,7.491205,
1693,1132011268895979,28.216666666666665,7.529046,
1694,1132011284274612,28.233333333333334,7.568179,
1695,1132011300191647,28.25,7.448761,
1696,1132011315870239,28.266666666666666,7.545447,
1697,1132011331829100,28.28333333333333,7.808624,
1698,1132011347368882,28.3,7.682963,
1699,1132011362975370,28.316666666666666,7.367907,
1700,1132011379758341,28.333333333333332,8.58812,
1701,1132011393769755,28.349999999999998,7.451019,
1702,1132011409979348,28.366666666666667,8.063481,
1703,1132011425642205,28.383333333333333,7.437854,
1704,1132011442349877,28.4,8.608438,
1705,1132011456682381,28.416666666666668,7.471224,
1706,1132011472556349,28.433333333333334,7.790761,
1707,1132011488197708,28.45,7.691163,
1708,1132011503594719,28.466666666666665,7.44664,
1709,1132011519191900,28.483333333333334,7.463547,
1710,1132011535182573,28.5,7.446455,
1711,1132011550788611,28.516666666666666,7.408151,
1712,1132011566286637,28.53333333333333,7.317429,
1713,1132011582193552,28.55,7.747132,
1714,1132011598375981,28.566666666666666,7.518693,
1715,1132011613933502,28.583333333333332,7.478176,
1716,1132011629536008,28.599999999999998,7.422286,
1717,1132011645123550,28.616666666666667,7.489214,
1718,1132011660616653,28.633333333333333,7.315185,
1719,1132011675846509,28.65,7.406734,
1720,1132011691428982,28.666666666666668,7.420261,
1721,1132011707309191,28.683333333333334,7.787457,
1722,1132011723324279,28.7,7.503198,
1723,1132011739432166,28.716666666666665,7.769072,
1724,1132011755389020,28.733333333333334,7.761879,
1725,1132011771436818,28.75,7.889001,
1726,1132011787062387,28.766666666666666,7.403546,
1727,1132011802636762,28.78333333333333,7.500316,
1728,1132011818183943,28.8,7.336048,
1729,1132011833999329,28.816666666666666,7.659755,
1730,1132011849366764,28.833333333333332,7.4652,
1731,1132011865349565,28.849999999999998,7.423272,
1732,1132011880940450,28.866666666666667,7.461847,
1733,1132011896954235,28.883333333333333,7.447176,
1734,1132011912864085,28.9,7.736551,
1735,1132011928469666,28.916666666666668,7.831416,
1736,1132011943795192,28.933333333333334,7.512377,
1737,1132011960138347,28.95,7.841469,
1738,1132011975557883,28.966666666666665,7.618687,
1739,1132011990974012,28.983333333333334,7.57532,
1740,1132012006644313,29.0,7.538282,
1741,1132012022418010,29.016666666666666,7.527461,
1742,1132012038089541,29.03333333333333,7.534982,
1743,1132012053647945,29.05,7.538029,
1744,1132012069812990,29.066666666666666,8.066212,
1745,1132012085514514,29.083333333333332,7.487282,
1746,1132012101242853,29.099999999999998,7.520819,
1747,1132012116773823,29.116666666666667,7.460769,
1748,1132012133139980,29.133333333333333,7.861783,
1749,1132012148616277,29.15,7.548939,
1750,1132012164796439,29.166666666666668,7.816452,
1751,1132012180722429,29.183333333333334,7.802973,
1752,1132012197100507,29.2,7.773741,
1753,1132012213015366,29.216666666666665,7.764776,
1754,1132012228297494,29.233333333333334,7.35324,
1755,1132012243913281,29.25,7.454194,
1756,1132012259978618,29.266666666666666,7.475015,
1757,1132012275364090,29.28333333333333,7.507505,
1758,1132012291212400,29.3,7.787143,
1759,1132012306879261,29.316666666666666,7.801633,
1760,1132012322786803,29.333333333333332,7.68571,
1761,1132012338127238,29.349999999999998,7.403228,
1762,1132012353670961,29.366666666666667,7.389123,
1763,1132012369695207,29.383333333333333,7.830401,
1764,1132012385350776,29.4,7.401696,
1765,1132012401264386,29.416666666666668,7.624493,
1766,1132012416322416,29.433333333333334,7.408911,
1767,1132012432522614,29.45,8.07382,
1768,1132012448813346,29.466666666666665,7.931589,
1769,1132012464171155,29.483333333333334,7.514754,
1770,1132012479760894,29.5,7.425573,
1771,1132012495770415,29.516666666666666,7.539936,
1772,1132012511348010,29.53333333333333,7.495156,
1773,1132012527019079,29.55,7.478747,
1774,1132012542476366,29.566666666666666,7.410706,
1775,1132012558422073,29.583333333333332,7.399103,
1776,1132012574127198,29.599999999999998,7.624699,
1777,1132012589661334,29.616666666666667,7.376595,
1778,1132012605106761,29.633333333333333,7.383255,
1779,1132012621402738,29.65,7.559754,
1780,1132012637351927,29.666666666666668,7.785321,
1781,1132012652730647,29.683333333333334,7.538495,
1782,1132012669041583,29.7,8.143488,
1783,1132012684607495,29.716666666666665,7.405575,
1784,1132012700391571,29.733333333333334,7.674997,
1785,1132012716126945,29.75,7.539399,
1786,1132012732357230,29.766666666666666,7.827627,
1787,1132012747690852,29.78333333333333,7.552624,
1788,1132012763370959,29.8,7.516796,
1789,1132012779054757,29.816666666666666,7.558658,
1790,1132012795267706,29.833333333333332,7.691712,
1791,1132012811143027,29.849999999999998,7.718054,
1792,1132012826781348,29.866666666666667,7.762335,
1793,1132012841555407,29.883333333333333,7.394495,
1794,1132012857331560,29.9,7.612475,
1795,1132012873617384,29.916666666666668,7.496871,
1796,1132012889114966,29.933333333333334,7.397649,
1797,1132012904647662,29.95,7.369775,
1798,1132012921095619,29.966666666666665,7.759405,
1799,1132012936756536,29.983333333333334,7.497646,
1800,1132012952415358,30.0,7.486624,
1801,1132012968569854,30.016666666666666,8.096451,
1802,1132012983967198,30.03333333333333,7.454225,
1803,1132012999917373,30.05,7.805884,
1804,1132013015172935,30.066666666666666,7.428953,
1805,1132013031088309,30.083333333333332,7.801003,
1806,1132013046967979,30.099999999999998,7.582776,
1807,1132013062556595,30.116666666666667,7.413877,
1808,1132013078172900,30.133333333333333,7.362538,
1809,1132013093869468,30.15,7.564916,
1810,1132013109050426,30.166666666666668,7.527619,
1811,1132013124727299,30.183333333333334,7.505955,
1812,1132013140509299,30.2,7.544421,
1813,1132013156608456,30.216666666666665,7.000741,
1814,1132013165861562,30.233333333333334,7.276121,
1815,1132013181060642,30.25,7.299153,
1816,1132013201239710,30.266666666666666,11.914589,
1817,1132013216932132,30.28333333333333,12.05114,
1818,1132013232351626,30.3,11.768029,
1819,1132013248324819,30.316666666666666,12.329773,
1820,1132013263904898,30.333333333333332,11.991639,
1821,1132013280135147,30.349999999999998,11.864557,
1822,1132013296122461,30.366666666666667,12.131467,
1823,1132013311559922,30.383333333333333,11.708378,
1824,1132013327258196,30.4,12.115156,
1825,1132013342726962,30.416666666666668,11.88654,
1826,1132013358515991,30.433333333333334,11.909059,
1827,1132013374294154,30.45,12.102136,
1828,1132013390084155,30.466666666666665,12.120414,
1829,1132013406368244,30.483333333333334,12.530486,
1830,1132013422550789,30.5,12.225872,
1831,1132013438134430,30.516666666666666,11.996723,
1832,1132013453891759,30.53333333333333,12.163355,
1833,1132013469219646,30.55,11.697428,
1834,1132013485094610,30.566666666666666,12.2179,
1835,1132013500414194,30.583333333333332,11.690612,
1836,1132013516586310,30.599999999999998,12.531757,
1837,1132013532619598,30.616666666666667,11.836181,
1838,1132013551505685,30.633333333333333,7.469757,
1839,1132013566594859,30.65,7.530316,
1840,1132013582439977,30.666666666666668,7.359505,
1841,1132013597950112,30.683333333333334,7.498043,
1842,1132013613862520,30.7,7.831791,
1843,1132013629928139,30.716666666666665,7.945851,
1844,1132013645643817,30.733333333333334,7.610799,
1845,1132013660690938,30.75,7.58064,
1846,1132013676433623,30.766666666666666,7.488366,
1847,1132013693015508,30.78333333333333,8.145082,
1848,1132013708056315,30.8,7.569213,
1849,1132013723487756,30.816666666666666,7.556653,
1850,1132013739290869,30.833333333333332,7.608017,
1851,1132013755531306,30.849999999999998,8.139859,
1852,1132013770669607,30.866666666666667,7.475011,
1853,1132013785736668,30.883333333333333,7.471197,
1854,1132013801306663,30.9,7.461818,
1855,1132013817500008,30.916666666666668,7.566908,
1856,1132013832805227,30.933333333333334,7.250477,
1857,1132013848284432,30.95,7.85899,
1858,1132013864698412,30.966666666666665,8.789598,
1859,1132013879995749,30.983333333333334,7.566017,
1860,1132013895656797,31.0,7.54051,
1861,1132013911201918,31.016666666666666,7.444216,
1862,1132013927480313,31.03333333333333,8.116253,
1863,1132013943084037,31.05,7.51504,
1864,1132013958982371,31.066666666666666,7.80325,
1865,1132013974090665,31.083333333333332,7.511304,
1866,1132013990302021,31.099999999999998,8.096739,
1867,1132014005556273,31.116666666666667,7.145768,
1868,1132014019875943,31.133333333333333,11.689346,
1869,1132014035245906,31.15,11.734676,
1870,1132014050927889,31.166666666666668,12.053561,
1871,1132014066892962,31.183333333333334,12.285149,
1872,1132014082545505,31.2,11.955114,
1873,1132014098793953,31.216666666666665,12.289778,
1874,1132014114738562,31.233333333333334,12.304209,
1875,1132014130338933,31.25,11.727231,
1876,1132014141517846,31.266666666666666,7.330765,
1877,1132014157228192,31.28333333333333,7.538572,
1878,1132014173261110,31.3,7.861941,
1879,1132014188967633,31.316666666666666,7.541569,
1880,1132014204630485,31.333333333333332,7.582324,
1881,1132014220339549,31.349999999999998,7.543345,
1882,1132014236373788,31.366666666666667,7.646688,
1883,1132014251962576,31.383333333333333,7.446649,
1884,1132014267012454,31.4,7.519686,
1885,1132014282681856,31.416666666666668,7.541757,
1886,1132014299072470,31.433333333333334,7.491487,
1887,1132014314525411,31.45,7.391099,
1888,1132014330024663,31.466666666666665,7.510899,
1889,1132014345644218,31.483333333333334,7.538128,
1890,1132014361713407,31.5,7.500631,
1891,1132014377333516,31.516666666666666,7.507742,
1892,1132014392959815,31.53333333333333,7.516137,
1893,1132014408919885,31.55,7.865627,
1894,1132014424471459,31.566666666666666,7.477655,
1895,1132014440044870,31.583333333333332,7.511344,
1896,1132014455702817,31.599999999999998,7.521986,
1897,1132014471954123,31.616666666666667,7.817506,
1898,1132014487855616,31.633333333333333,7.414504,
1899,1132014503445330,31.65,7.424131,
1900,1132014518848216,31.666666666666668,7.449168,
1901,1132014534377879,31.683333333333334,7.452272,
1902,1132014549865112,31.7,7.370666,
1903,1132014565457949,31.716666666666665,7.446886,
1904,1132014580987010,31.733333333333334,7.434754,
1905,1132014597152642,31.75,7.491106,
1906,1132014612661682,31.766666666666666,7.430388,
1907,1132014628298354,31.78333333333333,7.465726,
1908,1132014643953314,31.8,7.509603,
1909,1132014659434074,31.816666666666666,7.472601,
1910,1132014674642321,31.833333333333332,7.144784,
1911,1132014688685999,31.849999999999998,11.890593,
1912,1132014707118691,31.866666666666667,14.232469,
1913,1132014718838150,31.883333333333333,7.262604,
1914,1132014733744595,31.9,7.536543,
1915,1132014749738208,31.916666666666668,7.543254,
1916,1132014765274427,31.933333333333334,7.451331,
1917,1132014780934085,31.95,7.487881,
1918,1132014796639556,31.966666666666665,7.535772,
1919,1132014812481006,31.983333333333334,7.610298,
1920,1132014828409093,32.0,7.734285,
1921,1132014843633094,32.016666666666666,7.495104,
1922,1132014859300445,32.03333333333333,7.582806,
1923,1132014874849964,32.05,7.494912,
1924,1132014890997233,32.06666666666666,8.020184,
1925,1132014906693785,32.083333333333336,7.519942,
1926,1132014922318369,32.1,7.424695,
1927,1132014937935677,32.11666666666667,7.486053,
1928,1132014953955561,32.13333333333333,7.90017,
1929,1132014969605152,32.15,7.496973,
1930,1132014985154615,32.166666666666664,7.442154,
1931,1132015000747841,32.18333333333333,7.466148,
1932,1132015016856575,32.2,7.542514,
1933,1132015032461417,32.21666666666667,7.529603,
1934,1132015048325498,32.233333333333334,7.704754,
1935,1132015063919887,32.25,7.490518,
1936,1132015079926833,32.266666666666666,7.509515,
1937,1132015095478789,32.28333333333333,7.557987,
1938,1132015111381854,32.3,7.821082,
1939,1132015127311212,32.31666666666666,7.791685,
1940,1132015142869784,32.333333333333336,7.299879,
1941,1132015158399673,32.35,7.284,
1942,1132015174092033,32.36666666666667,7.415363,
1943,1132015190046521,32.38333333333333,7.798723,
1944,1132015205789592,32.4,7.504936,
1945,1132015221379304,32.416666666666664,7.458161,
1946,1132015237098525,32.43333333333333,7.496075,
1947,1132015252697843,32.45,7.577417,
1948,1132015268080894,32.46666666666667,7.300173,
1949,1132015283677032,32.483333333333334,7.742413,
1950,1132015299274896,32.5,7.406543,
1951,1132015315207803,32.516666666666666,7.481125,
1952,1132015330746086,32.53333333333333,7.316299,
1953,1132015346343329,32.55,7.497651,
1954,1132015361608597,32.56666666666666,7.118312,
1955,1132015377531480,32.583333333333336,7.356461,
1956,1132015393401392,32.6,7.743533,
1957,1132015409118236,32.61666666666667,7.56932,
1958,1132015424549871,32.63333333333333,7.320112,
1959,1132015440137267,32.65,7.488661,
1960,1132015455855191,32.666666666666664,7.481931,
1961,1132015471728030,32.68333333333333,7.818714,
1962,1132015487216332,32.7,7.270754,
1963,1132015503214020,32.71666666666667,7.802016,
1964,1132015518861662,32.733333333333334,7.424134,
1965,1132015534470558,32.75,7.488966,
1966,1132015550339149,32.766666666666666,7.714188,
1967,1132015565850801,32.78333333333333,7.565603,
1968,1132015581368095,32.8,7.27872,
1969,1132015596598475,32.81666666666666,7.443849,
1970,1132015612918565,32.833333333333336,8.122726,
1971,1132015628369793,32.85,7.514742,
1972,1132015644242167,32.86666666666667,7.771511,
1973,1132015659825753,32.88333333333333,7.466048,
1974,1132015675395073,32.9,7.069667,
1975,1132015690892274,32.916666666666664,7.383828,
1976,1132015706551455,32.93333333333333,7.620824,
1977,1132015721902428,32.95,7.491895,
1978,1132015737865749,32.96666666666667,7.340372,
1979,1132015753435011,32.983333333333334,7.386089,
1980,1132015769765425,33.0,7.528956,
1981,1132015784983317,33.016666666666666,7.44412,
1982,1132015801116109,33.03333333333333,7.556879,
1983,1132015816808855,33.05,7.53259,
1984,1132015832350783,33.06666666666666,7.506525,
1985,1132015848281360,33.083333333333336,7.830419,
1986,1132015865165916,33.1,7.400005,
1987,1132015880415444,33.11666666666667,7.510508,
1988,1132015896086638,33.13333333333333,7.517162,
1989,1132015911799168,33.15,7.610609,
1990,1132015927486129,33.166666666666664,7.513361,
1991,1132015942933326,33.18333333333333,7.336199,
1992,1132015958394568,33.2,7.321319,
1993,1132015974388031,33.21666666666667,7.880747,
1994,1132015989787125,33.233333333333334,7.168919,
1995,1132016005314302,33.25,7.485342,
1996,1132016020768734,33.266666666666666,7.342197,
1997,1132016036744387,33.28333333333333,7.516232,
1998,1132016052174881,33.3,7.319285,
1999,1132016067638434,33.31666666666666,7.35574,
2000,1132016083344178,33.333333333333336,7.531154,
2001,1132016098876485,33.35,7.3593,
2002,1132016114332310,33.36666666666667,7.287853,
2003,1132016129927921,33.38333333333333,7.466251,
2004,1132016145531259,33.4,7.533338,
2005,1132016161038531,33.416666666666664,7.453036,
2006,1132016176553818,33.43333333333333,7.422129,
2007,1132016192255040,33.45,7.512076,
2008,1132016208162236,33.46666666666667,7.823329,
2009,1132016223801358,33.483333333333334,7.477825,
2010,1132016239508398,33.5,7.516943,
2011,1132016255093847,33.516666666666666,7.468689,
2012,1132016271478403,33.53333333333333,7.938224,
2013,1132016287661946,33.55,7.453637,
2014,1132016303382402,33.56666666666666,7.259698,
2015,1132016319747700,33.583333333333336,7.867275,
2016,1132016335225037,33.6,7.397776,
2017,1132016350877569,33.61666666666667,7.736199,
2018,1132016366124890,33.63333333333333,7.389495,
2019,1132016381908540,33.65,7.479366,
2020,1132016397879616,33.666666666666664,7.426255,
2021,1132016413703749,33.68333333333333,7.46788,
2022,1132016429385889,33.7,7.467734,
2023,1132016445034261,33.71666666666667,7.490014,
2024,1132016460986920,33.733333333333334,7.395858,
2025,1132016476583550,33.75,7.485843,
2026,1132016492268884,33.766666666666666,7.493135,
2027,1132016508317432,33.78333333333333,7.848308,
2028,1132016523948609,33.8,7.390234,
2029,1132016539526969,33.81666666666666,7.455748,
2030,1132016555134338,33.833333333333336,7.476875,
2031,1132016571032345,33.85,7.761155,
2032,1132016586589839,33.86666666666667,7.333628,
2033,1132016602166102,33.88333333333333,7.386657,
2034,1132016618156052,33.9,7.761238,
2035,1132016634524715,33.916666666666664,8.223697,
2036,1132016649780324,33.93333333333333,7.569042,
2037,1132016665986136,33.95,7.804647,
2038,1132016681437019,33.96666666666667,7.56472,
2039,1132016697529504,33.983333333333334,7.514683,
2040,1132016713334576,34.0,7.582257,
2041,1132016729041325,34.016666666666666,7.552849,
2042,1132016744730254,34.03333333333333,7.486349,
2043,1132016760457028,34.05,7.545527,
2044,1132016776135650,34.06666666666666,7.493828,
2045,1132016791772133,34.083333333333336,7.505509,
2046,1132016807487780,34.1,7.767902,
2047,1132016823409963,34.11666666666667,7.704773,
2048,1132016839006270,34.13333333333333,7.409253,
2049,1132016854392489,34.15,7.472211,
2050,1132016870462531,34.166666666666664,7.74211,
2051,1132016885856121,34.18333333333333,7.482652,
2052,1132016901585354,34.2,7.452818,
2053,1132016917192198,34.21666666666667,7.477354,
2054,1132016933082913,34.233333333333334,7.80162,
2055,1132016948324122,34.25,7.560031,
2056,1132016963956645,34.266666666666666,7.497717,
2057,1132016979630425,34.28333333333333,7.55135,
2058,1132016995774451,34.3,7.6102,
2059,1132017011467083,34.31666666666666,7.46144,
2060,1132017027048807,34.333333333333336,7.38283,
2061,1132017042588490,34.35,7.39198,
2062,1132017059022699,34.36666666666667,7.714163,
2063,1132017074829065,34.38333333333333,7.922086,
2064,1132017090494909,34.4,7.423707,
2065,1132017106363022,34.416666666666664,8.195688,
2066,1132017122122920,34.43333333333333,7.4532,
2067,1132017137793951,34.45,7.475354,
2068,1132017153405715,34.46666666666667,7.475057,
2069,1132017168920842,34.483333333333334,7.898734,
2070,1132017184596143,34.5,7.492174,
2071,1132017200191894,34.516666666666666,7.437859,
2072,1132017215902444,34.53333333333333,7.503726,
2073,1132017232359557,34.55,8.375432,
2074,1132017248151719,34.56666666666666,7.612053,
2075,1132017263564119,34.583333333333336,7.217892,
2076,1132017279285596,34.6,7.5352,
2077,1132017295411972,34.61666666666667,7.543738,
2078,1132017305129151,34.63333333333333,6.002702,
2079,1132017317680358,34.65,7.428954,
2080,1132017333778869,34.666666666666664,7.567363,
2081,1132017349264498,34.68333333333333,7.800847,
2082,1132017364951935,34.7,7.484962,
2083,1132017380469085,34.71666666666667,7.394153,
2084,1132017396083382,34.733333333333334,7.521001,
2085,1132017412600375,34.75,8.288355,
2086,1132017427992745,34.766666666666666,7.503947,
2087,1132017443612369,34.78333333333333,7.406029,
2088,1132017459592622,34.8,7.792081,
2089,1132017475415096,34.81666666666666,7.581255,
2090,1132017491106158,34.833333333333336,7.496788,
2091,1132017506846766,34.85,7.592119,
2092,1132017521900451,34.86666666666667,7.500947,
2093,1132017538303080,34.88333333333333,7.771095,
2094,1132017553986761,34.9,7.49071,
2095,1132017569715670,34.916666666666664,7.602262,
2096,1132017585087445,34.93333333333333,7.464612,
2097,1132017600569866,34.95,7.384521,
2098,1132017616138798,34.96666666666667,7.786985,
2099,1132017631525265,34.983333333333334,7.539627,
2100,1132017646988386,35.0,7.401661,
2101,1132017663267124,35.016666666666666,7.793615,
2102,1132017678794975,35.03333333333333,7.398864,
2103,1132017694540005,35.05,7.615004,
2104,1132017710252075,35.06666666666666,7.541472,
2105,1132017726597422,35.083333333333336,7.882328,
2106,1132017742326558,35.1,7.52768,
2107,1132017758046693,35.11666666666667,7.549733,
2108,1132017774361873,35.13333333333333,8.203922,
2109,1132017790161594,35.15,7.57685,
2110,1132017805805170,35.166666666666664,7.554082,
2111,1132017821547830,35.18333333333333,7.600993,
2112,1132017837722424,35.2,7.663725,
2113,1132017853400046,35.21666666666667,7.480115,
2114,1132017870309342,35.233333333333334,7.415679,
2115,1132017885501198,35.25,7.47968,
2116,1132017901384433,35.266666666666666,7.500775,
2117,1132017917130324,35.28333333333333,7.624972,
2118,1132017932739624,35.3,7.524998,
2119,1132017948837314,35.31666666666666,7.957843,
2120,1132017964696629,35.333333333333336,7.48506,
2121,1132017980403414,35.35,7.603347,
2122,1132017995980498,35.36666666666667,7.72974,
2123,1132018011795559,35.38333333333333,7.897174,
2124,1132018027103307,35.4,7.431421,
2125,1132018042766849,35.416666666666664,7.556532,
2126,1132018058612484,35.43333333333333,7.481584,
2127,1132018075092335,35.45,7.932751,
2128,1132018090671744,35.46666666666667,7.463405,
2129,1132018106700751,35.483333333333334,7.946532,
2130,1132018122299756,35.5,7.39094,
2131,1132018138555135,35.516666666666666,7.560117,
2132,1132018154229263,35.53333333333333,7.482707,
2133,1132018169569354,35.55,7.490222,
2134,1132018185290419,35.56666666666666,7.624323,
2135,1132018200850087,35.583333333333336,7.489401,
2136,1132018216522211,35.6,7.599049,
2137,1132018232136102,35.61666666666667,7.520951,
2138,1132018248133281,35.63333333333333,7.875034,
2139,1132018263645798,35.65,7.491352,
2140,1132018279219380,35.666666666666664,7.446848,
2141,1132018294933093,35.68333333333333,7.661492,
2142,1132018310764853,35.7,7.844449,
2143,1132018327485060,35.71666666666667,8.177533,
2144,1132018343084083,35.733333333333334,7.489006,
2145,1132018358800505,35.75,7.502073,
2146,1132018374966205,35.766666666666666,7.508709,
2147,1132018390668747,35.78333333333333,7.484015,
2148,1132018406126128,35.8,7.323148,
2149,1132018421502309,35.81666666666666,7.433269,
2150,1132018437904596,35.833333333333336,7.763641,
2151,1132018453285601,35.85,7.556329,
2152,1132018468869090,35.86666666666667,7.50708,
2153,1132018484883413,35.88333333333333,7.576927,
2154,1132018500881045,35.9,7.418268,
2155,1132018516654098,35.916666666666664,7.565407,
2156,1132018532223017,35.93333333333333,7.433952,
2157,1132018547368973,35.95,7.532272,
2158,1132018563334361,35.96666666666667,7.462847,
2159,1132018579259897,35.983333333333334,7.82405,
2160,1132018594647472,36.0,7.299691,
2161,1132018610554702,36.016666666666666,8.003355,
2162,1132018626118420,36.03333333333333,7.491858,
2163,1132018641989906,36.05,7.699057,
2164,1132018657715830,36.06666666666666,7.537782,
2165,1132018673895873,36.083333333333336,7.979253,
2166,1132018689646163,36.1,7.499181,
2167,1132018705108344,36.11666666666667,7.401422,
2168,1132018720804725,36.13333333333333,7.554453,
2169,1132018736847725,36.15,7.413559,
2170,1132018752402872,36.166666666666664,7.403261,
2171,1132018767953105,36.18333333333333,7.440882,
2172,1132018783650690,36.2,7.506185,
2173,1132018799748643,36.21666666666667,7.318028,
2174,1132018815558091,36.233333333333334,7.627906,
2175,1132018831139667,36.25,7.336464,
2176,1132018847138360,36.266666666666666,7.771131,
2177,1132018862824426,36.28333333333333,7.46042,
2178,1132018878404478,36.3,7.410025,
2179,1132018894318956,36.31666666666666,7.442308,
2180,1132018910529621,36.333333333333336,7.99448,
2181,1132018926151489,36.35,7.427425,
2182,1132018941731578,36.36666666666667,7.290656,
2183,1132018957442974,36.38333333333333,7.486651,
2184,1132018973475554,36.4,7.401952,
2185,1132018988982074,36.416666666666664,7.309247,
2186,1132019004919726,36.43333333333333,7.704283,
2187,1132019020429582,36.45,7.272163,
2188,1132019036887355,36.46666666666667,7.73018,
2189,1132019052175773,36.483333333333334,7.386204,
2190,1132019067201598,36.5,6.859884,
2191,1132019081154878,36.516666666666666,11.600102,
2192,1132019097107250,36.53333333333333,12.264307,
2193,1132019113387075,36.55,12.391495,
2194,1132019128856613,36.56666666666666,11.831316,
2195,1132019148484875,36.583333333333336,7.897057,
2196,1132019163785784,36.6,7.623536,
2197,1132019179469474,36.61666666666667,7.488355,
2198,1132019195021966,36.63333333333333,7.406448,
2199,1132019210966731,36.65,8.105536,
2200,1132019226636114,36.666666666666664,7.554837,
2201,1132019242500037,36.68333333333333,7.847477,
2202,1132019258098096,36.7,7.510347,
2203,1132019274312310,36.71666666666667,8.117941,
2204,1132019289946597,36.733333333333334,7.504018,
2205,1132019305831548,36.75,7.775072,
2206,1132019321013514,36.766666666666666,7.622351,
2207,1132019336709182,36.78333333333333,7.546533,
2208,1132019352349725,36.8,7.505467,
2209,1132019368040131,36.81666666666666,7.545431,
2210,1132019383750440,36.833333333333336,7.574261,
2211,1132019400257415,36.85,7.804659,
2212,1132019416174050,36.86666666666667,7.724848,
2213,1132019431539932,36.88333333333333,7.439198,
2214,1132019447402498,36.9,7.832329,
2215,1132019462897843,36.916666666666664,7.474365,
2216,1132019478474751,36.93333333333333,7.453239,
2217,1132019494431855,36.95,7.771078,
2218,1132019510080897,36.96666666666667,7.921054,
2219,1132019525645156,36.983333333333334,7.476055,
2220,1132019541270257,37.0,7.487034,
2221,1132019556997299,37.016666666666666,7.589386,
2222,1132019573035489,37.03333333333333,8.02473,
2223,1132019588601837,37.05,7.507124,
2224,1132019604107271,37.06666666666666,7.444332,
2225,1132019619785739,37.083333333333336,7.503345,
2226,1132019636063180,37.1,7.777461,
2227,1132019651548772,37.11666666666667,7.403096,
2228,1132019667081884,37.13333333333333,7.418624,
2229,1132019682681378,37.15,7.500168,
2230,1132019698363087,37.166666666666664,7.483862,
2231,1132019713921950,37.18333333333333,7.487617,
2232,1132019729414138,37.2,7.420335,
2233,1132019745365731,37.21666666666667,7.785038,
2234,1132019761200446,37.233333333333334,7.528831,
2235,1132019777171153,37.25,7.84413,
2236,1132019793103436,37.266666666666666,7.758033,
2237,1132019809392159,37.28333333333333,8.382397,
2238,1132019824532283,37.3,7.365341,
2239,1132019839890061,37.31666666666666,7.50351,
2240,1132019855432822,37.333333333333336,7.552606,
2241,1132019871655800,37.35,8.106271,
2242,1132019887484472,37.36666666666667,7.462697,
2243,1132019902726602,37.38333333333333,7.45142,
2244,1132019918512564,37.4,7.65332,
2245,1132019934580951,37.416666666666664,7.535639,
2246,1132019950580421,37.43333333333333,7.82556,
2247,1132019965970059,37.45,7.520138,
2248,1132019981280716,37.46666666666667,7.233319,
2249,1132019997169309,37.483333333333334,7.486199,
2250,1132020012739190,37.5,7.484647,
2251,1132020028433293,37.516666666666666,7.495677,
2252,1132020044047323,37.53333333333333,7.530795,
2253,1132020060297275,37.55,7.744963,
2254,1132020075713290,37.56666666666666,7.538831,
2255,1132020091200430,37.583333333333336,7.466049,
2256,1132020107122301,37.6,7.808907,
2257,1132020122761096,37.61666666666667,7.518956,
2258,1132020138293355,37.63333333333333,7.338576,
2259,1132020153624499,37.65,7.111487,
2260,1132020169676412,37.666666666666664,8.005589,
2261,1132020185322372,37.68333333333333,7.205217,
2262,1132020200806398,37.7,7.361329,
2263,1132020216297760,37.71666666666667,7.378294,
2264,1132020232034202,37.733333333333334,7.523252,
2265,1132020247313456,37.75,7.067323,
2266,1132020262670064,37.766666666666666,7.212584,
2267,1132020277961688,37.78333333333333,7.112734,
2268,1132020293703598,37.8,7.607012,
2269,1132020308933064,37.81666666666666,7.056508,
2270,1132020324417993,37.833333333333336,7.388337,
2271,1132020339664878,37.85,7.06228,
2272,1132020355283572,37.86666666666667,7.069915,
2273,1132020371261856,37.88333333333333,7.679128,
2274,1132020386923216,37.9,7.517563,
2275,1132020402335858,37.916666666666664,7.250377,
2276,1132020418388643,37.93333333333333,7.3392,
2277,1132020433964788,37.95,7.370225,
2278,1132020449388830,37.96666666666667,7.338037,
2279,1132020465157558,37.983333333333334,7.728398,
2280,1132020481236733,38.0,7.421028,
2281,1132020496718680,38.016666666666666,7.337798,
2282,1132020512201527,38.03333333333333,7.587582,
2283,1132020527723987,38.05,7.371301,
2284,1132020543245813,38.06666666666666,7.358094,
2285,1132020558815017,38.083333333333336,7.435423,
2286,1132020574453096,38.1,7.474592,
2287,1132020590582762,38.11666666666667,8.096388,
2288,1132020605986752,38.13333333333333,7.312492,
2289,1132020621199289,38.15,7.155255,
2290,1132020636716037,38.166666666666664,7.296576,
2291,1132020652857553,38.18333333333333,8.068655,
2292,1132020668080009,38.2,7.029842,
2293,1132020683647998,38.21666666666667,7.369188,
2294,1132020699281823,38.233333333333334,7.463704,
2295,1132020714850985,38.25,7.497013,
2296,1132020730319463,38.266666666666666,7.404598,
2297,1132020745613941,38.28333333333333,7.073692,
2298,1132020761073760,38.3,7.333241,
2299,1132020777104173,38.31666666666666,7.561496,
2300,1132020792667062,38.333333333333336,7.45651,
2301,1132020808391775,38.35,7.567112,
2302,1132020823733999,38.36666666666667,7.287491,
2303,1132020839884368,38.38333333333333,7.385264,
2304,1132020855313653,38.4,7.34634,
2305,1132020870829107,38.416666666666664,7.387806,
2306,1132020886252016,38.43333333333333,7.27105,
2307,1132020901835649,38.45,7.359482,
2308,1132020917406264,38.46666666666667,7.504048,
2309,1132020932964760,38.483333333333334,7.429003,
2310,1132020949056523,38.5,7.918891,
2311,1132020964698987,38.516666666666666,7.512804,
2312,1132020980422749,38.53333333333333,7.492957,
2313,1132020996054841,38.55,7.468255,
2314,1132021012366380,38.56666666666666,8.019892,
2315,1132021027537184,38.583333333333336,7.496883,
2316,1132021043095764,38.6,7.434293,
2317,1132021058615793,38.61666666666667,7.327356,
2318,1132021074614958,38.63333333333333,7.373101,
2319,1132021089765976,38.65,7.039277,
2320,1132021105196203,38.666666666666664,7.309075,
2321,1132021121100054,38.68333333333333,7.784025,
2322,1132021137136785,38.7,7.378157,
2323,1132021152839170,38.71666666666667,7.458529,
2324,1132021168020738,38.733333333333334,7.333623,
2325,1132021183688159,38.75,7.469602,
2326,1132021199826178,38.766666666666666,7.471283,
2327,1132021215427232,38.78333333333333,7.364959,
2328,1132021231143216,38.8,7.618998,
2329,1132021246790920,38.81666666666666,7.546474,
2330,1132021262359227,38.833333333333336,7.413562,
2331,1132021277951369,38.85,7.494108,
2332,1132021293390188,38.86666666666667,7.347674,
2333,1132021309481046,38.88333333333333,7.892614,
2334,1132021325044516,38.9,7.38714,
2335,1132021340579171,38.916666666666664,7.383565,
2336,1132021355714975,38.93333333333333,7.199878,
2337,1132021371895773,38.95,8.028425,
2338,1132021387289400,38.96666666666667,7.332089,
2339,1132021402876536,38.983333333333334,7.446547,
2340,1132021418195339,39.0,7.102651,
2341,1132021433924057,39.016666666666666,7.635087,
2342,1132021449407529,39.03333333333333,7.363344,
2343,1132021465296980,39.05,7.730164,
2344,1132021480733858,39.06666666666666,7.247106,
2345,1132021496923918,39.083333333333336,7.540501,
2346,1132021512812430,39.1,7.711739,
2347,1132021528613530,39.11666666666667,7.712917,
2348,1132021544220615,39.13333333333333,7.417777,
2349,1132021559591368,39.15,7.163846,
2350,1132021575148751,39.166666666666664,7.467139,
2351,1132021590733044,39.18333333333333,7.389851,
2352,1132021605919289,39.2,7.156845,
2353,1132021621281483,39.21666666666667,9.274265,
2354,1132021636748894,39.233333333333334,7.441366,
2355,1132021652428087,39.25,7.449021,
2356,1132021668621501,39.266666666666666,8.001783,
2357,1132021684342505,39.28333333333333,7.611625,
2358,1132021699285647,39.3,7.393094,
2359,1132021714927813,39.31666666666666,7.546123,
2360,1132021730714702,39.333333333333336,8.18915,
2361,1132021745815560,39.35,7.52792,
2362,1132021761075611,39.36666666666667,7.645543,
2363,1132021776634049,39.38333333333333,7.674143,
2364,1132021792326295,39.4,8.112182,
2365,1132021807674092,39.416666666666664,7.583549,
2366,1132021822775725,39.43333333333333,7.540833,
2367,1132021838540639,39.45,7.568674,
2368,1132021854609050,39.46666666666667,7.885743,
2369,1132021870315335,39.483333333333334,7.461804,
2370,1132021885923085,39.5,7.501847,
2371,1132021901566730,39.516666666666666,7.511402,
2372,1132021917875055,39.53333333333333,7.92252,
2373,1132021933493339,39.55,7.519149,
2374,1132021949108537,39.56666666666666,7.522918,
2375,1132021964690736,39.583333333333336,7.534488,
2376,1132021980708834,39.6,7.806243,
2377,1132021996201507,39.61666666666667,7.467588,
2378,1132022012606564,39.63333333333333,7.98799,
2379,1132022028238607,39.65,8.334795,
2380,1132022043858026,39.666666666666664,7.464434,
2381,1132022059549495,39.68333333333333,7.433271,
2382,1132022075247611,39.7,7.478534,
2383,1132022091297912,39.71666666666667,8.011966,
2384,1132022106781436,39.733333333333334,7.342174,
2385,1132022122717796,39.75,7.737137,
2386,1132022138133196,39.766666666666666,7.496732,
2387,1132022154060068,39.78333333333333,7.3623,
2388,1132022170084714,39.8,7.768525,
2389,1132022185696649,39.81666666666666,7.556658,
2390,1132022201588070,39.833333333333336,7.783954,
2391,1132022217682335,39.85,7.893025,
2392,1132022233250341,39.86666666666667,7.746142,
2393,1132022248489201,39.88333333333333,7.415621,
2394,1132022264103714,39.9,7.451053,
2395,1132022280209177,39.916666666666664,7.448234,
2396,1132022295798145,39.93333333333333,7.415099,
2397,1132022311399789,39.95,7.432066,
2398,1132022327394541,39.96666666666667,7.80947,
2399,1132022342864928,39.983333333333334,7.504243,
2400,1132022358443554,40.0,7.414323,
2401,1132022374043072,40.016666666666666,7.381071,
2402,1132022390227941,40.03333333333333,7.985894,
2403,1132022405568899,40.05,7.462864,
2404,1132022421291997,40.06666666666666,7.641331,
2405,1132022436975456,40.083333333333336,7.523391,
2406,1132022453147362,40.1,7.957762,
2407,1132022468574392,40.11666666666667,7.356729,
2408,1132022484265749,40.13333333333333,7.544251,
2409,1132022499875558,40.15,7.522623,
2410,1132022515953119,40.166666666666664,7.589329,
2411,1132022531667668,40.18333333333333,7.532173,
2412,1132022547362236,40.2,7.51174,
2413,1132022563558430,40.21666666666667,7.786332,
2414,1132022579492569,40.233333333333334,7.481897,
2415,1132022595080849,40.25,7.429247,
2416,1132022610812841,40.266666666666666,7.59014,
2417,1132022626799024,40.28333333333333,7.825064,
2418,1132022642566905,40.3,7.509289,
2419,1132022658207350,40.31666666666666,7.478377,
2420,1132022673385402,40.333333333333336,7.526809,
2421,1132022689505292,40.35,8.044529,
2422,1132022705249910,40.36666666666667,7.521515,
2423,1132022720907770,40.38333333333333,7.472496,
2424,1132022736804261,40.4,7.796597,
2425,1132022752822773,40.416666666666664,8.158717,
2426,1132022768222945,40.43333333333333,7.382334,
2427,1132022783061731,40.45,7.337527,
2428,1132022798733164,40.46666666666667,7.539457,
2429,1132022815420044,40.483333333333334,7.86186,
2430,1132022830806890,40.5,7.486427,
2431,1132022846372383,40.516666666666666,7.543795,
2432,1132022863282993,40.53333333333333,8.895367,
2433,1132022879425476,40.55,7.505802,
2434,1132022895091761,40.56666666666666,7.514736,
2435,1132022910571978,40.583333333333336,7.478032,
2436,1132022926614178,40.6,7.947209,
2437,1132022942247423,40.61666666666667,7.522711,
2438,1132022957978601,40.63333333333333,7.541787,
2439,1132022973573833,40.65,7.398017,
2440,1132022989046674,40.666666666666664,7.909431,
2441,1132023004905684,40.68333333333333,7.835451,
2442,1132023020089177,40.7,7.556175,
2443,1132023035753974,40.71666666666667,7.581887,
2444,1132023051552657,40.733333333333334,7.954827,
2445,1132023067302138,40.75,7.59934,
2446,1132023082873950,40.766666666666666,7.463393,
2447,1132023098536232,40.78333333333333,7.48471,
2448,1132023114649544,40.8,7.496799,
2449,1132023130593328,40.81666666666666,7.794539,
2450,1132023145713518,40.833333333333336,7.481689,
2451,1132023161341208,40.85,7.505522,
2452,1132023177576530,40.86666666666667,7.486691,
2453,1132023193126989,40.88333333333333,7.451097,
2454,1132023208782565,40.9,7.462859,
2455,1132023224477572,40.916666666666664,7.495571,
2456,1132023240239888,40.93333333333333,7.593292,
2457,1132023255436327,40.95,7.563203,
2458,1132023270916992,40.96666666666667,7.5854,
2459,1132023287988907,40.983333333333334,8.008046,
2460,1132023303395659,41.0,7.573327,
2461,1132023318481524,41.016666666666666,7.542831,
2462,1132023334223835,41.03333333333333,7.517847,
2463,1132023349855832,41.05,8.009123,
2464,1132023365420715,41.06666666666666,7.537428,
2465,1132023381097121,41.083333333333336,7.584712,
2466,1132023396969938,41.1,7.787037,
2467,1132023413203991,41.11666666666667,8.317364,
2468,1132023427953184,41.13333333333333,7.565964,
2469,1132023443174361,41.15,7.604058,
2470,1132023458261146,41.166666666666664,7.49533,
2471,1132023474896800,41.18333333333333,7.974566,
2472,1132023490698968,41.2,7.57868,
2473,1132023506432903,41.21666666666667,7.464159,
2474,1132023521571648,41.233333333333334,7.537378,
2475,1132023537732469,41.25,7.561794,
2476,1132023553520205,41.266666666666666,7.609937,
2477,1132023568958173,41.28333333333333,7.51187,
2478,1132023584869956,41.3,7.711743,
2479,1132023600563811,41.31666666666666,7.493394,
2480,1132023616162137,41.333333333333336,7.451769,
2481,1132023631729445,41.35,7.445688,
2482,1132023647744009,41.36666666666667,7.899343,
2483,1132023663443179,41.38333333333333,7.529209,
2484,1132023678959056,41.4,7.44205,
2485,1132023694563848,41.416666666666664,7.509185,
2486,1132023710991830,41.43333333333333,7.983835,
2487,1132023726550368,41.45,7.469641,
2488,1132023742149791,41.46666666666667,7.478002,
2489,1132023757745858,41.483333333333334,7.460225,
2490,1132023773813725,41.5,7.961795,
2491,1132023789433890,41.516666666666666,7.400477,
2492,1132023805330290,41.53333333333333,7.753666,
2493,1132023820914468,41.55,7.454196,
2494,1132023836995266,41.56666666666666,7.352808,
2495,1132023852400526,41.583333333333336,7.320835,
2496,1132023869190143,41.6,7.132705,
2497,1132023884683372,41.61666666666667,7.341416,
2498,1132023900708401,41.63333333333333,7.427111,
2499,1132023916210063,41.65,7.333545,
2500,1132023931906817,41.666666666666664,7.515314,
2501,1132023948215387,41.68333333333333,7.916526,
2502,1132023963898693,41.7,7.595509,
2503,1132023979272566,41.71666666666667,7.621119,
2504,1132023994916774,41.733333333333334,7.503397,
2505,1132024011121763,41.75,8.031456,
2506,1132024026820014,41.766666666666666,7.516818,
2507,1132024042499781,41.78333333333333,7.608211,
2508,1132024058435382,41.8,7.768585,
2509,1132024073802906,41.81666666666666,7.539428,
2510,1132024090025843,41.833333333333336,7.526697,
2511,1132024105955067,41.85,7.85338,
2512,1132024121103323,41.86666666666667,7.409373,
2513,1132024137677484,41.88333333333333,7.829319,
2514,1132024153582264,41.9,7.506955,
2515,1132024169157541,41.916666666666664,7.48396,
2516,1132024184644093,41.93333333333333,7.409613,
2517,1132024200992628,41.95,7.79293,
2518,1132024216636045,41.96666666666667,7.52933,
2519,1132024232264713,41.983333333333334,7.578434,
2520,1132024248378402,42.0,8.015348,
2521,1132024263347450,42.016666666666666,7.375259,
2522,1132024279289062,42.03333333333333,7.889575,
2523,1132024294659190,42.05,7.517763,
2524,1132024311024405,42.06666666666666,8.224131,
2525,1132024326534249,42.083333333333336,7.399232,
2526,1132024341774198,42.1,7.378174,
2527,1132024357626079,42.11666666666667,7.633399,
2528,1132024373426319,42.13333333333333,7.605301,
2529,1132024389181805,42.15,7.840743,
2530,1132024404729944,42.166666666666664,7.409556,
2531,1132024420523306,42.18333333333333,7.450462,
2532,1132024436592593,42.2,7.519434,
2533,1132024452354527,42.21666666666667,7.623696,
2534,1132024467765935,42.233333333333334,7.350656,
2535,1132024483467408,42.25,7.817478,
2536,1132024498801824,42.266666666666666,7.38098,
2537,1132024514362439,42.28333333333333,7.345,
2538,1132024530264368,42.3,7.709394,
2539,1132024546679736,42.31666666666666,8.210738,
2540,1132024561857468,42.333333333333336,7.507006,
2541,1132024577459961,42.35,7.469234,
2542,1132024593296138,42.36666666666667,7.845321,
2543,1132024608840741,42.38333333333333,7.960316,
2544,1132024623925804,42.4,7.511846,
2545,1132024639751803,42.416666666666664,7.623699,
2546,1132024655532924,42.43333333333333,7.916293,
2547,1132024671565028,42.45,7.880653,
2548,1132024686941161,42.46666666666667,7.552268,
2549,1132024702758003,42.483333333333334,7.767697,
2550,1132024718190412,42.5,7.551627,
2551,1132024734218069,42.516666666666666,7.920226,
2552,1132024749859894,42.53333333333333,7.553845,
2553,1132024766046543,42.55,8.051899,
2554,1132024780957554,42.56666666666666,7.423898,
2555,1132024797688015,42.583333333333336,7.884927,
2556,1132024812998407,42.6,7.459591,
2557,1132024828558482,42.61666666666667,7.398515,
2558,1132024844213211,42.63333333333333,7.48018,
2559,1132024859719178,42.65,7.590043,
2560,1132024875391194,42.666666666666664,7.507715,
2561,1132024890997039,42.68333333333333,7.470214,
2562,1132024906887632,42.7,7.787975,
2563,1132024922631517,42.71666666666667,7.555634,
2564,1132024938318622,42.733333333333334,7.434325,
2565,1132024953954411,42.75,7.794923,
2566,1132024969697382,42.766666666666666,7.900035,
2567,1132024985721486,42.78333333333333,7.5407,
2568,1132025001317402,42.8,7.48435,
2569,1132025016885469,42.81666666666666,7.454989,
2570,1132025032800413,42.833333333333336,7.89346,
2571,1132025048458084,42.85,7.577667,
2572,1132025064071778,42.86666666666667,7.52917,
2573,1132025079800878,42.88333333333333,7.582267,
2574,1132025096202541,42.9,7.963588,
2575,1132025111733010,42.916666666666664,7.33117,
2576,1132025127515261,42.93333333333333,7.528391,
2577,1132025143129561,42.95,7.524654,
2578,1132025159845538,42.96666666666667,7.508244,
2579,1132025175081879,42.983333333333334,7.600712,
2580,1132025190685406,43.0,7.411394,
2581,1132025206224177,43.016666666666666,7.596038,
2582,1132025222136460,43.03333333333333,7.56661,
2583,1132025237723815,43.05,7.550242,
2584,1132025253256605,43.06666666666666,7.406169,
2585,1132025269283321,43.083333333333336,7.941332,
2586,1132025284812838,43.1,7.510294,
2587,1132025300502559,43.11666666666667,7.490482,
2588,1132025315965278,43.13333333333333,7.366842,
2589,1132025332062822,43.15,7.99932,
2590,1132025348071369,43.166666666666664,7.616565,
2591,1132025363323123,43.18333333333333,7.535062,
2592,1132025379302434,43.2,7.893785,
2593,1132025395251524,43.21666666666667,7.46433,
2594,1132025410944319,43.233333333333334,7.527991,
2595,1132025426983092,43.25,7.836951,
2596,1132025442610806,43.266666666666666,7.689041,
2597,1132025458680726,43.28333333333333,7.396328,
2598,1132025474035382,43.3,7.480176,
2599,1132025489662299,43.31666666666666,7.48222,
2600,1132025505179117,43.333333333333336,7.373927,
2601,1132025520867539,43.35,7.572915,
2602,1132025536205548,43.36666666666667,7.325694,
2603,1132025551777239,43.38333333333333,7.33469,
2604,1132025567382342,43.4,7.485466,
2605,1132025583158153,43.416666666666664,7.63968,
2606,1132025598510020,43.43333333333333,7.268584,
2607,1132025613757674,43.45,7.332217,
2608,1132025629469331,43.46666666666667,7.673375,
2609,1132025645210853,43.483333333333334,7.55218,
2610,1132025660786119,43.5,7.497535,
2611,1132025676364084,43.516666666666666,7.492231,
2612,1132025692381464,43.53333333333333,7.988779,
2613,1132025707892045,43.55,7.497134,
2614,1132025723499039,43.56666666666666,7.521449,
2615,1132025739062657,43.583333333333336,7.557846,
2616,1132025755633289,43.6,7.811683,
2617,1132025771022214,43.61666666666667,7.541237,
2618,1132025786586727,43.63333333333333,7.482133,
2619,1132025802684886,43.65,7.946383,
2620,1132025818934384,43.666666666666664,7.448076,
2621,1132025834909585,43.68333333333333,7.776137,
2622,1132025850393958,43.7,7.633216,
2623,1132025867782880,43.71666666666667,9.305967,
2624,1132025883166836,43.733333333333334,7.518422,
2625,1132025898862727,43.75,7.523762,
2626,1132025914273389,43.766666666666666,7.412842,
2627,1132025930296011,43.78333333333333,7.969842,
2628,1132025946228889,43.8,7.731435,
2629,1132025962165562,43.81666666666666,7.820533,
2630,1132025977665295,43.833333333333336,7.464029,
2631,1132025993750599,43.85,7.971605,
2632,1132026009028844,43.86666666666667,7.434055,
2633,1132026025017654,43.88333333333333,7.831889,
2634,1132026040185238,43.9,7.313597,
2635,1132026056268094,43.916666666666664,7.524662,
2636,1132026071818490,43.93333333333333,7.415424,
2637,1132026087968042,43.95,7.898671,
2638,1132026103263848,43.96666666666667,7.534909,
2639,1132026119423830,43.983333333333334,7.604634,
2640,1132026134480500,44.0,7.566159,
2641,1132026149958102,44.016666666666666,7.598201,
2642,1132026165549753,44.03333333333333,7.44643,
2643,1132026181234414,44.05,7.575882,
2644,1132026197456900,44.06666666666666,7.801228,
2645,1132026212746780,44.083333333333336,7.499178,
2646,1132026228532677,44.1,7.968224,
2647,1132026244190028,44.11666666666667,7.467806,
2648,1132026260108150,44.13333333333333,7.765169,
2649,1132026275712130,44.15,7.455141,
2650,1132026292092268,44.166666666666664,8.255532,
2651,1132026307503834,44.18333333333333,7.506448,
2652,1132026323205679,44.2,7.599062,
2653,1132026338588409,44.21666666666667,7.611974,
2654,1132026354826125,44.233333333333334,7.762398,
2655,1132026370206300,44.25,7.475791,
2656,1132026385958729,44.266666666666666,7.632223,
2657,1132026401560829,44.28333333333333,7.464307,
2658,1132026417437753,44.3,7.390771,
2659,1132026432738314,44.31666666666666,7.56135,
2660,1132026448550820,44.333333333333336,7.625534,
2661,1132026464480362,44.35,7.461646,
2662,1132026480329601,44.36666666666667,7.794582,
2663,1132026495951775,44.38333333333333,7.490355,
2664,1132026511616137,44.4,7.471812,
2665,1132026527702031,44.416666666666664,7.885308,
2666,1132026543338943,44.43333333333333,7.432113,
2667,1132026558930490,44.45,7.415484,
2668,1132026574204522,44.46666666666667,7.133798,
2669,1132026590179810,44.483333333333334,7.901754,
2670,1132026605798199,44.5,7.462028,
2671,1132026621766531,44.516666666666666,7.67225,
2672,1132026637079275,44.53333333333333,7.506063,
2673,1132026653242172,44.55,7.922923,
2674,1132026668524860,44.56666666666666,7.647471,
2675,1132026684202996,44.583333333333336,7.579159,
2676,1132026699781399,44.6,7.493926,
2677,1132026723054475,44.61666666666667,11.400193,
2678,1132026738043075,44.63333333333333,11.448883,
2679,1132026753673420,44.65,12.349327,
2680,1132026770303887,44.666666666666664,12.614427,
2681,1132026786288487,44.68333333333333,12.057191,
2682,1132026801984245,44.7,12.066601,
2683,1132026818041999,44.71666666666667,12.401142,
2684,1132026834173983,44.733333333333334,12.483777,
2685,1132026849769125,44.75,11.702576,
2686,1132026865327029,44.766666666666666,11.967076,
2687,1132026880648003,44.78333333333333,11.73311,
2688,1132026896537337,44.8,12.002037,
2689,1132026912185668,44.81666666666666,12.042692,
2690,1132026927421147,44.833333333333336,11.597876,
2691,1132026942775090,44.85,11.765015,
2692,1132026958814601,44.86666666666667,12.451746,
2693,1132026974405651,44.88333333333333,11.999173,
2694,1132026990046655,44.9,11.994095,
2695,1132027005614782,44.916666666666664,11.848835,
2696,1132027021810946,44.93333333333333,12.286945,
2697,1132027037405357,44.95,11.736403,
2698,1132027053212494,44.96666666666667,11.620524,
2699,1132027068988374,44.983333333333334,12.18438,
2700,1132027084799443,45.0,12.22111,
2701,1132027100511993,45.016666666666666,12.142814,
2702,1132027115315708,45.03333333333333,11.213966,
2703,1132027131334682,45.05,12.250133,
2704,1132027146997171,45.06666666666666,11.671187,
2705,1132027162706260,45.083333333333336,12.025112,
2706,1132027178040612,45.1,11.704681,
2707,1132027194628743,45.11666666666667,12.657584,
2708,1132027210696185,45.13333333333333,12.169843,
2709,1132027226156445,45.15,11.865105,
2710,1132027241495084,45.166666666666664,11.74575,
2711,1132027257675198,45.18333333333333,12.250574,
2712,1132027273107637,45.2,11.845801,
2713,1132027288536736,45.21666666666667,11.722108,
2714,1132027303859844,45.233333333333334,11.741204,
2715,1132027319329499,45.25,11.776981,
2716,1132027335263643,45.266666666666666,12.342823,
2717,1132027350538708,45.28333333333333,11.687745,
2718,1132027366474987,45.3,12.358271,
2719,1132027381836200,45.31666666666666,11.696628,
2720,1132027397467845,45.333333333333336,11.971693,
2721,1132027413126827,45.35,12.023927,
2722,1132027429514472,45.36666666666667,12.796445,
2723,1132027445124502,45.38333333333333,12.025074,
2724,1132027460544011,45.4,11.940789,
2725,1132027476204488,45.416666666666664,11.965198,
2726,1132027492518037,45.43333333333333,12.710308,
2727,1132027508136252,45.45,11.938587,
2728,1132027524185560,45.46666666666667,12.353385,
2729,1132027541180838,45.483333333333334,13.411592,
2730,1132027556703506,45.5,12.206147,
2731,1132027572278285,45.516666666666666,11.667644,
2732,1132027587977587,45.53333333333333,12.101804,
2733,1132027604201051,45.55,12.341108,
2734,1132027620841213,45.56666666666666,12.0083,
2735,1132027636266746,45.583333333333336,11.789793,
2736,1132027652270028,45.6,12.046923,
2737,1132027668754510,45.61666666666667,12.395715,
2738,1132027684485546,45.63333333333333,12.087983,
2739,1132027700303898,45.65,11.923657,
2740,1132027715651214,45.666666666666664,11.711348,
2741,1132027731982906,45.68333333333333,12.466463,
2742,1132027747491652,45.7,11.821138,
2743,1132027763022752,45.71666666666667,11.954417,
2744,1132027778591300,45.733333333333334,12.001387,
2745,1132027795695845,45.75,12.929374,
2746,1132027811574926,45.766666666666666,11.871177,
2747,1132027826592291,45.78333333333333,11.72204,
2748,1132027841939582,45.8,11.733445,
2749,1132027858477534,45.81666666666666,12.618135,
2750,1132027876201881,45.833333333333336,12.24583,
2751,1132027891885344,45.85,11.98688,
2752,1132027908020725,45.86666666666667,12.455545,
2753,1132027924087309,45.88333333333333,12.398189,
2754,1132027939817184,45.9,12.056225,
2755,1132027955120381,45.916666666666664,11.701238,
2756,1132027971168713,45.93333333333333,12.410729,
2757,1132027987122532,45.95,12.073874,
2758,1132028002412517,45.96666666666667,11.709421,
2759,1132028018562297,45.983333333333334,12.534875,
2760,1132028034823254,46.0,12.588282,
2761,1132028050214717,46.016666666666666,11.69332,
2762,1132028061343345,46.03333333333333,7.195023,
2763,1132028081054716,46.05,11.710262,
2764,1132028097113482,46.06666666666666,12.191482,
2765,1132028113314974,46.083333333333336,12.041471,
2766,1132028128653924,46.1,11.687974,
2767,1132028139615553,46.11666666666667,6.953454,
2768,1132028154696307,46.13333333333333,7.501859,
2769,1132028170452656,46.15,7.55372,
2770,1132028186287635,46.166666666666664,7.688535,
2771,1132028201141214,46.18333333333333,7.47452,
2772,1132028216813683,46.2,7.10231,
2773,1132028232479609,46.21666666666667,7.527222,
2774,1132028248328097,46.233333333333334,7.407688,
2775,1132028263661398,46.25,7.46529,
2776,1132028280265808,46.266666666666666,7.838138,
2777,1132028295924647,46.28333333333333,7.533609,
2778,1132028311419638,46.3,7.443078,
2779,1132028327881069,46.31666666666666,8.25506,
2780,1132028343077563,46.333333333333336,7.447589,
2781,1132028358788585,46.35,7.522897,
2782,1132028374400075,46.36666666666667,7.478444,
2783,1132028390518207,46.38333333333333,7.967388,
2784,1132028406101387,46.4,7.42729,
2785,1132028421764673,46.416666666666664,7.49352,
2786,1132028437371250,46.43333333333333,7.401571,
2787,1132028453309867,46.45,7.390589,
2788,1132028468891540,46.46666666666667,7.443107,
2789,1132028484413420,46.483333333333334,7.36335,
2790,1132028500077359,46.5,7.523715,
2791,1132028515974660,46.516666666666666,7.45635,
2792,1132028531569565,46.53333333333333,7.452133,
2793,1132028547381278,46.55,7.721731,
2794,1132028562752944,46.56666666666666,7.513721,
2795,1132028578852223,46.583333333333336,7.466385,
2796,1132028594466707,46.6,7.448078,
2797,1132028609971625,46.61666666666667,7.433144,
2798,1132028625590229,46.63333333333333,7.489208,
2799,1132028641525568,46.65,7.565242,
2800,1132028657239413,46.666666666666664,7.574753,
2801,1132028672880004,46.68333333333333,7.471976,
2802,1132028688473552,46.7,7.917064,
2803,1132028704053591,46.71666666666667,7.449504,
2804,1132028719995870,46.733333333333334,7.469342,
2805,1132028735670545,46.75,7.506594,
2806,1132028751981576,46.766666666666666,8.301519,
2807,1132028767216935,46.78333333333333,7.383554,
2808,1132028782898128,46.8,7.487181,
2809,1132028798507075,46.81666666666666,7.44447,
2810,1132028814565656,46.833333333333336,7.905067,
2811,1132028830131741,46.85,7.426815,
2812,1132028845803464,46.86666666666667,7.508285,
2813,1132028861627377,46.88333333333333,7.619248,
2814,1132028877675716,46.9,7.52943,
2815,1132028893111366,46.916666666666664,7.489092,
2816,1132028908725533,46.93333333333333,7.472073,
2817,1132028924659746,46.95,7.749142,
2818,1132028940239704,46.96666666666667,7.389091,
2819,1132028955916037,46.983333333333334,7.436982,
2820,1132028971534797,47.0,7.440873,
2821,1132028987524030,47.016666666666666,7.795443,
2822,1132029003576471,47.03333333333333,7.869223,
2823,1132029018787203,47.05,7.326094,
2824,1132029034337447,47.06666666666666,7.358317,
2825,1132029050202989,47.083333333333336,7.734263,
2826,1132029065808996,47.1,7.334102,
2827,1132029081284744,47.11666666666667,7.608912,
2828,1132029096989299,47.13333333333333,7.542846,
2829,1132029112901105,47.15,7.816394,
2830,1132029128263922,47.166666666666664,7.274642,
2831,1132029143901397,47.18333333333333,7.429943,
2832,1132029159944821,47.2,7.535228,
2833,1132029175913174,47.21666666666667,7.528856,
2834,1132029191705246,47.233333333333334,7.444162,
2835,1132029207116893,47.25,7.473878,
2836,1132029222753566,47.266666666666666,7.513676,
2837,1132029238937536,47.28333333333333,7.521056,
2838,1132029254559159,47.3,7.522123,
2839,1132029276614040,47.31666666666666,12.033527,
2840,1132029293086311,47.333333333333336,12.542592,
2841,1132029308860272,47.35,11.772733,
2842,1132029325121191,47.36666666666667,12.061462,
2843,1132029340889298,47.38333333333333,12.179907,
2844,1132029358153161,47.4,11.331626,
2845,1132029372627547,47.416666666666664,11.741606,
2846,1132029387981481,47.43333333333333,11.773768,
2847,1132029403417752,47.45,11.844718,
2848,1132029420487702,47.46666666666667,12.406372,
2849,1132029436141944,47.483333333333334,11.712244,
2850,1132029451839823,47.5,12.108731,
2851,1132029467872635,47.516666666666666,12.449395,
2852,1132029483775322,47.53333333333333,12.261103,
2853,1132029499271070,47.55,11.906513,
2854,1132029515052829,47.56666666666666,12.097393,
2855,1132029531400037,47.583333333333336,12.681245,
2856,1132029547477839,47.6,11.902995,
2857,1132029563599315,47.61666666666667,12.216921,
2858,1132029579145041,47.63333333333333,11.953822,
2859,1132029595456522,47.65,12.682974,
2860,1132029610971487,47.666666666666664,11.650482,
2861,1132029627029444,47.68333333333333,12.112798,
2862,1132029643473163,47.7,12.452505,
2863,1132029659649300,47.71666666666667,12.188957,
2864,1132029675625009,47.733333333333334,12.387334,
2865,1132029691306738,47.75,12.090488,
2866,1132029707653072,47.766666666666666,12.354663,
2867,1132029723419216,47.78333333333333,11.793641,
2868,1132029738993477,47.8,11.63765,
2869,1132029754967295,47.81666666666666,12.236056,
2870,1132029771579367,47.833333333333336,12.331418,
2871,1132029787893588,47.85,12.249182,
2872,1132029803386342,47.86666666666667,11.832713,
2873,1132029819622969,47.88333333333333,12.047226,
2874,1132029835618558,47.9,12.367984,
2875,1132029851175129,47.916666666666664,11.959386,
2876,1132029866532647,47.93333333333333,11.670854,
2877,1132029881879059,47.95,11.735974,
2878,1132029897570725,47.96666666666667,11.701057,
2879,1132029913490418,47.983333333333334,11.632832,
2880,1132029929394565,48.0,12.291659,
2881,1132029945086573,48.016666666666666,12.110777,
2882,1132029960786980,48.03333333333333,11.702384,
2883,1132029976380020,48.05,11.595738,
2884,1132029992017668,48.06666666666666,11.985149,
2885,1132030007877155,48.083333333333336,12.190851,
2886,1132030023527499,48.1,12.065805,
2887,1132030039784874,48.11666666666667,12.66822,
2888,1132030055056380,48.13333333333333,11.676949,
2889,1132030071061038,48.15,11.999193,
2890,1132030087129163,48.166666666666664,12.180477,
2891,1132030102492884,48.18333333333333,11.778964,
2892,1132030118148246,48.2,12.07217,
2893,1132030134358703,48.21666666666667,12.622536,
2894,1132030149988851,48.233333333333334,12.052716,
2895,1132030165968883,48.25,12.381054,
2896,1132030182153744,48.266666666666666,11.998907,
2897,1132030193506344,48.28333333333333,7.469864,
2898,1132030208911950,48.3,7.431208,
2899,1132030224096594,48.31666666666666,7.209871,
2900,1132030244131655,48.333333333333336,12.079767,
2901,1132030260183428,48.35,12.093163,
2902,1132030276274506,48.36666666666667,11.923059,
2903,1132030291949804,48.38333333333333,11.746049,
2904,1132030308373097,48.4,12.79195,
2905,1132030323985889,48.416666666666664,12.021915,
2906,1132030339373141,48.43333333333333,11.785625,
2907,1132030354756646,48.45,11.792435,
2908,1132030370813929,48.46666666666667,12.177698,
2909,1132030386510704,48.483333333333334,12.111154,
2910,1132030402094504,48.5,11.991803,
2911,1132030417794479,48.516666666666666,12.011837,
2912,1132030433861009,48.53333333333333,12.449502,
2913,1132030449421459,48.55,11.629434,
2914,1132030464844759,48.56666666666666,11.746406,
2915,1132030480218945,48.583333333333336,11.7896,
2916,1132030496092508,48.6,12.285589,
2917,1132030511832220,48.61666666666667,12.153715,
2918,1132030527411001,48.63333333333333,11.996371,
2919,1132030538471181,48.65,7.25271,
2920,1132030554604987,48.666666666666664,7.623818,
2921,1132030570313497,48.68333333333333,7.442073,
2922,1132030585413685,48.7,7.536588,
2923,1132030601463443,48.71666666666667,7.883988,
2924,1132030615954691,48.733333333333334,7.670083,
2925,1132030631520127,48.75,7.52152,
2926,1132030647206702,48.766666666666666,7.618231,
2927,1132030662855877,48.78333333333333,7.573202,
2928,1132030678807900,48.8,7.493432,
2929,1132030693913664,48.81666666666666,7.503741,
2930,1132030709536133,48.833333333333336,7.505216,
2931,1132030725403411,48.85,7.441675,
2932,1132030740913402,48.86666666666667,7.504813,
2933,1132030756476309,48.88333333333333,7.433018,
2934,1132030772169526,48.9,7.553694,
2935,1132030788377678,48.916666666666664,7.950478,
2936,1132030804023925,48.93333333333333,7.481592,
2937,1132030819707556,48.95,7.572716,
2938,1132030835509848,48.96666666666667,7.424679,
2939,1132030851870968,48.983333333333334,8.227963,
2940,1132030868892276,49.0,7.481311,
2941,1132030884484879,49.016666666666666,7.448623,
2942,1132030900017863,49.03333333333333,7.438498,
2943,1132030915947594,49.05,7.492454,
2944,1132030931595891,49.06666666666666,7.472613,
2945,1132030947390214,49.083333333333336,7.712874,
2946,1132030962509499,49.1,7.278116,
2947,1132030978236400,49.11666666666667,7.487109,
2948,1132030993679628,49.13333333333333,7.34749,
2949,1132031009665650,49.15,7.861841,
2950,1132031025267070,49.166666666666664,7.456531,
2951,1132031040984849,49.18333333333333,7.510955,
2952,1132031056686064,49.2,7.501632,
2953,1132031072283251,49.21666666666667,7.404385,
2954,1132031087837968,49.233333333333334,7.344755,
2955,1132031103282000,49.25,7.434866,
2956,1132031118937200,49.266666666666666,7.518098,
2957,1132031134400387,49.28333333333333,7.384096,
2958,1132031149939640,49.3,7.445437,
2959,1132031165938030,49.31666666666666,7.486624,
2960,1132031181913109,49.333333333333336,7.904775,
2961,1132031197408074,49.35,7.41811,
2962,1132031213372450,49.36666666666667,7.804919,
2963,1132031228946123,49.38333333333333,7.422197,
2964,1132031244562488,49.4,7.361866,
2965,1132031260263863,49.416666666666664,7.524198,
2966,1132031276180789,49.43333333333333,7.511364,
2967,1132031291727429,49.45,7.451921,
2968,1132031307218827,49.46666666666667,7.506697,
2969,1132031322810181,49.483333333333334,7.486253,
2970,1132031338866743,49.5,7.489612,
2971,1132031355049384,49.516666666666666,7.412468,
2972,1132031370741600,49.53333333333333,7.544955,
2973,1132031386754315,49.55,7.784243,
2974,1132031402350797,49.56666666666666,7.401127,
2975,1132031417971594,49.583333333333336,7.406552,
2976,1132031433482754,49.6,7.376106,
2977,1132031449493436,49.61666666666667,7.836923,
2978,1132031465328511,49.63333333333333,7.660289,
2979,1132031480759017,49.65,7.490029,
2980,1132031496258432,49.666666666666664,7.299542,
2981,1132031512349304,49.68333333333333,7.89508,
2982,1132031527885949,49.7,7.338897,
2983,1132031543043404,49.71666666666667,7.323714,
2984,1132031558585836,49.733333333333334,7.446723,
2985,1132031574876646,49.75,7.4962,
2986,1132031590237271,49.766666666666666,7.268969,
2987,1132031605703612,49.78333333333333,7.353497,
2988,1132031621136908,49.8,7.376266,
2989,1132031637032531,49.81666666666666,7.38246,
2990,1132031652552375,49.833333333333336,7.394675,
2991,1132031668046039,49.85,7.340282,
2992,1132031683456174,49.86666666666667,7.318688,
2993,1132031699551906,49.88333333333333,7.427915,
2994,1132031714886237,49.9,7.270951,
2995,1132031730382056,49.916666666666664,7.330654,
2996,1132031745997207,49.93333333333333,7.461569,
2997,1132031761815180,49.95,7.340755,
2998,1132031777308495,49.96666666666667,7.319298,
2999,1132031792994137,49.983333333333334,7.446298,
3000,1132031808560687,50.0,7.334885,
3001,1132031824548875,50.016666666666666,7.474659,
3002,1132031840522042,50.03333333333333,7.815538,
3003,1132031856020592,50.05,7.3398,
3004,1132031872082284,50.06666666666666,7.88849,
3005,1132031887802539,50.083333333333336,7.540191,
3006,1132031903190194,50.1,7.334899,
3007,1132031918711138,50.11666666666667,7.421436,
3008,1132031934634609,50.13333333333333,7.744644,
3009,1132031950338044,50.15,7.604114,
3010,1132031965881108,50.166666666666664,7.438063,
3011,1132031981734910,50.18333333333333,7.614524,
3012,1132031997588410,50.2,7.3442,
3013,1132032013021774,50.21666666666667,7.339649,
3014,1132032028690636,50.233333333333334,7.641988,
3015,1132032044309681,50.25,7.446511,
3016,1132032060092417,50.266666666666666,7.476508,
3017,1132032075651111,50.28333333333333,7.410561,
3018,1132032091064996,50.3,7.332089,
3019,1132032106506026,50.31666666666666,7.339294,
3020,1132032121634525,50.333333333333336,7.151686,
3021,1132032137076303,50.35,7.359839,
3022,1132032152653285,50.36666666666667,7.455178,
3023,1132032168473690,50.38333333333333,7.824919,
3024,1132032183588975,50.4,7.020922,
3025,1132032199284759,50.416666666666664,7.452592,
3026,1132032214744049,50.43333333333333,7.324737,
3027,1132032230970210,50.45,7.804925,
3028,1132032246756069,50.46666666666667,7.666754,
3029,1132032262571662,50.483333333333334,7.590118,
3030,1132032277755207,50.5,7.218756,
3031,1132032293209992,50.516666666666666,7.541109,
3032,1132032308687022,50.53333333333333,7.412673,
3033,1132032324247026,50.55,7.356916,
3034,1132032339702473,50.56666666666666,7.320796,
3035,1132032355616825,50.583333333333336,7.465328,
3036,1132032371100294,50.6,7.333835,
3037,1132032387086090,50.61666666666667,7.307869,
3038,1132032402822403,50.63333333333333,7.548292,
3039,1132032418967511,50.65,7.472091,
3040,1132032434652320,50.666666666666664,7.562389,
3041,1132032450221123,50.68333333333333,7.476851,
3042,1132032466139584,50.7,7.89743,
3043,1132032481946761,50.71666666666667,7.57671,
3044,1132032497565002,50.733333333333334,7.459048,
3045,1132032512749534,50.75,7.432267,
3046,1132032528588718,50.766666666666666,7.835748,
3047,1132032544225200,50.78333333333333,7.481677,
3048,1132032559806426,50.8,7.414777,
3049,1132032575263117,50.81666666666666,7.423239,
3050,1132032591177543,50.833333333333336,7.889543,
3051,1132032606705196,50.85,7.418714,
3052,1132032622222508,50.86666666666667,7.442661,
3053,1132032637877499,50.88333333333333,7.483589,
3054,1132032653427785,50.9,7.370879,
3055,1132032669623244,50.916666666666664,7.819821,
3056,1132032685044482,50.93333333333333,7.365016,
3057,1132032700891600,50.95,7.655812,
3058,1132032716823674,50.96666666666667,7.415151,
3059,1132032732671331,50.983333333333334,7.444153,
3060,1132032748088903,51.0,7.361751,
3061,1132032763470434,51.016666666666666,7.361769,
3062,1132032779689066,51.03333333333333,7.565931,
3063,1132032795225902,51.05,7.510176,
3064,1132032810757040,51.06666666666666,7.538263,
3065,1132032826794458,51.083333333333336,7.892189,
3066,1132032842744218,51.1,7.396029,
3067,1132032860242214,51.11666666666667,9.371336,
3068,1132032875749148,51.13333333333333,7.413284,
3069,1132032892018942,51.15,7.929552,
3070,1132032907594527,51.166666666666664,7.401789,
3071,1132032923798170,51.18333333333333,7.798397,
3072,1132032939684606,51.2,7.703638,
3073,1132032955750074,51.21666666666667,7.546479,
3074,1132032971562226,51.233333333333334,7.449686,
3075,1132032987214284,51.25,7.463275,
3076,1132033002631050,51.266666666666666,7.365438,
3077,1132033018991193,51.28333333333333,7.518927,
3078,1132033034746622,51.3,7.45277,
3079,1132033050339879,51.31666666666666,7.504277,
3080,1132033065748898,51.333333333333336,7.391948,
3081,1132033081798774,51.35,7.531789,
3082,1132033097699134,51.36666666666667,7.524971,
3083,1132033113430160,51.38333333333333,7.559292,
3084,1132033129350920,51.4,7.842139,
3085,1132033145033919,51.416666666666664,7.523511,
3086,1132033160608353,51.43333333333333,7.451803,
3087,1132033176241958,51.449999999999996,7.463214,
3088,1132033192550243,51.46666666666667,8.165672,
3089,1132033208136387,51.483333333333334,7.383516,
3090,1132033223652193,51.5,7.392492,
3091,1132033239343384,51.516666666666666,7.433699,
3092,1132033255146823,51.53333333333333,7.660125,
3093,1132033270442308,51.55,7.109053,
3094,1132033286208836,51.56666666666666,7.327274,
3095,1132033301738507,51.583333333333336,7.339485,
3096,1132033317848526,51.6,7.53038,
3097,1132033333859605,51.61666666666667,7.843484,
3098,1132033349168913,51.63333333333333,7.436786,
3099,1132033365470843,51.65,8.124925,
3100,1132033380732747,51.666666666666664,7.396721,
3101,1132033396351268,51.68333333333333,7.451412,
3102,1132033412353126,51.699999999999996,7.885877,
3103,1132033428100598,51.71666666666667,7.926321,
3104,1132033444768294,51.733333333333334,7.861482,
3105,1132033459884527,51.75,7.756464,
3106,1132033475356733,51.766666666666666,7.395394,
3107,1132033491626806,51.78333333333333,8.016816,
3108,1132033507279292,51.8,7.531251,
3109,1132033522948025,51.81666666666666,7.572347,
3110,1132033538688138,51.833333333333336,7.843241,
3111,1132033554194714,51.85,7.575546,
3112,1132033570153184,51.86666666666667,7.858342,
3113,1132033585300292,51.88333333333333,7.517134,
3114,1132033600735573,51.9,7.554756,
3115,1132033616331350,51.916666666666664,7.617038,
3116,1132033631761143,51.93333333333333,7.616095,
3117,1132033647089520,51.949999999999996,7.691553,
3118,1132033662250154,51.96666666666667,7.571298,
3119,1132033678851622,51.983333333333334,7.909348,
3120,1132033693791819,52.0,7.490451,
3121,1132033709083448,52.016666666666666,7.439471,
3122,1132033724134199,52.03333333333333,7.404165,
3123,1132033739761741,52.05,7.439947,
3124,1132033755289949,52.06666666666666,7.424526,
3125,1132033770928970,52.083333333333336,7.522139,
3126,1132033786844570,52.1,7.815572,
3127,1132033802519964,52.11666666666667,7.520316,
3128,1132033818745926,52.13333333333333,8.136903,
3129,1132033834037806,52.15,7.460766,
3130,1132033850175586,52.166666666666664,8.033509,
3131,1132033866644824,52.18333333333333,8.346146,
3132,1132033882220789,52.199999999999996,7.403751,
3133,1132033897810512,52.21666666666667,7.445304,
3134,1132033913892156,52.233333333333334,7.735068,
3135,1132033929794193,52.25,7.749841,
3136,1132033945305895,52.266666666666666,7.433456,
3137,1132033960965560,52.28333333333333,7.444941,
3138,1132033976933566,52.3,7.419778,
3139,1132033992547617,52.31666666666666,7.426878,
3140,1132034008388205,52.333333333333336,7.688068,
3141,1132034024054206,52.35,7.791106,
3142,1132034040032481,52.36666666666667,7.42186,
3143,1132034055411077,52.38333333333333,7.501901,
3144,1132034071307277,52.4,7.48573,
3145,1132034086607325,52.416666666666664,7.508645,
3146,1132034102574947,52.43333333333333,7.560696,
3147,1132034118629131,52.449999999999996,7.847855,
3148,1132034134304405,52.46666666666667,7.450352,
3149,1132034150584999,52.483333333333334,8.114165,
3150,1132034166120576,52.5,7.443126,
3151,1132034182106304,52.516666666666666,7.780374,
3152,1132034197663578,52.53333333333333,7.41865,
3153,1132034213774184,52.55,8.015711,
3154,1132034229167375,52.56666666666666,7.48961,
3155,1132034244828431,52.583333333333336,7.435813,
3156,1132034260113525,52.6,7.734141,
3157,1132034276176074,52.61666666666667,7.494599,
3158,1132034291716264,52.63333333333333,7.465644,
3159,1132034307220847,52.65,7.461935,
3160,1132034322741124,52.666666666666664,7.458138,
3161,1132034338936287,52.68333333333333,7.524199,
3162,1132034354464644,52.699999999999996,7.503638,
3163,1132034370035491,52.71666666666667,7.531867,
3164,1132034385607651,52.733333333333334,7.48559,
3165,1132034401293149,52.75,7.568607,
3166,1132034416923861,52.766666666666666,7.523956,
3167,1132034432544811,52.78333333333333,7.564264,
3168,1132034448065974,52.8,7.446944,
3169,1132034464681220,52.81666666666666,7.671675,
3170,1132034480432336,52.833333333333336,7.676306,
3171,1132034495629193,52.85,7.726382,
3172,1132034512408664,52.86666666666667,8.29045,
3173,1132034527591748,52.88333333333333,7.332935,
3174,1132034543190977,52.9,7.408812,
3175,1132034558848828,52.916666666666664,7.723438,
3176,1132034574703476,52.93333333333333,7.362044,
3177,1132034590216177,52.949999999999996,7.350733,
3178,1132034605843433,52.96666666666667,7.442863,
3179,1132034621703272,52.983333333333334,7.434393,
3180,1132034638059424,53.0,7.770456,
3181,1132034653711092,53.016666666666666,7.79032,
3182,1132034669010722,53.03333333333333,7.393048,
3183,1132034684836921,53.05,7.481341,
3184,1132034700791613,53.06666666666666,7.502369,
3185,1132034716164718,53.083333333333336,7.342258,
3186,1132034731749016,53.1,7.439558,
3187,1132034747626857,53.11666666666667,7.697531,
3188,1132034763228967,53.13333333333333,7.429249,
3189,1132034778495352,53.15,7.041643,
3190,1132034793748303,53.166666666666664,7.095282,
3191,1132034809660927,53.18333333333333,7.842779,
3192,1132034825413666,53.199999999999996,7.314246,
3193,1132034840961192,53.21666666666667,7.399299,
3194,1132034856487566,53.233333333333334,7.450842,
3195,1132034873724528,53.25,7.372642,
3196,1132034889337354,53.266666666666666,7.44512,
3197,1132034904881221,53.28333333333333,7.330555,
3198,1132034920416301,53.3,7.287604,
3199,1132034936283802,53.31666666666666,7.69428,
3200,1132034951754732,53.333333333333336,7.354547,
3201,1132034967477782,53.35,7.613124,
3202,1132034983037770,53.36666666666667,7.41004,
3203,1132034999153658,53.38333333333333,7.443074,
3204,1132035014669278,53.4,7.487915,
3205,1132035030307016,53.416666666666664,7.535072,
3206,1132035045906315,53.43333333333333,7.456099,
3207,1132035061140439,53.449999999999996,7.117483,
3208,1132035076666481,53.46666666666667,7.432942,
3209,1132035092641097,53.483333333333334,7.485561,
3210,1132035108246988,53.5,7.501083,
3211,1132035123818761,53.516666666666666,7.488758,
3212,1132035139335190,53.53333333333333,7.428577,
3213,1132035154876621,53.55,7.493053,
3214,1132035170828432,53.56666666666666,7.90412,
3215,1132035186416118,53.583333333333336,7.403452,
3216,1132035201910332,53.6,7.36724,
3217,1132035217471886,53.61666666666667,7.369021,
3218,1132035233331730,53.63333333333333,7.748641,
3219,1132035249036021,53.65,7.575427,
3220,1132035264800790,53.666666666666664,7.643068,
3221,1132035280865781,53.68333333333333,7.856074,
3222,1132035295995692,53.699999999999996,7.399876,
3223,1132035311611413,53.71666666666667,7.507674,
3224,1132035327225952,53.733333333333334,7.406543,
3225,1132035342802970,53.75,7.424895,
3226,1132035358956518,53.766666666666666,7.515164,
3227,1132035374619209,53.78333333333333,7.510915,
3228,1132035390188833,53.8,7.395046,
3229,1132035405828328,53.81666666666666,7.499788,
3230,1132035421195562,53.833333333333336,7.492133,
3231,1132035436825255,53.85,7.512492,
3232,1132035452524437,53.86666666666667,7.633178,
3233,1132035468866985,53.88333333333333,8.453854,
3234,1132035484045933,53.9,7.44056,
3235,1132035499504824,53.916666666666664,7.534426,
3236,1132035515448548,53.93333333333333,7.864751,
3237,1132035531254568,53.949999999999996,8.050759,
3238,1132035546888385,53.96666666666667,7.524251,
3239,1132035562795248,53.983333333333334,7.681075,
3240,1132035577994295,54.0,7.304352,
3241,1132035593814052,54.016666666666666,7.57467,
3242,1132035609657237,54.03333333333333,7.462318,
3243,1132035624766156,54.05,7.512759,
3244,1132035640311341,54.06666666666666,7.54274,
3245,1132035656328076,54.083333333333336,7.507352,
3246,1132035671945119,54.1,7.495579,
3247,1132035687991338,54.11666666666667,7.780772,
3248,1132035703602554,54.13333333333333,7.496182,
3249,1132035719713856,54.15,7.485137,
3250,1132035733868811,54.166666666666664,8.992477,
3251,1132035748220314,54.18333333333333,11.671715,
3252,1132035763528901,54.199999999999996,11.710543,
3253,1132035779635274,54.21666666666667,12.119576,
3254,1132035795583357,54.233333333333334,12.291083,
3255,1132035810949081,54.25,11.778684,
3256,1132035826193969,54.266666666666666,11.658554,
3257,1132035841890005,54.28333333333333,12.041105,
3258,1132035858853707,54.3,13.292571,
3259,1132035875028908,54.31666666666666,12.224628,
3260,1132035890926249,54.333333333333336,12.306823,
3261,1132035906585582,54.35,12.015274,
3262,1132035922051243,54.36666666666667,11.821784,
3263,1132035937367711,54.38333333333333,11.726275,
3264,1132035953379264,54.4,12.358879,
3265,1132035970209349,54.416666666666664,12.054176,
3266,1132035985579762,54.43333333333333,11.739023,
3267,1132036001449848,54.449999999999996,11.962987,
3268,1132036017573374,54.46666666666667,12.430503,
3269,1132036033312115,54.483333333333334,11.983857,
3270,1132036049021381,54.5,11.875004,
3271,1132036064744757,54.516666666666666,12.13151,
3272,1132036080751099,54.53333333333333,12.037927,
3273,1132036096344668,54.55,11.918488,
3274,1132036111715658,54.56666666666666,11.701475,
3275,1132036127977969,54.583333333333336,12.55496,
3276,1132036145267036,54.6,13.34302,
3277,1132036161014333,54.61666666666667,11.728554,
3278,1132036176618215,54.63333333333333,11.939662,
3279,1132036192907867,54.65,12.624292,
3280,1132036208483739,54.666666666666664,11.995661,
3281,1132036224110432,54.68333333333333,11.750764,
3282,1132036239750102,54.699999999999996,11.987157,
3283,1132036255851391,54.71666666666667,12.49366,
3284,1132036271619637,54.733333333333334,12.181999,
3285,1132036288908506,54.75,13.314332,
3286,1132036304721448,54.766666666666666,12.228218,
3287,1132036320492305,54.78333333333333,11.767853,
3288,1132036336084959,54.8,11.925946,
3289,1132036351765844,54.81666666666666,12.049474,
3290,1132036367840456,54.833333333333336,12.420525,
3291,1132036383804432,54.85,12.333195,
3292,1132036399838948,54.86666666666667,12.083068,
3293,1132036415069800,54.88333333333333,11.649637,
3294,1132036430427869,54.9,11.718657,
3295,1132036446293461,54.916666666666664,12.214702,
3296,1132036462107568,54.93333333333333,12.222586,
3297,1132036477801516,54.949999999999996,12.108259,
3298,1132036494322021,54.96666666666667,12.864076,
3299,1132036510248347,54.983333333333334,12.047222,
3300,1132036525919733,55.0,12.089096,
3301,1132036541284751,55.016666666666666,11.703168,
3302,1132036557561523,55.03333333333333,12.695056,
3303,1132036573108464,55.05,11.666271,
3304,1132036589108368,55.06666666666666,12.385956,
3305,1132036604745338,55.083333333333336,12.052557,
3306,1132036620412079,55.1,11.74744,
3307,1132036636208783,55.11666666666667,12.200791,
3308,1132036651443845,55.13333333333333,11.652301,
3309,1132036668020262,55.15,12.648986,
3310,1132036683764814,55.166666666666664,12.106252,
3311,1132036699513228,55.18333333333333,12.166307,
3312,1132036715090725,55.199999999999996,11.923411,
3313,1132036731979335,55.21666666666667,13.282068,
3314,1132036747829220,55.233333333333334,11.943231,
3315,1132036763521905,55.25,11.973312,
3316,1132036779039555,55.266666666666666,11.87808,
3317,1132036795258466,55.28333333333333,12.594357,
3318,1132036811271713,55.3,12.327591,
3319,1132036826963989,55.31666666666666,12.11197,
3320,1132036842167228,55.333333333333336,11.617861,
3321,1132036858431810,55.35,12.60954,
3322,1132036873972438,55.36666666666667,11.904666,
3323,1132036889288414,55.38333333333333,11.624255,
3324,1132036904901625,55.4,11.576339,
3325,1132036916176049,55.416666666666664,7.634685,
3326,1132036931769950,55.43333333333333,7.452474,
3327,1132036947305031,55.449999999999996,7.409809,
3328,1132036962926748,55.46666666666667,7.483196,
3329,1132036978960233,55.483333333333334,7.457337,
3330,1132036994749874,55.5,7.488205,
3331,1132037010485909,55.516666666666666,7.490829,
3332,1132037026117813,55.53333333333333,7.444387,
3333,1132037042380359,55.55,7.76725,
3334,1132037057770920,55.56666666666666,7.483112,
3335,1132037073370796,55.583333333333336,7.453983,
3336,1132037089402507,55.6,7.834582,
3337,1132037104704080,55.61666666666667,7.136678,
3338,1132037120356444,55.63333333333333,7.440689,
3339,1132037135991284,55.65,7.510437,
3340,1132037152080537,55.666666666666664,8.100686,
3341,1132037167623748,55.68333333333333,7.38297,
3342,1132037183164192,55.699999999999996,7.431737,
3343,1132037198720708,55.71666666666667,7.367443,
3344,1132037214658916,55.733333333333334,7.446348,
3345,1132037230285162,55.75,7.441819,
3346,1132037245899354,55.766666666666666,7.417676,
3347,1132037261441869,55.78333333333333,7.429406,
3348,1132037277450755,55.8,7.491195,
3349,1132037292990020,55.81666666666666,7.448386,
3350,1132037308562843,55.833333333333336,7.398497,
3351,1132037323978570,55.85,7.339643,
3352,1132037340151905,55.86666666666667,7.48403,
3353,1132037355619962,55.88333333333333,7.378184,
3354,1132037371281793,55.9,7.525634,
3355,1132037386870203,55.916666666666664,7.448558,
3356,1132037402757467,55.93333333333333,7.479425,
3357,1132037418360571,55.949999999999996,7.491823,
3358,1132037433935701,55.96666666666667,7.393141,
3359,1132037449735473,55.983333333333334,7.706159,
3360,1132037465360720,56.0,7.438363,
3361,1132037480990502,56.016666666666666,7.446579,
3362,1132037496564420,56.03333333333333,7.424236,
3363,1132037512910870,56.05,8.246172,
3364,1132037528424645,56.06666666666666,7.43761,
3365,1132037543962391,56.083333333333336,7.471192,
3366,1132037559590541,56.1,7.460372,
3367,1132037575662575,56.11666666666667,7.504576,
3368,1132037591866963,56.13333333333333,7.503866,
3369,1132037608098464,56.15,7.437201,
3370,1132037623687031,56.166666666666664,7.333757,
3371,1132037639325604,56.18333333333333,7.378665,
3372,1132037654920319,56.199999999999996,7.495425,
3373,1132037670560144,56.21666666666667,7.483488,
3374,1132037686547260,56.233333333333334,7.83019,
3375,1132037702353340,56.25,7.562357,
3376,1132037717856178,56.266666666666666,7.526632,
3377,1132037733740404,56.28333333333333,7.431459,
3378,1132037749851583,56.3,7.922597,
3379,1132037765609451,56.31666666666666,7.642658,
3380,1132037780988148,56.333333333333336,7.296065,
3381,1132037796554176,56.35,7.722371,
3382,1132037812468639,56.36666666666667,7.776569,
3383,1132037828309152,56.38333333333333,7.677782,
3384,1132037843605864,56.4,7.407506,
3385,1132037859626064,56.416666666666664,7.935096,
3386,1132037875572897,56.43333333333333,7.428387,
3387,1132037891053915,56.449999999999996,7.387776,
3388,1132037906686694,56.46666666666667,7.496663,
3389,1132037922230093,56.483333333333334,7.385875,
3390,1132037937626566,56.5,7.410694,
3391,1132037953316529,56.516666666666666,7.532842,
3392,1132037968575502,56.53333333333333,7.397778,
3393,1132037984047075,56.55,7.319561,
3394,1132037999662690,56.56666666666666,7.150826,
3395,1132038015858965,56.583333333333336,7.759452,
3396,1132038031867613,56.6,7.798334,
3397,1132038047830303,56.61666666666667,7.905715,
3398,1132038063455801,56.63333333333333,7.553887,
3399,1132038079035740,56.65,7.488904,
3400,1132038094494361,56.666666666666664,7.377795,
3401,1132038110680098,56.68333333333333,7.993952,
3402,1132038126286689,56.699999999999996,7.386941,
3403,1132038141861977,56.71666666666667,7.426483,
3404,1132038156936810,56.733333333333334,7.438898,
3405,1132038172716125,56.75,7.754612,
3406,1132038188266841,56.766666666666666,7.426656,
3407,1132038203713385,56.78333333333333,7.359136,
3408,1132038219587542,56.8,7.689671,
3409,1132038235854803,56.81666666666666,7.52622,
3410,1132038251437337,56.833333333333336,7.524213,
3411,1132038266839059,56.85,7.351128,
3412,1132038282413233,56.86666666666667,7.460868,
3413,1132038298279151,56.88333333333333,7.441749,
3414,1132038313849396,56.9,7.470395,
3415,1132038329846202,56.916666666666664,7.934638,
3416,1132038345577624,56.93333333333333,7.406659,
3417,1132038361471395,56.949999999999996,7.574225,
3418,1132038377007810,56.96666666666667,7.445746,
3419,1132038392895354,56.983333333333334,7.809283,
3420,1132038408096189,57.0,7.543193,
3421,1132038423547480,57.016666666666666,7.582896,
3422,1132038439216735,57.03333333333333,7.472909,
3423,1132038455157531,57.05,7.507621,
3424,1132038471116898,57.06666666666666,7.85307,
3425,1132038486861536,57.083333333333336,7.608279,
3426,1132038502397259,57.1,7.40661,
3427,1132038518068407,57.11666666666667,7.465233,
3428,1132038533610115,57.13333333333333,7.901561,
3429,1132038549308406,57.15,7.55506,
3430,1132038564804550,57.166666666666664,7.300777,
3431,1132038580512701,57.18333333333333,7.537617,
3432,1132038596650491,57.199999999999996,7.579964,
3433,1132038612616034,57.21666666666667,7.490929,
3434,1132038628042269,57.233333333333334,7.614908,
3435,1132038643567023,57.25,7.485846,
3436,1132038659724965,57.266666666666666,7.499641,
3437,1132038675153350,57.28333333333333,7.744856,
3438,1132038690763750,57.3,7.502143,
3439,1132038706727121,57.31666666666666,7.881146,
3440,1132038722354756,57.333333333333336,7.527511,
3441,1132038738084009,57.35,7.554572,
3442,1132038753901163,57.36666666666667,7.53654,
3443,1132038769888601,57.38333333333333,7.908563,
3444,1132038785801435,57.4,7.778944,
3445,1132038801427913,57.416666666666664,7.448267,
3446,1132038817044965,57.43333333333333,7.442838,
3447,1132038832958621,57.449999999999996,7.721732,
3448,1132038848233384,57.46666666666667,7.388253,
3449,1132038865123519,57.483333333333334,8.776346,
3450,1132038880716799,57.5,7.464077,
3451,1132038896830143,57.516666666666666,7.514229,
3452,1132038912798253,57.53333333333333,7.528807,
3453,1132038927985245,57.55,7.011975,
3454,1132038943681863,57.56666666666666,7.52992,
3455,1132038959678555,57.583333333333336,7.458543,
3456,1132038975346634,57.6,7.52248,
3457,1132038990797437,57.61666666666667,7.370347,
3458,1132039006423132,57.63333333333333,7.395404,
3459,1132039022434753,57.65,7.478824,
3460,1132039038321215,57.666666666666664,7.704904,
3461,1132039053784994,57.68333333333333,7.473379,
3462,1132039070125754,57.699999999999996,7.881999,
3463,1132039085772083,57.71666666666667,7.562802,
3464,1132039101513461,57.733333333333334,7.382541,
3465,1132039117098078,57.75,7.515216,
3466,1132039132828986,57.766666666666666,7.941675,
3467,1132039148517673,57.78333333333333,7.469764,
3468,1132039163989355,57.8,7.288947,
3469,1132039179743580,57.81666666666666,7.488512,
3470,1132039195595258,57.833333333333336,7.425214,
3471,1132039211323719,57.85,7.548402,
3472,1132039226857683,57.86666666666667,7.482589,
3473,1132039242344735,57.88333333333333,7.425826,
3474,1132039258376250,57.9,7.421122,
3475,1132039273857855,57.916666666666664,7.467953,
3476,1132039289677369,57.93333333333333,7.70439,
3477,1132039305274929,57.949999999999996,7.586412,
3478,1132039321093082,57.96666666666667,7.339727,
3479,1132039337087184,57.983333333333334,7.872381,
3480,1132039352477146,58.0,7.370521,
3481,1132039368655059,58.016666666666666,8.126431,
3482,1132039383999637,58.03333333333333,7.461267,
3483,1132039399532364,58.05,7.368376,
3484,1132039415090078,58.06666666666666,7.324394,
3485,1132039431008851,58.083333333333336,7.807161,
3486,1132039446472616,58.1,7.543747,
3487,1132039462179900,58.11666666666667,7.69619,
3488,1132039477531024,58.13333333333333,7.438197,
3489,1132039493720838,58.15,8.085465,
3490,1132039509384748,58.166666666666664,7.449189,
3491,1132039524692730,58.18333333333333,7.477328,
3492,1132039540264070,58.199999999999996,7.457121,
3493,1132039556161456,58.21666666666667,7.485162,
3494,1132039571866937,58.233333333333334,7.45567,
3495,1132039587447015,58.25,7.459383,
3496,1132039603255307,58.266666666666666,7.687598,
3497,1132039619273360,58.28333333333333,7.482131,
3498,1132039634729502,58.3,7.330763,
3499,1132039650727973,58.31666666666666,7.457962,
3500,1132039666714644,58.333333333333336,7.886461,
3501,1132039682674838,58.35,7.862196,
3502,1132039698274009,58.36666666666667,7.492556,
3503,1132039713998117,58.38333333333333,7.692195,
3504,1132039730462642,58.4,8.181859,
3505,1132039746431303,58.416666666666664,7.707438,
3506,1132039761190313,58.43333333333333,7.445808,
3507,1132039776847550,58.449999999999996,7.472951,
3508,1132039792502344,58.46666666666667,7.547656,
3509,1132039808195243,58.483333333333334,7.471514,
3510,1132039823647987,58.5,7.253909,
3511,1132039838942460,58.516666666666666,7.105068,
3512,1132039854974651,58.53333333333333,7.92754,
3513,1132039871171750,58.55,7.687521,
3514,1132039886819861,58.56666666666666,7.513187,
3515,1132039902361857,58.583333333333336,7.423489,
3516,1132039918377885,58.6,7.513378,
3517,1132039934205758,58.61666666666667,7.713235,
3518,1132039949646909,58.63333333333333,7.370153,
3519,1132039965161693,58.65,7.422285,
3520,1132039981011651,58.666666666666664,7.506111,
3521,1132039996640358,58.68333333333333,7.494954,
3522,1132040012206326,58.699999999999996,7.493644,
3523,1132040028192082,58.71666666666667,7.879673,
3524,1132040043796740,58.733333333333334,7.480227,
3525,1132040059339881,58.75,7.455811,
3526,1132040074873313,58.766666666666666,7.50953,
3527,1132040090914820,58.78333333333333,8.004348,
3528,1132040106879232,58.8,7.738558,
3529,1132040122580240,58.81666666666666,7.534891,
3530,1132040138158083,58.833333333333336,7.480622,
3531,1132040154071770,58.85,7.934268,
3532,1132040169609205,58.86666666666667,7.533366,
3533,1132040185279186,58.88333333333333,7.570713,
3534,1132040200996180,58.9,7.593061,
3535,1132040217088046,58.916666666666664,7.606379,
3536,1132040232697869,58.93333333333333,7.46555,
3537,1132040248443500,58.949999999999996,7.560169,
3538,1132040263916377,58.96666666666667,7.437452,
3539,1132040280177118,58.983333333333334,7.84681,
3540,1132040295779663,59.0,7.408673,
3541,1132040311431269,59.016666666666666,7.470817,
3542,1132040327442621,59.03333333333333,8.145175,
3543,1132040343150077,59.05,7.475276,
3544,1132040358857302,59.06666666666666,7.420708,
3545,1132040374465741,59.083333333333336,7.435393,
3546,1132040390781613,59.1,8.125261,
3547,1132040406035089,59.11666666666667,7.448961,
3548,1132040421921617,59.13333333333333,7.756401,
3549,1132040437265780,59.15,7.518319,
3550,1132040453091293,59.166666666666664,7.477423,
3551,1132040468596584,59.18333333333333,7.383286,
3552,1132040484155945,59.199999999999996,7.436981,
3553,1132040499772076,59.21666666666667,7.442986,
3554,1132040515613985,59.233333333333334,7.89562,
3555,1132040531160570,59.25,7.423727,
3556,1132040546816923,59.266666666666666,7.394569,
3557,1132040562463204,59.28333333333333,7.426981,
3558,1132040578664192,59.3,7.824216,
3559,1132040594195957,59.31666666666666,7.396899,
3560,1132040610190949,59.333333333333336,7.708537,
3561,1132040626030357,59.35,8.056647,
3562,1132040641712452,59.36666666666667,7.783686,
3563,1132040657396302,59.38333333333333,7.491608,
3564,1132040673365972,59.4,7.785239,
3565,1132040689466576,59.416666666666664,8.317617,
3566,1132040704828104,59.43333333333333,7.62075,
3567,1132040720784770,59.449999999999996,7.878631,
3568,1132040736255340,59.46666666666667,7.311259,
3569,1132040752415884,59.483333333333334,7.92796,
3570,1132040767554054,59.5,7.448772,
3571,1132040783421190,59.516666666666666,7.743959,
3572,1132040798690664,59.53333333333333,7.421998,
3573,1132040814482417,59.55,7.420674,
3574,1132040830116828,59.56666666666666,7.38324,
3575,1132040846071786,59.583333333333336,7.33672,
3576,1132040862402982,59.6,8.566541,
3577,1132040878040391,59.61666666666667,7.45301,
3578,1132040893565922,59.63333333333333,7.408126,
3579,1132040909106225,59.65,7.519383,
3580,1132040925031229,59.666666666666664,7.77674,
3581,1132040940482325,59.68333333333333,7.557252,
3582,1132040956374504,59.699999999999996,7.735271,
3583,1132040972028176,59.71666666666667,7.547353,
3584,1132040988038699,59.733333333333334,7.817021,
3585,1132041003960162,59.75,7.841332,
3586,1132041019464649,59.766666666666666,7.377513,
3587,1132041035067448,59.78333333333333,7.468661,
3588,1132041051249535,59.8,8.022252,
3589,1132041066986989,59.81666666666666,7.625466,
3590,1132041082754957,59.833333333333336,7.545418,
3591,1132041098439536,59.85,7.470961,
3592,1132041113895203,59.86666666666667,7.822823,
3593,1132041129765215,59.88333333333333,7.693881,
3594,1132041145676441,59.9,7.637414,
3595,1132041161348417,59.916666666666664,7.413685,
3596,1132041177443381,59.93333333333333,7.408812,
3597,1132041193039327,59.949999999999996,7.551873,
3598,1132041208775744,59.96666666666667,7.556437,
3599,1132041224421280,59.983333333333334,7.467963,
3600,1132041240624513,60.0,7.605177,
3601,1132041256745947,60.016666666666666,7.681079,
3602,1132041272421069,60.03333333333333,7.620399,
3603,1132041288210394,60.05,8.371133,
3604,1132041303896395,60.06666666666666,7.812501,
3605,1132041319049114,60.083333333333336,7.480504,
3606,1132041334441721,60.1,7.347858,
3607,1132041350825554,60.11666666666667,8.049962,
3608,1132041366480080,60.13333333333333,7.455709,
3609,1132041381655102,60.15,7.075737,
3610,1132041397319992,60.166666666666664,7.42454,
3611,1132041413398463,60.18333333333333,7.985415,
3612,1132041428906335,60.199999999999996,7.449026,
3613,1132041444445752,60.21666666666667,7.352145,
3614,1132041460138714,60.233333333333334,7.424244,
3615,1132041475640327,60.25,7.524612,
3616,1132041491491587,60.266666666666666,7.41819,
3617,1132041507600114,60.28333333333333,7.866373,
3618,1132041522424969,60.3,7.376129,
3619,1132041538977471,60.31666666666666,7.814295,
3620,1132041554538389,60.333333333333336,7.418699,
3621,1132041570125146,60.35,7.474711,
3622,1132041586096866,60.36666666666667,7.897396,
3623,1132041601675459,60.38333333333333,7.509871,
3624,1132041617538464,60.4,7.472234,
3625,1132041633473381,60.416666666666664,7.682273,
3626,1132041648663819,60.43333333333333,7.840169,
3627,1132041664586575,60.449999999999996,7.750061,
3628,1132041680547149,60.46666666666667,7.690494,
3629,1132041695759665,60.483333333333334,7.425975,
3630,1132041711970922,60.5,8.097661,
3631,1132041727326258,60.516666666666666,7.556741,
3632,1132041742952022,60.53333333333333,7.539948,
3633,1132041758451842,60.55,7.423832,
3634,1132041774466350,60.56666666666666,7.467945,
3635,1132041790029860,60.583333333333336,7.476862,
3636,1132041805953854,60.6,7.794606,
3637,1132041821415801,60.61666666666667,7.656126,
3638,1132041837716543,60.63333333333333,7.767141,
3639,1132041853047856,60.65,7.467446,
3640,1132041869605246,60.666666666666664,7.424786,
3641,1132041885152456,60.68333333333333,7.488205,
3642,1132041900752239,60.699999999999996,7.444128,
3643,1132041916362682,60.71666666666667,7.543277,
3644,1132041932258743,60.733333333333334,7.777857,
3645,1132041948160674,60.75,7.934707,
3646,1132041963699372,60.766666666666666,7.507224,
3647,1132041978887464,60.78333333333333,7.458432,
3648,1132041994494836,60.8,7.538535,
3649,1132042010556271,60.81666666666666,8.015881,
3650,1132042026169538,60.833333333333336,7.559009,
3651,1132042041761284,60.85,7.519089,
3652,1132042057296375,60.86666666666667,7.487492,
3653,1132042072984148,60.88333333333333,7.648425,
3654,1132042088604144,60.9,7.480178,
3655,1132042104180697,60.916666666666664,7.455808,
3656,1132042119973259,60.93333333333333,7.321944,
3657,1132042136008399,60.949999999999996,7.366201,
3658,1132042151248230,60.96666666666667,7.10914,
3659,1132042166776351,60.983333333333334,7.412495,
3660,1132042181985191,61.0,7.063354,
3661,1132042198142064,61.016666666666666,7.372033,
3662,1132042213674784,61.03333333333333,7.316231,
3663,1132042229141812,61.05,7.357661,
3664,1132042244764014,61.06666666666666,7.431703,
3665,1132042260459919,61.083333333333336,7.492181,
3666,1132042276149045,61.1,7.603882,
3667,1132042291695005,61.11666666666667,7.471195,
3668,1132042307788844,61.13333333333333,7.925344,
3669,1132042323341293,61.15,7.509038,
3670,1132042338954104,61.166666666666664,7.552276,
3671,1132042354478168,61.18333333333333,7.498786,
3672,1132042370755676,61.199999999999996,8.0712,
3673,1132042386441785,61.21666666666667,7.56319,
3674,1132042402017395,61.233333333333334,7.441699,
3675,1132042418063977,61.25,7.892657,
3676,1132042434021423,61.266666666666666,8.145398,
3677,1132042449564520,61.28333333333333,7.554301,
3678,1132042465084609,61.3,7.458987,
3679,1132042480632096,61.31666666666666,7.417718,
3680,1132042496921075,61.333333333333336,7.601155,
3681,1132042512548798,61.35,7.416259,
3682,1132042528024681,61.36666666666667,7.382523,
3683,1132042543701195,61.38333333333333,7.439382,
3684,1132042560042987,61.4,7.634337,
3685,1132042575268659,61.416666666666664,7.349426,
3686,1132042590783031,61.43333333333333,7.383184,
3687,1132042606343767,61.449999999999996,7.395142,
3688,1132042622251242,61.46666666666667,7.499929,
3689,1132042637853079,61.483333333333334,7.448277,
3690,1132042653719541,61.5,7.693573,
3691,1132042670149686,61.516666666666666,8.254777,
3692,1132042685528988,61.53333333333333,7.392779,
3693,1132042701520198,61.55,7.817839,
3694,1132042716828204,61.56666666666666,7.317064,
3695,1132042733031674,61.583333333333336,8.156672,
3696,1132042748329973,61.6,7.312291,
3697,1132042763976021,61.61666666666667,7.414182,
3698,1132042779634448,61.63333333333333,7.433435,
3699,1132042795621568,61.65,7.43905,
3700,1132042811746398,61.666666666666664,7.759542,
3701,1132042827052514,61.68333333333333,7.462274,
3702,1132042842510911,61.699999999999996,7.367997,
3703,1132042858761780,61.71666666666667,7.506366,
3704,1132042875098543,61.733333333333334,7.49674,
3705,1132042890557282,61.75,7.42131,
3706,1132042906425948,61.766666666666666,7.755074,
3707,1132042921898103,61.78333333333333,7.336261,
3708,1132042937468298,61.8,7.394611,
3709,1132042953182995,61.81666666666666,7.594894,
3710,1132042969151780,61.833333333333336,7.892367,
3711,1132042984719130,61.85,7.399491,
3712,1132043000219348,61.86666666666667,7.383437,
3713,1132043015834039,61.88333333333333,7.436205,
3714,1132043032057779,61.9,8.141303,
3715,1132043047568801,61.916666666666664,7.485293,
3716,1132043063024711,61.93333333333333,7.33881,
3717,1132043078222294,61.949999999999996,7.046053,
3718,1132043093937386,61.96666666666667,7.067775,
3719,1132043109414564,61.983333333333334,7.335634,
3720,1132043124685348,62.0,7.111252,
3721,1132043140294289,62.016666666666666,7.53332,
3722,1132043156332633,62.03333333333333,7.461078,
3723,1132043171946936,62.05,7.434066,
3724,1132043187400491,62.06666666666666,7.409515,
3725,1132043203073143,62.083333333333336,7.496665,
3726,1132043219381870,62.1,7.553182,
3727,1132043234996552,62.11666666666667,7.447694,
3728,1132043250639043,62.13333333333333,7.501684,
3729,1132043266256190,62.15,7.529685,
3730,1132043281613626,62.166666666666664,7.314007,
3731,1132043297367354,62.18333333333333,7.604424,
3732,1132043312939261,62.199999999999996,7.523151,
3733,1132043329019284,62.21666666666667,7.995613,
3734,1132043344867197,62.233333333333334,7.81543,
3735,1132043360119661,62.25,7.598497,
3736,1132043375494239,62.266666666666666,7.532123,
3737,1132043391568876,62.28333333333333,7.990833,
3738,1132043407282006,62.3,7.528204,
3739,1132043423008071,62.31666666666666,7.62508,
3740,1132043438531714,62.333333333333336,7.44785,
3741,1132043454314843,62.35,7.697909,
3742,1132043469965520,62.36666666666667,7.435347,
3743,1132043485547872,62.38333333333333,7.445002,
3744,1132043500920171,62.4,7.468189,
3745,1132043516969974,62.416666666666664,7.505973,
3746,1132043532583249,62.43333333333333,7.44784,
3747,1132043548622966,62.449999999999996,7.889472,
3748,1132043563851576,62.46666666666667,7.418821,
3749,1132043579843059,62.483333333333334,7.504306,
3750,1132043595437745,62.5,7.49774,
3751,1132043611254397,62.516666666666666,7.736158,
3752,1132043627315271,62.53333333333333,7.941933,
3753,1132043642885872,62.55,7.498028,
3754,1132043658374807,62.56666666666666,7.418965,
3755,1132043674018365,62.583333333333336,7.478336,
3756,1132043690259330,62.6,8.086557,
3757,1132043705829993,62.61666666666667,7.46638,
3758,1132043721512356,62.63333333333333,7.468237,
3759,1132043737184110,62.65,7.508936,
3760,1132043753142909,62.666666666666664,7.736557,
3761,1132043768793199,62.68333333333333,7.507165,
3762,1132043784458428,62.699999999999996,7.503968,
3763,1132043800095617,62.71666666666667,7.454165,
3764,1132043816642260,62.733333333333334,7.53632,
3765,1132043832206131,62.75,7.457228,
3766,1132043847805405,62.766666666666666,7.376929,
3767,1132043864552596,62.78333333333333,7.420927,
3768,1132043880281097,62.8,7.415876,
3769,1132043895801998,62.81666666666666,7.442812,
3770,1132043911359814,62.833333333333336,7.458556,
3771,1132043927434049,62.85,7.893824,
3772,1132043943090636,62.86666666666667,7.463761,
3773,1132043958659046,62.88333333333333,7.510475,
3774,1132043974232568,62.9,7.485811,
3775,1132043990370501,62.916666666666664,8.053757,
3776,1132044005776418,62.93333333333333,7.352394,
3777,1132044021412799,62.949999999999996,7.502323,
3778,1132044035484905,62.96666666666667,5.90727,
3779,1132044042864182,62.983333333333334,5.390096,
3780,1132044050833150,63.0,6.005972,
3781,1132044057741287,63.016666666666666,4.969557,
3782,1132044064782658,63.03333333333333,5.067739,
3783,1132044071930896,63.05,5.143795,
3784,1132044078947194,63.06666666666666,5.079571,
3785,1132044086144674,63.083333333333336,5.210543,
3786,1132044093255813,63.1,5.131184,
3787,1132044100289584,63.11666666666667,5.086623,
3788,1132044107888617,63.13333333333333,5.627783,
3789,1132044115335691,63.15,5.367282,
3790,1132044122352886,63.166666666666664,5.054813,
3791,1132044129320990,63.18333333333333,4.997241,
3792,1132044136461813,63.199999999999996,5.155073,
3793,1132044143607686,63.21666666666667,5.157131,
3794,1132044150670067,63.233333333333334,5.079395,
3795,1132044157657592,63.25,5.008545,
3796,1132044164654013,63.266666666666666,5.024385,
3797,1132044172091196,63.28333333333333,5.25735,
3798,1132044179168465,63.3,5.119193,
3799,1132044186283310,63.31666666666666,5.118564,
3800,1132044193397661,63.333333333333336,5.129593,
3801,1132044200562616,63.35,5.172298,
3802,1132044207542629,63.36666666666667,5.004523,
3803,1132044214543644,63.38333333333333,4.984547,
3804,1132044221619337,63.4,5.113995,
3805,1132044229192752,63.416666666666664,5.605796,
3806,1132044236481352,63.43333333333333,5.301357,
3807,1132044243518030,63.449999999999996,5.038517,
3808,1132044250517106,63.46666666666667,5.010863,
3809,1132044257502186,63.483333333333334,4.994811,
3810,1132044264654523,63.5,5.168165,
3811,1132044271715788,63.516666666666666,5.077537,
3812,1132044278773827,63.53333333333333,5.076547,
3813,1132044285767031,63.55,5.044738,
3814,1132044293646149,63.56666666666666,5.401967,
3815,1132044300782560,63.583333333333336,5.132785,
3816,1132044307871563,63.6,5.106903,
3817,1132044314832098,63.61666666666667,4.986079,
3818,1132044321929750,63.63333333333333,5.137503,
3819,1132044328855639,63.65,4.98708,
3820,1132044335855594,63.666666666666664,5.019257,
3821,1132044342961838,63.68333333333333,5.11896,
3822,1132044350500680,63.699999999999996,5.588966,
3823,1132044357735381,63.71666666666667,5.238128,
3824,1132044364682221,63.733333333333334,4.968013,
3825,1132044372116959,63.75,5.479042,
3826,1132044379076630,63.766666666666666,4.872865,
3827,1132044386012625,63.78333333333333,4.844912,
3828,1132044393052213,63.8,4.881788,
3829,1132044400044741,63.81666666666666,4.902703,
3830,1132044407652972,63.833333333333336,5.523162,
3831,1132044415157368,63.85,5.471437,
3832,1132044422242980,63.86666666666667,5.094609,
3833,1132044429318066,63.88333333333333,5.090022,
3834,1132044436332123,63.9,5.027326,
3835,1132044443399789,63.916666666666664,5.08321,
3836,1132044450518349,63.93333333333333,5.159526,
3837,1132044457551572,63.949999999999996,5.050144,
3838,1132044464642426,63.96666666666667,5.107005,
3839,1132044471919268,63.983333333333334,5.304279,
3840,1132044479204817,64.0,5.014547,
3841,1132044486274231,64.01666666666667,5.094553,
3842,1132044493299266,64.03333333333333,5.038762,
3843,1132044500335302,64.05,5.073801,
3844,1132044507401050,64.06666666666666,5.076218,
3845,1132044514549197,64.08333333333333,5.1678,
3846,1132044521621164,64.1,5.094854,
3847,1132044529118869,64.11666666666666,5.51248,
3848,1132044536476200,64.13333333333333,5.354438,
3849,1132044543460121,64.15,5.023809,
3850,1132044550498614,64.16666666666667,5.050262,
3851,1132044557579118,64.18333333333334,5.079239,
3852,1132044564672765,64.2,5.112055,
