step,host_monotonic_ns,sim_time,step_wall_ms,render_interval_ms
1,1131984043530957,0.016666666666666666,6.645996,
2,1131984051874557,0.03333333333333333,6.059964,
3,1131984060038809,0.05,5.44349,
4,1131984067336153,0.06666666666666667,5.115313,
5,1131984074782438,0.08333333333333333,5.361653,
6,1131984081980078,0.1,5.14141,
7,1131984089497648,0.11666666666666667,5.468011,
8,1131984096913681,0.13333333333333333,5.358044,
9,1131984104340266,0.15,5.41234,
10,1131984111896727,0.16666666666666666,5.524834,
11,1131984119222334,0.18333333333333332,5.285765,
12,1131984126427388,0.2,5.176175,
13,1131984133515818,0.21666666666666667,5.080697,
14,1131984140645089,0.23333333333333334,5.119208,
15,1131984147887683,0.25,5.200397,
16,1131984155282839,0.26666666666666666,5.3825,
17,1131984162527575,0.2833333333333333,5.245282,
18,1131984170627229,0.3,6.057289,
19,1131984177981177,0.31666666666666665,5.290994,
20,1131984185299692,0.3333333333333333,5.310825,
21,1131984192532291,0.35,5.218609,
22,1131984199754988,0.36666666666666664,5.216686,
23,1131984206986859,0.3833333333333333,5.201329,
24,1131984214077906,0.4,5.088827,
25,1131984221372940,0.4166666666666667,5.292933,
26,1131984229249890,0.43333333333333335,5.787259,
27,1131984236487004,0.45,5.221357,
28,1131984243586278,0.4666666666666667,5.08641,
29,1131984250812132,0.48333333333333334,5.195943,
30,1131984258296711,0.5,5.497257,
31,1131984265461126,0.5166666666666666,5.170943,
32,1131984272553050,0.5333333333333333,5.086776,
33,1131984279707512,0.55,5.117764,
34,1131984287241032,0.5666666666666667,5.510742,
35,1131984294611106,0.5833333333333334,5.350639,
36,1131984301758295,0.6,5.134452,
37,1131984308990862,0.6166666666666667,5.10657,
38,1131984316241545,0.6333333333333333,5.227484,
39,1131984323470785,0.65,5.223142,
40,1131984330741249,0.6666666666666666,5.164375,
41,1131984337879505,0.6833333333333333,5.112411,
42,1131984345034678,0.7,5.178293,
43,1131984352556857,0.7166666666666667,5.507615,
44,1131984359740399,0.7333333333333333,5.168552,
45,1131984366959317,0.75,5.166406,
46,1131984374243298,0.7666666666666666,5.285957,
47,1131984381491223,0.7833333333333333,5.218628,
48,1131984388639006,0.8,5.120489,
49,1131984395690980,0.8166666666666667,5.066319,
50,1131984402887331,0.8333333333333334,5.19092,
51,1131984410812333,0.85,5.791697,
52,1131984418051658,0.8666666666666667,5.231105,
53,1131984425387963,0.8833333333333333,5.289152,
54,1131984432555866,0.9,5.158907,
55,1131984439683575,0.9166666666666666,5.085397,
56,1131984446764275,0.9333333333333333,5.018826,
57,1131984454062533,0.95,5.2958,
58,1131984461279920,0.9666666666666667,5.195576,
59,1131984468929631,0.9833333333333333,5.633648,
60,1131984476592787,1.0,5.471,
61,1131984483780600,1.0166666666666666,5.188701,
62,1131984491241514,1.0333333333333332,5.413622,
63,1131984498716246,1.05,5.212617,
64,1131984505819182,1.0666666666666667,5.090696,
65,1131984512948495,1.0833333333333333,5.113217,
66,1131984520163605,1.1,5.189865,
67,1131984527771041,1.1166666666666667,5.589972,
68,1131984535449007,1.1333333333333333,5.639347,
69,1131984542924744,1.15,5.462493,
70,1131984550129092,1.1666666666666667,5.18569,
71,1131984557355149,1.1833333333333333,5.196736,
72,1131984564920954,1.2,5.552772,
73,1131984572331624,1.2166666666666666,5.291747,
74,1131984580842108,1.2333333333333334,6.223894,
75,1131984597074276,1.25,7.635311,
76,1131984612869106,1.2666666666666666,7.610302,
77,1131984628614276,1.2833333333333332,7.581494,
78,1131984643897611,1.3,7.5541,
79,1131984660470742,1.3166666666666667,7.852735,
80,1131984675713107,1.3333333333333333,7.647249,
81,1131984691607152,1.35,7.529592,
82,1131984708148704,1.3666666666666667,8.324566,
83,1131984723829178,1.3833333333333333,7.869669,
84,1131984739694402,1.4,7.970549,
85,1131984755067514,1.4166666666666667,7.498127,
86,1131984771207278,1.4333333333333333,7.935901,
87,1131984786874436,1.45,7.950183,
88,1131984802411626,1.4666666666666666,7.603899,
89,1131984818308229,1.4833333333333334,7.691198,
90,1131984834412374,1.5,7.831237,
91,1131984849410543,1.5166666666666666,7.431776,
92,1131984865303060,1.5333333333333332,7.674909,
93,1131984881021943,1.55,7.541929,
94,1131984897263908,1.5666666666666667,7.602196,
95,1131984912984124,1.5833333333333333,7.594791,
96,1131984928635719,1.6,7.569233,
97,1131984944843482,1.6166666666666667,7.900886,
98,1131984960745440,1.6333333333333333,7.591722,
99,1131984976298371,1.65,7.545154,
100,1131984992128613,1.6666666666666667,7.622955,
101,1131985008059992,1.6833333333333333,8.10083,
102,1131985023901343,1.7,7.600211,
103,1131985039686344,1.7166666666666666,7.616839,
104,1131985055146674,1.7333333333333334,7.540208,
105,1131985071900711,1.75,8.280521,
106,1131985087984596,1.7666666666666666,7.959106,
107,1131985103336325,1.7833333333333332,7.517133,
108,1131985119032208,1.8,7.662755,
109,1131985135126219,1.8166666666666667,7.630913,
110,1131985150931326,1.8333333333333333,7.742117,
111,1131985166638288,1.8499999999999999,7.560904,
112,1131985182567905,1.8666666666666667,7.844295,
113,1131985198520123,1.8833333333333333,7.814626,
114,1131985213936508,1.9,7.559842,
115,1131985229411480,1.9166666666666667,7.476047,
116,1131985245163056,1.9333333333333333,7.615861,
117,1131985260595049,1.95,7.635356,
118,1131985276181598,1.9666666666666666,7.49626,
119,1131985291884617,1.9833333333333334,7.662759,
120,1131985308082101,2.0,8.10946,
121,1131985323722931,2.0166666666666666,7.536553,
122,1131985339318819,2.033333333333333,7.521289,
123,1131985355227041,2.05,7.594838,
124,1131985371323710,2.0666666666666664,8.007664,
125,1131985386973659,2.0833333333333335,7.404289,
126,1131985402972203,2.1,7.874535,
127,1131985418776520,2.1166666666666667,7.546966,
128,1131985435021293,2.1333333333333333,7.652329,
129,1131985450192014,2.15,7.575389,
130,1131985465559822,2.1666666666666665,7.2487,
131,1131985473365155,2.183333333333333,5.789776,
132,1131985489510928,2.2,7.934183,
133,1131985505028728,2.216666666666667,7.361309,
134,1131985520543916,2.2333333333333334,7.36562,
135,1131985536438108,2.25,7.537259,
136,1131985552636148,2.2666666666666666,8.045463,
137,1131985568573875,2.283333333333333,7.466843,
138,1131985583914380,2.3,7.476378,
139,1131985599547153,2.3166666666666664,7.556889,
140,1131985615340196,2.3333333333333335,7.357685,
141,1131985631128397,2.35,7.548386,
142,1131985647111192,2.3666666666666667,7.794654,
143,1131985662898990,2.3833333333333333,7.640551,
144,1131985679008976,2.4,7.576803,
145,1131985694852919,2.4166666666666665,7.755823,
146,1131985710435006,2.433333333333333,7.447694,
147,1131985725708312,2.45,7.397533,
148,1131985741535117,2.466666666666667,7.394715,
149,1131985757382071,2.4833333333333334,7.343607,
150,1131985773022471,2.5,7.426077,
151,1131985789114782,2.5166666666666666,7.967875,
152,1131985805144905,2.533333333333333,7.839281,
153,1131985820620863,2.55,7.422504,
154,1131985835885509,2.5666666666666664,7.646133,
155,1131985852152646,2.5833333333333335,8.033847,
156,1131985869403395,2.6,7.550815,
157,1131985885081007,2.6166666666666667,7.491281,
158,1131985900712492,2.6333333333333333,7.480297,
159,1131985916951529,2.65,7.508152,
160,1131985932548848,2.6666666666666665,7.458969,
161,1131985948246825,2.683333333333333,7.482978,
162,1131985963615227,2.7,7.518309,
163,1131985979713860,2.716666666666667,7.417208,
164,1131985995371668,2.7333333333333334,7.541994,
165,1131986011398853,2.75,7.786867,
166,1131986027159130,2.7666666666666666,7.603563,
167,1131986043072587,2.783333333333333,7.541049,
168,1131986059077226,2.8,7.907906,
169,1131986074665075,2.8166666666666664,7.556438,
170,1131986090996087,2.8333333333333335,7.90822,
171,1131986106708077,2.85,7.46982,
172,1131986122573723,2.8666666666666667,7.714719,
173,1131986138695967,2.8833333333333333,7.633697,
174,1131986154893860,2.9,7.794819,
175,1131986170580593,2.9166666666666665,7.844137,
176,1131986185747946,2.933333333333333,7.621073,
177,1131986201405682,2.95,7.595133,
178,1131986217512101,2.966666666666667,7.490464,
179,1131986233443945,2.9833333333333334,7.898762,
180,1131986248565461,3.0,7.527775,
181,1131986264102206,3.0166666666666666,7.490479,
182,1131986279835679,3.033333333333333,7.557856,
183,1131986295710562,3.05,7.415227,
184,1131986311668138,3.0666666666666664,7.589639,
185,1131986326419934,3.0833333333333335,6.681794,
186,1131986342566960,3.1,7.466846,
187,1131986358181669,3.1166666666666667,7.494275,
188,1131986374177736,3.1333333333333333,7.613571,
189,1131986390332569,3.15,7.975556,
190,1131986405918517,3.1666666666666665,7.731352,
191,1131986421804222,3.183333333333333,7.583978,
192,1131986437429425,3.2,7.451369,
193,1131986453785765,3.216666666666667,7.789851,
194,1131986469513172,3.2333333333333334,7.49656,
195,1131986484930475,3.25,7.351551,
196,1131986500363748,3.2666666666666666,7.723473,
197,1131986516934168,3.283333333333333,7.592497,
198,1131986532557435,3.3,7.470848,
199,1131986548468075,3.3166666666666664,7.73269,
200,1131986563848160,3.3333333333333335,7.465053,
201,1131986580285121,3.35,7.759521,
202,1131986596147708,3.3666666666666667,7.622735,
203,1131986611189473,3.3833333333333333,7.582198,
204,1131986627436051,3.4,8.074625,
205,1131986643026164,3.4166666666666665,7.42769,
206,1131986658490814,3.433333333333333,7.572382,
207,1131986674505066,3.4499999999999997,7.598508,
208,1131986690344808,3.466666666666667,7.735068,
209,1131986705986258,3.4833333333333334,7.439368,
210,1131986721940518,3.5,7.478706,
211,1131986738137679,3.5166666666666666,7.796103,
212,1131986754781359,3.533333333333333,7.766599,
213,1131986769500484,3.55,7.519734,
214,1131986785177024,3.5666666666666664,7.566862,
215,1131986800221286,3.5833333333333335,7.483869,
216,1131986816025468,3.6,7.730438,
217,1131986831710356,3.6166666666666667,7.584206,
218,1131986847830106,3.6333333333333333,7.712897,
219,1131986864854512,3.65,8.879271,
220,1131986880560281,3.6666666666666665,7.493994,
221,1131986896099453,3.683333333333333,7.440531,
222,1131986911544208,3.6999999999999997,7.354742,
223,1131986927590065,3.716666666666667,7.903981,
224,1131986942836933,3.7333333333333334,7.467508,
225,1131986959204957,3.75,8.174544,
226,1131986974751703,3.7666666666666666,7.478621,
227,1131986990879522,3.783333333333333,7.938075,
228,1131987006462232,3.8,7.430394,
229,1131987022464729,3.8166666666666664,7.93659,
230,1131987037785926,3.8333333333333335,7.843459,
231,1131987053433620,3.85,7.788873,
232,1131987069481766,3.8666666666666667,7.846554,
233,1131987084844491,3.8833333333333333,7.530258,
234,1131987100454988,3.9,7.525767,
235,1131987116479626,3.9166666666666665,7.569008,
236,1131987132375766,3.933333333333333,7.829625,
237,1131987147664282,3.9499999999999997,7.467247,
238,1131987163465390,3.966666666666667,7.646956,
239,1131987179242974,3.9833333333333334,7.714028,
240,1131987194842437,4.0,7.471785,
241,1131987210474268,4.016666666666667,7.432296,
242,1131987226135585,4.033333333333333,7.820567,
243,1131987241738174,4.05,7.499992,
244,1131987257304178,4.066666666666666,7.41417,
245,1131987272871369,4.083333333333333,7.402709,
246,1131987288914027,4.1,7.900117,
247,1131987304553482,4.116666666666666,7.53653,
248,1131987320189585,4.133333333333333,7.531131,
249,1131987335779327,4.15,7.519817,
250,1131987351820297,4.166666666666667,7.938818,
251,1131987367428215,4.183333333333334,7.412346,
252,1131987382964095,4.2,7.40933,
253,1131987398460299,4.216666666666667,7.41153,
254,1131987414291723,4.233333333333333,7.483925,
255,1131987429906251,4.25,7.840165,
256,1131987445547318,4.266666666666667,7.409308,
257,1131987461115328,4.283333333333333,7.511623,
258,1131987476988554,4.3,7.555885,
259,1131987492557049,4.316666666666666,7.467537,
260,1131987508450248,4.333333333333333,7.547798,
261,1131987524034169,4.35,7.545244,
262,1131987540075752,4.366666666666666,7.588769,
263,1131987555501197,4.383333333333333,7.503942,
264,1131987571094647,4.4,7.556866,
265,1131987587218266,4.416666666666667,8.133958,
266,1131987603156275,4.433333333333334,7.856476,
267,1131987618871433,4.45,7.506474,
268,1131987634585905,4.466666666666667,7.533144,
269,1131987650693384,4.483333333333333,7.978283,
270,1131987666346778,4.5,7.48537,
271,1131987682215164,4.516666666666667,7.663815,
272,1131987697716379,4.533333333333333,8.012772,
273,1131987713568134,4.55,7.665165,
274,1131987729530797,4.566666666666666,7.613517,
275,1131987745382363,4.583333333333333,7.669411,
276,1131987760910579,4.6,7.541714,
277,1131987777428146,4.616666666666666,7.880396,
278,1131987792842868,4.633333333333333,7.605242,
279,1131987808217856,4.65,7.491748,
280,1131987823723359,4.666666666666667,7.460837,
281,1131987839847960,4.683333333333334,7.626564,
282,1131987855460989,4.7,7.407707,
283,1131987872134659,4.716666666666667,7.412255,
284,1131987888065481,4.733333333333333,7.803025,
285,1131987903671614,4.75,7.518772,
286,1131987919243689,4.766666666666667,7.475405,
287,1131987934927486,4.783333333333333,7.504751,
288,1131987951222186,4.8,7.990925,
289,1131987966759615,4.816666666666666,7.423692,
290,1131987982474629,4.833333333333333,7.518047,
291,1131987998242923,4.85,7.674695,
292,1131988013872134,4.866666666666666,7.430118,
293,1131988029462499,4.883333333333333,7.486612,
294,1131988045449513,4.9,7.799882,
295,1131988060975065,4.916666666666667,7.4626,
296,1131988077269646,4.933333333333334,7.798331,
297,1131988092581062,4.95,7.465026,
298,1131988108233484,4.966666666666667,7.572101,
299,1131988123909094,4.983333333333333,7.470959,
300,1131988140093847,5.0,7.55407,
301,1131988155593489,5.016666666666667,7.409667,
302,1131988171394293,5.033333333333333,7.661905,
303,1131988187336721,5.05,7.91689,
304,1131988202851180,5.066666666666666,7.659331,
305,1131988218890895,5.083333333333333,7.861089,
306,1131988234034721,5.1,7.348202,
307,1131988249908902,5.116666666666666,7.980774,
308,1131988265502375,5.133333333333333,7.405455,
309,1131988281190265,5.15,7.487285,
310,1131988296860503,5.166666666666667,7.529903,
311,1131988312729596,5.183333333333334,7.81018,
312,1131988328512872,5.2,7.571439,
313,1131988344184764,5.216666666666667,7.823405,
314,1131988359815802,5.233333333333333,7.533017,
315,1131988375892728,5.25,7.515348,
316,1131988391899912,5.266666666666667,7.883987,
317,1131988407265944,5.283333333333333,7.45161,
318,1131988422963645,5.3,7.567218,
319,1131988439197271,5.316666666666666,7.561086,
320,1131988454456349,5.333333333333333,7.483424,
321,1131988469990204,5.35,7.515584,
322,1131988494119273,5.366666666666666,7.769447,
323,1131988509863719,5.383333333333333,7.59901,
324,1131988525609691,5.4,7.53782,
325,1131988541559200,5.416666666666667,7.796913,
326,1131988557249497,5.433333333333334,7.493624,
327,1131988572869135,5.45,7.538217,
328,1131988588348172,5.466666666666667,7.563989,
329,1131988603964926,5.483333333333333,7.556583,
330,1131988620122026,5.5,7.557549,
331,1131988635767717,5.516666666666667,7.563873,
332,1131988651550653,5.533333333333333,7.43665,
333,1131988667568686,5.55,7.871922,
334,1131988683331523,5.566666666666666,7.551677,
335,1131988698897480,5.583333333333333,7.436782,
336,1131988714110869,5.6,7.011071,
337,1131988722023841,5.616666666666666,5.900055,
338,1131988738259771,5.633333333333333,7.568247,
339,1131988753969057,5.65,7.697512,
340,1131988769879633,5.666666666666667,7.837139,
341,1131988785871665,5.683333333333334,7.845104,
342,1131988801910095,5.7,7.508444,
343,1131988817498708,5.716666666666667,7.45782,
344,1131988833437090,5.733333333333333,7.771555,
345,1131988849389957,5.75,7.798278,
346,1131988865592020,5.766666666666667,7.438258,
347,1131988881035988,5.783333333333333,7.529621,
348,1131988896650641,5.8,7.500396,
349,1131988912551986,5.816666666666666,7.716027,
350,1131988928646045,5.833333333333333,7.872845,
351,1131988944323331,5.85,7.818791,
352,1131988959968666,5.866666666666666,7.748336,
353,1131988976269518,5.883333333333333,7.734633,
354,1131988991404066,5.9,7.507229,
355,1131989007227649,5.916666666666667,7.747567,
356,1131989023016302,5.933333333333334,7.581256,
357,1131989039363558,5.95,7.788061,
358,1131989054764563,5.966666666666667,7.519208,
359,1131989070568626,5.983333333333333,7.59782,
360,1131989086563380,6.0,7.894441,
361,1131989102609301,6.016666666666667,7.565672,
362,1131989118337003,6.033333333333333,7.454774,
363,1131989133919669,6.05,7.440182,
364,1131989149521922,6.066666666666666,7.468184,
365,1131989165670995,6.083333333333333,7.50809,
366,1131989181118874,6.1,7.427836,
367,1131989196686752,6.116666666666666,7.410921,
368,1131989212894110,6.133333333333333,8.0682,
369,1131989228496537,6.15,7.531119,
370,1131989244109142,6.166666666666667,7.588521,
371,1131989259727551,6.183333333333334,7.537643,
372,1131989275533324,6.2,7.657463,
373,1131989291513920,6.216666666666667,7.792215,
374,1131989306754521,6.233333333333333,7.793353,
375,1131989322204312,6.25,7.56167,
376,1131989338396051,6.266666666666667,7.570223,
377,1131989353955622,6.283333333333333,7.451101,
378,1131989370050888,6.3,7.79583,
379,1131989385082544,6.316666666666666,7.469303,
380,1131989400675250,6.333333333333333,7.532228,
381,1131989416584834,6.35,7.500928,
382,1131989432307574,6.366666666666666,7.550299,
383,1131989448316932,6.383333333333333,7.793916,
384,1131989463686851,6.4,7.51602,
385,1131989479553520,6.416666666666667,7.432859,
386,1131989495345280,6.433333333333334,7.483527,
387,1131989511315777,6.45,7.721012,
388,1131989527525943,6.466666666666667,7.490466,
389,1131989543196225,6.483333333333333,7.48589,
390,1131989559268267,6.5,7.890463,
391,1131989575272099,6.516666666666667,7.421502,
392,1131989591022445,6.533333333333333,7.586222,
393,1131989606605815,6.55,7.375778,
394,1131989622259583,6.566666666666666,7.459818,
395,1131989638748856,6.583333333333333,7.81816,
396,1131989654637867,6.6,7.787611,
397,1131989670575011,6.616666666666666,7.796939,
398,1131989685417904,6.633333333333333,7.564675,
399,1131989701343840,6.6499999999999995,7.569661,
400,1131989716960906,6.666666666666667,7.659416,
401,1131989732645235,6.683333333333334,7.541286,
402,1131989748932850,6.7,7.901381,
403,1131989764669241,6.716666666666667,7.515177,
404,1131989780650136,6.733333333333333,7.848226,
405,1131989796250184,6.75,7.52363,
406,1131989812834197,6.766666666666667,8.238086,
407,1131989828424061,6.783333333333333,7.510299,
408,1131989844075399,6.8,7.471984,
409,1131989859802545,6.816666666666666,7.531863,
410,1131989875391893,6.833333333333333,7.174724,
411,1131989890905006,6.85,7.377576,
412,1131989906503126,6.866666666666666,7.537386,
413,1131989922400948,6.883333333333333,7.792116,
414,1131989938426444,6.8999999999999995,7.522808,
415,1131989953996599,6.916666666666667,7.414631,
416,1131989969551054,6.933333333333334,7.332196,
417,1131989985149444,6.95,7.347961,
418,1131990001097636,6.966666666666667,7.477245,
419,1131990017057169,6.983333333333333,7.825609,
420,1131990032540176,7.0,7.383275,
421,1131990048141060,7.016666666666667,7.666083,
422,1131990063911373,7.033333333333333,7.648388,
423,1131990079387576,7.05,7.35389,
424,1131990094811051,7.066666666666666,7.371951,
425,1131990110949927,7.083333333333333,7.983019,
426,1131990126599433,7.1,7.567,
427,1131990142305160,7.116666666666666,7.531817,
428,1131990158231805,7.133333333333333,7.868844,
429,1131990173921687,7.1499999999999995,7.857002,
430,1131990189762980,7.166666666666667,7.58092,
431,1131990205428506,7.183333333333334,7.504134,
432,1131990221014161,7.2,7.394883,
433,1131990236680635,7.216666666666667,7.523074,
434,1131990252622629,7.233333333333333,7.706828,
435,1131990268525410,7.25,7.852614,
436,1131990284326736,7.266666666666667,7.607259,
437,1131990300439135,7.283333333333333,7.585519,
438,1131990316322889,7.3,7.776103,
439,1131990331985426,7.316666666666666,7.732705,
440,1131990347624228,7.333333333333333,7.75955,
441,1131990363574952,7.35,7.438175,
442,1131990379306448,7.366666666666666,7.60864,
443,1131990395101523,7.383333333333333,7.588587,
444,1131990411265704,7.3999999999999995,8.071861,
445,1131990426953183,7.416666666666667,7.538323,
446,1131990449830271,7.433333333333334,11.372526,
447,1131990465430857,7.45,7.537374,
448,1131990480993131,7.466666666666667,7.471286,
449,1131990496625712,7.483333333333333,7.516896,
450,1131990512599010,7.5,7.527425,
451,1131990527972225,7.516666666666667,7.822784,
452,1131990543695828,7.533333333333333,7.540304,
453,1131990559781558,7.55,7.920682,
454,1131990575393495,7.566666666666666,7.458684,
455,1131990591651990,7.583333333333333,8.070351,
456,1131990607121155,7.6,7.483495,
457,1131990622125263,7.616666666666666,7.45223,
458,1131990637728445,7.633333333333333,7.52765,
459,1131990654149382,7.6499999999999995,7.639785,
460,1131990670302486,7.666666666666667,7.875606,
461,1131990685787367,7.683333333333334,7.402005,
462,1131990701497639,7.7,7.483891,
463,1131990717760791,7.716666666666667,7.762534,
464,1131990733092509,7.733333333333333,7.498423,
465,1131990748657632,7.75,7.43615,
466,1131990764566342,7.766666666666667,7.792606,
467,1131990780396377,7.783333333333333,7.729194,
468,1131990795728075,7.8,7.503849,
469,1131990811326569,7.816666666666666,7.479323,
470,1131990827674469,7.833333333333333,8.228683,
471,1131990843423576,7.85,7.578493,
472,1131990859472374,7.866666666666666,8.017472,
473,1131990875172112,7.883333333333333,7.563927,
474,1131990891199900,7.8999999999999995,7.992271,
475,1131990906913160,7.916666666666667,7.586441,
476,1131990922821849,7.933333333333334,7.792623,
477,1131990938526086,7.95,7.536746,
478,1131990954068919,7.966666666666667,7.916617,
479,1131990969480266,7.983333333333333,7.519948,
480,1131990985168750,8.0,7.620257,
481,1131991000480953,8.016666666666666,7.456024,
482,1131991016485000,8.033333333333333,7.570047,
483,1131991032095569,8.05,7.489686,
484,1131991047821111,8.066666666666666,7.476924,
485,1131991063472391,8.083333333333334,7.509247,
486,1131991079714646,8.1,7.634104,
487,1131991095717599,8.116666666666667,7.84668,
488,1131991111542930,8.133333333333333,7.559814,
489,1131991126692671,8.15,7.548715,
490,1131991142545199,8.166666666666666,7.433443,
491,1131991158252109,8.183333333333334,7.574469,
492,1131991173951028,8.2,7.522099,
493,1131991190141098,8.216666666666667,8.10677,
494,1131991205831648,8.233333333333333,7.578052,
495,1131991221447560,8.25,7.565905,
496,1131991237315163,8.266666666666666,7.766416,
497,1131991253320002,8.283333333333333,7.988607,
498,1131991268964941,8.3,7.482235,
499,1131991284445510,8.316666666666666,7.497304,
500,1131991300631145,8.333333333333334,7.850325,
501,1131991316906014,8.35,8.128839,
502,1131991332875324,8.366666666666667,7.631395,
503,1131991348020666,8.383333333333333,7.440825,
504,1131991363939745,8.4,7.82467,
505,1131991380488127,8.416666666666666,7.885704,
506,1131991396305909,8.433333333333334,7.455827,
507,1131991411750230,8.45,7.548058,
508,1131991428391895,8.466666666666667,8.169057,
509,1131991444025704,8.483333333333333,7.527651,
510,1131991459981638,8.5,7.494115,
511,1131991475464231,8.516666666666666,7.441045,
512,1131991491589090,8.533333333333333,7.962647,
513,1131991507368407,8.55,7.477963,
514,1131991522925302,8.566666666666666,7.532988,
515,1131991538418558,8.583333333333334,7.302443,
516,1131991554494151,8.6,7.529754,
517,1131991570543947,8.616666666666667,7.854111,
518,1131991586141293,8.633333333333333,7.465404,
519,1131991602217949,8.65,8.014886,
520,1131991618325706,8.666666666666666,7.476747,
521,1131991633759235,8.683333333333334,7.598386,
522,1131991649685402,8.7,7.495004,
523,1131991665250039,8.716666666666667,7.510873,
524,1131991680893818,8.733333333333333,7.583319,
525,1131991696590815,8.75,7.518198,
526,1131991712153157,8.766666666666666,7.407042,
527,1131991728059947,8.783333333333333,7.729955,
528,1131991743795070,8.8,7.511756,
529,1131991759535666,8.816666666666666,7.589176,
530,1131991775235365,8.833333333333334,7.501878,
531,1131991791326466,8.85,7.957307,
532,1131991806874123,8.866666666666667,7.377849,
533,1131991822322809,8.883333333333333,7.35073,
534,1131991837901325,8.9,7.361151,
535,1131991853706307,8.916666666666666,7.654168,
536,1131991871458572,8.933333333333334,7.428771,
537,1131991887116716,8.95,7.569862,
538,1131991903026607,8.966666666666667,7.438925,
539,1131991919259149,8.983333333333333,7.690131,
540,1131991934625240,9.0,7.43704,
541,1131991950648411,9.016666666666666,7.82714,
542,1131991965910422,9.033333333333333,7.41748,
543,1131991981823888,9.05,7.496861,
544,1131991997420471,9.066666666666666,7.415271,
545,1131992013318501,9.083333333333334,7.76448,
546,1131992029044546,9.1,7.880066,
547,1131992044662878,9.116666666666667,7.57322,
548,1131992059931465,9.133333333333333,7.481431,
549,1131992075627925,9.15,7.580337,
550,1131992092013809,9.166666666666666,8.04526,
551,1131992107580487,9.183333333333334,7.458125,
552,1131992123290144,9.2,7.391869,
553,1131992139173531,9.216666666666667,7.745362,
554,1131992155266221,9.233333333333333,7.732115,
555,1131992170850110,9.25,7.538452,
556,1131992186476337,9.266666666666666,7.42268,
557,1131992201942859,9.283333333333333,7.442101,
558,1131992217713761,9.3,7.360534,
559,1131992233252610,9.316666666666666,7.495568,
560,1131992248953583,9.333333333333334,7.370107,
561,1131992264473266,9.35,7.533935,
562,1131992280790644,9.366666666666667,7.770313,
563,1131992296283920,9.383333333333333,7.7625,
564,1131992311476904,9.4,7.477094,
565,1131992327553902,9.416666666666666,8.055912,
566,1131992342776958,9.433333333333334,7.463644,
567,1131992358298581,9.45,7.544868,
568,1131992373996664,9.466666666666667,7.600671,
569,1131992390316006,9.483333333333333,8.110917,
570,1131992406049853,9.5,7.85949,
571,1131992421774287,9.516666666666666,7.588806,
572,1131992437833042,9.533333333333333,7.853402,
573,1131992453524613,9.55,7.823427,
574,1131992469102568,9.566666666666666,7.510581,
575,1131992484625816,9.583333333333334,7.451846,
576,1131992500202991,9.6,7.405992,
577,1131992516122075,9.616666666666667,7.764875,
578,1131992531602544,9.633333333333333,7.583594,
579,1131992547329762,9.65,7.556156,
580,1131992563027454,9.666666666666666,7.570431,
581,1131992579179559,9.683333333333334,7.596425,
582,1131992594686209,9.7,7.374819,
583,1131992610560719,9.716666666666667,7.832462,
584,1131992626103450,9.733333333333333,7.414092,
585,1131992641894575,9.75,7.719334,
586,1131992657803630,9.766666666666666,7.759617,
587,1131992673184070,9.783333333333333,7.654277,
588,1131992689135222,9.8,8.126142,
589,1131992704758536,9.816666666666666,7.766065,
590,1131992720072569,9.833333333333334,7.419024,
591,1131992735980105,9.85,7.755229,
592,1131992751640856,9.866666666666667,7.744345,
593,1131992767395220,9.883333333333333,7.537667,
594,1131992783045042,9.9,7.465949,
595,1131992798746243,9.916666666666666,7.522837,
596,1131992814618665,9.933333333333334,7.359967,
597,1131992830629108,9.95,7.845485,
598,1131992845887048,9.966666666666667,7.528901,
599,1131992861706887,9.983333333333333,7.676075,
600,1131992877464277,10.0,7.520726,
601,1131992893123101,10.016666666666666,7.505787,
602,1131992908828335,10.033333333333333,7.476109,
603,1131992924569629,10.05,7.588047,
604,1131992940727942,10.066666666666666,7.922928,
605,1131992956330780,10.083333333333334,7.8263,
606,1131992972194056,10.1,7.722293,
607,1131992987861643,10.116666666666667,7.821161,
608,1131993003839710,10.133333333333333,7.829108,
609,1131993019268457,10.15,7.534673,
610,1131993035064733,10.166666666666666,7.663346,
611,1131993050348456,10.183333333333334,8.068665,
612,1131993065913616,10.2,7.489361,
613,1131993081511786,10.216666666666667,7.530882,
614,1131993097080262,10.233333333333333,7.490034,
615,1131993112884127,10.25,7.716912,
616,1131993128726360,10.266666666666666,7.767981,
617,1131993144233356,10.283333333333333,7.585009,
618,1131993159796237,10.3,7.469426,
619,1131993175811046,10.316666666666666,7.495006,
620,1131993191741225,10.333333333333334,7.478117,
621,1131993207554476,10.35,7.559045,
622,1131993223114162,10.366666666666667,7.469233,
623,1131993239247804,10.383333333333333,7.548791,
624,1131993255280366,10.4,7.921795,
625,1131993270448093,10.416666666666666,7.433068,
626,1131993285875824,10.433333333333334,7.28093,
627,1131993301621360,10.45,7.505943,
628,1131993316958388,10.466666666666667,7.308825,
629,1131993332604665,10.483333333333333,7.396623,
630,1131993348389958,10.5,7.674761,
631,1131993364110180,10.516666666666666,7.626822,
632,1131993380054698,10.533333333333333,7.924506,
633,1131993394932781,10.55,7.482494,
634,1131993411248167,10.566666666666666,7.942587,
635,1131993427067022,10.583333333333334,7.675569,
636,1131993442350665,10.6,7.461652,
637,1131993457886863,10.616666666666667,7.365185,
638,1131993473876308,10.633333333333333,7.51179,
639,1131993489495414,10.65,7.500905,
640,1131993505155118,10.666666666666666,7.477235,
641,1131993520787627,10.683333333333334,7.45234,
642,1131993537149710,10.7,7.813828,
643,1131993552549193,10.716666666666667,7.285891,
644,1131993567955907,10.733333333333333,7.313516,
645,1131993583534422,10.75,7.362509,
646,1131993599969390,10.766666666666666,7.738657,
647,1131993615834227,10.783333333333333,7.772931,
648,1131993631537336,10.8,7.678766,
649,1131993647228276,10.816666666666666,7.992395,
650,1131993663062073,10.833333333333334,7.796703,
651,1131993678571185,10.85,7.825195,
652,1131993693463972,10.866666666666667,7.53496,
653,1131993709548019,10.883333333333333,8.122319,
654,1131993724666963,10.9,7.303735,
655,1131993740596293,10.916666666666666,7.831589,
656,1131993755908093,10.933333333333334,7.301004,
657,1131993771756881,10.95,7.776468,
658,1131993787394070,10.966666666666667,7.533673,
659,1131993802999245,10.983333333333333,7.606936,
660,1131993818734160,11.0,7.823708,
661,1131993834350595,11.016666666666666,7.448706,
662,1131993850209430,11.033333333333333,7.819612,
663,1131993865354512,11.05,7.416786,
664,1131993880893061,11.066666666666666,7.518707,
665,1131993896888324,11.083333333333334,7.453124,
666,1131993912444734,11.1,7.500487,
667,1131993927956713,11.116666666666667,7.507613,
668,1131993943473403,11.133333333333333,7.531167,
669,1131993959431016,11.15,7.835692,
670,1131993975007828,11.166666666666666,7.55963,
671,1131993990397587,11.183333333333334,7.384898,
672,1131994006217568,11.2,7.829513,
673,1131994021822992,11.216666666666667,7.601587,
674,1131994037648927,11.233333333333333,7.489832,
675,1131994053370172,11.25,7.722771,
676,1131994068957056,11.266666666666666,7.826393,
677,1131994084444297,11.283333333333333,7.453556,
678,1131994099995655,11.3,7.524264,
679,1131994115693883,11.316666666666666,7.400209,
680,1131994131536970,11.333333333333334,7.719179,
681,1131994146978651,11.35,7.399999,
682,1131994162325691,11.366666666666667,7.314254,
683,1131994177818879,11.383333333333333,7.391174,
684,1131994193681471,11.4,7.344251,
685,1131994208936239,11.416666666666666,7.399411,
686,1131994224815824,11.433333333333334,7.610321,
687,1131994240122977,11.45,7.300304,
688,1131994255782498,11.466666666666667,7.378534,
689,1131994271354738,11.483333333333333,7.450726,
690,1131994286845808,11.5,7.340208,
691,1131994302319215,11.516666666666666,7.330965,
692,1131994318536832,11.533333333333333,7.574591,
693,1131994334615277,11.55,7.658862,
694,1131994350147461,11.566666666666666,7.430401,
695,1131994365548455,11.583333333333334,7.29765,
696,1131994381379809,11.6,7.511201,
697,1131994396936609,11.616666666666667,7.518496,
698,1131994412986214,11.633333333333333,7.32732,
699,1131994428614347,11.65,7.811729,
700,1131994445238811,11.666666666666666,7.806107,
701,1131994460402285,11.683333333333334,7.314021,
702,1131994475971008,11.7,7.297889,
703,1131994491862998,11.716666666666667,7.76202,
704,1131994507579547,11.733333333333333,7.468192,
705,1131994523147928,11.75,7.73613,
706,1131994538447587,11.766666666666666,7.465993,
707,1131994554509900,11.783333333333333,8.035132,
708,1131994570182613,11.8,7.680513,
709,1131994585377183,11.816666666666666,7.364656,
710,1131994600888293,11.833333333333334,7.477135,
711,1131994616683981,11.85,7.700713,
712,1131994632376813,11.866666666666667,7.468558,
713,1131994648219497,11.883333333333333,7.610183,
714,1131994664083694,11.9,7.616649,
715,1131994679538613,11.916666666666666,7.814563,
716,1131994695720516,11.933333333333334,7.680741,
717,1131994710984139,11.95,7.825574,
718,1131994726780575,11.966666666666667,7.567673,
719,1131994742536068,11.983333333333333,7.743337,
720,1131994758061718,12.0,7.629319,
721,1131994773649790,12.016666666666666,7.471299,
722,1131994789618509,12.033333333333333,7.790582,
723,1131994805251297,12.05,7.445084,
724,1131994821214702,12.066666666666666,7.803949,
725,1131994836594254,12.083333333333334,7.454473,
726,1131994852608222,12.1,7.865741,
727,1131994869684651,12.116666666666667,7.412916,
728,1131994884905951,12.133333333333333,7.372908,
729,1131994900448224,12.15,7.412841,
730,1131994916293190,12.166666666666666,7.356311,
731,1131994931743500,12.183333333333334,7.339652,
732,1131994947306458,12.2,7.356155,
733,1131994963256061,12.216666666666667,7.779189,
734,1131994979280280,12.233333333333333,7.483206,
735,1131994994929833,12.25,7.490375,
736,1131995010600378,12.266666666666666,7.572659,
737,1131995026862559,12.283333333333333,7.919673,
738,1131995042749214,12.3,7.83923,
739,1131995058449015,12.316666666666666,7.389517,
740,1131995074375176,12.333333333333334,7.775878,
741,1131995090366655,12.35,8.112518,
742,1131995105546115,12.366666666666667,7.404898,
743,1131995121373933,12.383333333333333,7.682233,
744,1131995137052973,12.4,7.80271,
745,1131995152701851,12.416666666666666,7.853506,
746,1131995168283794,12.433333333333334,7.406109,
747,1131995183920746,12.45,7.430181,
748,1131995199623251,12.466666666666667,7.474916,
749,1131995215556053,12.483333333333333,7.468417,
750,1131995230948807,12.5,7.529096,
751,1131995246415202,12.516666666666666,7.474987,
752,1131995262278046,12.533333333333333,7.774387,
753,1131995278496637,12.55,7.55374,
754,1131995293978738,12.566666666666666,7.413746,
755,1131995309568318,12.583333333333334,7.50693,
756,1131995325715316,12.6,7.779486,
757,1131995341408231,12.616666666666667,7.781065,
758,1131995357239813,12.633333333333333,7.721836,
759,1131995372902116,12.65,7.770172,
760,1131995388686498,12.666666666666666,7.899739,
761,1131995404762936,12.683333333333334,7.886203,
762,1131995420375879,12.7,7.463115,
763,1131995436139265,12.716666666666667,7.580743,
764,1131995452478249,12.733333333333333,8.295532,
765,1131995468043466,12.75,7.741973,
766,1131995483285594,12.766666666666666,7.668446,
767,1131995499206731,12.783333333333333,7.876052,
768,1131995514845195,12.8,7.478986,
769,1131995530665718,12.816666666666666,7.69197,
770,1131995546059056,12.833333333333334,7.510339,
771,1131995561673356,12.85,7.545726,
772,1131995577732045,12.866666666666667,7.561537,
773,1131995593392048,12.883333333333333,7.579845,
774,1131995609308655,12.9,7.848662,
775,1131995624879473,12.916666666666666,7.809197,
776,1131995641077667,12.933333333333334,7.698178,
777,1131995656307226,12.95,7.350017,
778,1131995671729239,12.966666666666667,7.471531,
779,1131995688076944,12.983333333333333,7.930996,
780,1131995703780883,13.0,7.53514,
781,1131995719847570,13.016666666666666,7.878301,
782,1131995735428191,13.033333333333333,7.48076,
783,1131995751657715,13.049999999999999,8.069683,
784,1131995767346203,13.066666666666666,7.464453,
785,1131995782822397,13.083333333333334,7.300504,
786,1131995798791990,13.1,7.828772,
787,1131995814169771,13.116666666666667,7.513873,
788,1131995829713573,13.133333333333333,7.49515,
789,1131995845248545,13.15,7.522969,
790,1131995862105508,13.166666666666666,8.720124,
791,1131995877601430,13.183333333333334,6.869011,
792,1131995885350117,13.2,5.712893,
793,1131995900621435,13.216666666666667,7.551108,
794,1131995916236441,13.233333333333333,7.516378,
795,1131995932278646,13.25,7.919834,
796,1131995947986364,13.266666666666666,7.53416,
797,1131995963548830,13.283333333333333,7.504684,
798,1131995979134094,13.299999999999999,7.440871,
799,1131995995294858,13.316666666666666,7.642946,
800,1131996010451880,13.333333333333334,7.842202,
801,1131996026108172,13.35,7.537941,
802,1131996041848890,13.366666666666667,7.614442,
803,1131996057969236,13.383333333333333,7.622388,
804,1131996073632996,13.4,7.578121,
805,1131996089288277,13.416666666666666,7.491184,
806,1131996104837985,13.433333333333334,7.448723,
807,1131996121409641,13.45,7.777044,
808,1131996136784105,13.466666666666667,7.49846,
809,1131996152659508,13.483333333333333,7.80537,
810,1131996168699296,13.5,7.910409,
811,1131996184353344,13.516666666666666,7.426049,
812,1131996199740363,13.533333333333333,7.504,
813,1131996215508535,13.549999999999999,7.5588,
814,1131996231765457,13.566666666666666,8.240283,
815,1131996247591463,13.583333333333334,7.332729,
816,1131996263224940,13.6,7.530773,
817,1131996278809728,13.616666666666667,7.45622,
818,1131996295181997,13.633333333333333,7.523068,
819,1131996310835335,13.65,7.442912,
820,1131996326136202,13.666666666666666,7.484363,
821,1131996341740228,13.683333333333334,7.488584,
822,1131996358120698,13.7,7.809559,
823,1131996373470279,13.716666666666667,7.449584,
824,1131996389109472,13.733333333333333,7.495033,
825,1131996404798886,13.75,7.508952,
826,1131996420938589,13.766666666666666,7.546201,
827,1131996436603506,13.783333333333333,7.562438,
828,1131996452365086,13.799999999999999,7.414878,
829,1131996468604648,13.816666666666666,8.160924,
830,1131996484438332,13.833333333333334,7.609821,
831,1131996499910570,13.85,7.423532,
832,1131996515766093,13.866666666666667,7.805181,
833,1131996531748861,13.883333333333333,8.014217,
834,1131996547392753,13.9,7.42044,
835,1131996562775964,13.916666666666666,7.46204,
836,1131996578771556,13.933333333333334,7.499085,
837,1131996595141325,13.95,7.771567,
838,1131996610460809,13.966666666666667,7.340231,
839,1131996625989747,13.983333333333333,7.351748,
840,1131996641512449,14.0,7.437948,
841,1131996657905319,14.016666666666666,7.61923,
842,1131996673586933,14.033333333333333,7.519058,
843,1131996689028950,14.049999999999999,7.350928,
844,1131996704443709,14.066666666666666,7.357499,
845,1131996720406692,14.083333333333334,7.372572,
846,1131996735973930,14.1,7.379153,
847,1131996751567183,14.116666666666667,7.469365,
848,1131996767844240,14.133333333333333,8.212669,
849,1131996783121319,14.15,7.341972,
850,1131996798828323,14.166666666666666,7.640301,
851,1131996814222150,14.183333333333334,7.335579,
852,1131996830330522,14.2,7.960711,
853,1131996845742660,14.216666666666667,7.371559,
854,1131996862199524,14.233333333333333,8.323573,
855,1131996877998541,14.25,7.347494,
856,1131996893981950,14.266666666666666,7.463827,
857,1131996909404090,14.283333333333333,7.368312,
858,1131996924744779,14.299999999999999,7.340995,
859,1131996940735746,14.316666666666666,7.753753,
860,1131996956389884,14.333333333333334,7.330924,
861,1131996971918129,14.35,7.414012,
862,1131996987401623,14.366666666666667,7.389497,
863,1131997003599255,14.383333333333333,7.458127,
864,1131997019845003,14.4,7.544612,
865,1131997035783516,14.416666666666666,7.732364,
866,1131997051145962,14.433333333333334,7.733617,
867,1131997067868444,14.45,7.853884,
868,1131997083716015,14.466666666666667,7.805603,
869,1131997099433886,14.483333333333333,7.577272,
870,1131997115063385,14.5,7.580461,
871,1131997131346791,14.516666666666666,8.178352,
872,1131997147021399,14.533333333333333,7.544759,
873,1131997162665993,14.549999999999999,7.460853,
874,1131997178284210,14.566666666666666,7.443799,
875,1131997194302917,14.583333333333334,7.897412,
876,1131997209544968,14.6,7.647963,
877,1131997225254067,14.616666666666667,7.596674,
878,1131997240931751,14.633333333333333,7.583276,
879,1131997256569299,14.65,7.645794,
880,1131997272267915,14.666666666666666,7.662372,
881,1131997288253643,14.683333333333334,7.870971,
882,1131997303846325,14.7,7.571892,
883,1131997320173037,14.716666666666667,7.525254,
884,1131997335760416,14.733333333333333,7.496169,
885,1131997351393648,14.75,7.505468,
886,1131997367492843,14.766666666666666,8.348593,
887,1131997383163402,14.783333333333333,7.543002,
888,1131997398286466,14.799999999999999,7.558577,
889,1131997414009558,14.816666666666666,7.549072,
890,1131997430663838,14.833333333333334,8.470509,
891,1131997446581163,14.85,7.556815,
892,1131997462070598,14.866666666666667,7.444779,
893,1131997477662706,14.883333333333333,7.436416,
894,1131997493776631,14.9,8.229137,
895,1131997509437848,14.916666666666666,7.50693,
896,1131997525588174,14.933333333333334,8.018955,
897,1131997541042168,14.95,7.702211,
898,1131997557439426,14.966666666666667,7.80223,
899,1131997573341128,14.983333333333333,7.536955,
900,1131997589228768,15.0,7.682401,
901,1131997604580036,15.016666666666666,7.566535,
902,1131997620045703,15.033333333333333,7.514168,
903,1131997635807845,15.049999999999999,7.595222,
904,1131997651254751,15.066666666666666,7.624986,
905,1131997667667206,15.083333333333334,8.362852,
906,1131997683360994,15.1,7.548612,
907,1131997698898545,15.116666666666667,7.507349,
908,1131997714513836,15.133333333333333,7.556076,
909,1131997731064948,15.15,8.440256,
910,1131997746716913,15.166666666666666,7.868371,
911,1131997762403972,15.183333333333334,7.874276,
912,1131997777542811,15.2,7.613019,
913,1131997793279386,15.216666666666667,7.569215,
914,1131997809047639,15.233333333333333,7.598481,
915,1131997824635098,15.25,7.528046,
916,1131997840166279,15.266666666666666,7.459171,
917,1131997856343369,15.283333333333333,7.558999,
918,1131997872043779,15.299999999999999,7.631328,
919,1131997887657341,15.316666666666666,7.533123,
920,1131997903182703,15.333333333333334,7.483455,
921,1131997919356919,15.35,7.848425,
922,1131997934901683,15.366666666666667,7.524274,
923,1131997950583798,15.383333333333333,7.516141,
924,1131997966222909,15.4,7.50238,
925,1131997982129433,15.416666666666666,7.557546,
926,1131997998109320,15.433333333333334,7.886146,
927,1131998013727904,15.45,7.869869,
928,1131998029540061,15.466666666666667,7.982545,
929,1131998045198874,15.483333333333333,7.554331,
930,1131998060848540,15.5,7.554129,
931,1131998076590012,15.516666666666666,7.577084,
932,1131998092336701,15.533333333333333,7.974453,
933,1131998108051746,15.549999999999999,7.499715,
934,1131998123700958,15.566666666666666,7.431079,
935,1131998139487583,15.583333333333334,7.599727,
936,1131998156028360,15.6,7.890802,
937,1131998171339594,15.616666666666667,7.506246,
938,1131998186627902,15.633333333333333,7.541773,
939,1131998202335576,15.65,7.589498,
940,1131998218591042,15.666666666666666,7.469948,
941,1131998234482074,15.683333333333334,7.82477,
942,1131998249869578,15.7,7.569611,
943,1131998265563974,15.716666666666667,7.571875,
944,1131998281139671,15.733333333333333,7.621993,
945,1131998296846531,15.75,7.55915,
946,1131998312405222,15.766666666666666,7.523116,
947,1131998328501354,15.783333333333333,8.052244,
948,1131998344221218,15.799999999999999,7.650554,
949,1131998359763623,15.816666666666666,7.513249,
950,1131998375449017,15.833333333333334,7.521458,
951,1131998391845833,15.85,8.332065,
952,1131998407313321,15.866666666666667,7.667158,
953,1131998421458247,15.883333333333333,6.908015,
954,1131998435625835,15.9,11.81158,
955,1131998451543020,15.916666666666666,12.333852,
956,1131998467700242,15.933333333333334,12.57435,
957,1131998483644320,15.95,11.966096,
958,1131998499273043,15.966666666666667,11.97505,
959,1131998516368861,15.983333333333333,12.896711,
960,1131998531579354,16.0,11.62626,
961,1131998547684409,16.016666666666666,12.225852,
962,1131998565487581,16.03333333333333,13.943202,
963,1131998580709011,16.05,11.737396,
964,1131998597050275,16.066666666666666,12.18169,
965,1131998613303475,16.083333333333332,11.45888,
966,1131998629050368,16.1,12.176925,
967,1131998644827369,16.116666666666667,11.754484,
968,1131998661027704,16.133333333333333,12.231995,
969,1131998676828904,16.15,12.093467,
970,1131998693027667,16.166666666666668,12.502732,
971,1131998709162571,16.183333333333334,12.261366,
972,1131998724835322,16.2,12.080124,
973,1131998740179578,16.216666666666665,11.69411,
974,1131998756430870,16.233333333333334,12.291388,
975,1131998772157685,16.25,12.108933,
976,1131998788368340,16.266666666666666,11.404827,
977,1131998803833044,16.28333333333333,12.17726,
978,1131998819759095,16.3,11.909751,
979,1131998835572603,16.316666666666666,12.226385,
980,1131998851401811,16.333333333333332,12.24994,
981,1131998867043175,16.35,11.959556,
982,1131998883108961,16.366666666666667,12.013039,
983,1131998898721504,16.383333333333333,11.607377,
984,1131998914234235,16.4,11.809552,
985,1131998930079193,16.416666666666668,12.247312,
986,1131998945787948,16.433333333333334,12.118122,
987,1131998961524891,16.45,12.041331,
988,1131998976853894,16.466666666666665,11.737868,
989,1131998993202730,16.483333333333334,12.759033,
990,1131999008900858,16.5,11.728389,
991,1131999024180667,16.516666666666666,11.689406,
992,1131999039791455,16.53333333333333,12.013218,
993,1131999056013073,16.55,12.537724,
994,1131999071651683,16.566666666666666,11.749831,
995,1131999087338421,16.583333333333332,11.779028,
996,1131999102986006,16.6,12.037013,
997,1131999119292464,16.616666666666667,12.270696,
998,1131999135266888,16.633333333333333,12.029218,
999,1131999151171088,16.65,11.731071,
1000,1131999167197455,16.666666666666668,12.147477,
1001,1131999182897141,16.683333333333334,12.051886,
1002,1131999198549193,16.7,11.716761,
1003,1131999214122282,16.716666666666665,11.701798,
1004,1131999229918565,16.733333333333334,12.209452,
1005,1131999245181828,16.75,11.638563,
1006,1131999262107202,16.766666666666666,13.271345,
1007,1131999278105811,16.78333333333333,12.284259,
1008,1131999294291842,16.8,12.551448,
1009,1131999309902109,16.816666666666666,11.707745,
1010,1131999325287732,16.833333333333332,11.731939,
1011,1131999340798482,16.85,11.928118,
1012,1131999357129931,16.866666666666667,12.612282,
1013,1131999372968817,16.883333333333333,12.253489,
1014,1131999388672722,16.9,12.102778,
1015,1131999404596711,16.916666666666668,12.32502,
1016,1131999420598065,16.933333333333334,12.149609,
1017,1131999436918245,16.95,12.373876,
1018,1131999452611132,16.966666666666665,11.762599,
1019,1131999468534706,16.983333333333334,12.042643,
1020,1131999484386098,17.0,12.17314,
1021,1131999500020721,17.016666666666666,12.054517,
1022,1131999515631184,17.03333333333333,11.98162,
1023,1131999532436729,17.05,12.936542,
1024,1131999548184283,17.066666666666666,11.822679,
1025,1131999564482530,17.083333333333332,12.098018,
1026,1131999580057269,17.1,11.699931,
1027,1131999596476685,17.116666666666667,12.831124,
1028,1131999612927347,17.133333333333333,12.210462,
1029,1131999628816504,17.15,11.997901,
1030,1131999644646990,17.166666666666668,11.615504,
1031,1131999660524189,17.183333333333334,11.795052,
1032,1131999676232980,17.2,12.119645,
1033,1131999692875756,17.216666666666665,12.600222,
1034,1131999708648960,17.233333333333334,12.189658,
1035,1131999724319458,17.25,12.087743,
1036,1131999739897612,17.266666666666666,11.966064,
1037,1131999755868452,17.28333333333333,12.386252,
1038,1131999767444546,17.3,7.757251,
1039,1131999783206620,17.316666666666666,7.647094,
1040,1131999798911298,17.333333333333332,7.545922,
1041,1131999813945393,17.35,7.513961,
1042,1131999830183622,17.366666666666667,8.097238,
1043,1131999845806030,17.383333333333333,7.509521,
1044,1131999863270244,17.4,9.035988,
1045,1131999879249496,17.416666666666668,7.521642,
1046,1131999895407594,17.433333333333334,7.515728,
1047,1131999911066440,17.45,7.556564,
1048,1131999926654478,17.466666666666665,7.519777,
1049,1131999942488416,17.483333333333334,7.474327,
1050,1131999959058934,17.5,7.851674,
1051,1131999974509108,17.516666666666666,7.474744,
1052,1131999990325042,17.53333333333333,7.778736,
1053,1132000005374522,17.55,7.359108,
1054,1132000021913771,17.566666666666666,7.834313,
1055,1132000037107204,17.583333333333332,7.431182,
1056,1132000052569913,17.6,7.455931,
1057,1132000069195519,17.616666666666667,8.637111,
1058,1132000083100332,17.633333333333333,7.557345,
1059,1132000099550873,17.65,7.798576,
1060,1132000115245982,17.666666666666668,7.846788,
1061,1132000131701343,17.683333333333334,8.320261,
1062,1132000147231040,17.7,7.441176,
1063,1132000162824020,17.716666666666665,7.525235,
1064,1132000178524477,17.733333333333334,7.628079,
1065,1132000194624587,17.75,7.471468,
1066,1132000210382355,17.766666666666666,7.584774,
1067,1132000225865433,17.78333333333333,7.393952,
1068,1132000241436463,17.8,7.443238,
1069,1132000257890421,17.816666666666666,7.385867,
1070,1132000273813443,17.833333333333332,7.761423,
1071,1132000289077949,17.85,7.458496,
1072,1132000304628918,17.866666666666667,7.413677,
1073,1132000320725375,17.883333333333333,7.5437,
1074,1132000336732956,17.9,7.919972,
1075,1132000352202360,17.916666666666668,7.466495,
1076,1132000368207755,17.933333333333334,7.955688,
1077,1132000383888738,17.95,7.225506,
1078,1132000398090360,17.966666666666665,11.781027,
1079,1132000413776681,17.983333333333334,12.051087,
1080,1132000430284944,18.0,12.890646,
1081,1132000445565561,18.016666666666666,11.699892,
1082,1132000461411037,18.03333333333333,12.227093,
1083,1132000476977355,18.05,11.645877,
1084,1132000493296707,18.066666666666666,12.694341,
1085,1132000508925153,18.083333333333332,11.953651,
1086,1132000524394437,18.1,11.81584,
1087,1132000540200315,18.116666666666667,12.026257,
1088,1132000557023184,18.133333333333333,12.876582,
1089,1132000572906711,18.15,12.294511,
1090,1132000588245922,18.166666666666668,11.753331,
1091,1132000604145624,18.183333333333334,11.729003,
1092,1132000619960866,18.2,11.793738,
1093,1132000635602566,18.216666666666665,11.772703,
1094,1132000651479834,18.233333333333334,11.992444,
1095,1132000667424527,18.25,12.306068,
1096,1132000683366598,18.266666666666666,11.768923,
1097,1132000694822391,18.28333333333333,7.390974,
1098,1132000710273342,18.3,7.602881,
1099,1132000726325137,18.316666666666666,7.877589,
1100,1132000742187660,18.333333333333332,7.605943,
1101,1132000757939463,18.35,7.580157,
1102,1132000773463209,18.366666666666667,7.492378,
1103,1132000789483485,18.383333333333333,7.961333,
1104,1132000805050311,18.4,7.708275,
1105,1132000820683659,18.416666666666668,7.503463,
1106,1132000836439687,18.433333333333334,7.907697,
1107,1132000852460735,18.45,7.997346,
1108,1132000868029086,18.466666666666665,7.52382,
1109,1132000883611224,18.483333333333334,7.481798,
1110,1132000899201020,18.5,7.510129,
1111,1132000915185647,18.516666666666666,7.897486,
1112,1132000930233840,18.53333333333333,7.482103,
1113,1132000945852868,18.55,7.522892,
1114,1132000961159228,18.566666666666666,7.495565,
1115,1132000977279059,18.583333333333332,7.608969,
1116,1132000992906327,18.6,7.55661,
1117,1132001008804165,18.616666666666667,7.722208,
1118,1132001023759933,18.633333333333333,7.538644,
1119,1132001039892002,18.65,7.410203,
1120,1132001055870059,18.666666666666668,7.841959,
1121,1132001070540178,18.683333333333334,7.458349,
1122,1132001086657734,18.7,7.976449,
1123,1132001102809426,18.716666666666665,7.442274,
1124,1132001118982764,18.733333333333334,7.768072,
1125,1132001134636500,18.75,7.779759,
1126,1132001150377999,18.766666666666666,8.170747,
1127,1132001166163287,18.78333333333333,7.592358,
1128,1132001181513074,18.8,7.588152,
1129,1132001197088025,18.816666666666666,7.466767,
1130,1132001212944670,18.833333333333332,7.650324,
1131,1132001228623342,18.85,7.493568,
1132,1132001244990974,18.866666666666667,7.926145,
1133,1132001260618508,18.883333333333333,7.487278,
1134,1132001276683382,18.9,7.532663,
1135,1132001292420754,18.916666666666668,7.629703,
1136,1132001307980910,18.933333333333334,7.519694,
1137,1132001323564032,18.95,7.534415,
1138,1132001339722675,18.966666666666665,7.55165,
1139,1132001355784923,18.983333333333334,7.8813,
1140,1132001370629334,19.0,7.498074,
1141,1132001386916545,19.016666666666666,8.270493,
1142,1132001402937732,19.03333333333333,7.942259,
1143,1132001418418156,19.05,7.427715,
1144,1132001433952540,19.066666666666666,7.395336,
1145,1132001450034494,19.083333333333332,7.946913,
1146,1132001465850541,19.1,7.518689,
1147,1132001481709136,19.116666666666667,7.799504,
1148,1132001496584279,19.133333333333333,7.478055,
1149,1132001512558296,19.15,7.945249,
1150,1132001528154637,19.166666666666668,7.594561,
1151,1132001543409752,19.183333333333334,7.502476,
1152,1132001558941470,19.2,7.534176,
1153,1132001575078379,19.216666666666665,7.578842,
1154,1132001590681783,19.233333333333334,7.52527,
1155,1132001606867125,19.25,7.877238,
1156,1132001621834958,19.266666666666666,7.670639,
1157,1132001637976713,19.28333333333333,7.674762,
1158,1132001653858276,19.3,7.536487,
1159,1132001669383700,19.316666666666666,7.512455,
1160,1132001685363478,19.333333333333332,7.984413,
1161,1132001701569999,19.35,7.7729,
1162,1132001717301870,19.366666666666667,7.729041,
1163,1132001732555288,19.383333333333333,7.506004,
1164,1132001748329026,19.4,7.76913,
1165,1132001763802993,19.416666666666668,7.41144,
1166,1132001779453323,19.433333333333334,7.554511,
1167,1132001795226172,19.45,7.433032,
1168,1132001811405060,19.466666666666665,8.154793,
1169,1132001826363587,19.483333333333334,7.487858,
1170,1132001841835262,19.5,7.4291,
1171,1132001857631183,19.516666666666666,7.478442,
1172,1132001873867489,19.53333333333333,7.852345,
1173,1132001888741777,19.55,7.471821,
1174,1132001904631999,19.566666666666666,7.430852,
1175,1132001920465977,19.583333333333332,7.447484,
1176,1132001936867645,19.6,7.735891,
1177,1132001952269564,19.616666666666667,7.546156,
1178,1132001967827054,19.633333333333333,7.538955,
1179,1132001983328605,19.65,7.464432,
1180,1132001999177954,19.666666666666668,7.460762,
1181,1132002014537876,19.683333333333334,7.338855,
1182,1132002030346341,19.7,7.742627,
1183,1132002046079446,19.716666666666665,7.696261,
1184,1132002061947767,19.733333333333334,7.509312,
1185,1132002077416945,19.75,7.42064,
1186,1132002093056374,19.766666666666666,7.508838,
1187,1132002109026951,19.78333333333333,7.840029,
1188,1132002124651593,19.8,7.494711,
1189,1132002140477501,19.816666666666666,7.763575,
1190,1132002155737766,19.833333333333332,7.455391,
1191,1132002172128828,19.85,8.143666,
1192,1132002188036104,19.866666666666667,7.809305,
1193,1132002203465829,19.883333333333333,7.396863,
1194,1132002218915225,19.9,7.425829,
1195,1132002234578412,19.916666666666668,7.21293,
1196,1132002250746870,19.933333333333334,7.818543,
1197,1132002265864440,19.95,7.489714,
1198,1132002281475457,19.966666666666665,7.555862,
1199,1132002297541863,19.983333333333334,7.509448,
1200,1132002313292864,20.0,7.615525,
1201,1132002328984493,20.016666666666666,7.55191,
1202,1132002344447814,20.03333333333333,7.463682,
1203,1132002359861886,20.05,7.452394,
1204,1132002376084633,20.066666666666666,8.193731,
1205,1132002391528973,20.083333333333332,7.367472,
1206,1132002407523646,20.1,7.78734,
1207,1132002423129854,20.116666666666667,7.46461,
1208,1132002438899320,20.133333333333333,7.455046,
1209,1132002454406741,20.15,7.466058,
1210,1132002470642233,20.166666666666668,8.228801,
1211,1132002486229697,20.183333333333334,7.467535,
1212,1132002501794202,20.2,7.511875,
1213,1132002517228976,20.216666666666665,7.390183,
1214,1132002532641694,20.233333333333334,7.359894,
1215,1132002548286488,20.25,7.558319,
1216,1132002564017537,20.266666666666666,7.632908,
1217,1132002579834948,20.28333333333333,7.672263,
1218,1132002595995044,20.3,7.47462,
1219,1132002611454868,20.316666666666666,7.425548,
1220,1132002626859574,20.333333333333332,7.347292,
1221,1132002642256747,20.35,7.333706,
1222,1132002658371624,20.366666666666667,7.496365,
1223,1132002674360404,20.383333333333333,7.827828,
1224,1132002689663852,20.4,7.478949,
1225,1132002705359033,20.416666666666668,7.510905,
1226,1132002721265500,20.433333333333334,7.490125,
1227,1132002737144547,20.45,7.788119,
1228,1132002752915108,20.466666666666665,7.61002,
1229,1132002768822988,20.483333333333334,7.803755,
1230,1132002784518785,20.5,7.460294,
1231,1132002800125457,20.516666666666666,7.447559,
1232,1132002815727198,20.53333333333333,7.410914,
1233,1132002831935683,20.55,7.922061,
1234,1132002847552925,20.566666666666666,7.452577,
1235,1132002862947466,20.583333333333332,7.54614,
1236,1132002878638963,20.6,7.582645,
1237,1132002894662653,20.616666666666667,7.909989,
1238,1132002910301266,20.633333333333333,7.481021,
1239,1132002925896506,20.65,7.47475,
1240,1132002941564132,20.666666666666668,7.472805,
1241,1132002957770401,20.683333333333334,7.800914,
1242,1132002972959021,20.7,7.32488,
1243,1132002988405708,20.716666666666665,7.294389,
1244,1132003004051239,20.733333333333334,7.401312,
1245,1132003020114845,20.75,7.31426,
1246,1132003035654266,20.766666666666666,7.389461,
1247,1132003051203744,20.78333333333333,7.367646,
1248,1132003066878036,20.8,7.544822,
1249,1132003082847034,20.816666666666666,7.471771,
1250,1132003098404703,20.833333333333332,7.469927,
1251,1132003113969135,20.85,7.47529,
1252,1132003130290416,20.866666666666667,8.236121,
1253,1132003146064593,20.883333333333333,7.42041,
1254,1132003161689873,20.9,7.486683,
1255,1132003177144476,20.916666666666668,7.308559,
1256,1132003193105517,20.933333333333334,7.870303,
1257,1132003208534410,20.95,7.39217,
1258,1132003224039941,20.966666666666665,7.295652,
1259,1132003239890458,20.983333333333334,7.617105,
1260,1132003255845085,21.0,7.371497,
1261,1132003271510096,21.016666666666666,7.449485,
1262,1132003287020268,21.03333333333333,7.39341,
1263,1132003302635514,21.05,7.396126,
1264,1132003318933578,21.066666666666666,7.328927,
1265,1132003334454826,21.083333333333332,7.332341,
1266,1132003350358186,21.1,7.737681,
1267,1132003366226909,21.116666666666667,7.714276,
1268,1132003381933198,21.133333333333333,7.643082,
1269,1132003397411335,21.15,7.356889,
1270,1132003412915704,21.166666666666668,7.411628,
1271,1132003429046537,21.183333333333334,7.834734,
1272,1132003444448888,21.2,7.344205,
1273,1132003459972377,21.216666666666665,7.376039,
1274,1132003475389984,21.233333333333334,7.355731,
1275,1132003491510847,21.25,7.947268,
1276,1132003506963990,21.266666666666666,7.323118,
1277,1132003522525912,21.28333333333333,7.616568,
1278,1132003538263026,21.3,7.590533,
1279,1132003554345573,21.316666666666666,7.650235,
1280,1132003569972120,21.333333333333332,7.512068,
1281,1132003585633355,21.35,7.524269,
1282,1132003601219660,21.366666666666667,7.499335,
1283,1132003617199342,21.383333333333333,7.480759,
1284,1132003632745163,21.4,7.546166,
1285,1132003648313270,21.416666666666668,7.546321,
1286,1132003663925028,21.433333333333334,7.890415,
1287,1132003679697159,21.45,7.541106,
1288,1132003695361828,21.466666666666665,7.623126,
1289,1132003711090637,21.483333333333334,7.577937,
1290,1132003727290515,21.5,8.182349,
1291,1132003743172122,21.516666666666666,7.527841,
1292,1132003758797659,21.53333333333333,7.53369,
1293,1132003774568326,21.55,7.636638,
1294,1132003790635790,21.566666666666666,8.059908,
1295,1132003806173244,21.583333333333332,7.496487,
1296,1132003821797805,21.6,7.464616,
1297,1132003837745246,21.616666666666667,7.890771,
1298,1132003852884148,21.633333333333333,7.417729,
1299,1132003870257480,21.65,7.813525,
1300,1132003885462856,21.666666666666668,7.488385,
1301,1132003900952352,21.683333333333334,7.421893,
1302,1132003917362823,21.7,7.865979,
1303,1132003932201251,21.716666666666665,7.456674,
1304,1132003947873542,21.733333333333334,7.83729,
1305,1132003963699582,21.75,7.480109,
1306,1132003979979387,21.766666666666666,7.554555,
1307,1132003995409293,21.78333333333333,7.395075,
1308,1132004011031184,21.8,7.482645,
1309,1132004026663613,21.816666666666666,7.5944,
1310,1132004042484507,21.833333333333332,7.474439,
1311,1132004058558811,21.85,7.775976,
1312,1132004073832510,21.866666666666667,7.555428,
1313,1132004089726989,21.883333333333333,7.869925,
1314,1132004105197853,21.9,7.455938,
1315,1132004120821273,21.916666666666668,7.48802,
1316,1132004136259433,21.933333333333334,7.394298,
1317,1132004152239372,21.95,7.891197,
1318,1132004167913179,21.966666666666665,7.502316,
1319,1132004183493715,21.983333333333334,7.397976,
1320,1132004199138315,22.0,7.825171,
1321,1132004214986234,22.016666666666666,7.456137,
1322,1132004230956613,22.03333333333333,7.859389,
1323,1132004246636251,22.05,7.517332,
1324,1132004262543353,22.066666666666666,7.841148,
1325,1132004278288429,22.083333333333332,7.555984,
1326,1132004294459826,22.1,8.159749,
1327,1132004309632272,22.116666666666667,7.532876,
1328,1132004325232163,22.133333333333333,7.579107,
1329,1132004341235700,22.15,7.686173,
1330,1132004357026924,22.166666666666668,7.536813,
1331,1132004372785092,22.183333333333334,7.553804,
1332,1132004388940162,22.2,7.956359,
1333,1132004404636031,22.216666666666665,7.519921,
1334,1132004420310568,22.233333333333334,7.533564,
1335,1132004435957068,22.25,7.484861,
1336,1132004451917627,22.266666666666666,7.817614,
1337,1132004467484603,22.28333333333333,7.395087,
1338,1132004483176462,22.3,7.58196,
1339,1132004498789118,22.316666666666666,7.50218,
1340,1132004514727114,22.333333333333332,7.439582,
1341,1132004530337377,22.35,7.386846,
1342,1132004546144749,22.366666666666667,7.669636,
1343,1132004561284734,22.383333333333333,7.31715,
1344,1132004577517186,22.4,7.738422,
1345,1132004593217328,22.416666666666668,7.685004,
1346,1132004608776743,22.433333333333334,7.614827,
1347,1132004624379882,22.45,7.441514,
1348,1132004639691846,22.466666666666665,7.499828,
1349,1132004655290009,22.483333333333334,7.539327,
1350,1132004670986619,22.5,7.585445,
1351,1132004686914379,22.516666666666666,7.806766,
1352,1132004702562097,22.53333333333333,7.516562,
1353,1132004718076899,22.55,7.477319,
1354,1132004733985233,22.566666666666666,7.768609,
1355,1132004749926414,22.583333333333332,7.81533,
1356,1132004765600073,22.6,7.555386,
1357,1132004781293114,22.616666666666667,7.319858,
1358,1132004797902617,22.633333333333333,7.786766,
1359,1132004814280736,22.65,8.258311,
1360,1132004830035094,22.666666666666668,7.603862,
1361,1132004845607292,22.683333333333334,7.43671,
1362,1132004861398950,22.7,7.642295,
1363,1132004877427247,22.716666666666665,7.57856,
1364,1132004893079569,22.733333333333334,7.554478,
1365,1132004908657141,22.75,7.449277,
1366,1132004924497180,22.766666666666666,7.464985,
1367,1132004940724460,22.78333333333333,7.574771,
1368,1132004956960487,22.8,7.840321,
1369,1132004972448697,22.816666666666666,7.437405,
1370,1132004988089365,22.833333333333332,7.87374,
1371,1132005003631014,22.85,7.420417,
1372,1132005019243661,22.866666666666667,7.499165,
1373,1132005034809074,22.883333333333333,7.397316,
1374,1132005050901491,22.9,8.268268,
1375,1132005066350169,22.916666666666668,7.506819,
1376,1132005081889661,22.933333333333334,7.48762,
1377,1132005097523436,22.95,7.559873,
1378,1132005113404852,22.966666666666665,7.562041,
1379,1132005129063948,22.983333333333334,7.539692,
1380,1132005144621796,23.0,7.537948,
1381,1132005160305977,23.016666666666666,7.503693,
1382,1132005176152259,23.03333333333333,7.451342,
1383,1132005191703083,23.05,7.483941,
1384,1132005207347318,23.066666666666666,7.561193,
1385,1132005222871767,23.083333333333332,7.495681,
1386,1132005238883986,23.1,7.462701,
1387,1132005254405706,23.116666666666667,7.477651,
1388,1132005270271608,23.133333333333333,7.716745,
1389,1132005286109548,23.15,7.815159,
1390,1132005301801604,23.166666666666668,7.554224,
1391,1132005317506042,23.183333333333334,7.530759,
1392,1132005333012413,23.2,7.424441,
1393,1132005349471955,23.216666666666665,8.339521,
1394,1132005365201307,23.233333333333334,7.603692,
1395,1132005381045785,23.25,7.641731,
1396,1132005396644186,23.266666666666666,7.504776,
1397,1132005412639034,23.28333333333333,7.939415,
1398,1132005427906755,23.3,7.461338,
1399,1132005443430467,23.316666666666666,7.506387,
1400,1132005458427275,23.333333333333332,7.409551,
1401,1132005474394185,23.35,7.526224,
1402,1132005490006303,23.366666666666667,7.513276,
1403,1132005505657463,23.383333333333333,7.574425,
1404,1132005521635213,23.4,7.848799,
1405,1132005537277695,23.416666666666668,7.535748,
1406,1132005552844960,23.433333333333334,7.505585,
1407,1132005568559862,23.45,7.681964,
1408,1132005584214893,23.466666666666665,7.506174,
1409,1132005600127828,23.483333333333334,7.606409,
1410,1132005615588030,23.5,7.46226,
1411,1132005631164627,23.516666666666666,7.479273,
1412,1132005647047480,23.53333333333333,7.824625,
1413,1132005662826665,23.55,7.624055,
1414,1132005678441653,23.566666666666666,7.431381,
1415,1132005694172533,23.583333333333332,7.817639,
1416,1132005709671887,23.6,7.854308,
1417,1132005725721072,23.616666666666667,7.859607,
1418,1132005741014052,23.633333333333333,7.426319,
1419,1132005756949335,23.65,7.833119,
1420,1132005773007001,23.666666666666668,7.90881,
1421,1132005788724983,23.683333333333334,7.478412,
1422,1132005804349230,23.7,7.73322,
1423,1132005819850545,23.716666666666665,7.543637,
1424,1132005836290147,23.733333333333334,7.558148,
1425,1132005851753479,23.75,7.538445,
1426,1132005867931267,23.766666666666666,7.382834,
1427,1132005883448419,23.78333333333333,7.303029,
1428,1132005899730180,23.8,7.547277,
1429,1132005915453793,23.816666666666666,7.436391,
1430,1132005930860488,23.833333333333332,7.520233,
1431,1132005947110581,23.85,8.087291,
1432,1132005962789961,23.866666666666667,7.495614,
1433,1132005978725907,23.883333333333333,7.837,
1434,1132005994459638,23.9,7.529123,
1435,1132006010540629,23.916666666666668,7.931601,
1436,1132006026463442,23.933333333333334,7.827581,
1437,1132006041532583,23.95,7.260904,
1438,1132006056925243,23.966666666666665,7.481929,
1439,1132006072863063,23.983333333333334,7.781081,
1440,1132006088620403,24.0,7.593717,
1441,1132006104115514,24.016666666666666,7.349726,
1442,1132006119813694,24.03333333333333,7.591018,
1443,1132006135518266,24.05,7.453619,
1444,1132006151326306,24.066666666666666,7.742707,
1445,1132006166947409,24.083333333333332,7.544873,
1446,1132006182920617,24.1,7.769069,
1447,1132006198945253,24.116666666666667,7.725634,
1448,1132006214608855,24.133333333333333,7.505523,
1449,1132006230608895,24.15,7.87198,
1450,1132006245767329,24.166666666666668,7.353581,
1451,1132006261655972,24.183333333333334,7.432534,
1452,1132006277200612,24.2,7.62353,
1453,1132006292709710,24.216666666666665,7.348965,
1454,1132006308550058,24.233333333333334,7.717033,
1455,1132006324168920,24.25,7.397419,
1456,1132006339673539,24.266666666666666,7.324056,
1457,1132006355526467,24.28333333333333,7.335065,
1458,1132006371329174,24.3,7.91212,
1459,1132006386998616,24.316666666666666,7.518182,
1460,1132006403095509,24.333333333333332,7.971193,
1461,1132006418871928,24.35,7.516535,
1462,1132006434478783,24.366666666666667,7.463501,
1463,1132006450806513,24.383333333333333,8.201502,
1464,1132006466538514,24.4,7.528021,
1465,1132006482169845,24.416666666666668,7.53316,
1466,1132006498386926,24.433333333333334,8.049866,
1467,1132006514154806,24.45,7.622777,
1468,1132006530073856,24.466666666666665,7.867436,
1469,1132006545654817,24.483333333333334,7.47202,
1470,1132006561216696,24.5,7.576156,
1471,1132006577879872,24.516666666666666,7.864288,
1472,1132006593718163,24.53333333333333,8.069433,
1473,1132006609022845,24.55,7.823164,
1474,1132006624663375,24.566666666666666,7.437307,
1475,1132006640099371,24.583333333333332,7.548183,
1476,1132006655752034,24.6,7.515779,
1477,1132006671781993,24.616666666666667,7.924805,
1478,1132006687384137,24.633333333333333,7.461815,
1479,1132006703371725,24.65,7.858637,
1480,1132006719075031,24.666666666666668,7.575051,
1481,1132006735067181,24.683333333333334,7.490491,
1482,1132006750355305,24.7,7.440346,
1483,1132006766166495,24.716666666666665,7.670266,
1484,1132006781731458,24.733333333333334,7.432633,
1485,1132006797831969,24.75,7.507007,
1486,1132006813465684,24.766666666666666,7.628442,
1487,1132006829066922,24.78333333333333,7.456457,
1488,1132006844757352,24.8,7.540628,
1489,1132006860266802,24.816666666666666,7.363386,
1490,1132006875802186,24.833333333333332,7.384074,
1491,1132006891619918,24.85,7.653218,
1492,1132006907161121,24.866666666666667,7.474892,
1493,1132006922690070,24.883333333333333,7.473261,
1494,1132006938151473,24.9,7.449757,
1495,1132006953865102,24.916666666666668,7.604571,
1496,1132006969983601,24.933333333333334,8.007011,
1497,1132006985912802,24.95,7.796787,
1498,1132007001194609,24.966666666666665,7.460845,
1499,1132007016925184,24.983333333333334,7.574811,
1500,1132007032730767,25.0,7.810434,
1501,1132007048358768,25.016666666666666,7.47226,
1502,1132007064436185,25.03333333333333,7.838564,
1503,1132007079550630,25.05,7.395042,
1504,1132007095293570,25.066666666666666,7.641017,
1505,1132007110810744,25.083333333333332,7.658242,
1506,1132007126485335,25.1,7.734294,
1507,1132007141590445,25.116666666666667,7.353019,
1508,1132007157548213,25.133333333333333,7.39055,
1509,1132007173302476,25.15,7.475665,
1510,1132007189218124,25.166666666666668,7.737024,
1511,1132007204529491,25.183333333333334,7.455779,
1512,1132007220518925,25.2,7.370461,
1513,1132007236066116,25.216666666666665,7.284498,
1514,1132007251698407,25.233333333333334,7.457709,
1515,1132007267850377,25.25,8.036909,
1516,1132007283238394,25.266666666666666,7.504764,
1517,1132007298903277,25.28333333333333,7.509447,
1518,1132007314593713,25.3,7.42324,
1519,1132007330659143,25.316666666666666,7.979466,
1520,1132007346457242,25.333333333333332,7.621202,
1521,1132007362266554,25.35,7.636471,
1522,1132007377760547,25.366666666666667,7.384103,
1523,1132007394023467,25.383333333333333,7.439016,
1524,1132007409420398,25.4,7.521547,
1525,1132007425088556,25.416666666666668,7.482683,
1526,1132007440621320,25.433333333333334,7.372632,
1527,1132007456783207,25.45,7.476268,
1528,1132007472356051,25.466666666666665,7.358369,
1529,1132007488480473,25.483333333333334,7.985963,
1530,1132007503677135,25.5,7.426545,
1531,1132007519396748,25.516666666666666,7.48672,
1532,1132007534883509,25.53333333333333,7.345793,
1533,1132007550602794,25.55,7.550916,
1534,1132007566501916,25.566666666666666,7.721681,
1535,1132007582353878,25.583333333333332,7.342852,
1536,1132007597896115,25.6,7.346153,
1537,1132007613860221,25.616666666666667,7.756402,
1538,1132007630083416,25.633333333333333,8.114053,
1539,1132007645479366,25.65,7.486879,
1540,1132007660872451,25.666666666666668,7.375702,
1541,1132007676359875,25.683333333333334,7.468248,
1542,1132007692527272,25.7,8.118092,
1543,1132007707926184,25.716666666666665,7.293992,
1544,1132007723317241,25.733333333333334,7.27936,
1545,1132007738752329,25.75,7.339367,
1546,1132007754601079,25.766666666666666,7.436415,
1547,1132007770250726,25.78333333333333,7.544482,
1548,1132007786068269,25.8,7.714443,
1549,1132007801597623,25.816666666666666,7.293966,
1550,1132007817465683,25.833333333333332,7.411977,
1551,1132007832961031,25.849999999999998,7.3042,
1552,1132007848484736,25.866666666666667,7.440171,
1553,1132007865710192,25.883333333333333,9.190139,
1554,1132007881461943,25.9,7.477138,
1555,1132007897044035,25.916666666666668,7.412916,
1556,1132007912755867,25.933333333333334,7.524063,
1557,1132007928307327,25.95,7.529447,
1558,1132007944576905,25.966666666666665,7.475311,
1559,1132007960406139,25.983333333333334,7.44733,
1560,1132007975921208,26.0,7.409808,
1561,1132007991859240,26.016666666666666,7.797273,
1562,1132008007839621,26.03333333333333,7.797746,
1563,1132008022622722,26.05,7.376843,
1564,1132008038510949,26.066666666666666,7.820359,
1565,1132008054596278,26.083333333333332,8.097334,
1566,1132008069846709,26.099999999999998,7.490861,
1567,1132008085327568,26.116666666666667,7.454344,
1568,1132008100901304,26.133333333333333,7.441896,
1569,1132008116924515,26.15,7.474579,
1570,1132008132572510,26.166666666666668,7.434167,
1571,1132008148184076,26.183333333333334,7.493466,
1572,1132008163839676,26.2,7.448242,
1573,1132008180028967,26.216666666666665,7.588727,
1574,1132008195753449,26.233333333333334,7.511034,
1575,1132008211351815,26.25,7.460174,
1576,1132008227308079,26.266666666666666,7.766931,
1577,1132008242886800,26.28333333333333,7.39207,
1578,1132008258561605,26.3,7.541177,
1579,1132008274219917,26.316666666666666,7.46069,
1580,1132008290062180,26.333333333333332,7.78171,
1581,1132008305961738,26.349999999999998,7.72995,
1582,1132008321246547,26.366666666666667,7.440496,
1583,1132008337128020,26.383333333333333,7.752929,
1584,1132008353042590,26.4,7.794664,
1585,1132008368593414,26.416666666666668,7.466671,
1586,1132008384200066,26.433333333333334,7.468886,
1587,1132008400051105,26.45,7.835096,
1588,1132008415677326,26.466666666666665,7.484409,
1589,1132008431426490,26.483333333333334,7.532051,
1590,1132008446565908,26.5,7.094153,
1591,1132008462442375,26.516666666666666,7.490868,
1592,1132008478932419,26.53333333333333,7.81987,
1593,1132008494069067,26.55,7.114647,
1594,1132008510210786,26.566666666666666,7.939598,
1595,1132008526212912,26.583333333333332,7.853435,
1596,1132008542092551,26.599999999999998,7.787862,
1597,1132008557777813,26.616666666666667,7.465814,
1598,1132008573379951,26.633333333333333,7.48909,
1599,1132008589686624,26.65,8.13719,
1600,1132008604976005,26.666666666666668,7.47658,
1601,1132008620459880,26.683333333333334,7.454802,
1602,1132008635968358,26.7,7.45774,
1603,1132008651844404,26.716666666666665,7.823023,
1604,1132008667600303,26.733333333333334,7.46694,
1605,1132008683115740,26.75,7.427987,
1606,1132008698901054,26.766666666666666,7.437134,
1607,1132008715359562,26.78333333333333,7.688361,
1608,1132008730929253,26.8,7.707781,
1609,1132008746366298,26.816666666666666,7.412756,
1610,1132008762842757,26.833333333333332,8.121862,
1611,1132008778541845,26.849999999999998,7.398734,
1612,1132008794402836,26.866666666666667,7.795841,
1613,1132008809704581,26.883333333333333,7.469544,
1614,1132008825716036,26.9,7.694609,
1615,1132008841410199,26.916666666666668,7.445516,
1616,1132008857246057,26.933333333333334,7.763488,
1617,1132008874273852,26.95,7.418533,
1618,1132008890375113,26.966666666666665,7.943485,
1619,1132008906299265,26.983333333333334,7.522128,
1620,1132008921906851,27.0,7.492676,
1621,1132008937664060,27.016666666666666,7.577159,
1622,1132008953673419,27.03333333333333,7.951793,
1623,1132008968837460,27.05,7.703467,
1624,1132008984047667,27.066666666666666,7.444342,
1625,1132009000092985,27.083333333333332,7.749829,
1626,1132009016424934,27.099999999999998,7.929703,
1627,1132009031579055,27.116666666666667,7.543854,
1628,1132009047558900,27.133333333333333,7.846101,
1629,1132009062884721,27.15,7.558334,
1630,1132009079308218,27.166666666666668,7.76769,
1631,1132009094809984,27.183333333333334,7.88319,
1632,1132009109716158,27.2,7.510208,
1633,1132009125956467,27.216666666666665,7.834554,
1634,1132009141185001,27.233333333333334,7.389957,
1635,1132009157172657,27.25,7.56367,
1636,1132009172869949,27.266666666666666,7.574705,
1637,1132009188660623,27.28333333333333,7.680923,
1638,1132009204321303,27.3,7.461532,
1639,1132009219488996,27.316666666666666,7.548871,
1640,1132009234946900,27.333333333333332,7.55574,
1641,1132009251076956,27.349999999999998,7.949065,
1642,1132009266585177,27.366666666666667,7.622147,
1643,1132009282103240,27.383333333333333,7.436171,
1644,1132009297698138,27.4,7.48933,
1645,1132009313838623,27.416666666666668,7.547769,
1646,1132009329481229,27.433333333333334,7.586821,
1647,1132009345125350,27.45,7.523322,
1648,1132009360926905,27.466666666666665,7.580192,
1649,1132009377087278,27.483333333333334,7.676641,
1650,1132009392771537,27.5,7.592281,
1651,1132009408605461,27.516666666666666,7.734572,
1652,1132009424254267,27.53333333333333,7.451482,
1653,1132009439846991,27.55,7.679426,
1654,1132009455855750,27.566666666666666,7.861067,
1655,1132009471433759,27.583333333333332,7.785235,
1656,1132009486311571,27.599999999999998,7.634275,
1657,1132009502312758,27.616666666666667,7.861968,
1658,1132009518153469,27.633333333333333,7.606882,
1659,1132009534279748,27.65,7.926948,
1660,1132009551168377,27.666666666666668,8.712156,
1661,1132009566450438,27.683333333333334,7.47489,
1662,1132009582177715,27.7,7.406285,
1663,1132009598137975,27.716666666666665,7.449969,
1664,1132009614173276,27.733333333333334,7.484125,
1665,1132009630172792,27.75,7.866397,
1666,1132009645748717,27.766666666666666,7.451977,
1667,1132009661302512,27.78333333333333,7.410551,
1668,1132009677852360,27.8,7.719188,
1669,1132009693141072,27.816666666666666,7.440056,
1670,1132009709155355,27.833333333333332,7.750931,
1671,1132009725068554,27.849999999999998,7.781885,
1672,1132009740861201,27.866666666666667,7.567509,
1673,1132009756515620,27.883333333333333,7.535378,
1674,1132009772309984,27.9,7.706757,
1675,1132009787989539,27.916666666666668,7.823792,
1676,1132009803860392,27.933333333333334,7.404856,
1677,1132009819521029,27.95,7.514162,
1678,1132009835147579,27.966666666666665,7.49663,
1679,1132009851118052,27.983333333333334,7.864266,
1680,1132009867435264,28.0,7.529634,
1681,1132009882830641,28.016666666666666,7.303154,
1682,1132009898493572,28.03333333333333,7.46144,
1683,1132009914573728,28.05,7.921473,
1684,1132009930141437,28.066666666666666,7.418115,
1685,1132009945943704,28.083333333333332,7.693286,
1686,1132009968740836,28.099999999999998,11.992072,
1687,1132009985240311,28.116666666666667,7.83556,
1688,1132010000817858,28.133333333333333,7.564007,
1689,1132010017030365,28.15,8.050616,
1690,1132010032742203,28.166666666666668,8.017003,
1691,1132010048554475,28.183333333333334,7.628067,
1692,1132010064136911,28.2,7.452052,
1693,1132010080121769,28.216666666666665,7.812644,
1694,1132010096389185,28.233333333333334,7.764199,
1695,1132010111918141,28.25,7.339715,
1696,1132010127547705,28.266666666666666,7.415656,
1697,1132010143358435,28.28333333333333,7.666646,
1698,1132010159140712,28.3,7.330921,
1699,1132010174816935,28.316666666666666,7.430683,
1700,1132010191157510,28.333333333333332,8.163155,
1701,1132010206408287,28.349999999999998,7.435032,
1702,1132010222136575,28.366666666666667,7.356272,
1703,1132010237981130,28.383333333333333,7.57798,
1704,1132010253611187,28.4,7.916407,
1705,1132010269880204,28.416666666666668,8.086931,
1706,1132010285379252,28.433333333333334,7.489929,
1707,1132010301356534,28.45,7.783423,
1708,1132010316954335,28.466666666666665,7.527957,
1709,1132010332812725,28.483333333333334,7.861993,
1710,1132010348622268,28.5,7.423307,
1711,1132010364227571,28.516666666666666,7.42792,
1712,1132010379763887,28.53333333333333,7.428344,
1713,1132010396169341,28.55,7.794461,
1714,1132010411794811,28.566666666666666,7.502828,
1715,1132010427369785,28.583333333333332,7.409496,
1716,1132010442876124,28.599999999999998,7.418191,
1717,1132010459157081,28.616666666666667,7.570905,
1718,1132010475608521,28.633333333333333,8.007544,
1719,1132010490465107,28.65,7.391323,
1720,1132010505996943,28.666666666666668,7.281938,
1721,1132010521583449,28.683333333333334,7.401641,
1722,1132010536804484,28.7,7.349969,
1723,1132010552471912,28.716666666666665,7.458575,
1724,1132010568156657,28.733333333333334,7.46003,
1725,1132010583759306,28.75,7.360525,
1726,1132010599131285,28.766666666666666,7.296184,
1727,1132010614758519,28.78333333333333,7.469672,
1728,1132010630550601,28.8,8.01739,
1729,1132010646181710,28.816666666666666,7.487354,
1730,1132010661928782,28.833333333333332,7.727301,
1731,1132010677476595,28.849999999999998,7.483443,
1732,1132010693521991,28.866666666666667,7.48474,
1733,1132010708684647,28.883333333333333,7.446166,
1734,1132010724309968,28.9,7.461208,
1735,1132010739905101,28.916666666666668,7.53166,
1736,1132010755918501,28.933333333333334,7.507376,
1737,1132010771618368,28.95,7.588434,
1738,1132010787395856,28.966666666666665,7.664287,
1739,1132010802145108,28.983333333333334,7.507248,
1740,1132010818194688,29.0,7.552322,
1741,1132010834099522,29.016666666666666,7.828177,
1742,1132010850053092,29.03333333333333,7.818623,
1743,1132010867681905,29.05,9.480448,
1744,1132010883275250,29.066666666666666,7.412934,
1745,1132010898837095,29.083333333333332,7.514392,
1746,1132010914581773,29.099999999999998,7.73226,
1747,1132010930844380,29.116666666666667,7.942835,
1748,1132010946311856,29.133333333333333,7.422049,
1749,1132010961914536,29.15,7.460894,
1750,1132010977383021,29.166666666666668,7.440246,
1751,1132010993532084,29.183333333333334,7.824844,
1752,1132011009299987,29.2,7.490969,
1753,1132011025360558,29.216666666666665,7.889591,
1754,1132011040972295,29.233333333333334,7.801209,
1755,1132011056760184,29.25,7.582084,
1756,1132011072463467,29.266666666666666,7.334018,
1757,1132011088092981,29.28333333333333,7.444573,
1758,1132011103721061,29.3,7.558579,
1759,1132011119814399,29.316666666666666,7.512139,
1760,1132011135380604,29.333333333333332,7.602727,
1761,1132011151107193,29.349999999999998,7.471504,
1762,1132011166736955,29.366666666666667,7.521091,
1763,1132011182340459,29.383333333333333,7.645002,
1764,1132011197989565,29.4,7.625999,
1765,1132011213706180,29.416666666666668,7.427387,
1766,1132011229859018,29.433333333333334,8.054192,
1767,1132011245432557,29.45,7.484946,
1768,1132011261374685,29.466666666666665,7.876166,
1769,1132011276684494,29.483333333333334,7.779108,
1770,1132011292736870,29.5,7.829971,
1771,1132011308323787,29.516666666666666,7.495685,
1772,1132011323383861,29.53333333333333,7.503261,
1773,1132011338995170,29.55,7.525906,
1774,1132011354971477,29.566666666666666,7.529721,
1775,1132011370537147,29.583333333333332,7.559382,
1776,1132011385686283,29.599999999999998,9.303505,
1777,1132011401910318,29.616666666666667,8.134325,
1778,1132011417564699,29.633333333333333,7.558572,
1779,1132011433110937,29.65,7.447339,
1780,1132011448576189,29.666666666666668,9.60098,
1781,1132011464130109,29.683333333333334,7.43761,
1782,1132011479870793,29.7,7.548651,
1783,1132011495510805,29.716666666666665,7.545758,
1784,1132011511096687,29.733333333333334,7.506297,
1785,1132011527101201,29.75,7.902057,
1786,1132011542748608,29.766666666666666,7.558022,
1787,1132011558335740,29.78333333333333,7.522878,
1788,1132011573814185,29.8,7.51627,
1789,1132011590223250,29.816666666666666,8.328207,
1790,1132011605823057,29.833333333333332,7.454297,
1791,1132011621458212,29.849999999999998,7.50695,
1792,1132011636992488,29.866666666666667,7.460784,
1793,1132011652668626,29.883333333333333,7.525803,
1794,1132011668416683,29.9,7.409844,
1795,1132011683990593,29.916666666666668,7.512147,
1796,1132011699500222,29.933333333333334,7.437727,
1797,1132011715810289,29.95,7.865704,
1798,1132011731344550,29.966666666666665,7.386159,
1799,1132011746986359,29.983333333333334,7.522661,
1800,1132011762912752,30.0,7.798351,
1801,1132011779024884,30.016666666666666,7.579112,
1802,1132011794500320,30.03333333333333,7.424225,
1803,1132011810214700,30.05,7.58067,
1804,1132011825664139,30.066666666666666,7.470651,
1805,1132011841265765,30.083333333333332,7.587801,
1806,1132011857268076,30.099999999999998,7.892924,
1807,1132011872848718,30.116666666666667,7.476032,
1808,1132011888871728,30.133333333333333,7.934603,
1809,1132011904496990,30.15,7.537317,
1810,1132011919995508,30.166666666666668,7.483822,
1811,1132011935649000,30.183333333333334,7.539835,
1812,1132011951664637,30.2,7.912661,
1813,1132011967935375,30.216666666666665,7.898591,
1814,1132011983393492,30.233333333333334,7.854636,
1815,1132011999408657,30.25,7.79875,
1816,1132012014869361,30.266666666666666,8.207277,
1817,1132012030810919,30.28333333333333,7.756882,
1818,1132012046098955,30.3,7.375026,
1819,1132012061721628,30.316666666666666,7.441844,
1820,1132012078038423,30.333333333333332,7.593052,
1821,1132012093745384,30.349999999999998,7.596415,
1822,1132012109250128,30.366666666666667,7.334926,
1823,1132012124911031,30.383333333333333,7.503556,
1824,1132012141058303,30.4,7.899679,
1825,1132012157288823,30.416666666666668,8.038769,
1826,1132012172894556,30.433333333333334,7.469402,
1827,1132012188697383,30.45,8.004481,
1828,1132012204619297,30.466666666666665,7.507725,
1829,1132012220304129,30.483333333333334,7.605525,
1830,1132012235826713,30.5,7.516768,
1831,1132012251839000,30.516666666666666,7.905724,
1832,1132012267834862,30.53333333333333,7.829735,
1833,1132012283451390,30.55,7.453891,
1834,1132012299058983,30.566666666666666,7.831714,
1835,1132012314470432,30.583333333333332,7.57276,
1836,1132012330088835,30.599999999999998,7.525754,
1837,1132012345649788,30.616666666666667,7.521987,
1838,1132012361230010,30.633333333333333,7.559576,
1839,1132012377315684,30.65,7.631609,
1840,1132012393009170,30.666666666666668,7.572041,
1841,1132012408891004,30.683333333333334,7.90342,
1842,1132012424445272,30.7,7.434064,
1843,1132012440244972,30.716666666666665,7.801293,
1844,1132012456020099,30.733333333333334,7.585209,
1845,1132012471963041,30.75,7.896222,
1846,1132012487851649,30.766666666666666,7.772691,
1847,1132012503171453,30.78333333333333,7.384841,
1848,1132012518850056,30.8,7.489628,
1849,1132012534381832,30.816666666666666,7.360348,
1850,1132012550339426,30.833333333333332,7.850831,
1851,1132012565810827,30.849999999999998,7.386316,
1852,1132012581591287,30.866666666666667,7.450826,
1853,1132012597040133,30.883333333333333,7.366805,
1854,1132012613177022,30.9,8.057013,
1855,1132012628934532,30.916666666666668,7.524119,
1856,1132012644514927,30.933333333333334,7.499605,
1857,1132012660225217,30.95,7.475803,
1858,1132012676568335,30.966666666666665,7.474986,
1859,1132012692398496,30.983333333333334,7.407766,
1860,1132012707906370,31.0,7.436155,
1861,1132012723892833,31.016666666666666,7.826947,
1862,1132012740158332,31.03333333333333,7.795877,
1863,1132012755829684,31.05,7.505538,
1864,1132012771771521,31.066666666666666,7.760037,
1865,1132012787563027,31.083333333333332,7.873868,
1866,1132012802795641,31.099999999999998,7.54354,
1867,1132012818386534,31.116666666666667,7.557238,
1868,1132012833141804,31.133333333333333,6.92217,
1869,1132012849031996,31.15,7.765242,
1870,1132012865454440,31.166666666666668,7.773448,
1871,1132012881041125,31.183333333333334,7.401617,
1872,1132012896642727,31.2,7.515306,
1873,1132012912655216,31.216666666666665,7.927048,
1874,1132012928574375,31.233333333333334,7.433013,
1875,1132012944249015,31.25,7.472642,
1876,1132012959780336,31.266666666666666,7.34126,
1877,1132012975831430,31.28333333333333,7.497347,
1878,1132012991432420,31.3,7.452592,
1879,1132013007067249,31.316666666666666,7.49151,
1880,1132013022604760,31.333333333333332,7.420098,
1881,1132013038706413,31.349999999999998,7.532374,
1882,1132013054447591,31.366666666666667,7.512866,
1883,1132013070176019,31.383333333333333,7.605374,
1884,1132013085622466,31.4,7.371296,
1885,1132013101607961,31.416666666666668,7.713517,
1886,1132013117563907,31.433333333333334,7.859236,
1887,1132013133101408,31.45,7.74252,
1888,1132013149246465,31.466666666666665,8.109146,
1889,1132013171337237,31.483333333333334,11.206297,
1890,1132013186512136,31.5,11.290025,
1891,1132013201439239,31.516666666666666,11.58791,
1892,1132013217147607,31.53333333333333,12.11726,
1893,1132013232552917,31.55,11.822745,
1894,1132013248469880,31.566666666666666,12.327441,
1895,1132013264208255,31.583333333333332,12.147599,
1896,1132013279930225,31.599999999999998,11.807304,
1897,1132013296032982,31.616666666666667,11.777086,
1898,1132013311319778,31.633333333333333,11.706128,
1899,1132013327091625,31.65,12.096253,
1900,1132013342824570,31.666666666666668,11.836904,
1901,1132013358456635,31.683333333333334,11.689308,
1902,1132013374213775,31.7,12.167009,
1903,1132013390636285,31.716666666666665,12.830973,
1904,1132013406081943,31.733333333333334,12.083911,
1905,1132013422290887,31.75,12.206594,
1906,1132013437987735,31.766666666666666,11.997913,
1907,1132013453759309,31.78333333333333,12.178028,
1908,1132013469439307,31.8,11.770633,
1909,1132013484979072,31.816666666666666,11.94349,
1910,1132013500319668,31.833333333333332,11.755417,
1911,1132013516760464,31.849999999999998,12.852885,
1912,1132013532630447,31.866666666666667,12.010808,
1913,1132013543402715,31.883333333333333,7.153585,
1914,1132013559054934,31.9,7.632287,
1915,1132013575272771,31.916666666666668,8.042987,
1916,1132013590446539,31.933333333333334,7.370944,
1917,1132013606056170,31.95,7.470471,
1918,1132013621348284,31.966666666666665,7.477124,
1919,1132013637400614,31.983333333333334,7.474873,
1920,1132013653095540,32.0,7.599118,
1921,1132013668313376,32.016666666666666,7.617494,
1922,1132013684234704,32.03333333333333,7.809723,
1923,1132013700477421,32.05,7.986099,
1924,1132013715923407,32.06666666666666,7.541997,
1925,1132013732077346,32.083333333333336,7.941909,
1926,1132013747436698,32.1,7.51194,
1927,1132013763185915,32.11666666666667,7.625146,
1928,1132013778250542,32.13333333333333,7.573944,
1929,1132013793894087,32.15,7.526681,
1930,1132013809986534,32.166666666666664,8.047218,
1931,1132013825635473,32.18333333333333,7.503737,
1932,1132013840404193,32.2,7.586601,
1933,1132013855932967,32.21666666666667,7.629076,
1934,1132013872417867,32.233333333333334,7.693893,
1935,1132013888154752,32.25,7.517889,
1936,1132013903800754,32.266666666666666,7.507785,
1937,1132013919413101,32.28333333333333,7.576882,
1938,1132013935950065,32.3,7.83429,
1939,1132013951167502,32.31666666666666,7.447846,
1940,1132013966589645,32.333333333333336,7.59175,
1941,1132013982564944,32.35,7.842048,
1942,1132013998793800,32.36666666666667,7.855591,
1943,1132014019777081,32.38333333333333,11.868301,
1944,1132014035142875,32.4,11.77865,
1945,1132014050869878,32.416666666666664,12.143447,
1946,1132014066862264,32.43333333333333,12.401357,
1947,1132014082411634,32.45,11.5801,
1948,1132014098705888,32.46666666666667,12.431849,
1949,1132014114825498,32.483333333333334,12.159052,
1950,1132014130563730,32.5,12.098653,
1951,1132014149768550,32.516666666666666,7.615549,
1952,1132014165440015,32.53333333333333,7.580246,
1953,1132014181427969,32.55,7.532591,
1954,1132014197098771,32.56666666666666,7.498008,
1955,1132014212842305,32.583333333333336,7.577756,
1956,1132014228724354,32.6,7.749143,
1957,1132014243878767,32.61666666666667,7.480935,
1958,1132014259546512,32.63333333333333,7.576778,
1959,1132014275144574,32.65,7.499699,
1960,1132014291586111,32.666666666666664,8.274799,
1961,1132014307124191,32.68333333333333,7.418248,
1962,1132014322502732,32.7,7.342103,
1963,1132014338534300,32.71666666666667,7.876174,
1964,1132014354204839,32.733333333333334,7.922156,
1965,1132014370111649,32.75,7.763468,
1966,1132014385439491,32.766666666666666,7.46886,
1967,1132014401063674,32.78333333333333,7.471092,
1968,1132014416924468,32.8,7.369418,
1969,1132014432522719,32.81666666666666,7.415631,
1970,1132014448175477,32.833333333333336,7.496129,
1971,1132014463778408,32.85,7.442485,
1972,1132014479766169,32.86666666666667,7.452655,
1973,1132014495648970,32.88333333333333,7.419481,
1974,1132014511373216,32.9,7.554942,
1975,1132014527613610,32.916666666666664,8.083737,
1976,1132014542486757,32.93333333333333,7.472446,
1977,1132014558006638,32.95,7.454013,
1978,1132014573546431,32.96666666666667,7.400112,
1979,1132014589595567,32.983333333333334,7.917506,
1980,1132014605219858,33.0,7.382016,
1981,1132014620838483,33.016666666666666,7.492179,
1982,1132014636433685,33.03333333333333,7.44443,
1983,1132014652637002,33.05,8.048082,
1984,1132014667464569,33.06666666666666,7.336614,
1985,1132014688837936,33.083333333333336,12.365967,
1986,1132014706312740,33.1,13.574621,
1987,1132014726190662,33.11666666666667,7.651222,
1988,1132014741831375,33.13333333333333,7.476582,
1989,1132014757146577,33.15,7.398609,
1990,1132014773498606,33.166666666666664,8.220702,
1991,1132014789142419,33.18333333333333,7.573462,
1992,1132014804849723,33.2,7.578483,
1993,1132014820041339,33.21666666666667,7.554537,
1994,1132014836130335,33.233333333333334,7.646392,
1995,1132014852128753,33.25,7.855687,
1996,1132014867351284,33.266666666666666,7.415401,
1997,1132014882959616,33.28333333333333,7.473038,
1998,1132014899159897,33.3,7.527862,
1999,1132014914892329,33.31666666666666,7.561875,
2000,1132014930823199,33.333333333333336,7.867583,
2001,1132014946055326,33.35,7.484625,
2002,1132014962058297,33.36666666666667,7.425837,
2003,1132014977761131,33.38333333333333,7.519972,
2004,1132014993339104,33.4,7.495928,
2005,1132015009698157,33.416666666666664,8.314801,
2006,1132015024959639,33.43333333333333,7.468828,
2007,1132015040865153,33.45,7.76741,
2008,1132015056419261,33.46666666666667,7.461759,
2009,1132015072708394,33.483333333333334,8.150298,
2010,1132015088196629,33.5,7.635304,
2011,1132015103552999,33.516666666666666,7.440826,
2012,1132015118886952,33.53333333333333,7.486083,
2013,1132015134933148,33.55,7.624474,
2014,1132015150483647,33.56666666666666,7.554209,
2015,1132015166038862,33.583333333333336,7.557527,
2016,1132015182273907,33.6,7.501394,
2017,1132015198227525,33.61666666666667,7.493658,
2018,1132015213834820,33.63333333333333,7.409551,
2019,1132015229592430,33.65,7.516955,
2020,1132015245630986,33.666666666666664,7.900577,
2021,1132015261290913,33.68333333333333,7.562136,
2022,1132015276332654,33.7,7.617614,
2023,1132015291857461,33.71666666666667,7.486418,
2024,1132015307719918,33.733333333333334,7.761562,
2025,1132015323842226,33.75,7.946287,
2026,1132015338833674,33.766666666666666,7.390571,
2027,1132015354824292,33.78333333333333,7.846724,
2028,1132015370179779,33.8,7.937638,
2029,1132015385647353,33.81666666666666,7.430451,
2030,1132015401552669,33.833333333333336,7.82368,
2031,1132015417493915,33.85,7.738986,
2032,1132015432633333,33.86666666666667,7.401212,
2033,1132015448366607,33.88333333333333,7.55218,
2034,1132015463947624,33.9,7.456936,
2035,1132015479314708,33.916666666666664,7.556654,
2036,1132015495404934,33.93333333333333,7.814535,
2037,1132015510805755,33.95,7.560013,
2038,1132015526350184,33.96666666666667,7.458997,
2039,1132015541984266,33.983333333333334,7.480314,
2040,1132015557961524,34.0,7.543058,
2041,1132015573455341,34.016666666666666,7.574158,
2042,1132015589192666,34.03333333333333,7.444946,
2043,1132015604777683,34.05,7.483952,
2044,1132015620840691,34.06666666666666,7.55316,
2045,1132015636492854,34.083333333333336,7.483462,
2046,1132015652408563,34.1,7.530392,
2047,1132015668644450,34.11666666666667,8.187528,
2048,1132015683502138,34.13333333333333,7.416793,
2049,1132015698986943,34.15,7.459695,
2050,1132015714448102,34.166666666666664,7.57377,
2051,1132015730520835,34.18333333333333,7.930348,
2052,1132015746048791,34.2,7.496028,
2053,1132015762285158,34.21666666666667,8.20834,
2054,1132015777522393,34.233333333333334,7.431035,
2055,1132015793560730,34.25,7.611781,
2056,1132015809260628,34.266666666666666,7.512134,
2057,1132015825214775,34.28333333333333,7.772284,
2058,1132015840795884,34.3,7.810171,
2059,1132015857381999,34.31666666666666,8.466764,
2060,1132015872944148,34.333333333333336,7.459294,
2061,1132015888620826,34.35,7.569446,
2062,1132015904187310,34.36666666666667,7.468345,
2063,1132015920284659,34.38333333333333,7.801276,
2064,1132015935596395,34.4,7.428689,
2065,1132015951072977,34.416666666666664,7.463867,
2066,1132015966501657,34.43333333333333,7.410276,
2067,1132015982679009,34.45,7.953046,
2068,1132015997822360,34.46666666666667,7.401522,
2069,1132016013420453,34.483333333333334,7.470263,
2070,1132016029222151,34.5,7.816061,
2071,1132016044849993,34.516666666666666,7.422799,
2072,1132016060608214,34.53333333333333,7.744402,
2073,1132016075810313,34.55,7.477218,
2074,1132016091515868,34.56666666666666,7.537851,
2075,1132016107360928,34.583333333333336,7.790848,
2076,1132016122456732,34.6,7.436067,
2077,1132016137998096,34.61666666666667,7.374954,
2078,1132016153614159,34.63333333333333,7.447838,
2079,1132016169127126,34.65,7.415635,
2080,1132016184736797,34.666666666666664,7.483416,
2081,1132016200335575,34.68333333333333,7.396863,
2082,1132016216607382,34.7,7.80862,
2083,1132016232011230,34.71666666666667,7.521809,
2084,1132016247623906,34.733333333333334,7.481362,
2085,1132016263536945,34.75,7.785103,
2086,1132016279570496,34.766666666666666,7.399717,
2087,1132016295488204,34.78333333333333,7.450896,
2088,1132016311242957,34.8,7.473402,
2089,1132016327189390,34.81666666666666,7.822093,
2090,1132016343124407,34.833333333333336,7.510406,
2091,1132016358721575,34.85,7.522606,
2092,1132016374448667,34.86666666666667,7.690257,
2093,1132016390446007,34.88333333333333,7.904887,
2094,1132016406228360,34.9,7.657302,
2095,1132016421282366,34.916666666666664,7.555422,
2096,1132016436913612,34.93333333333333,7.528439,
2097,1132016452959405,34.95,7.931186,
2098,1132016469089815,34.96666666666667,7.737395,
2099,1132016484843172,34.983333333333334,7.566179,
2100,1132016500473480,35.0,7.517711,
2101,1132016516612736,35.016666666666666,7.595434,
2102,1132016532072584,35.03333333333333,7.441613,
2103,1132016547654698,35.05,7.495015,
2104,1132016563267402,35.06666666666666,7.48074,
2105,1132016579265250,35.083333333333336,7.544946,
2106,1132016594817735,35.1,7.542824,
2107,1132016610708534,35.11666666666667,7.857238,
2108,1132016626353036,35.13333333333333,7.494416,
2109,1132016642190697,35.15,7.677248,
2110,1132016658203689,35.166666666666664,7.796024,
2111,1132016673856281,35.18333333333333,7.50047,
2112,1132016690364275,35.2,8.296395,
2113,1132016705744758,35.21666666666667,7.537879,
2114,1132016721873007,35.233333333333334,7.90725,
2115,1132016736608527,35.25,7.538108,
2116,1132016752919478,35.266666666666666,7.868335,
2117,1132016768638486,35.28333333333333,7.548093,
2118,1132016784258454,35.3,7.488396,
2119,1132016799712987,35.31666666666666,7.619046,
2120,1132016815695791,35.333333333333336,7.535586,
2121,1132016830962343,35.35,7.623991,
2122,1132016846956618,35.36666666666667,7.882527,
2123,1132016862381090,35.38333333333333,7.306563,
2124,1132016878415108,35.4,7.630595,
2125,1132016894165893,35.416666666666664,7.633636,
2126,1132016909768114,35.43333333333333,7.548165,
2127,1132016925339175,35.45,7.513621,
2128,1132016940754014,35.46666666666667,7.626455,
2129,1132016956457943,35.483333333333334,7.501328,
2130,1132016972164001,35.5,7.539243,
2131,1132016988147148,35.516666666666666,7.886062,
2132,1132017004101358,35.53333333333333,7.700254,
2133,1132017019749325,35.55,7.588179,
2134,1132017035130243,35.56666666666666,7.394834,
2135,1132017051299448,35.583333333333336,8.019597,
2136,1132017066886125,35.6,7.495042,
2137,1132017082435787,35.61666666666667,7.587406,
2138,1132017098151623,35.63333333333333,7.637415,
2139,1132017114033299,35.65,7.665295,
2140,1132017129681378,35.666666666666664,7.530365,
2141,1132017145581561,35.68333333333333,7.465488,
2142,1132017161012112,35.7,7.577938,
2143,1132017177084821,35.71666666666667,7.532659,
2144,1132017192818490,35.733333333333334,7.562081,
2145,1132017208406939,35.75,7.527355,
2146,1132017224361800,35.766666666666666,7.768597,
2147,1132017240663835,35.78333333333333,7.673728,
2148,1132017256753416,35.8,7.964259,
2149,1132017272122325,35.81666666666666,7.922268,
2150,1132017288246563,35.833333333333336,8.321207,
2151,1132017310209368,35.85,14.110771,
2152,1132017326279856,35.86666666666667,7.973001,
2153,1132017341436339,35.88333333333333,7.63562,
2154,1132017357819356,35.9,7.892363,
2155,1132017373119462,35.916666666666664,7.492824,
2156,1132017388889605,35.93333333333333,7.737753,
2157,1132017404366325,35.95,7.624313,
2158,1132017420525959,35.96666666666667,7.567799,
2159,1132017436251822,35.983333333333334,7.584988,
2160,1132017451836426,36.0,7.550383,
2161,1132017467911265,36.016666666666666,7.996157,
2162,1132017483645671,36.03333333333333,7.603044,
2163,1132017499305800,36.05,7.569501,
2164,1132017514375318,36.06666666666666,7.520673,
2165,1132017530603156,36.083333333333336,8.020536,
2166,1132017546825809,36.1,7.847035,
2167,1132017562195214,36.11666666666667,7.572446,
2168,1132017577667929,36.13333333333333,7.941197,
2169,1132017593737354,36.15,7.969391,
2170,1132017608348246,36.166666666666664,7.777308,
2171,1132017623970810,36.18333333333333,7.467986,
2172,1132017639577872,36.2,7.424762,
2173,1132017655759497,36.21666666666667,8.072649,
2174,1132017671384817,36.233333333333334,7.423923,
2175,1132017687254968,36.25,7.807026,
2176,1132017702763166,36.266666666666666,7.592979,
2177,1132017719097783,36.28333333333333,8.212144,
2178,1132017734829653,36.3,7.610533,
2179,1132017750493089,36.31666666666666,7.534063,
2180,1132017766536348,36.333333333333336,7.852711,
2181,1132017782591231,36.35,7.869607,
2182,1132017798241848,36.36666666666667,7.446245,
2183,1132017813936778,36.38333333333333,7.504166,
2184,1132017830340897,36.4,8.151929,
2185,1132017845284483,36.416666666666664,7.567448,
2186,1132017862257102,36.43333333333333,8.875867,
2187,1132017877991664,36.45,7.652145,
2188,1132017893864947,36.46666666666667,7.435869,
2189,1132017909559027,36.483333333333334,7.537498,
2190,1132017925209289,36.5,7.448272,
2191,1132017940864056,36.516666666666666,7.497205,
2192,1132017957262676,36.53333333333333,7.795661,
2193,1132017972866656,36.55,7.546479,
2194,1132017988230557,36.56666666666666,7.505642,
2195,1132018003877657,36.583333333333336,7.568686,
2196,1132018019718646,36.6,7.596831,
2197,1132018035483130,36.61666666666667,7.707848,
2198,1132018051125607,36.63333333333333,7.731612,
2199,1132018067141154,36.65,7.902498,
2200,1132018082573768,36.666666666666664,7.513606,
2201,1132018098745496,36.68333333333333,7.753509,
2202,1132018114272015,36.7,7.564051,
2203,1132018130358354,36.71666666666667,7.992684,
2204,1132018146111693,36.733333333333334,7.56979,
2205,1132018162061486,36.75,7.803957,
2206,1132018177719264,36.766666666666666,7.522054,
2207,1132018193410948,36.78333333333333,7.488942,
2208,1132018209239972,36.8,7.711992,
2209,1132018224664479,36.81666666666666,7.508951,
2210,1132018240255453,36.833333333333336,7.487406,
2211,1132018256168806,36.85,7.402677,
2212,1132018271780934,36.86666666666667,7.504594,
2213,1132018287284903,36.88333333333333,7.429985,
2214,1132018303011387,36.9,8.070251,
2215,1132018319306581,36.916666666666664,7.902382,
2216,1132018335271953,36.93333333333333,7.822388,
2217,1132018350659475,36.95,7.554083,
2218,1132018366492421,36.96666666666667,7.68482,
2219,1132018382549626,36.983333333333334,7.555745,
2220,1132018398165776,37.0,7.403243,
2221,1132018414080832,37.016666666666666,7.864851,
2222,1132018430127758,37.03333333333333,7.93694,
2223,1132018445712651,37.05,7.486743,
2224,1132018461345247,37.06666666666666,7.418309,
2225,1132018477351464,37.083333333333336,7.849224,
2226,1132018493460525,37.1,7.946295,
2227,1132018509422496,37.11666666666667,7.848009,
2228,1132018524155997,37.13333333333333,7.510064,
2229,1132018539820419,37.15,7.620486,
2230,1132018556171753,37.166666666666664,8.16476,
2231,1132018571420781,37.18333333333333,7.454834,
2232,1132018586714717,37.2,7.435303,
2233,1132018602550649,37.21666666666667,7.52782,
2234,1132018618619746,37.233333333333334,7.43174,
2235,1132018633909362,37.25,7.465861,
2236,1132018649499406,37.266666666666666,7.423348,
2237,1132018665276974,37.28333333333333,7.529449,
2238,1132018681773870,37.3,7.556092,
2239,1132018697330799,37.31666666666666,7.365226,
2240,1132018713249755,37.333333333333336,7.819126,
2241,1132018728763290,37.35,7.932723,
2242,1132018744628354,37.36666666666667,7.458032,
2243,1132018760157967,37.38333333333333,7.376641,
2244,1132018775776952,37.4,7.44462,
2245,1132018792061023,37.416666666666664,8.035183,
2246,1132018807556947,37.43333333333333,7.436746,
2247,1132018823126104,37.45,7.482415,
2248,1132018838676157,37.46666666666667,7.447054,
2249,1132018854688701,37.483333333333334,7.470071,
2250,1132018870644152,37.5,7.479539,
2251,1132018886199750,37.516666666666666,7.472999,
2252,1132018901858274,37.53333333333333,7.463357,
2253,1132018918070121,37.55,7.507172,
2254,1132018933779026,37.56666666666666,7.538884,
2255,1132018949586441,37.583333333333336,7.472895,
2256,1132018965271482,37.6,7.444499,
2257,1132018981308106,37.61666666666667,7.458856,
2258,1132018996856632,37.63333333333333,7.491031,
2259,1132019012492802,37.65,7.480642,
2260,1132019028469854,37.666666666666664,7.950861,
2261,1132019044125084,37.68333333333333,7.470163,
2262,1132019059707599,37.7,7.45586,
2263,1132019081092755,37.71666666666667,11.85971,
2264,1132019097200052,37.733333333333334,12.209708,
2265,1132019113274686,37.75,12.429195,
2266,1132019128609097,37.766666666666666,11.748541,
2267,1132019139954702,37.78333333333333,7.490281,
2268,1132019156162506,37.8,7.670813,
2269,1132019171348373,37.81666666666666,7.566339,
2270,1132019187258130,37.833333333333336,7.779065,
2271,1132019202845012,37.85,7.470165,
2272,1132019219078218,37.86666666666667,7.476268,
2273,1132019234980790,37.88333333333333,7.707076,
2274,1132019250582423,37.9,7.44609,
2275,1132019266190093,37.916666666666664,7.457952,
2276,1132019281813294,37.93333333333333,7.473541,
2277,1132019297426138,37.95,7.442313,
2278,1132019313463802,37.96666666666667,7.607089,
2279,1132019329131719,37.983333333333334,8.121881,
2280,1132019345110448,38.0,7.763163,
2281,1132019360415345,38.016666666666666,7.43088,
2282,1132019376488664,38.03333333333333,7.814312,
2283,1132019392441984,38.05,8.056339,
2284,1132019407780295,38.06666666666666,7.499656,
2285,1132019423414888,38.083333333333336,7.523608,
2286,1132019438878168,38.1,7.334793,
2287,1132019454754535,38.11666666666667,7.34016,
2288,1132019470385994,38.13333333333333,7.464952,
2289,1132019485976262,38.15,7.505138,
2290,1132019501460101,38.166666666666664,7.334544,
2291,1132019517483372,38.18333333333333,7.395278,
2292,1132019533090009,38.2,7.434123,
2293,1132019549037278,38.21666666666667,7.759682,
2294,1132019564331899,38.233333333333334,7.356301,
2295,1132019580407312,38.25,7.369686,
2296,1132019595970128,38.266666666666666,7.413193,
2297,1132019611599132,38.28333333333333,7.482821,
2298,1132019627605413,38.3,7.792435,
2299,1132019643456844,38.31666666666666,7.384262,
2300,1132019659284938,38.333333333333336,7.720704,
2301,1132019674496699,38.35,7.392748,
2302,1132019690198388,38.36666666666667,7.576875,
2303,1132019705750725,38.38333333333333,7.387381,
2304,1132019721300331,38.4,7.349849,
2305,1132019736894762,38.416666666666664,7.466976,
2306,1132019752991839,38.43333333333333,7.923909,
2307,1132019768696215,38.45,7.551569,
2308,1132019784708632,38.46666666666667,7.583116,
2309,1132019800370840,38.483333333333334,7.570885,
2310,1132019816530484,38.5,7.447179,
2311,1132019832363020,38.516666666666666,7.81733,
2312,1132019848170004,38.53333333333333,7.646077,
2313,1132019863862352,38.55,7.794615,
2314,1132019879645434,38.56666666666666,7.357847,
2315,1132019895248464,38.583333333333336,7.43781,
2316,1132019910909357,38.6,7.547151,
2317,1132019926410959,38.61666666666667,8.017551,
2318,1132019942121658,38.63333333333333,7.550355,
2319,1132019957817721,38.65,7.548872,
2320,1132019973411132,38.666666666666664,7.420975,
2321,1132019989726913,38.68333333333333,8.364191,
2322,1132020005193026,38.7,7.340696,
2323,1132020021023466,38.71666666666667,7.609935,
2324,1132020036870496,38.733333333333334,7.802037,
2325,1132020052559833,38.75,7.877596,
2326,1132020068222726,38.766666666666666,7.89925,
2327,1132020084091157,38.78333333333333,7.747585,
2328,1132020099698657,38.8,7.860715,
2329,1132020115632649,38.81666666666666,7.830565,
2330,1132020130942589,38.833333333333336,7.549305,
2331,1132020146583363,38.85,7.601345,
2332,1132020161744674,38.86666666666667,7.426392,
2333,1132020178269722,38.88333333333333,7.916289,
2334,1132020193491259,38.9,7.479487,
2335,1132020208965537,38.916666666666664,7.46326,
2336,1132020224930070,38.93333333333333,7.936492,
2337,1132020240570505,38.95,7.867073,
2338,1132020255585899,38.96666666666667,7.579768,
2339,1132020270913122,38.983333333333334,7.564638,
2340,1132020286456520,39.0,7.806171,
2341,1132020302259837,39.016666666666666,7.864766,
2342,1132020317105093,39.03333333333333,7.481695,
2343,1132020332991429,39.05,7.877575,
2344,1132020348565735,39.06666666666666,8.213337,
2345,1132020364210796,39.083333333333336,7.900558,
2346,1132020379480353,39.1,7.536345,
2347,1132020396161282,39.11666666666667,8.612552,
2348,1132020411383075,39.13333333333333,8.03767,
2349,1132020426596867,39.15,7.515981,
2350,1132020442059553,39.166666666666664,7.449632,
2351,1132020457419320,39.18333333333333,7.343369,
2352,1132020473141955,39.2,7.957312,
2353,1132020488750867,39.21666666666667,7.486774,
2354,1132020504603612,39.233333333333334,7.519539,
2355,1132020520347013,39.25,7.460081,
2356,1132020536187493,39.266666666666666,7.813088,
2357,1132020551371586,39.28333333333333,7.433043,
2358,1132020567288457,39.3,7.786017,
2359,1132020582480154,39.31666666666666,7.346528,
2360,1132020598666962,39.333333333333336,7.385126,
2361,1132020614975045,39.35,8.301287,
2362,1132020629411773,39.36666666666667,7.513817,
2363,1132020644782565,39.38333333333333,7.365937,
2364,1132020661423731,39.4,7.873652,
2365,1132020676197258,39.416666666666664,7.416227,
2366,1132020692119546,39.43333333333333,7.799867,
2367,1132020707343618,39.45,7.375074,
2368,1132020722911597,39.46666666666667,7.391756,
2369,1132020738875011,39.483333333333334,7.856955,
2370,1132020753739310,39.5,7.427746,
2371,1132020769861930,39.516666666666666,8.104683,
2372,1132020785206224,39.53333333333333,7.469171,
2373,1132020801131716,39.55,7.776191,
2374,1132020816433431,39.56666666666666,7.40558,
2375,1132020832898211,39.583333333333336,8.460178,
2376,1132020848279154,39.6,7.713624,
2377,1132020863429943,39.61666666666667,7.41862,
2378,1132020878965895,39.63333333333333,7.462211,
2379,1132020894467225,39.65,7.519598,
2380,1132020909893067,39.666666666666664,7.370251,
2381,1132020925519499,39.68333333333333,7.472384,
2382,1132020941190137,39.7,7.530637,
2383,1132020957238594,39.71666666666667,7.511115,
2384,1132020972914712,39.733333333333334,7.598867,
2385,1132020988624882,39.75,7.542948,
2386,1132021004328907,39.766666666666666,7.60082,
2387,1132021020035791,39.78333333333333,7.644551,
2388,1132021035613217,39.8,7.403591,
2389,1132021051281485,39.81666666666666,7.500207,
2390,1132021067240179,39.833333333333336,7.925029,
2391,1132021083074018,39.85,7.829025,
2392,1132021097877870,39.86666666666667,7.415599,
2393,1132021113361750,39.88333333333333,7.464414,
2394,1132021129127269,39.9,8.004082,
2395,1132021144733421,39.916666666666664,7.520492,
2396,1132021160722748,39.93333333333333,7.502875,
2397,1132021176285328,39.95,7.582525,
2398,1132021192669996,39.96666666666667,8.283874,
2399,1132021208109185,39.983333333333334,7.585386,
2400,1132021223583203,40.0,7.461154,
2401,1132021239302854,40.016666666666666,7.465012,
2402,1132021255309103,40.03333333333333,7.820369,
2403,1132021270495598,40.05,7.451239,
2404,1132021286105837,40.06666666666666,7.475468,
2405,1132021301688698,40.083333333333336,7.604617,
2406,1132021317704700,40.1,7.529657,
2407,1132021333245118,40.11666666666667,7.527694,
2408,1132021349015520,40.13333333333333,7.75249,
2409,1132021363912807,40.15,7.518693,
2410,1132021380008233,40.166666666666664,7.432739,
2411,1132021395788369,40.18333333333333,7.807983,
2412,1132021411599796,40.2,8.034851,
2413,1132021427282240,40.21666666666667,8.052867,
2414,1132021442099214,40.233333333333334,7.487448,
2415,1132021457923983,40.25,7.820027,
2416,1132021473482472,40.266666666666666,7.495897,
2417,1132021489378834,40.28333333333333,7.95697,
2418,1132021505471337,40.3,7.851883,
2419,1132021521237598,40.31666666666666,7.777045,
2420,1132021536845913,40.333333333333336,7.537127,
2421,1132021553391092,40.35,8.484998,
2422,1132021567980625,40.36666666666667,7.701825,
2423,1132021583394866,40.38333333333333,7.554254,
2424,1132021599742663,40.4,8.32862,
2425,1132021615432632,40.416666666666664,7.961575,
2426,1132021630252437,40.43333333333333,7.945386,
2427,1132021645059768,40.45,7.627017,
2428,1132021660620127,40.46666666666667,7.502023,
2429,1132021676830646,40.483333333333334,7.576686,
2430,1132021691884984,40.5,7.513427,
2431,1132021707430160,40.516666666666666,7.510152,
2432,1132021722500032,40.53333333333333,7.595351,
2433,1132021738281311,40.55,7.555825,
2434,1132021753434459,40.56666666666666,7.624977,
2435,1132021769039391,40.583333333333336,7.985478,
2436,1132021784202157,40.6,7.586979,
2437,1132021800145962,40.61666666666667,7.833415,
2438,1132021815224230,40.63333333333333,7.539851,
2439,1132021830963863,40.65,7.558424,
2440,1132021846800716,40.666666666666664,7.624538,
2441,1132021862219728,40.68333333333333,7.580508,
2442,1132021877791012,40.7,7.521996,
2443,1132021893419557,40.71666666666667,7.534231,
2444,1132021909935574,40.733333333333334,8.414196,
2445,1132021925342569,40.75,7.522008,
2446,1132021941206238,40.766666666666666,7.749106,
2447,1132021956457555,40.78333333333333,7.34494,
2448,1132021972516409,40.8,7.88689,
2449,1132021988050074,40.81666666666666,7.40155,
2450,1132022003924473,40.833333333333336,7.712849,
2451,1132022019221713,40.85,7.07098,
2452,1132022035755346,40.86666666666667,7.793142,
2453,1132022051478334,40.88333333333333,7.551877,
2454,1132022067132095,40.9,7.542346,
2455,1132022082606913,40.916666666666664,7.324768,
2456,1132022098746726,40.93333333333333,7.427411,
2457,1132022114287906,40.95,7.428296,
2458,1132022129993662,40.96666666666667,7.489955,
2459,1132022145611075,40.983333333333334,7.545696,
2460,1132022161666560,41.0,7.522871,
2461,1132022177508546,41.016666666666666,7.552519,
2462,1132022193123254,41.03333333333333,7.476139,
2463,1132022209154419,41.05,7.907436,
2464,1132022224867644,41.06666666666666,7.55736,
2465,1132022240437934,41.083333333333336,7.500129,
2466,1132022256021365,41.1,7.522036,
2467,1132022272126460,41.11666666666667,8.011959,
2468,1132022287748356,41.13333333333333,7.537531,
2469,1132022303335658,41.15,7.526721,
2470,1132022318949043,41.166666666666664,7.524721,
2471,1132022335039613,41.18333333333333,7.618221,
2472,1132022350394620,41.2,7.563821,
2473,1132022366026370,41.21666666666667,7.509433,
2474,1132022381612402,41.233333333333334,7.565513,
2475,1132022398090133,41.25,7.834296,
2476,1132022413627286,41.266666666666666,7.423178,
2477,1132022429716808,41.28333333333333,7.78848,
2478,1132022445564803,41.3,7.962141,
2479,1132022461554296,41.31666666666666,7.741762,
2480,1132022477049154,41.333333333333336,7.773499,
2481,1132022492360926,41.35,7.461513,
2482,1132022508356675,41.36666666666667,7.850573,
2483,1132022523503643,41.38333333333333,7.552779,
2484,1132022539134590,41.4,7.51545,
2485,1132022555140094,41.416666666666664,7.821803,
2486,1132022571373839,41.43333333333333,8.128601,
2487,1132022587019901,41.45,7.565463,
2488,1132022602590016,41.46666666666667,7.504849,
2489,1132022618338749,41.483333333333334,7.56846,
2490,1132022634424963,41.5,7.949312,
2491,1132022650093781,41.516666666666666,7.52524,
2492,1132022665827947,41.53333333333333,7.569215,
2493,1132022681516733,41.55,7.499794,
2494,1132022697095053,41.56666666666666,7.586806,
2495,1132022712805816,41.583333333333336,7.546976,
2496,1132022728371347,41.6,7.441972,
2497,1132022744029226,41.61666666666667,7.567464,
2498,1132022760203903,41.63333333333333,7.436368,
2499,1132022775715125,41.65,7.483129,
2500,1132022791203230,41.666666666666664,7.817747,
2501,1132022807548002,41.68333333333333,8.184521,
2502,1132022823310614,41.7,7.871543,
2503,1132022839218964,41.71666666666667,7.776125,
2504,1132022854384215,41.733333333333334,7.373042,
2505,1132022871972629,41.75,8.008038,
2506,1132022887566722,41.766666666666666,7.501435,
2507,1132022903106365,41.78333333333333,7.378909,
2508,1132022918645399,41.8,7.438856,
2509,1132022934702930,41.81666666666666,7.45519,
2510,1132022949803482,41.833333333333336,7.540263,
2511,1132022965541980,41.85,7.544237,
2512,1132022981145790,41.86666666666667,7.547068,
2513,1132022997120475,41.88333333333333,7.442461,
2514,1132023012526056,41.9,7.595655,
2515,1132023028224189,41.916666666666664,7.500191,
2516,1132023043587433,41.93333333333333,7.837313,
2517,1132023059742006,41.95,7.514653,
2518,1132023075402896,41.96666666666667,7.481553,
2519,1132023091380438,41.983333333333334,7.823261,
2520,1132023107150297,42.0,7.972101,
2521,1132023122851671,42.016666666666666,7.570582,
2522,1132023138216441,42.03333333333333,7.592934,
2523,1132023153889605,42.05,7.541324,
2524,1132023170099404,42.06666666666666,8.122739,
2525,1132023185621094,42.083333333333336,7.409649,
2526,1132023201382760,42.1,7.556639,
2527,1132023217030811,42.11666666666667,7.587389,
2528,1132023233311145,42.13333333333333,8.197232,
2529,1132023247861855,42.15,7.614392,
2530,1132023263303672,42.166666666666664,7.852243,
2531,1132023279347500,42.18333333333333,8.424248,
2532,1132023295822384,42.2,7.884525,
2533,1132023310935283,42.21666666666667,7.513312,
2534,1132023326076931,42.233333333333334,7.57875,
2535,1132023341868661,42.25,7.630239,
2536,1132023358271270,42.266666666666666,7.782846,
2537,1132023373905087,42.28333333333333,7.848882,
2538,1132023388550811,42.3,7.435628,
2539,1132023404252844,42.31666666666666,7.61412,
2540,1132023420388803,42.333333333333336,7.594296,
2541,1132023435546859,42.35,7.587131,
2542,1132023450755718,42.36666666666667,7.560186,
2543,1132023467240225,42.38333333333333,8.345374,
2544,1132023483191659,42.4,7.974031,
2545,1132023498291378,42.416666666666664,7.604089,
2546,1132023514053330,42.43333333333333,7.619529,
2547,1132023530165792,42.45,7.9601,
2548,1132023545903686,42.46666666666667,7.54069,
2549,1132023561933237,42.483333333333334,7.777039,
2550,1132023577518852,42.5,7.873698,
2551,1132023593351990,42.516666666666666,7.78974,
2552,1132023608694860,42.53333333333333,7.450179,
2553,1132023624495863,42.55,7.636628,
2554,1132023640130237,42.56666666666666,7.742206,
2555,1132023656268635,42.583333333333336,7.836525,
2556,1132023671496965,42.6,7.366461,
2557,1132023687055949,42.61666666666667,7.401611,
2558,1132023702635547,42.63333333333333,7.398898,
2559,1132023719367902,42.65,7.698453,
2560,1132023734660759,42.666666666666664,7.421711,
2561,1132023750601184,42.68333333333333,7.77565,
2562,1132023765781382,42.7,7.366837,
2563,1132023781690097,42.71666666666667,7.492604,
2564,1132023797878279,42.733333333333334,7.7497,
2565,1132023813439903,42.75,7.410009,
2566,1132023829568524,42.766666666666666,7.954634,
2567,1132023845018420,42.78333333333333,7.334745,
2568,1132023862140791,42.8,9.060973,
2569,1132023877336774,42.81666666666666,7.461522,
2570,1132023893324671,42.833333333333336,7.943657,
2571,1132023909164839,42.85,7.762751,
2572,1132023924381479,42.86666666666667,7.469984,
2573,1132023939657977,42.88333333333333,7.784169,
2574,1132023955670062,42.9,7.453288,
2575,1132023971640542,42.916666666666664,7.764747,
2576,1132023986783816,42.93333333333333,7.498394,
2577,1132024002453763,42.95,7.538792,
2578,1132024018926710,42.96666666666667,7.796148,
2579,1132024034885732,42.983333333333334,8.052895,
2580,1132024050032109,43.0,7.538841,
2581,1132024065627815,43.016666666666666,7.498489,
2582,1132024081866822,43.03333333333333,7.447571,
2583,1132024097473946,43.05,7.461056,
2584,1132024113058926,43.06666666666666,7.469673,
2585,1132024129210475,43.083333333333336,8.025853,
2586,1132024145391135,43.1,8.037845,
2587,1132024161041935,43.11666666666667,7.498284,
2588,1132024177225673,43.13333333333333,7.435002,
2589,1132024193492809,43.15,8.190654,
2590,1132024209100105,43.166666666666664,7.46151,
2591,1132024224031924,43.18333333333333,7.41759,
2592,1132024239732536,43.2,7.493611,
2593,1132024255952339,43.21666666666667,7.607796,
2594,1132024271688700,43.233333333333334,7.658294,
2595,1132024287124926,43.25,7.82459,
2596,1132024302783175,43.266666666666666,7.490633,
2597,1132024318498801,43.28333333333333,7.529078,
2598,1132024334073913,43.3,7.529356,
2599,1132024349357692,43.31666666666666,7.559563,
2600,1132024365187038,43.333333333333336,7.548073,
2601,1132024381329956,43.35,7.532471,
2602,1132024397314285,43.36666666666667,7.764894,
2603,1132024413071712,43.38333333333333,7.70715,
2604,1132024429371022,43.4,8.213558,
2605,1132024444711796,43.416666666666664,7.489524,
2606,1132024459784562,43.43333333333333,7.444212,
2607,1132024475628645,43.45,7.492099,
2608,1132024491679824,43.46666666666667,8.186612,
2609,1132024507030795,43.483333333333334,7.599995,
2610,1132024522575019,43.5,7.531306,
2611,1132024538549196,43.516666666666666,7.650833,
2612,1132024554369624,43.53333333333333,7.667036,
2613,1132024570050809,43.55,7.55737,
2614,1132024585490239,43.56666666666666,7.394164,
2615,1132024600879326,43.583333333333336,7.623518,
2616,1132024616404288,43.6,7.565814,
2617,1132024632162549,43.61666666666667,7.606913,
2618,1132024647606633,43.63333333333333,7.863326,
2619,1132024663051069,43.65,7.574622,
2620,1132024679379007,43.666666666666664,7.890545,
2621,1132024694983953,43.68333333333333,7.404041,
2622,1132024710675180,43.7,7.560374,
2623,1132024726294969,43.71666666666667,7.470421,
2624,1132024741672541,43.733333333333334,7.511206,
2625,1132024757362733,43.75,7.558451,
2626,1132024772898228,43.766666666666666,7.493171,
2627,1132024789168266,43.78333333333333,8.138332,
2628,1132024804905015,43.8,7.520512,
2629,1132024820477069,43.81666666666666,7.467332,
2630,1132024836098623,43.833333333333336,7.474363,
2631,1132024852110812,43.85,7.901779,
2632,1132024867865597,43.86666666666667,7.516828,
2633,1132024882891169,43.88333333333333,7.485404,
2634,1132024898413124,43.9,7.4062,
2635,1132024914438050,43.916666666666664,7.55309,
2636,1132024930237978,43.93333333333333,7.589279,
2637,1132024946209608,43.95,7.879603,
2638,1132024961777572,43.96666666666667,7.497874,
2639,1132024978168322,43.983333333333334,7.785678,
2640,1132024993803687,44.0,7.448954,
2641,1132025009479711,44.016666666666666,7.527085,
2642,1132025024904257,44.03333333333333,7.382736,
2643,1132025040866557,44.05,7.378738,
2644,1132025056546643,44.06666666666666,7.455209,
2645,1132025072268906,44.083333333333336,7.562509,
2646,1132025088225784,44.1,7.791283,
2647,1132025103770916,44.11666666666667,7.486162,
2648,1132025119981069,44.13333333333333,7.575736,
2649,1132025135599228,44.15,7.46274,
2650,1132025151705476,44.166666666666664,7.951865,
2651,1132025167472330,44.18333333333333,7.626396,
2652,1132025182642741,44.2,7.550553,
2653,1132025198615361,44.21666666666667,7.554393,
2654,1132025214560034,44.233333333333334,7.44334,
2655,1132025230164133,44.25,7.39295,
2656,1132025245831327,44.266666666666666,7.472231,
2657,1132025261339796,44.28333333333333,7.446274,
2658,1132025277299070,44.3,7.379999,
2659,1132025292989669,44.31666666666666,7.544191,
2660,1132025308592129,44.333333333333336,7.45312,
2661,1132025324363131,44.35,7.708917,
2662,1132025340082356,44.36666666666667,7.386375,
2663,1132025355776841,44.38333333333333,7.6304,
2664,1132025371385680,44.4,7.429825,
2665,1132025386808199,44.416666666666664,7.542326,
2666,1132025402779878,44.43333333333333,7.520446,
2667,1132025418511319,44.45,7.561841,
2668,1132025434289104,44.46666666666667,7.601124,
2669,1132025450648947,44.483333333333334,8.328317,
2670,1132025466535578,44.5,7.483522,
2671,1132025482488983,44.516666666666666,7.778749,
2672,1132025497797933,44.53333333333333,7.441552,
2673,1132025513287904,44.55,7.423644,
2674,1132025529198636,44.56666666666666,7.695538,
2675,1132025544450704,44.583333333333336,7.557667,
2676,1132025560007636,44.6,7.531579,
2677,1132025575435904,44.61666666666667,7.360295,
2678,1132025590858131,44.63333333333333,7.321374,
2679,1132025606413005,44.65,7.527405,
2680,1132025621789939,44.666666666666664,7.345441,
2681,1132025637947070,44.68333333333333,7.811472,
2682,1132025653280963,44.7,7.434558,
2683,1132025668854034,44.71666666666667,7.419382,
2684,1132025684731887,44.733333333333334,7.733467,
2685,1132025700387478,44.75,7.374074,
2686,1132025716282001,44.766666666666666,7.754206,
2687,1132025731496331,44.78333333333333,7.362353,
2688,1132025747839684,44.8,8.148251,
2689,1132025763460935,44.81666666666666,7.80324,
2690,1132025779398500,44.833333333333336,7.7445,
2691,1132025794721821,44.85,7.459677,
2692,1132025810852643,44.86666666666667,8.200985,
2693,1132025826497816,44.88333333333333,7.560859,
2694,1132025842125755,44.9,7.553246,
2695,1132025857839694,44.916666666666664,7.632668,
2696,1132025875670130,44.93333333333333,7.897148,
2697,1132025891366822,44.95,7.57694,
2698,1132025906841212,44.96666666666667,7.34213,
2699,1132025922317625,44.983333333333334,7.407614,
2700,1132025938475060,45.0,7.547105,
2701,1132025953710489,45.016666666666666,7.465851,
2702,1132025969569832,45.03333333333333,7.70504,
2703,1132025985145706,45.05,7.458358,
2704,1132026000961506,45.06666666666666,7.432005,
2705,1132026016549119,45.083333333333336,7.526567,
2706,1132026032238867,45.1,7.562994,
2707,1132026048109668,45.11666666666667,7.844975,
2708,1132026063768773,45.13333333333333,7.491918,
2709,1132026079435204,45.15,7.590371,
2710,1132026095094274,45.166666666666664,7.499736,
2711,1132026111185293,45.18333333333333,7.970682,
2712,1132026126934226,45.2,7.600338,
2713,1132026142370242,45.21666666666667,7.887772,
2714,1132026157465906,45.233333333333334,7.494003,
2715,1132026173023996,45.25,7.496416,
2716,1132026189024166,45.266666666666666,7.841124,
2717,1132026204613483,45.28333333333333,7.55693,
2718,1132026220572140,45.3,7.463136,
2719,1132026236085546,45.31666666666666,7.529602,
2720,1132026251711768,45.333333333333336,7.547117,
2721,1132026267623640,45.35,7.517984,
2722,1132026283202867,45.36666666666667,7.468237,
2723,1132026299361406,45.38333333333333,7.578104,
2724,1132026315283345,45.4,7.858336,
2725,1132026330651997,45.416666666666664,7.54392,
2726,1132026346426905,45.43333333333333,7.904571,
2727,1132026362096697,45.45,7.54289,
2728,1132026377689333,45.46666666666667,7.463415,
2729,1132026393462050,45.483333333333334,7.76863,
2730,1132026409410479,45.5,7.84235,
2731,1132026425150303,45.516666666666666,7.631265,
2732,1132026440952585,45.53333333333333,7.582004,
2733,1132026457076709,45.55,7.895291,
2734,1132026473191905,45.56666666666666,8.032659,
2735,1132026488500521,45.583333333333336,7.534373,
2736,1132026504149880,45.6,7.511694,
2737,1132026519857578,45.61666666666667,7.562553,
2738,1132026535893233,45.63333333333333,7.528421,
2739,1132026551579126,45.65,7.555871,
2740,1132026567671315,45.666666666666664,8.04408,
2741,1132026582977056,45.68333333333333,7.749222,
2742,1132026598502907,45.7,7.691981,
2743,1132026614479847,45.71666666666667,7.99635,
2744,1132026629615792,45.733333333333334,7.524353,
2745,1132026645310544,45.75,7.601312,
2746,1132026660871766,45.766666666666666,7.605913,
2747,1132026676665934,45.78333333333333,7.505056,
2748,1132026692346120,45.8,7.507701,
2749,1132026708111805,45.81666666666666,7.701004,
2750,1132026717600507,45.833333333333336,7.443071,
2751,1132026737407165,45.85,11.96473,
2752,1132026753584235,45.86666666666667,12.418866,
2753,1132026770056847,45.88333333333333,12.602983,
2754,1132026786486087,45.9,12.414618,
2755,1132026802210347,45.916666666666664,12.118085,
2756,1132026817954480,45.93333333333333,12.149597,
2757,1132026834229218,45.95,12.685307,
2758,1132026849571996,45.96666666666667,11.671345,
2759,1132026865425150,45.983333333333334,12.211968,
2760,1132026880799302,46.0,11.737422,
2761,1132026896406830,46.016666666666666,12.020642,
2762,1132026912087681,46.03333333333333,12.092133,
2763,1132026927539786,46.05,11.864966,
2764,1132026942860735,46.06666666666666,11.705753,
2765,1132026958679120,46.083333333333336,12.169016,
2766,1132026974616008,46.1,12.356313,
2767,1132026990337227,46.11666666666667,12.138183,
2768,1132027006081144,46.13333333333333,12.063626,
2769,1132027021953621,46.15,12.281112,
2770,1132027037530215,46.166666666666664,11.634142,
2771,1132027052986474,46.18333333333333,11.55935,
2772,1132027068763414,46.2,12.106215,
2773,1132027084559335,46.21666666666667,12.127924,
2774,1132027100587339,46.233333333333334,12.055635,
2775,1132027115963616,46.25,11.699416,
2776,1132027131608658,46.266666666666666,12.313298,
2777,1132027147250635,46.28333333333333,11.763905,
2778,1132027162836849,46.3,12.008679,
2779,1132027178231045,46.31666666666666,11.748481,
2780,1132027194736641,46.333333333333336,12.928427,
2781,1132027210532092,46.35,12.170362,
2782,1132027225873476,46.36666666666667,11.741747,
2783,1132027241408126,46.38333333333333,11.823319,
2784,1132027257822718,46.4,12.250829,
2785,1132027273079025,46.416666666666664,11.669099,
2786,1132027288681149,46.43333333333333,12.013607,
2787,1132027304030097,46.45,11.764932,
2788,1132027319478988,46.46666666666667,11.779049,
2789,1132027335056297,46.483333333333334,11.988328,
2790,1132027350367239,46.5,11.663964,
2791,1132027366406510,46.516666666666666,12.437059,
2792,1132027381764261,46.53333333333333,11.772097,
2793,1132027397327236,46.55,11.97602,
2794,1132027413264736,46.56666666666666,12.308408,
2795,1132027429297016,46.583333333333336,12.432164,
2796,1132027445166900,46.6,12.21491,
2797,1132027460502453,46.61666666666667,11.75054,
2798,1132027476041947,46.63333333333333,11.655323,
2799,1132027492298514,46.65,12.63755,
2800,1132027508098139,46.666666666666664,12.151973,
2801,1132027523972506,46.68333333333333,12.286567,
2802,1132027540476692,46.7,12.853898,
2803,1132027556583347,46.71666666666667,12.297723,
2804,1132027572433693,46.733333333333334,11.65778,
2805,1132027588078873,46.75,12.055112,
2806,1132027604177473,46.766666666666666,12.148336,
2807,1132027620722366,46.78333333333333,12.036437,
2808,1132027636524345,46.8,11.908174,
2809,1132027652954290,46.81666666666666,11.533598,
2810,1132027668895058,46.833333333333336,12.37765,
2811,1132027684584958,46.85,12.040823,
2812,1132027700163199,46.86666666666667,11.944655,
2813,1132027715950051,46.88333333333333,12.156746,
2814,1132027731928177,46.9,12.244957,
2815,1132027747331497,46.916666666666664,11.808681,
2816,1132027762503271,46.93333333333333,11.581485,
2817,1132027778759070,46.95,12.332755,
2818,1132027795684734,46.96666666666667,12.753143,
2819,1132027810935986,46.983333333333334,11.380044,
2820,1132027826471638,47.0,11.769801,
2821,1132027841739568,47.016666666666666,11.681279,
2822,1132027858474192,47.03333333333333,12.763257,
2823,1132027876154818,47.05,12.050516,
2824,1132027891829633,47.06666666666666,12.079484,
2825,1132027907955797,47.083333333333336,12.537468,
2826,1132027924026406,47.1,12.190093,
2827,1132027939683673,47.11666666666667,12.069292,
2828,1132027955259175,47.13333333333333,11.612576,
2829,1132027971305726,47.15,12.353691,
2830,1132027986967203,47.166666666666664,11.770495,
2831,1132028002589351,47.18333333333333,12.033611,
2832,1132028018487650,47.2,12.313268,
2833,1132028034789708,47.21666666666667,12.714069,
2834,1132028050444994,47.233333333333334,11.776915,
2835,1132028066894079,47.25,11.283508,
2836,1132028080915294,47.266666666666666,11.296268,
2837,1132028097251683,47.28333333333333,12.163494,
2838,1132028113232138,47.3,12.10671,
2839,1132028128956908,47.31666666666666,12.137826,
2840,1132028147188720,47.333333333333336,8.003236,
2841,1132028162880349,47.35,7.552402,
2842,1132028177966276,47.36666666666667,7.516308,
2843,1132028193652666,47.38333333333333,7.611241,
2844,1132028210057157,47.4,8.27925,
2845,1132028224886836,47.416666666666664,7.407783,
2846,1132028240545522,47.43333333333333,7.447859,
2847,1132028256168179,47.45,7.471297,
2848,1132028271766353,47.46666666666667,7.451043,
2849,1132028287715590,47.483333333333334,7.443753,
2850,1132028303295777,47.5,7.356141,
2851,1132028318983424,47.516666666666666,7.556727,
2852,1132028334987834,47.53333333333333,7.439737,
2853,1132028350636139,47.55,7.551896,
2854,1132028366285422,47.56666666666666,7.539479,
2855,1132028381871704,47.583333333333336,7.464913,
2856,1132028397984995,47.6,7.464627,
2857,1132028413591300,47.61666666666667,7.483429,
2858,1132028429340488,47.63333333333333,7.55266,
2859,1132028444950364,47.65,7.581018,
2860,1132028460773258,47.666666666666664,7.454805,
2861,1132028476364580,47.68333333333333,7.455492,
2862,1132028491885261,47.7,7.469593,
2863,1132028507839031,47.71666666666667,7.816967,
2864,1132028523446907,47.733333333333334,7.476509,
2865,1132028538987612,47.75,7.484012,
2866,1132028554561772,47.766666666666666,7.48093,
2867,1132028570717696,47.78333333333333,8.002454,
2868,1132028586352976,47.8,7.47953,
2869,1132028601846376,47.81666666666666,7.435534,
2870,1132028617422255,47.833333333333336,7.453369,
2871,1132028633610796,47.85,8.01905,
2872,1132028649721332,47.86666666666667,7.562614,
2873,1132028664750282,47.88333333333333,7.496667,
2874,1132028680549476,47.9,7.642122,
2875,1132028696828293,47.916666666666664,7.719034,
2876,1132028712154184,47.93333333333333,7.469977,
2877,1132028727483947,47.95,7.462702,
2878,1132028742986084,47.96666666666667,7.353525,
2879,1132028759197228,47.983333333333334,7.544445,
2880,1132028774777056,48.0,7.548545,
2881,1132028790426602,48.016666666666666,7.528703,
2882,1132028806030816,48.03333333333333,7.516337,
2883,1132028822071750,48.05,7.552915,
2884,1132028837663563,48.06666666666666,7.45818,
2885,1132028853368329,48.083333333333336,7.543134,
2886,1132028869514135,48.1,7.491408,
2887,1132028885298523,48.11666666666667,7.60484,
2888,1132028900621979,48.13333333333333,7.489861,
2889,1132028916274506,48.15,7.527193,
2890,1132028932179727,48.166666666666664,7.816094,
2891,1132028947843008,48.18333333333333,7.518791,
2892,1132028963458811,48.2,7.535945,
2893,1132028979095407,48.21666666666667,7.553044,
2894,1132028995076506,48.233333333333334,7.543677,
2895,1132029010825821,48.25,7.569505,
2896,1132029026343942,48.266666666666666,7.478711,
2897,1132029041796776,48.28333333333333,7.370892,
2898,1132029058154754,48.3,7.868172,
2899,1132029073653773,48.31666666666666,7.470955,
2900,1132029089465586,48.333333333333336,7.494106,
2901,1132029105071740,48.35,7.442383,
2902,1132029120357749,48.36666666666667,7.433831,
2903,1132029135840597,48.38333333333333,7.497944,
2904,1132029152420982,48.4,8.168661,
2905,1132029168372584,48.416666666666664,7.794478,
2906,1132029183924630,48.43333333333333,7.378721,
2907,1132029199630754,48.45,7.549826,
2908,1132029215232372,48.46666666666667,7.479938,
2909,1132029231407527,48.483333333333334,8.020112,
2910,1132029247052606,48.5,7.480204,
2911,1132029262122910,48.516666666666666,6.93034,
2912,1132029276576682,48.53333333333333,11.755628,
2913,1132029293075967,48.55,12.741178,
2914,1132029308988279,48.56666666666666,11.735504,
2915,1132029325258402,48.583333333333336,12.358052,
2916,1132029340989154,48.6,12.132674,
2917,1132029352689609,48.61666666666667,7.787884,
2918,1132029372355914,48.63333333333333,11.766105,
2919,1132029388127117,48.65,12.066266,
2920,1132029403597653,48.666666666666664,11.877404,
2921,1132029420218344,48.68333333333333,12.435995,
2922,1132029435995201,48.7,11.794594,
2923,1132029451702303,48.71666666666667,12.118152,
2924,1132029468074082,48.733333333333334,12.489633,
2925,1132029483568469,48.75,11.907521,
2926,1132029499218428,48.766666666666666,11.994478,
2927,1132029514989246,48.78333333333333,12.180493,
2928,1132029531489837,48.8,12.54327,
2929,1132029547229918,48.81666666666666,11.818608,
2930,1132029563414248,48.833333333333336,12.17911,
2931,1132029578981866,48.85,11.951589,
2932,1132029595242576,48.86666666666667,12.615103,
2933,1132029611194490,48.88333333333333,12.021134,
2934,1132029627307165,48.9,12.537437,
2935,1132029643390164,48.916666666666664,12.120129,
2936,1132029659453290,48.93333333333333,12.139233,
2937,1132029675487132,48.95,12.395877,
2938,1132029691582640,48.96666666666667,12.513214,
2939,1132029707912244,48.983333333333334,12.452022,
2940,1132029723641043,49.0,11.754323,
2941,1132029739293758,49.016666666666666,11.729538,
2942,1132029755171031,49.03333333333333,12.293043,
2943,1132029772227241,49.05,11.783798,
2944,1132029787827434,49.06666666666666,12.036868,
2945,1132029803503045,49.083333333333336,11.722221,
2946,1132029819483681,49.1,12.077921,
2947,1132029835406742,49.11666666666667,12.292945,
2948,1132029851133505,49.13333333333333,12.077253,
2949,1132029866403947,49.15,11.688899,
2950,1132029882101813,49.166666666666664,12.112143,
2951,1132029897706610,49.18333333333333,11.689638,
2952,1132029913369501,49.2,11.75801,
2953,1132029929188636,49.21666666666667,12.234578,
2954,1132029944803290,49.233333333333334,11.973819,
2955,1132029960703076,49.25,11.85615,
2956,1132029976589885,49.266666666666666,12.0254,
2957,1132029992253799,49.28333333333333,12.074136,
2958,1132030007948543,49.3,12.115268,
2959,1132030023662646,49.31666666666666,12.054255,
2960,1132030039943619,49.333333333333336,12.680523,
2961,1132030055214017,49.35,11.687751,
2962,1132030071230032,49.36666666666667,12.409573,
2963,1132030086946954,49.38333333333333,11.74394,
2964,1132030102292007,49.4,11.725268,
2965,1132030118286672,49.416666666666664,12.357814,
2966,1132030134412514,49.43333333333333,12.529547,
2967,1132030150128162,49.45,12.044086,
2968,1132030166106380,49.46666666666667,12.370906,
2969,1132030182320220,49.483333333333334,12.330458,
2970,1132030198971864,49.5,11.256427,
2971,1132030214372401,49.516666666666666,11.227291,
2972,1132030229583860,49.53333333333333,11.311945,
2973,1132030244255064,49.55,11.925999,
2974,1132030260271150,49.56666666666666,12.03375,
2975,1132030276183942,49.583333333333336,11.979289,
2976,1132030292144445,49.6,12.08736,
2977,1132030308160842,49.61666666666667,12.432646,
2978,1132030323857707,49.63333333333333,12.0432,
2979,1132030339077496,49.65,11.658957,
2980,1132030354874527,49.666666666666664,12.07023,
2981,1132030370610322,49.68333333333333,12.120237,
2982,1132030386338215,49.7,12.084531,
2983,1132030402028336,49.71666666666667,12.087888,
2984,1132030417630693,49.733333333333334,12.020621,
2985,1132030434011957,49.75,12.76269,
2986,1132030449348653,49.766666666666666,11.704216,
2987,1132030464641239,49.78333333333333,11.705124,
2988,1132030480354572,49.8,12.071387,
2989,1132030496178551,49.81666666666666,12.224455,
2990,1132030511602172,49.833333333333336,11.776371,
2991,1132030527582707,49.85,12.314259,
2992,1132030546983264,49.86666666666667,7.877319,
2993,1132030562238336,49.88333333333333,7.617321,
2994,1132030577870708,49.9,7.558732,
2995,1132030592947480,49.916666666666664,7.527634,
2996,1132030608266738,49.93333333333333,7.305317,
2997,1132030624303035,49.95,7.715476,
2998,1132030639567857,49.96666666666667,7.414836,
2999,1132030654656147,49.983333333333334,7.465424,
3000,1132030670679530,50.0,7.855771,
3001,1132030686401397,50.016666666666666,7.587027,
3002,1132030702352232,50.03333333333333,7.802106,
3003,1132030717597123,50.05,7.426941,
3004,1132030733522328,50.06666666666666,8.089681,
3005,1132030749061358,50.083333333333336,7.511962,
3006,1132030764952359,50.1,7.838963,
3007,1132030779763801,50.11666666666667,7.566023,
3008,1132030795905887,50.13333333333333,7.551767,
3009,1132030811497369,50.15,7.543008,
3010,1132030827450812,50.166666666666664,7.825896,
3011,1132030843009565,50.18333333333333,7.492379,
3012,1132030860780134,50.2,9.219348,
3013,1132030876357432,50.21666666666667,7.503911,
3014,1132030891945034,50.233333333333334,7.447685,
3015,1132030907819963,50.25,7.796754,
3016,1132030923441886,50.266666666666666,7.464973,
3017,1132030939036332,50.28333333333333,7.431964,
3018,1132030954602890,50.3,7.487658,
3019,1132030970718496,50.31666666666666,7.837898,
3020,1132030986323058,50.333333333333336,7.450994,
3021,1132031001782724,50.35,7.435369,
3022,1132031017178282,50.36666666666667,7.50167,
3023,1132031033153885,50.38333333333333,7.88704,
3024,1132031048554101,50.4,7.545216,
3025,1132031064245032,50.416666666666664,7.535697,
3026,1132031079856524,50.43333333333333,7.510734,
3027,1132031095826415,50.45,7.904365,
3028,1132031111414588,50.46666666666667,7.434419,
3029,1132031127014469,50.483333333333334,7.441369,
3030,1132031142425577,50.5,7.337318,
3031,1132031158382667,50.516666666666666,7.423962,
3032,1132031173994852,50.53333333333333,7.419863,
3033,1132031189320344,50.55,7.436513,
3034,1132031204941720,50.56666666666666,7.510383,
3035,1132031220889561,50.583333333333336,7.507996,
3036,1132031236568713,50.6,7.581049,
3037,1132031252743050,50.61666666666667,7.80924,
3038,1132031268687222,50.63333333333333,7.786244,
3039,1132031284276821,50.65,7.460862,
3040,1132031300049162,50.666666666666664,7.6869,
3041,1132031315644952,50.68333333333333,7.791013,
3042,1132031331371419,50.7,7.925495,
3043,1132031346992906,50.71666666666667,7.500554,
3044,1132031362565455,50.733333333333334,7.463452,
3045,1132031378337426,50.75,7.597792,
3046,1132031394313642,50.766666666666666,7.479128,
3047,1132031409931386,50.78333333333333,7.514833,
3048,1132031425470232,50.8,7.461982,
3049,1132031441024029,50.81666666666666,7.464715,
3050,1132031457035534,50.833333333333336,7.525886,
3051,1132031472635602,50.85,7.512918,
3052,1132031488276889,50.86666666666667,7.530031,
3053,1132031503817613,50.88333333333333,7.4738,
3054,1132031519915118,50.9,7.539624,
3055,1132031535697521,50.916666666666664,7.473952,
3056,1132031551449443,50.93333333333333,7.716198,
3057,1132031567317053,50.95,8.049981,
3058,1132031582901559,50.96666666666667,7.35194,
3059,1132031598341855,50.983333333333334,7.409035,
3060,1132031614070370,51.0,7.679445,
3061,1132031629640556,51.016666666666666,7.81387,
3062,1132031645149697,51.03333333333333,7.432246,
3063,1132031660685523,51.05,7.446039,
3064,1132031676127054,51.06666666666666,7.387694,
3065,1132031692059548,51.083333333333336,7.906274,
3066,1132031707606042,51.1,7.377377,
3067,1132031723347899,51.11666666666667,7.764181,
3068,1132031738527744,51.13333333333333,7.45086,
3069,1132031754725564,51.15,8.032985,
3070,1132031769915539,51.166666666666664,7.401974,
3071,1132031785505523,51.18333333333333,7.495052,
3072,1132031801235736,51.2,7.549511,
3073,1132031817325102,51.21666666666667,7.739608,
3074,1132031833050896,51.233333333333334,7.811087,
3075,1132031848609382,51.25,7.395226,
3076,1132031864142999,51.266666666666666,7.429581,
3077,1132031880247458,51.28333333333333,7.477406,
3078,1132031895787130,51.3,7.349091,
3079,1132031911276093,51.31666666666666,7.396731,
3080,1132031926889559,51.333333333333336,7.478773,
3081,1132031942724356,51.35,7.454261,
3082,1132031958433253,51.36666666666667,7.463668,
3083,1132031974110423,51.38333333333333,7.53344,
3084,1132031990224808,51.4,7.804214,
3085,1132032005685810,51.416666666666664,7.4172,
3086,1132032021031467,51.43333333333333,7.32552,
3087,1132032036529486,51.449999999999996,7.47125,
3088,1132032052598648,51.46666666666667,7.922021,
3089,1132032068573318,51.483333333333334,7.80687,
3090,1132032083724428,51.5,7.37734,
3091,1132032099169095,51.516666666666666,7.409674,
3092,1132032115460481,51.53333333333333,7.927708,
3093,1132032130044020,51.55,7.386955,
3094,1132032145508706,51.56666666666666,7.747236,
3095,1132032161305930,51.583333333333336,7.664588,
3096,1132032176900905,51.6,7.73004,
3097,1132032191807999,51.61666666666667,7.528336,
3098,1132032207731279,51.63333333333333,7.751337,
3099,1132032222788502,51.65,7.358959,
3100,1132032238705770,51.666666666666664,7.385431,
3101,1132032254291541,51.68333333333333,7.446864,
3102,1132032269902023,51.699999999999996,7.543059,
3103,1132032285648772,51.71666666666667,7.508902,
3104,1132032301194486,51.733333333333334,7.29647,
3105,1132032317104914,51.75,7.728127,
3106,1132032332674976,51.766666666666666,7.738248,
3107,1132032348096910,51.78333333333333,7.703595,
3108,1132032363690729,51.8,7.384722,
3109,1132032379100670,51.81666666666666,7.310133,
3110,1132032394646175,51.833333333333336,7.504632,
3111,1132032410837610,51.85,8.002379,
3112,1132032426407159,51.86666666666667,7.445642,
3113,1132032442075095,51.88333333333333,7.491235,
3114,1132032457557042,51.9,7.403545,
3115,1132032473700684,51.916666666666664,7.368776,
3116,1132032489469524,51.93333333333333,7.553663,
3117,1132032504636785,51.949999999999996,7.125547,
3118,1132032520064200,51.96666666666667,7.297919,
3119,1132032536065811,51.983333333333334,7.467652,
3120,1132032551717540,52.0,7.481304,
3121,1132032567150835,52.016666666666666,7.339626,
3122,1132032582617454,52.03333333333333,7.357272,
3123,1132032599203435,52.05,7.652777,
3124,1132032614697618,52.06666666666666,7.305656,
3125,1132032630646779,52.083333333333336,7.727512,
3126,1132032645971896,52.1,7.409095,
3127,1132032661434636,52.11666666666667,7.315627,
3128,1132032676984857,52.13333333333333,7.410118,
3129,1132032692557263,52.15,7.441269,
3130,1132032708724372,52.166666666666664,7.808386,
3131,1132032724536118,52.18333333333333,7.326148,
3132,1132032740040318,52.199999999999996,7.353083,
3133,1132032755431669,52.21666666666667,7.343465,
3134,1132032771445958,52.233333333333334,7.959034,
3135,1132032787029885,52.25,7.413555,
3136,1132032802551281,52.266666666666666,7.38529,
3137,1132032818246803,52.28333333333333,7.503839,
3138,1132032834679268,52.3,7.880229,
3139,1132032850798519,52.31666666666666,7.419823,
3140,1132032867656792,52.333333333333336,7.41606,
3141,1132032883404037,52.35,7.332081,
3142,1132032899559720,52.36666666666667,7.519474,
3143,1132032915327418,52.38333333333333,7.369166,
3144,1132032931296895,52.4,7.485472,
3145,1132032947515520,52.416666666666664,8.063455,
3146,1132032963414055,52.43333333333333,7.652595,
3147,1132032979073506,52.449999999999996,7.513053,
3148,1132032994592704,52.46666666666667,7.365954,
3149,1132033010788235,52.483333333333334,7.834214,
3150,1132033026612172,52.5,7.622495,
3151,1132033042516049,52.516666666666666,7.442234,
3152,1132033058338815,52.53333333333333,7.678572,
3153,1132033074258913,52.55,7.812497,
3154,1132033090172114,52.56666666666666,7.69452,
3155,1132033105848914,52.583333333333336,7.52034,
3156,1132033121521149,52.6,7.461719,
3157,1132033137818045,52.61666666666667,7.83399,
3158,1132033153192129,52.63333333333333,7.494002,
3159,1132033168805264,52.65,7.566365,
3160,1132033184458823,52.666666666666664,7.576395,
3161,1132033200774619,52.68333333333333,7.543001,
3162,1132033216300346,52.699999999999996,7.475868,
3163,1132033231936102,52.71666666666667,7.592607,
3164,1132033247537180,52.733333333333334,7.50886,
3165,1132033263383952,52.75,7.538573,
3166,1132033278925007,52.766666666666666,7.785173,
3167,1132033294397974,52.78333333333333,7.490951,
3168,1132033310302069,52.8,7.866753,
3169,1132033326026700,52.81666666666666,7.496217,
3170,1132033341716335,52.833333333333336,7.875756,
3171,1132033357368890,52.85,7.506865,
3172,1132033373358426,52.86666666666667,7.84816,
3173,1132033388932178,52.88333333333333,7.505336,
3174,1132033404526468,52.9,7.482132,
3175,1132033420177325,52.916666666666664,7.898687,
3176,1132033436273082,52.93333333333333,7.542604,
3177,1132033452143322,52.949999999999996,7.701296,
3178,1132033468050391,52.96666666666667,7.480392,
3179,1132033484010628,52.983333333333334,7.959572,
3180,1132033499787830,53.0,7.530398,
3181,1132033515411698,53.016666666666666,7.497869,
3182,1132033530828927,53.03333333333333,7.86698,
3183,1132033546600243,53.05,7.948832,
3184,1132033562301487,53.06666666666666,7.475357,
3185,1132033577770980,53.083333333333336,7.609448,
3186,1132033593188699,53.1,7.861816,
3187,1132033608691258,53.11666666666667,7.964688,
3188,1132033624189438,53.13333333333333,7.866695,
3189,1132033639370687,53.15,7.621064,
3190,1132033654667888,53.166666666666664,7.594543,
3191,1132033670307925,53.18333333333333,8.064405,
3192,1132033685668301,53.199999999999996,7.259804,
3193,1132033701639364,53.21666666666667,7.880637,
3194,1132033716707435,53.233333333333334,7.596067,
3195,1132033732633001,53.25,7.820485,
3196,1132033747859672,53.266666666666666,7.465814,
3197,1132033763393429,53.28333333333333,7.468304,
3198,1132033779031812,53.3,7.466909,
3199,1132033795074320,53.31666666666666,7.544015,
3200,1132033810661369,53.333333333333336,7.50428,
3201,1132033826625256,53.35,7.874051,
3202,1132033842515028,53.36666666666667,7.841171,
3203,1132033858306205,53.38333333333333,7.495154,
3204,1132033874814607,53.4,7.542693,
3205,1132033890281255,53.416666666666664,7.424918,
3206,1132033905839567,53.43333333333333,7.396756,
3207,1132033921355467,53.449999999999996,7.45328,
3208,1132033937241274,53.46666666666667,7.794919,
3209,1132033952888177,53.483333333333334,7.571986,
3210,1132033968876763,53.5,7.900135,
3211,1132033984489875,53.516666666666666,7.550805,
3212,1132034000068237,53.53333333333333,7.517111,
3213,1132034015629055,53.55,7.538528,
3214,1132034031973415,53.56666666666666,8.227041,
3215,1132034047895348,53.583333333333336,7.860648,
3216,1132034063498314,53.6,7.461269,
3217,1132034079080896,53.61666666666667,7.756947,
3218,1132034095477101,53.63333333333333,8.233476,
3219,1132034110774800,53.65,7.566181,
3220,1132034126172873,53.666666666666664,7.52412,
3221,1132034141833535,53.68333333333333,7.519822,
3222,1132034158031165,53.699999999999996,7.523455,
3223,1132034173695148,53.71666666666667,7.563406,
3224,1132034189611948,53.733333333333334,7.509598,
3225,1132034205087628,53.75,7.402241,
3226,1132034221351041,53.766666666666666,7.556236,
3227,1132034236756671,53.78333333333333,7.567523,
3228,1132034252371205,53.8,7.534998,
3229,1132034268308257,53.81666666666666,8.168567,
3230,1132034283571299,53.833333333333336,7.373496,
3231,1132034299072398,53.85,7.344658,
3232,1132034314649307,53.86666666666667,7.4145,
3233,1132034331329789,53.88333333333333,8.566847,
3234,1132034346882184,53.9,7.310341,
3235,1132034362436427,53.916666666666664,7.336075,
3236,1132034378437137,53.93333333333333,7.765612,
3237,1132034393724019,53.949999999999996,7.481794,
3238,1132034409394988,53.96666666666667,7.465668,
3239,1132034424990389,53.983333333333334,7.434789,
3240,1132034440615300,54.0,7.435878,
3241,1132034456370841,54.016666666666666,7.687373,
3242,1132034472085257,54.03333333333333,7.417542,
3243,1132034487892752,54.05,7.602438,
3244,1132034503446194,54.06666666666666,7.184196,
3245,1132034519626361,54.083333333333336,7.553457,
3246,1132034535459073,54.1,7.489636,
3247,1132034551166855,54.11666666666667,7.592633,
3248,1132034567365837,54.13333333333333,7.831331,
3249,1132034582861688,54.15,7.436715,
3250,1132034598716955,54.166666666666664,7.811355,
3251,1132034614246046,54.18333333333333,7.710794,
3252,1132034630277414,54.199999999999996,7.88055,
3253,1132034645902405,54.21666666666667,7.505942,
3254,1132034661598713,54.233333333333334,7.511922,
3255,1132034677347860,54.25,7.648704,
3256,1132034693594363,54.266666666666666,8.070871,
3257,1132034709124163,54.28333333333333,7.698279,
3258,1132034724354173,54.3,7.504987,
3259,1132034740260881,54.31666666666666,7.82245,
3260,1132034755843455,54.333333333333336,7.538829,
3261,1132034771765460,54.35,7.842733,
3262,1132034786703790,54.36666666666667,7.512984,
3263,1132034802192512,54.38333333333333,7.755863,
3264,1132034817727573,54.4,7.380275,
3265,1132034833550633,54.416666666666664,7.759282,
3266,1132034849034329,54.43333333333333,7.436986,
3267,1132034866276659,54.449999999999996,9.09952,
3268,1132034881977251,54.46666666666667,7.564802,
3269,1132034897496569,54.483333333333334,7.463961,
3270,1132034913133567,54.5,7.551518,
3271,1132034928570723,54.516666666666666,7.458985,
3272,1132034944695242,54.53333333333333,7.725923,
3273,1132034959855589,54.55,7.444507,
3274,1132034975621339,54.56666666666666,7.448331,
3275,1132034992019536,54.583333333333336,8.299461,
3276,1132035007155099,54.6,7.361052,
3277,1132035022772167,54.61666666666667,7.467345,
3278,1132035038440512,54.63333333333333,7.455062,
3279,1132035054367529,54.65,7.767265,
3280,1132035069222240,54.666666666666664,7.437099,
3281,1132035085148647,54.68333333333333,7.800418,
3282,1132035100692859,54.699999999999996,7.41606,
3283,1132035116658365,54.71666666666667,7.443574,
3284,1132035131895910,54.733333333333334,7.447785,
3285,1132035147378205,54.75,7.411051,
3286,1132035162287092,54.766666666666666,7.399631,
3287,1132035178339592,54.78333333333333,7.501472,
3288,1132035193909895,54.8,7.437081,
3289,1132035209466495,54.81666666666666,7.5467,
3290,1132035224948954,54.833333333333336,7.460147,
3291,1132035240826664,54.85,7.482575,
3292,1132035256511787,54.86666666666667,7.541944,
3293,1132035272376836,54.88333333333333,7.816345,
3294,1132035287654292,54.9,7.19985,
3295,1132035303468393,54.916666666666664,7.461266,
3296,1132035319185168,54.93333333333333,7.585078,
3297,1132035334742729,54.949999999999996,7.504072,
3298,1132035350805215,54.96666666666667,7.980083,
3299,1132035366477074,54.983333333333334,7.495443,
3300,1132035382160354,55.0,7.537092,
3301,1132035397658672,55.016666666666666,7.470163,
3302,1132035413681760,55.03333333333333,7.828534,
3303,1132035429614908,55.05,7.788676,
3304,1132035444256207,55.06666666666666,7.458829,
3305,1132035459781578,55.083333333333336,7.57914,
3306,1132035475974975,55.1,7.515691,
3307,1132035491646708,55.11666666666667,7.583145,
3308,1132035506951187,55.13333333333333,7.491004,
3309,1132035522571371,55.15,7.466898,
3310,1132035538692693,55.166666666666664,7.420652,
3311,1132035554477730,55.18333333333333,7.574259,
3312,1132035570057423,55.199999999999996,7.547896,
3313,1132035585605887,55.21666666666667,7.531246,
3314,1132035601574111,55.233333333333334,7.752695,
3315,1132035617247845,55.25,7.564062,
3316,1132035633089100,55.266666666666666,7.685217,
3317,1132035648802919,55.28333333333333,7.859453,
3318,1132035664825002,55.3,7.861112,
3319,1132035680600017,55.31666666666666,7.676288,
3320,1132035696108406,55.333333333333336,7.474862,
3321,1132035712251672,55.35,8.016812,
3322,1132035728339531,55.36666666666667,7.993825,
3323,1132035748057880,55.38333333333333,11.786264,
3324,1132035763442513,55.4,11.786734,
3325,1132035779562454,55.416666666666664,12.193399,
3326,1132035795377892,55.43333333333333,11.93829,
3327,1132035810743741,55.449999999999996,11.7208,
3328,1132035826053037,55.46666666666667,11.664649,
3329,1132035841830970,55.483333333333334,12.129618,
3330,1132035858793438,55.5,13.378563,
3331,1132035875101625,55.516666666666666,12.149468,
3332,1132035891127980,55.53333333333333,12.361141,
3333,1132035906449174,55.55,11.731387,
3334,1132035922211389,55.56666666666666,12.128339,
3335,1132035937596625,55.583333333333336,11.747424,
3336,1132035953553402,55.6,12.371854,
3337,1132035970108514,55.61666666666667,12.124426,
3338,1132035985704580,55.63333333333333,12.010868,
3339,1132036001409191,55.65,12.069126,
3340,1132036017570617,55.666666666666664,12.574633,
3341,1132036034023526,55.68333333333333,12.445202,
3342,1132036048852881,55.699999999999996,11.545507,
3343,1132036064539697,55.71666666666667,12.073427,
3344,1132036080682017,55.733333333333334,12.115986,
3345,1132036096575863,55.75,12.308076,
3346,1132036111980974,55.766666666666666,11.810497,
3347,1132036128201610,55.78333333333333,12.631708,
3348,1132036145874787,55.8,13.69776,
3349,1132036161242658,55.81666666666666,11.810589,
3350,1132036176542680,55.833333333333336,11.717594,
3351,1132036192634862,55.85,12.498932,
3352,1132036208643152,55.86666666666667,12.303334,
3353,1132036224325114,55.88333333333333,11.735061,
3354,1132036239627215,55.9,11.717313,
3355,1132036255971747,55.916666666666664,12.467241,
3356,1132036271570471,55.93333333333333,11.976772,
3357,1132036288273074,55.949999999999996,12.826021,
3358,1132036304462957,55.96666666666667,12.116728,
3359,1132036320430338,55.983333333333334,11.93573,
3360,1132036336230040,56.0,11.840082,
3361,1132036351977023,56.016666666666666,12.11389,
3362,1132036368030279,56.03333333333333,12.463088,
3363,1132036383658880,56.05,12.040238,
3364,1132036399690469,56.06666666666666,12.1619,
3365,1132036415216728,56.083333333333336,11.649668,
3366,1132036430579169,56.1,11.722856,
3367,1132036446396966,56.11666666666667,12.171383,
3368,1132036462138631,56.13333333333333,12.106334,
3369,1132036478017169,56.15,12.176569,
3370,1132036494472346,56.166666666666664,12.867225,
3371,1132036510098749,56.18333333333333,12.046286,
3372,1132036525902019,56.199999999999996,12.218323,
3373,1132036541043067,56.21666666666667,11.693548,
3374,1132036557384569,56.233333333333334,12.664217,
3375,1132036573286980,56.25,12.007003,
3376,1132036588930619,56.266666666666666,12.061456,
3377,1132036604512226,56.28333333333333,11.966997,
3378,1132036620189248,56.3,11.673538,
3379,1132036636034986,56.31666666666666,12.179145,
3380,1132036651597568,56.333333333333336,11.952935,
3381,1132036667876731,56.35,12.651664,
3382,1132036683557595,56.36666666666667,12.046192,
3383,1132036699433937,56.38333333333333,12.233446,
3384,1132036715259914,56.4,12.239658,
3385,1132036731864310,56.416666666666664,13.020397,
3386,1132036747814411,56.43333333333333,12.074441,
3387,1132036763733666,56.449999999999996,12.03821,
3388,1132036778914378,56.46666666666667,11.494794,
3389,1132036795197983,56.483333333333334,12.680477,
3390,1132036811106397,56.5,12.309739,
3391,1132036826737188,56.516666666666666,12.031349,
3392,1132036842039134,56.53333333333333,11.637184,
3393,1132036858291978,56.55,12.617323,
3394,1132036873923814,56.56666666666666,11.709443,
3395,1132036889207325,56.583333333333336,11.69161,
3396,1132036904894237,56.6,11.816208,
3397,1132036924320621,56.61666666666667,7.479831,
3398,1132036939886039,56.63333333333333,7.431227,
3399,1132036955496684,56.65,7.508689,
3400,1132036971510963,56.666666666666664,7.889065,
3401,1132036987332834,56.68333333333333,7.690882,
3402,1132037003007492,56.699999999999996,7.564209,
3403,1132037018664565,56.71666666666667,7.498477,
3404,1132037034672113,56.733333333333334,7.868265,
3405,1132037050350383,56.75,7.598498,
3406,1132037065939102,56.766666666666666,7.472775,
3407,1132037081639939,56.78333333333333,7.577468,
3408,1132037097990007,56.8,7.90353,
3409,1132037112970865,56.81666666666666,7.568646,
3410,1132037128552258,56.833333333333336,7.528007,
3411,1132037144386038,56.85,7.705014,
3412,1132037160231015,56.86666666666667,7.458844,
3413,1132037175802541,56.88333333333333,7.484726,
3414,1132037191272458,56.9,7.422476,
3415,1132037207147084,56.916666666666664,7.742116,
3416,1132037222825992,56.93333333333333,7.488142,
3417,1132037238524335,56.949999999999996,7.564164,
3418,1132037254009188,56.96666666666667,7.420418,
3419,1132037270014228,56.983333333333334,7.890829,
3420,1132037285908530,57.0,7.772072,
3421,1132037301221399,57.016666666666666,7.54685,
3422,1132037316631919,57.03333333333333,7.378444,
3423,1132037332725142,57.05,8.068115,
3424,1132037348290860,57.06666666666666,7.458677,
3425,1132037363735829,57.083333333333336,7.446028,
3426,1132037379411325,57.1,7.498792,
3427,1132037395625672,57.11666666666667,8.064034,
3428,1132037410918723,57.13333333333333,7.496676,
3429,1132037426896685,57.15,7.852074,
3430,1132037442031036,57.166666666666664,7.451529,
3431,1132037457909840,57.18333333333333,7.49176,
3432,1132037473535125,57.199999999999996,7.461491,
3433,1132037489141802,57.21666666666667,7.454136,
3434,1132037504654019,57.233333333333334,7.404253,
3435,1132037521022046,57.25,7.7508,
3436,1132037536482727,57.266666666666666,7.360597,
3437,1132037552427744,57.28333333333333,7.779519,
3438,1132037568137569,57.3,7.874553,
3439,1132037583726738,57.31666666666666,7.40849,
3440,1132037600023525,57.333333333333336,7.782717,
3441,1132037615720018,57.35,7.545109,
3442,1132037631939021,57.36666666666667,7.874305,
3443,1132037647412534,57.38333333333333,7.400872,
3444,1132037663071074,57.4,7.47275,
3445,1132037678695159,57.416666666666664,7.501638,
3446,1132037694775011,57.43333333333333,7.544788,
3447,1132037710695641,57.449999999999996,7.706184,
3448,1132037725928807,57.46666666666667,7.442394,
3449,1132037741230439,57.483333333333334,7.468977,
3450,1132037757330876,57.5,7.482027,
3451,1132037773060191,57.516666666666666,7.439806,
3452,1132037788815133,57.53333333333333,7.456386,
3453,1132037804334769,57.55,7.457529,
3454,1132037819950450,57.56666666666666,7.469279,
3455,1132037835515476,57.583333333333336,7.506438,
3456,1132037851026651,57.6,7.397472,
3457,1132037867462498,57.61666666666667,7.757694,
3458,1132037882980440,57.63333333333333,7.387018,
3459,1132037898500223,57.65,7.358196,
3460,1132037914208503,57.666666666666664,7.499644,
3461,1132037930204538,57.68333333333333,7.967703,
3462,1132037945759522,57.699999999999996,7.498566,
3463,1132037960544610,57.71666666666667,6.592011,
3464,1132037976092911,57.733333333333334,7.494241,
3465,1132037991895268,57.75,7.774679,
3466,1132038008181180,57.766666666666666,7.884028,
3467,1132038024097929,57.78333333333333,7.600733,
3468,1132038039932158,57.8,7.427922,
3469,1132038055880938,57.81666666666666,7.418169,
3470,1132038070911352,57.833333333333336,7.411501,
3471,1132038086483240,57.85,7.447286,
3472,1132038102051441,57.86666666666667,7.548947,
3473,1132038118267205,57.88333333333333,7.580509,
3474,1132038133805027,57.9,7.507888,
3475,1132038149476690,57.916666666666664,7.597777,
3476,1132038164956621,57.93333333333333,7.386947,
3477,1132038180822050,57.949999999999996,7.471419,
3478,1132038196348393,57.96666666666667,7.443963,
3479,1132038211879408,57.983333333333334,7.488836,
3480,1132038228342297,58.0,8.123369,
3481,1132038243907880,58.016666666666666,7.416427,
3482,1132038259465708,58.03333333333333,7.393264,
3483,1132038274943268,58.05,7.43306,
3484,1132038290827376,58.06666666666666,7.721185,
3485,1132038306473000,58.083333333333336,7.499957,
3486,1132038321904580,58.1,7.373151,
3487,1132038337536559,58.11666666666667,7.706028,
3488,1132038353874479,58.13333333333333,7.933949,
3489,1132038369840986,58.15,7.73686,
3490,1132038385078920,58.166666666666664,7.407454,
3491,1132038400547758,58.18333333333333,7.624876,
3492,1132038416045422,58.199999999999996,7.932228,
3493,1132038431741141,58.21666666666667,7.560748,
3494,1132038447736087,58.233333333333334,7.896119,
3495,1132038463329294,58.25,7.537855,
3496,1132038479520818,58.266666666666666,7.758104,
3497,1132038494354040,58.28333333333333,7.483031,
3498,1132038509917259,58.3,7.508247,
3499,1132038525687950,58.31666666666666,7.615736,
3500,1132038541735595,58.333333333333336,7.799034,
3501,1132038557962982,58.35,8.019069,
3502,1132038573010209,58.36666666666667,7.569782,
3503,1132038589107988,58.38333333333333,7.914772,
3504,1132038604488740,58.4,7.220164,
3505,1132038620414440,58.416666666666664,7.809988,
3506,1132038635443147,58.43333333333333,7.431086,
3507,1132038651591344,58.449999999999996,8.015984,
3508,1132038667442544,58.46666666666667,7.69485,
3509,1132038683259409,58.483333333333334,7.735994,
3510,1132038698900604,58.5,7.500647,
3511,1132038714804078,58.516666666666666,7.444146,
3512,1132038730887585,58.53333333333333,7.898874,
3513,1132038746582957,58.55,7.514594,
3514,1132038761905391,58.56666666666666,7.366882,
3515,1132038778213140,58.583333333333336,7.688699,
3516,1132038793617099,58.6,7.441037,
3517,1132038808918642,58.61666666666667,7.468421,
3518,1132038824552391,58.63333333333333,7.502179,
3519,1132038840148988,58.65,7.483978,
3520,1132038855683401,58.666666666666664,7.441275,
3521,1132038873178346,58.68333333333333,7.417899,
3522,1132038889254255,58.699999999999996,7.90007,
3523,1132038904899524,58.71666666666667,7.439992,
3524,1132038920302764,58.733333333333334,7.53303,
3525,1132038935790382,58.75,7.43913,
3526,1132038951536795,58.766666666666666,7.8359,
3527,1132038967156091,58.78333333333333,7.469582,
3528,1132038982787335,58.8,7.509574,
3529,1132038998354913,58.81666666666666,7.491465,
3530,1132039014279737,58.833333333333336,7.503251,
3531,1132039029953328,58.85,7.51456,
3532,1132039046253877,58.86666666666667,7.296728,
3533,1132039061890890,58.88333333333333,7.47843,
3534,1132039078128205,58.9,7.366602,
3535,1132039093764602,58.916666666666664,7.359225,
3536,1132039108952152,58.93333333333333,7.414353,
3537,1132039124870919,58.949999999999996,7.748623,
3538,1132039140396707,58.96666666666667,7.603404,
3539,1132039156065999,58.983333333333334,7.528112,
3540,1132039171623842,59.0,7.557842,
3541,1132039187492997,59.016666666666666,7.722244,
3542,1132039203750993,59.03333333333333,7.522919,
3543,1132039219295599,59.05,7.335457,
3544,1132039234844686,59.06666666666666,7.351938,
3545,1132039250869676,59.083333333333336,7.889557,
3546,1132039266619001,59.1,7.608483,
3547,1132039281895155,59.11666666666667,7.401954,
3548,1132039297611589,59.13333333333333,7.560958,
3549,1132039313685549,59.15,7.460701,
3550,1132039329129970,59.166666666666664,7.359478,
3551,1132039344424966,59.18333333333333,7.363352,
3552,1132039359843672,59.199999999999996,7.352143,
3553,1132039375902590,59.21666666666667,7.535773,
3554,1132039391480486,59.233333333333334,7.456744,
3555,1132039407097749,59.25,7.490418,
3556,1132039422523873,59.266666666666666,7.36147,
3557,1132039438908004,59.28333333333333,7.541942,
3558,1132039454410693,59.3,7.303112,
3559,1132039470139273,59.31666666666666,7.599144,
3560,1132039485619907,59.333333333333336,7.412127,
3561,1132039501302447,59.35,7.508047,
3562,1132039517202955,59.36666666666667,7.786569,
3563,1132039532785722,59.38333333333333,7.417418,
3564,1132039549045281,59.4,8.09952,
3565,1132039564403544,59.416666666666664,7.56616,
3566,1132039579979423,59.43333333333333,7.423762,
3567,1132039595572838,59.449999999999996,7.433773,
3568,1132039611782916,59.46666666666667,8.148419,
3569,1132039627399093,59.483333333333334,7.441778,
3570,1132039642633478,59.5,7.515768,
3571,1132039658191930,59.516666666666666,7.482884,
3572,1132039674176263,59.53333333333333,7.530577,
3573,1132039690146467,59.55,7.762476,
3574,1132039705675870,59.56666666666666,7.396215,
3575,1132039721648831,59.583333333333336,7.578508,
3576,1132039738090388,59.6,7.583739,
3577,1132039753747322,59.61666666666667,7.548836,
3578,1132039769364883,59.63333333333333,7.483068,
3579,1132039784953627,59.65,7.419664,
3580,1132039800797060,59.666666666666664,7.613925,
3581,1132039816560197,59.68333333333333,7.681194,
3582,1132039832186772,59.699999999999996,7.853524,
3583,1132039847392952,59.71666666666667,7.752308,
3584,1132039863470881,59.733333333333334,7.826841,
3585,1132039879295874,59.75,7.44418,
3586,1132039894916815,59.766666666666666,7.465994,
3587,1132039910845556,59.78333333333333,7.848882,
3588,1132039926790219,59.8,7.777565,
3589,1132039942270390,59.81666666666666,7.432145,
3590,1132039957715639,59.833333333333336,7.436241,
3591,1132039973483824,59.85,7.686219,
3592,1132039989117787,59.86666666666667,7.475957,
3593,1132040004703492,59.88333333333333,7.421298,
3594,1132040020328620,59.9,7.489252,
3595,1132040036300382,59.916666666666664,7.474139,
3596,1132040052169204,59.93333333333333,7.677834,
3597,1132040067355731,59.949999999999996,7.384983,
3598,1132040082924210,59.96666666666667,7.414672,
3599,1132040099182665,59.983333333333334,7.632841,
3600,1132040115037447,60.0,7.475005,
3601,1132040130654012,60.016666666666666,7.439007,
3602,1132040146425958,60.03333333333333,7.631742,
3603,1132040161996444,60.05,7.290651,
3604,1132040177677565,60.06666666666666,7.435999,
3605,1132040193386133,60.083333333333336,7.424787,
3606,1132040209403822,60.1,7.764574,
3607,1132040225229319,60.11666666666667,7.506226,
3608,1132040240859550,60.13333333333333,7.529066,
3609,1132040256797612,60.15,7.71795,
3610,1132040272612207,60.166666666666664,8.060526,
3611,1132040287741142,60.18333333333333,7.538934,
3612,1132040303328397,60.199999999999996,7.528013,
3613,1132040319277158,60.21666666666667,7.833074,
3614,1132040335025241,60.233333333333334,7.556356,
3615,1132040350803361,60.25,7.573795,
3616,1132040366393483,60.266666666666666,7.512781,
3617,1132040382023694,60.28333333333333,7.544608,
3618,1132040397898028,60.3,7.349765,
3619,1132040413534585,60.31666666666666,7.495067,
3620,1132040429074059,60.333333333333336,7.486484,
3621,1132040444949642,60.35,7.672466,
3622,1132040460518037,60.36666666666667,7.353169,
3623,1132040476051918,60.38333333333333,7.381052,
3624,1132040491684365,60.4,7.526267,
3625,1132040507721896,60.416666666666664,7.579197,
3626,1132040523103560,60.43333333333333,7.470062,
3627,1132040538784922,60.449999999999996,7.544874,
3628,1132040554406867,60.46666666666667,7.499643,
3629,1132040570821348,60.483333333333334,8.347859,
3630,1132040586163368,60.5,7.474548,
3631,1132040601847820,60.516666666666666,7.573239,
3632,1132040617338761,60.53333333333333,7.46281,
3633,1132040633292234,60.55,7.588002,
3634,1132040649256138,60.56666666666666,7.855027,
3635,1132040664947868,60.583333333333336,7.473225,
3636,1132040680511688,60.6,7.467703,
3637,1132040696573125,60.61666666666667,7.435607,
3638,1132040712270462,60.63333333333333,7.522391,
3639,1132040728309454,60.65,7.829575,
3640,1132040743851231,60.666666666666664,7.510842,
3641,1132040759467315,60.68333333333333,7.581376,
3642,1132040774981468,60.699999999999996,7.445928,
3643,1132040790589265,60.71666666666667,7.462014,
3644,1132040806345535,60.733333333333334,7.668383,
3645,1132040822100967,60.75,7.60855,
3646,1132040837380178,60.766666666666666,7.190928,
3647,1132040853143031,60.78333333333333,7.379781,
3648,1132040870563631,60.8,7.811478,
3649,1132040886206064,60.81666666666666,7.531051,
3650,1132040901581346,60.833333333333336,7.379816,
3651,1132040917254813,60.85,7.513841,
3652,1132040932962781,60.86666666666667,7.927543,
3653,1132040948687668,60.88333333333333,7.559521,
3654,1132040964476057,60.9,7.465051,
3655,1132040980270385,60.916666666666664,7.560926,
3656,1132040996479188,60.93333333333333,7.808211,
3657,1132041012142558,60.949999999999996,7.545626,
3658,1132041027646940,60.96666666666667,7.495226,
3659,1132041043478652,60.983333333333334,7.77796,
3660,1132041059354012,61.0,7.468563,
3661,1132041074577538,61.016666666666666,7.569656,
3662,1132041090338777,61.03333333333333,7.556492,
3663,1132041106156736,61.05,7.641413,
3664,1132041122082944,61.06666666666666,7.50289,
3665,1132041138111659,61.083333333333336,7.659168,
3666,1132041153911306,61.1,7.546603,
3667,1132041170033527,61.11666666666667,8.048063,
3668,1132041185483080,61.13333333333333,7.406381,
3669,1132041201513646,61.15,7.844566,
3670,1132041216930880,61.166666666666664,7.490748,
3671,1132041232998421,61.18333333333333,7.885932,
3672,1132041248677984,61.199999999999996,7.420964,
3673,1132041264115973,61.21666666666667,7.392831,
3674,1132041279145908,61.233333333333334,7.172702,
3675,1132041295447023,61.25,7.574829,
3676,1132041310929365,61.266666666666666,7.37755,
3677,1132041326458614,61.28333333333333,7.469257,
3678,1132041342141651,61.3,7.689434,
3679,1132041358389617,61.31666666666666,7.553323,
3680,1132041373885989,61.333333333333336,7.416328,
3681,1132041389204339,61.35,7.529964,
3682,1132041404726105,61.36666666666667,7.399047,
3683,1132041420823829,61.38333333333333,7.426616,
3684,1132041436461147,61.4,7.548452,
3685,1132041452081725,61.416666666666664,7.625773,
3686,1132041468150629,61.43333333333333,8.012591,
3687,1132041484454725,61.449999999999996,8.182593,
3688,1132041499100182,61.46666666666667,7.577153,
3689,1132041514416165,61.483333333333334,7.158592,
3690,1132041530525268,61.5,8.107407,
3691,1132041546485928,61.516666666666666,7.81619,
3692,1132041562016017,61.53333333333333,7.465861,
3693,1132041577568111,61.55,7.438612,
3694,1132041593531017,61.56666666666666,7.418249,
3695,1132041609429692,61.583333333333336,7.730621,
3696,1132041625157091,61.6,7.611908,
3697,1132041640791803,61.61666666666667,7.528922,
3698,1132041656820833,61.63333333333333,7.507755,
3699,1132041672221150,61.65,7.617254,
3700,1132041687701166,61.666666666666664,7.459822,
3701,1132041703240189,61.68333333333333,7.454801,
3702,1132041719445119,61.699999999999996,7.609259,
3703,1132041734778974,61.71666666666667,7.440319,
3704,1132041750394945,61.733333333333334,7.434576,
3705,1132041766361639,61.75,7.903386,
3706,1132041781917054,61.766666666666666,7.44222,
3707,1132041797522228,61.78333333333333,7.494544,
3708,1132041813127137,61.8,7.4905,
3709,1132041829316134,61.81666666666666,8.192615,
3710,1132041844940375,61.833333333333336,7.530383,
3711,1132041862181588,61.85,9.129762,
3712,1132041877668995,61.86666666666667,7.432935,
3713,1132041893605521,61.88333333333333,7.377397,
3714,1132041908803193,61.9,7.418035,
3715,1132041924471040,61.916666666666664,7.471592,
3716,1132041940210538,61.93333333333333,7.573308,
3717,1132041956184324,61.949999999999996,7.386336,
3718,1132041971452197,61.96666666666667,7.428573,
3719,1132041986950145,61.983333333333334,7.42692,
3720,1132042002561569,62.0,7.432769,
3721,1132042018680294,62.016666666666666,7.49008,
3722,1132042034233920,62.03333333333333,7.43079,
3723,1132042049786998,62.05,7.38865,
3724,1132042065358437,62.06666666666666,7.426378,
3725,1132042081185755,62.083333333333336,7.558752,
3726,1132042096754405,62.1,7.520475,
3727,1132042112691401,62.11666666666667,7.883859,
3728,1132042128623031,62.13333333333333,7.964705,
3729,1132042144603925,62.15,7.912619,
3730,1132042159364744,62.166666666666664,7.427427,
3731,1132042175336058,62.18333333333333,7.906462,
3732,1132042190789907,62.199999999999996,8.115438,
3733,1132042206679065,62.21666666666667,7.851333,
3734,1132042221798058,62.233333333333334,7.434771,
3735,1132042237375581,62.25,7.547905,
3736,1132042253319215,62.266666666666666,7.432279,
3737,1132042268599636,62.28333333333333,7.50548,
3738,1132042284580723,62.3,7.798018,
3739,1132042299900860,62.31666666666666,7.575202,
3740,1132042315885510,62.333333333333336,7.460225,
3741,1132042331398190,62.35,7.421385,
3742,1132042347067009,62.36666666666667,7.477292,
3743,1132042362747597,62.38333333333333,7.585878,
3744,1132042379183082,62.4,7.734152,
3745,1132042394562413,62.416666666666664,7.43228,
3746,1132042410158823,62.43333333333333,7.447159,
3747,1132042425859372,62.449999999999996,7.814603,
3748,1132042441947188,62.46666666666667,7.294576,
3749,1132042457616625,62.483333333333334,7.415152,
3750,1132042473144830,62.5,7.428018,
3751,1132042489302546,62.516666666666666,7.987503,
3752,1132042504497037,62.53333333333333,7.567072,
3753,1132042520008248,62.55,7.503128,
3754,1132042535627055,62.56666666666666,7.536638,
3755,1132042551729179,62.583333333333336,7.657535,
3756,1132042567283698,62.6,7.456402,
3757,1132042582767774,62.61666666666667,7.490642,
3758,1132042598311609,62.63333333333333,7.505324,
3759,1132042614115693,62.65,7.702846,
3760,1132042629769022,62.666666666666664,7.514623,
3761,1132042645393681,62.68333333333333,7.471018,
3762,1132042661261124,62.699999999999996,7.749234,
3763,1132042677504021,62.71666666666667,7.577145,
3764,1132042693055337,62.733333333333334,7.459661,
3765,1132042708877274,62.75,7.615032,
3766,1132042724217534,62.766666666666666,7.373442,
3767,1132042740380002,62.78333333333333,7.553792,
3768,1132042755925338,62.8,7.504721,
3769,1132042771578640,62.81666666666666,7.528723,
3770,1132042787106145,62.833333333333336,7.471323,
3771,1132042803353541,62.85,7.783037,
3772,1132042818955124,62.86666666666667,7.507648,
3773,1132042834506615,62.88333333333333,7.447828,
3774,1132042850893443,62.9,8.37022,
3775,1132042867582647,62.916666666666664,8.801181,
3776,1132042883138276,62.93333333333333,7.399874,
3777,1132042898659347,62.949999999999996,7.40939,
3778,1132042914546329,62.96666666666667,7.436722,
3779,1132042930070568,62.983333333333334,7.476841,
3780,1132042945576140,63.0,7.418528,
3781,1132042961248970,63.016666666666666,7.379796,
3782,1132042977308882,63.03333333333333,7.469135,
3783,1132042993138199,63.05,7.729984,
3784,1132043008379773,63.06666666666666,7.464724,
3785,1132043023915207,63.083333333333336,7.394105,
3786,1132043040108266,63.1,7.420128,
3787,1132043055677282,63.11666666666667,7.472594,
3788,1132043071607687,63.13333333333333,7.897758,
3789,1132043087190649,63.15,8.273875,
3790,1132043102076166,63.166666666666664,7.457837,
3791,1132043117653392,63.18333333333333,7.551335,
3792,1132043132831934,63.199999999999996,7.458536,
3793,1132043148983065,63.21666666666667,8.00091,
3794,1132043164812070,63.233333333333334,7.794922,
3795,1132043179981584,63.25,7.399985,
3796,1132043195595262,63.266666666666666,7.524534,
3797,1132043211857135,63.28333333333333,8.104421,
3798,1132043227550647,63.3,7.533628,
3799,1132043243441542,63.31666666666666,7.765384,
3800,1132043258659018,63.333333333333336,7.335426,
3801,1132043274873712,63.35,7.544137,
3802,1132043289743244,63.36666666666667,7.493654,
3803,1132043305428857,63.38333333333333,7.41618,
3804,1132043321309026,63.4,7.73721,
3805,1132043337112854,63.416666666666664,7.457028,
3806,1132043352544489,63.43333333333333,7.655107,
3807,1132043367985319,63.449999999999996,7.844647,
3808,1132043383508204,63.46666666666667,7.378418,
3809,1132043399731866,63.483333333333334,7.529027,
3810,1132043415707705,63.5,7.791192,
3811,1132043430448554,63.516666666666666,7.433504,
3812,1132043446246190,63.53333333333333,7.709392,
3813,1132043461903195,63.55,7.514779,
3814,1132043477730102,63.56666666666666,7.383571,
3815,1132043493449865,63.583333333333336,7.521255,
3816,1132043509458315,63.6,7.847235,
3817,1132043525126329,63.61666666666667,7.47367,
3818,1132043540713513,63.63333333333333,7.447971,
3819,1132043556414002,63.65,7.762424,
3820,1132043572331570,63.666666666666664,7.805136,
3821,1132043588222336,63.68333333333333,7.695964,
3822,1132043603576112,63.699999999999996,7.453712,
3823,1132043619368244,63.71666666666667,7.727858,
3824,1132043635680492,63.733333333333334,7.684382,
3825,1132043650939186,63.75,7.36713,
3826,1132043666535897,63.766666666666666,7.469245,
3827,1132043682174038,63.78333333333333,7.478174,
3828,1132043698416726,63.8,7.466215,
3829,1132043714147224,63.81666666666666,7.635034,
3830,1132043729805111,63.833333333333336,7.59945,
3831,1132043745746270,63.85,7.879469,
3832,1132043761309593,63.86666666666667,7.488986,
3833,1132043776966431,63.88333333333333,7.493172,
3834,1132043792618595,63.9,7.540037,
3835,1132043808766921,63.916666666666664,8.010855,
3836,1132043824112766,63.93333333333333,7.481744,
3837,1132043839796958,63.949999999999996,7.521144,
3838,1132043857208161,63.96666666666667,9.03353,
3839,1132043872852590,63.983333333333334,7.612063,
3840,1132043888350999,64.0,7.377605,
3841,1132043903896513,64.01666666666667,7.396163,
3842,1132043919819298,64.03333333333333,7.762631,
3843,1132043935621042,64.05,7.489152,
3844,1132043951141416,64.06666666666666,7.370588,
3845,1132043966735092,64.08333333333333,7.440078,
3846,1132043982309021,64.1,7.387483,
3847,1132043998726413,64.11666666666666,7.677546,
3848,1132044014225088,64.13333333333333,7.769087,
3849,1132044029797204,64.15,7.692432,
